# Blender 4.5.10 LTS
# www.blender.org
mtllib lur_bronze.mtl
o lur_bronze
v 0.000461 -0.298610 0.016117
v 0.011874 -0.285513 0.022817
v -0.010550 -0.285513 0.023458
v 0.008529 -0.294528 0.020796
v 0.000690 -0.292640 0.024121
v 0.000743 -0.285267 0.025987
v -0.007327 -0.294528 0.021250
v 0.000248 -0.230999 0.008686
v -0.010685 -0.242651 0.018748
v 0.011739 -0.242651 0.018106
v -0.007517 -0.234166 0.014616
v 0.000510 -0.235489 0.017840
v 0.000608 -0.242405 0.021277
v 0.008340 -0.234166 0.014162
v -0.012360 -0.299134 0.010410
v -0.011354 -0.285546 0.023101
v -0.025834 -0.287052 0.006034
v -0.011252 -0.294689 0.019503
v -0.018857 -0.293438 0.015420
v -0.020780 -0.286146 0.016408
v -0.021491 -0.295754 0.007434
v -0.011305 -0.231470 0.003544
v -0.025165 -0.244157 0.001681
v -0.010685 -0.242651 0.018748
v -0.020549 -0.235345 0.001304
v -0.017965 -0.236243 0.009616
v -0.020111 -0.243251 0.012055
v -0.010310 -0.234280 0.013372
v -0.015873 -0.300309 -0.003135
v -0.026055 -0.287125 0.005185
v -0.021688 -0.289004 -0.016739
v -0.022567 -0.296114 0.003288
v -0.024214 -0.295231 -0.005232
v -0.026678 -0.288119 -0.006332
v -0.019479 -0.297442 -0.012215
v -0.014471 -0.232530 -0.008662
v -0.020799 -0.246035 -0.020243
v -0.025165 -0.244157 0.001681
v -0.018227 -0.236929 -0.017149
v -0.023029 -0.237938 -0.009904
v -0.025789 -0.245151 -0.009836
v -0.021315 -0.235601 -0.001647
v -0.007434 -0.301252 -0.014320
v -0.021159 -0.289063 -0.017440
v -0.001233 -0.289899 -0.027711
v -0.016895 -0.297730 -0.015639
v -0.011347 -0.296668 -0.022284
v -0.012510 -0.289702 -0.025108
v -0.002805 -0.298321 -0.022901
v -0.006866 -0.233380 -0.018741
v -0.000873 -0.246871 -0.030514
v -0.020799 -0.246035 -0.020243
v -0.002298 -0.237726 -0.026849
v -0.010867 -0.239296 -0.026022
v -0.012150 -0.246675 -0.027911
v -0.016388 -0.237135 -0.019586
v 0.006603 -0.301252 -0.014721
v -0.000353 -0.289899 -0.027736
v 0.020127 -0.289063 -0.018621
v 0.001492 -0.298321 -0.023024
v 0.010055 -0.296668 -0.022896
v 0.011055 -0.289702 -0.025782
v 0.015974 -0.297730 -0.016579
v 0.005784 -0.233380 -0.019103
v 0.019608 -0.246035 -0.021398
v -0.000873 -0.246871 -0.030514
v 0.015242 -0.237135 -0.020490
v 0.009362 -0.239296 -0.026600
v 0.010535 -0.246675 -0.028559
v 0.000760 -0.237726 -0.026936
v 0.015668 -0.300309 -0.004037
v 0.020696 -0.289004 -0.017951
v 0.026308 -0.287125 0.003687
v 0.018749 -0.297442 -0.013308
v 0.023876 -0.295231 -0.006607
v 0.026272 -0.288119 -0.007846
v 0.022718 -0.296114 0.001993
v 0.013952 -0.232530 -0.009475
v 0.025220 -0.244157 0.000240
v 0.019608 -0.246035 -0.021398
v 0.021186 -0.235601 -0.002862
v 0.022425 -0.237938 -0.011204
v 0.025185 -0.245151 -0.011293
v 0.017217 -0.236929 -0.018163
v 0.012935 -0.299134 0.009687
v 0.026137 -0.287052 0.004547
v 0.012655 -0.285546 0.022414
v 0.021881 -0.295754 0.006194
v 0.019708 -0.293438 0.014318
v 0.021683 -0.286146 0.015193
v 0.012348 -0.294689 0.018828
v 0.011489 -0.231470 0.002892
v 0.011739 -0.242651 0.018106
v 0.025220 -0.244157 0.000240
v 0.011057 -0.234280 0.012761
v 0.018486 -0.236243 0.008574
v 0.020767 -0.243251 0.010886
v 0.020590 -0.235345 0.000128
v -0.000902 -0.238451 0.009953
v 0.009267 -0.227110 0.018711
v -0.011877 -0.227110 0.017678
v 0.006324 -0.235266 0.015426
v -0.001305 -0.233900 0.018197
v -0.001436 -0.227247 0.020888
v -0.008627 -0.235266 0.014696
v -0.000993 -0.170457 0.011804
v -0.011936 -0.182604 0.018889
v 0.009208 -0.182604 0.019922
v -0.008708 -0.174152 0.016359
v -0.001382 -0.175833 0.019777
v -0.001495 -0.182741 0.022099
v 0.006243 -0.174152 0.017089
v -0.012616 -0.238157 0.003598
v -0.012675 -0.227090 0.017245
v -0.025052 -0.226250 0.000091
v -0.012261 -0.235175 0.012724
v -0.019128 -0.233453 0.008527
v -0.021054 -0.226755 0.010244
v -0.021012 -0.234581 0.000595
v -0.011486 -0.170194 0.006110
v -0.024312 -0.181764 0.001736
v -0.011936 -0.182604 0.018889
v -0.019997 -0.173494 0.002853
v -0.018164 -0.175413 0.010672
v -0.020315 -0.182269 0.011889
v -0.011245 -0.174088 0.014982
v -0.014945 -0.237498 -0.009511
v -0.025211 -0.226205 -0.000803
v -0.019500 -0.225158 -0.021160
v -0.021735 -0.234377 -0.003472
v -0.022673 -0.232450 -0.011419
v -0.024956 -0.225651 -0.011709
v -0.017697 -0.233636 -0.017867
v -0.013573 -0.169603 -0.005633
v -0.018602 -0.180716 -0.018622
v -0.024312 -0.181764 0.001736
v -0.016464 -0.172611 -0.014381
v -0.021501 -0.174468 -0.008107
v -0.024057 -0.181210 -0.009171
v -0.020502 -0.173351 0.000014
v -0.006136 -0.236969 -0.019501
v -0.018899 -0.225122 -0.021841
v 0.000598 -0.224656 -0.030073
v -0.014964 -0.233472 -0.020966
v -0.009269 -0.231645 -0.026620
v -0.010202 -0.224765 -0.028441
v -0.001177 -0.233142 -0.026786
v -0.005682 -0.169130 -0.014583
v 0.000896 -0.180250 -0.026853
v -0.018602 -0.180716 -0.018622
v -0.000769 -0.172167 -0.022366
v -0.008881 -0.173710 -0.022420
v -0.009905 -0.180360 -0.025222
v -0.014556 -0.172496 -0.016545
v 0.007178 -0.236969 -0.018851
v 0.001506 -0.224656 -0.030028
v 0.020108 -0.225122 -0.019936
v 0.002953 -0.233142 -0.026585
v 0.010990 -0.231645 -0.025630
v 0.012096 -0.224765 -0.027352
v 0.016107 -0.233472 -0.019448
v 0.006246 -0.169130 -0.014000
v 0.019498 -0.180716 -0.016761
v 0.000896 -0.180250 -0.026853
v 0.015269 -0.172496 -0.015088
v 0.010194 -0.173710 -0.021488
v 0.011486 -0.180360 -0.024177
v 0.002115 -0.172167 -0.022225
v 0.014971 -0.237498 -0.008049
v 0.020640 -0.225158 -0.019199
v 0.024339 -0.226205 0.001618
v 0.018524 -0.233636 -0.016097
v 0.022848 -0.232450 -0.009195
v 0.025148 -0.225651 -0.009262
v 0.021140 -0.234377 -0.001377
v 0.013228 -0.169603 -0.004324
v 0.023198 -0.181764 0.004056
v 0.019498 -0.180716 -0.016761
v 0.019573 -0.173351 0.001971
v 0.021359 -0.174468 -0.006013
v 0.024007 -0.181210 -0.006823
v 0.016957 -0.172611 -0.012749
v 0.011375 -0.238157 0.004770
v 0.024094 -0.226250 0.002492
v 0.010104 -0.227090 0.018358
v 0.020025 -0.234581 0.002599
v 0.017376 -0.233453 0.010310
v 0.019126 -0.226755 0.012207
v 0.010132 -0.235175 0.013818
v 0.010006 -0.170194 0.007160
v 0.009208 -0.182604 0.019922
v 0.023198 -0.181764 0.004056
v 0.008902 -0.174088 0.015966
v 0.016207 -0.175413 0.012351
v 0.018230 -0.182269 0.013772
v 0.018794 -0.173494 0.004748
v 0.000142 -0.177373 0.012169
v 0.010365 -0.167536 0.020636
v -0.009531 -0.167536 0.021259
v 0.007335 -0.174873 0.017029
v 0.000397 -0.173889 0.020314
v 0.000496 -0.167917 0.023456
v -0.006733 -0.174873 0.017470
v 0.000412 -0.109903 0.020785
v -0.009349 -0.121981 0.027077
v 0.010547 -0.121981 0.026453
v -0.006489 -0.113821 0.025266
v 0.000630 -0.115681 0.027747
v 0.000678 -0.122362 0.029274
v 0.007579 -0.113821 0.024825
v -0.011390 -0.176552 0.007115
v -0.010388 -0.167475 0.020884
v -0.023274 -0.165140 0.005893
v -0.010363 -0.174614 0.015879
v -0.017110 -0.172642 0.012641
v -0.018766 -0.166545 0.015015
v -0.019475 -0.172963 0.005279
v -0.009851 -0.109172 0.016288
v -0.022235 -0.119646 0.012086
v -0.009349 -0.121981 0.027077
v -0.018082 -0.111994 0.013579
v -0.015782 -0.114512 0.020555
v -0.017727 -0.121051 0.021208
v -0.008970 -0.113645 0.024179
v -0.014577 -0.174706 -0.004953
v -0.023511 -0.165003 0.004997
v -0.019685 -0.162091 -0.014319
v -0.020478 -0.172382 0.001481
v -0.021948 -0.169840 -0.005679
v -0.024090 -0.163462 -0.005142
v -0.017772 -0.170324 -0.012177
v -0.012687 -0.107529 0.005548
v -0.018409 -0.116734 -0.007229
v -0.022235 -0.119646 0.012086
v -0.016062 -0.109538 -0.002676
v -0.020318 -0.111885 0.003380
v -0.022814 -0.118105 0.001948
v -0.018768 -0.111596 0.010983
v -0.007020 -0.173226 -0.014947
v -0.019123 -0.161981 -0.015062
v -0.001466 -0.160686 -0.024158
v -0.015394 -0.169858 -0.015323
v -0.010475 -0.167593 -0.020852
v -0.011466 -0.160990 -0.021836
v -0.002908 -0.168942 -0.021755
v -0.005962 -0.106212 -0.003347
v -0.000751 -0.115438 -0.016326
v -0.018409 -0.116734 -0.007229
v -0.001950 -0.108303 -0.011258
v -0.009562 -0.109779 -0.010845
v -0.010752 -0.115743 -0.014004
v -0.014436 -0.109219 -0.004826
v 0.005591 -0.173226 -0.015342
v -0.000529 -0.160686 -0.024187
v 0.017664 -0.161981 -0.016215
v 0.001061 -0.168942 -0.021879
v 0.008670 -0.167593 -0.021452
v 0.009598 -0.160990 -0.022496
v 0.013926 -0.169858 -0.016242
v 0.005262 -0.106212 -0.003699
v 0.017442 -0.116734 -0.008353
v -0.000751 -0.115438 -0.016326
v 0.013627 -0.109219 -0.005706
v 0.008386 -0.109779 -0.011407
v 0.009376 -0.115743 -0.014635
v 0.000763 -0.108303 -0.011343
v 0.013760 -0.174706 -0.005841
v 0.018271 -0.162091 -0.015509
v 0.023299 -0.165003 0.003530
v 0.016496 -0.170324 -0.013251
v 0.021071 -0.169840 -0.007027
v 0.023242 -0.163462 -0.006625
v 0.020052 -0.172382 0.000211
v 0.012531 -0.107529 0.004758
v 0.022470 -0.119646 0.010686
v 0.017442 -0.116734 -0.008353
v 0.018940 -0.111596 0.009801
v 0.020011 -0.111885 0.002116
v 0.022412 -0.118105 0.000530
v 0.015385 -0.109538 -0.003661
v 0.011334 -0.176552 0.006403
v 0.023119 -0.165140 0.004439
v 0.011196 -0.167475 0.020207
v 0.019289 -0.172963 0.004065
v 0.017389 -0.172642 0.011560
v 0.019191 -0.166545 0.013826
v 0.010858 -0.174614 0.015214
v 0.010373 -0.109172 0.015654
v 0.010547 -0.121981 0.026453
v 0.022470 -0.119646 0.010686
v 0.009988 -0.113645 0.023585
v 0.016559 -0.114512 0.019541
v 0.018542 -0.121051 0.020072
v 0.018418 -0.111994 0.012435
v -0.000622 -0.117221 0.020326
v 0.008254 -0.109211 0.030147
v -0.010367 -0.109211 0.029286
v 0.005729 -0.115548 0.025659
v -0.000992 -0.115025 0.028321
v -0.001162 -0.109884 0.031994
v -0.007439 -0.115548 0.025050
v -0.001440 -0.051547 0.038013
v -0.010936 -0.063515 0.041592
v 0.007685 -0.063515 0.042453
v -0.008184 -0.055725 0.041161
v -0.001705 -0.057794 0.043734
v -0.001731 -0.064187 0.044301
v 0.004984 -0.055725 0.041770
v -0.011107 -0.115760 0.014882
v -0.011218 -0.109093 0.028844
v -0.022183 -0.104969 0.014343
v -0.010792 -0.115081 0.023309
v -0.016870 -0.112812 0.020077
v -0.018623 -0.107450 0.022928
v -0.018545 -0.112165 0.013055
v -0.010702 -0.050256 0.033203
v -0.021901 -0.059391 0.027091
v -0.010936 -0.063515 0.041592
v -0.018176 -0.052497 0.029745
v -0.016517 -0.055730 0.036043
v -0.018342 -0.061872 0.035676
v -0.010423 -0.055413 0.039998
v -0.013239 -0.112476 0.003640
v -0.022356 -0.104703 0.013430
v -0.017407 -0.099560 -0.003791
v -0.019227 -0.111115 0.009460
v -0.020098 -0.107839 0.003053
v -0.022174 -0.101982 0.004206
v -0.015727 -0.107478 -0.002717
v -0.012586 -0.047356 0.023272
v -0.016952 -0.054249 0.009870
v -0.021901 -0.059391 0.027091
v -0.015132 -0.048160 0.015166
v -0.019528 -0.051091 0.020162
v -0.021719 -0.056670 0.017867
v -0.018631 -0.051796 0.027344
v -0.005413 -0.109843 -0.004935
v -0.016772 -0.099347 -0.004487
v 0.000364 -0.097058 -0.011460
v -0.013224 -0.106636 -0.005460
v -0.008246 -0.103852 -0.009931
v -0.009140 -0.097596 -0.010074
v -0.001107 -0.105018 -0.010391
v -0.005672 -0.045029 0.015698
v 0.000184 -0.051960 0.002896
v -0.016952 -0.054249 0.009870
v -0.001344 -0.045979 0.008404
v -0.008472 -0.047371 0.008049
v -0.009320 -0.052498 0.004283
v -0.013460 -0.047597 0.013335
v 0.006479 -0.109843 -0.004385
v 0.001329 -0.097058 -0.011416
v 0.017748 -0.099347 -0.002890
v 0.002696 -0.105018 -0.010215
v 0.009761 -0.103852 -0.009098
v 0.010664 -0.097596 -0.009158
v 0.014306 -0.106636 -0.004186
v 0.004833 -0.045029 0.016184
v 0.016603 -0.054249 0.011422
v 0.000184 -0.051960 0.002896
v 0.012806 -0.047597 0.014550
v 0.008327 -0.047371 0.008826
v 0.009519 -0.052498 0.005154
v 0.001196 -0.045979 0.008521
v 0.013481 -0.112476 0.004875
v 0.018316 -0.099560 -0.002139
v 0.021655 -0.104703 0.015466
v 0.016545 -0.107478 -0.001225
v 0.020364 -0.107839 0.004924
v 0.022325 -0.101982 0.006264
v 0.018906 -0.111115 0.011223
v 0.011018 -0.047356 0.024364
v 0.019941 -0.059391 0.029026
v 0.016603 -0.054249 0.011422
v 0.016662 -0.051796 0.028976
v 0.018218 -0.051091 0.021907
v 0.020611 -0.056670 0.019824
v 0.014302 -0.048160 0.016527
v 0.010320 -0.115760 0.015873
v 0.021398 -0.104969 0.016358
v 0.009142 -0.109093 0.029785
v 0.017895 -0.112165 0.014740
v 0.015579 -0.112812 0.021578
v 0.017062 -0.107450 0.024578
v 0.009229 -0.115081 0.024235
v 0.008226 -0.050256 0.034079
v 0.007685 -0.063515 0.042453
v 0.019941 -0.059391 0.029026
v 0.007321 -0.055413 0.040819
v 0.013754 -0.055730 0.037443
v 0.015605 -0.061872 0.037246
v 0.015987 -0.052497 0.031324
v -0.000589 -0.058512 0.036674
v 0.008296 -0.052207 0.046126
v -0.009078 -0.052207 0.046483
v 0.005653 -0.057555 0.041399
v -0.000432 -0.057420 0.044332
v -0.000350 -0.053097 0.048335
v -0.006632 -0.057555 0.041651
v -0.000059 0.004413 0.062495
v -0.008698 -0.007125 0.064982
v 0.008676 -0.007125 0.064625
v -0.006146 0.000144 0.065327
v 0.000035 -0.002036 0.067058
v 0.000030 -0.008015 0.066833
v 0.006140 0.000144 0.065074
v -0.010762 -0.056563 0.032435
v -0.009983 -0.052034 0.046107
v -0.021071 -0.046581 0.033888
v -0.009944 -0.056921 0.040271
v -0.015792 -0.054477 0.037931
v -0.017233 -0.049862 0.041298
v -0.017784 -0.053065 0.031631
v -0.008969 0.006120 0.058781
v -0.019786 -0.001672 0.052763
v -0.008698 -0.007125 0.064982
v -0.016141 0.004412 0.055789
v -0.014214 0.000694 0.061119
v -0.015949 -0.004953 0.060174
v -0.008300 0.000557 0.064429
v -0.013457 -0.052184 0.022495
v -0.021310 -0.046192 0.033004
v -0.017763 -0.039392 0.017410
v -0.018662 -0.051639 0.028395
v -0.019862 -0.047865 0.022921
v -0.021707 -0.042594 0.024800
v -0.016153 -0.046832 0.017369
v -0.011330 0.009956 0.050074
v -0.016239 0.005127 0.037169
v -0.019786 -0.001672 0.052763
v -0.014203 0.010148 0.042658
v -0.017989 0.006828 0.047195
v -0.020183 0.001925 0.044559
v -0.016711 0.005340 0.053684
v -0.006645 -0.048673 0.014339
v -0.017158 -0.039080 0.016685
v -0.001646 -0.036054 0.009459
v -0.013936 -0.045688 0.014714
v -0.009576 -0.042562 0.010606
v -0.010401 -0.036765 0.011263
v -0.002968 -0.043549 0.009604
v -0.005363 0.013032 0.042930
v -0.000728 0.008153 0.029943
v -0.016239 0.005127 0.037169
v -0.001792 0.013031 0.035821
v -0.008448 0.011747 0.035771
v -0.009483 0.007442 0.031747
v -0.012761 0.010891 0.040930
v 0.004544 -0.048673 0.014109
v -0.000652 -0.036054 0.009439
v 0.015144 -0.039080 0.016021
v 0.000675 -0.043549 0.009529
v 0.007319 -0.042562 0.010259
v 0.008170 -0.036765 0.010881
v 0.011844 -0.045688 0.014184
v 0.004437 0.013032 0.042729
v 0.015068 0.005127 0.036526
v -0.000728 0.008153 0.029943
v 0.011746 0.010891 0.040427
v 0.007225 0.011747 0.035449
v 0.008094 0.007442 0.031386
v 0.000577 0.013031 0.035772
v 0.011684 -0.052184 0.021978
v 0.015778 -0.039392 0.016721
v 0.019963 -0.046192 0.032156
v 0.014168 -0.046832 0.016745
v 0.018101 -0.047865 0.022141
v 0.020022 -0.042594 0.023942
v 0.017127 -0.051639 0.027660
v 0.010692 0.009956 0.049622
v 0.019252 -0.001672 0.051961
v 0.015068 0.005127 0.036526
v 0.016218 0.005340 0.053007
v 0.017228 0.006828 0.046472
v 0.019311 0.001926 0.043747
v 0.013259 0.010148 0.042093
v 0.009400 -0.056563 0.032020
v 0.019760 -0.046581 0.033048
v 0.009183 -0.052034 0.045713
v 0.016384 -0.053065 0.030929
v 0.014652 -0.054477 0.037305
v 0.016231 -0.049862 0.040611
v 0.008905 -0.056921 0.039884
v 0.008691 0.006120 0.058418
v 0.008676 -0.007125 0.064625
v 0.019252 -0.001672 0.051961
v 0.008255 0.000557 0.064089
v 0.014028 0.000694 0.060539
v 0.015723 -0.004953 0.059523
v 0.015734 0.004412 0.055134
v -0.000695 -0.001496 0.060436
v 0.007221 0.003845 0.070337
v -0.009307 0.003845 0.069738
v 0.004978 -0.000907 0.065329
v -0.000962 -0.000962 0.067798
v -0.001111 0.002870 0.071907
v -0.006708 -0.000907 0.064906
v -0.001667 0.052173 0.087263
v -0.009981 0.041098 0.088359
v 0.006546 0.041098 0.088957
v -0.007592 0.047954 0.089329
v -0.001808 0.045769 0.091157
v -0.001785 0.040122 0.090528
v 0.004094 0.047954 0.089753
v -0.009783 0.000560 0.056160
v -0.009841 0.003966 0.069487
v -0.019730 0.009942 0.057655
v -0.009442 -0.000288 0.063620
v -0.014885 0.002188 0.061247
v -0.016476 0.006346 0.064677
v -0.016435 0.003938 0.055254
v -0.009985 0.054055 0.083349
v -0.019870 0.047074 0.076527
v -0.009981 0.041098 0.088359
v -0.016619 0.052640 0.080006
v -0.015061 0.048767 0.084921
v -0.016616 0.043478 0.083549
v -0.009626 0.048414 0.088373
v -0.011742 0.005179 0.047221
v -0.019845 0.010213 0.057130
v -0.015650 0.017665 0.042975
v -0.017024 0.005327 0.052564
v -0.017886 0.009265 0.047551
v -0.019788 0.014156 0.049562
v -0.014058 0.010597 0.042555
v -0.011778 0.058283 0.075166
v -0.015675 0.054525 0.062372
v -0.019870 0.047074 0.076527
v -0.014091 0.058943 0.067996
v -0.017918 0.055504 0.071883
v -0.019813 0.051017 0.068959
v -0.017057 0.053674 0.078006
v -0.005097 0.008884 0.040349
v -0.015260 0.017883 0.042571
v -0.000139 0.021199 0.036751
v -0.012059 0.011711 0.040487
v -0.007706 0.014941 0.037023
v -0.008553 0.020420 0.037943
v -0.001367 0.014056 0.036372
v -0.005696 0.061674 0.068876
v -0.000555 0.057842 0.056552
v -0.015675 0.054525 0.062372
v -0.001912 0.062117 0.062343
v -0.008227 0.060906 0.061862
v -0.008969 0.057062 0.057744
v -0.012604 0.059772 0.066459
v 0.005148 0.008884 0.040720
v 0.000463 0.021199 0.036773
v 0.015123 0.017883 0.043671
v 0.001715 0.014056 0.036484
v 0.007990 0.014941 0.037591
v 0.008769 0.020420 0.038571
v 0.012081 0.011711 0.041362
v 0.003682 0.061674 0.069216
v 0.014106 0.054526 0.063450
v -0.000555 0.057842 0.056552
v 0.010747 0.059772 0.067304
v 0.006714 0.060906 0.062403
v 0.007751 0.057062 0.058350
v 0.000380 0.062117 0.062426
v 0.011278 0.005179 0.048054
v 0.015483 0.017665 0.044102
v 0.018644 0.010213 0.058524
v 0.013926 0.010597 0.043568
v 0.017382 0.009265 0.048828
v 0.019134 0.014156 0.050971
v 0.016160 0.005327 0.053766
v 0.009293 0.058283 0.075929
v 0.017266 0.047074 0.077872
v 0.014106 0.054526 0.063450
v 0.014353 0.053674 0.079143
v 0.015654 0.055504 0.073099
v 0.017756 0.051016 0.070319
v 0.012119 0.058943 0.068945
v 0.008678 0.000560 0.056829
v 0.018491 0.009942 0.059039
v 0.007771 0.003966 0.070125
v 0.015378 0.003938 0.056406
v 0.013398 0.002188 0.062271
v 0.014737 0.006346 0.065807
v 0.007798 -0.000288 0.064244
v 0.006913 0.054055 0.083961
v 0.006546 0.041098 0.088957
v 0.017266 0.047074 0.077872
v 0.006191 0.048414 0.088945
v 0.011862 0.048767 0.085895
v 0.013512 0.043478 0.084640
v 0.013771 0.052640 0.081107
v -0.001753 0.049149 0.086103
v 0.005710 0.055468 0.094819
v -0.010022 0.055468 0.094060
v 0.003600 0.050330 0.090705
v -0.002085 0.050637 0.092971
v -0.002247 0.054799 0.096332
v -0.007525 0.050330 0.090168
v -0.002672 0.106052 0.105135
v -0.010673 0.095794 0.107547
v 0.005059 0.095794 0.108307
v -0.008365 0.102378 0.107576
v -0.002890 0.100533 0.109659
v -0.002898 0.095125 0.109819
v 0.002759 0.102378 0.108113
v -0.010383 0.050567 0.081671
v -0.010563 0.055557 0.093782
v -0.019812 0.059661 0.081712
v -0.010146 0.050761 0.088822
v -0.015287 0.052806 0.086190
v -0.016814 0.057192 0.088851
v -0.016686 0.053663 0.080287
v -0.010538 0.107344 0.101095
v -0.019922 0.099898 0.095477
v -0.010673 0.095794 0.107547
v -0.016828 0.105596 0.098054
v -0.015423 0.102592 0.103222
v -0.016923 0.097429 0.102616
v -0.010288 0.102694 0.106589
v -0.012128 0.053753 0.072564
v -0.019921 0.059861 0.081140
v -0.015723 0.064979 0.066849
v -0.017216 0.054631 0.077520
v -0.017956 0.057679 0.072257
v -0.019758 0.062569 0.073479
v -0.014247 0.058250 0.067414
v -0.012128 0.110248 0.092794
v -0.015723 0.105016 0.081185
v -0.019922 0.099898 0.095477
v -0.014248 0.109925 0.085918
v -0.017957 0.107219 0.089997
v -0.019759 0.102606 0.087816
v -0.017217 0.106306 0.096024
v -0.005673 0.056307 0.065640
v -0.015318 0.065139 0.066414
v -0.000833 0.067417 0.060663
v -0.012286 0.059026 0.065311
v -0.008082 0.061588 0.061665
v -0.008864 0.066881 0.061792
v -0.002044 0.060636 0.061244
v -0.006245 0.112577 0.086483
v -0.001238 0.107294 0.075434
v -0.015723 0.105016 0.081185
v -0.002567 0.112104 0.080309
v -0.008583 0.110929 0.079941
v -0.009269 0.106758 0.076563
v -0.012809 0.110494 0.084375
v 0.004120 0.056307 0.066113
v -0.000219 0.067417 0.060693
v 0.013645 0.065139 0.067813
v 0.000931 0.060636 0.061388
v 0.006900 0.061588 0.062388
v 0.007666 0.066881 0.062590
v 0.010734 0.059026 0.066422
v 0.002681 0.112577 0.086914
v 0.012625 0.105016 0.082554
v -0.001238 0.107294 0.075434
v 0.009418 0.110494 0.085449
v 0.005639 0.110929 0.080628
v 0.006647 0.106758 0.077331
v -0.000385 0.112104 0.080414
v 0.009877 0.053753 0.073626
v 0.014006 0.064979 0.068284
v 0.016809 0.059861 0.082914
v 0.012483 0.058250 0.068705
v 0.015708 0.057679 0.073883
v 0.017384 0.062569 0.075272
v 0.014465 0.054631 0.079050
v 0.007929 0.110248 0.093762
v 0.015428 0.099898 0.097184
v 0.012625 0.105016 0.082554
v 0.012683 0.106306 0.097468
v 0.014000 0.107219 0.091539
v 0.016004 0.102606 0.089542
v 0.010701 0.109925 0.087123
v 0.007264 0.050567 0.082523
v 0.016645 0.059661 0.083472
v 0.006276 0.055557 0.094595
v 0.013671 0.053663 0.081753
v 0.011710 0.052806 0.087493
v 0.012972 0.057192 0.090289
v 0.006339 0.050761 0.089618
v 0.005547 0.107344 0.101871
v 0.005059 0.095794 0.108307
v 0.015428 0.099898 0.097184
v 0.004769 0.102694 0.107315
v 0.010204 0.102592 0.104460
v 0.011756 0.097429 0.104001
v 0.012100 0.105596 0.099450
v -0.001689 0.102631 0.104359
v 0.006083 0.109557 0.111180
v -0.008867 0.109557 0.111801
v 0.003761 0.104248 0.108090
v -0.001427 0.104830 0.110664
v -0.001315 0.109145 0.113353
v -0.006810 0.104248 0.108530
v -0.001191 0.161433 0.116322
v -0.008507 0.152085 0.120454
v 0.006443 0.152085 0.119832
v -0.006353 0.158283 0.119523
v -0.000987 0.156754 0.121228
v -0.000955 0.151673 0.122005
v 0.004218 0.158283 0.119083
v -0.010277 0.103508 0.100748
v -0.009443 0.109616 0.111559
v -0.019239 0.112140 0.100534
v -0.009447 0.104517 0.107421
v -0.014545 0.106169 0.105149
v -0.015784 0.110621 0.107270
v -0.016374 0.106302 0.099625
v -0.008983 0.162228 0.113046
v -0.018303 0.154610 0.109428
v -0.008507 0.152085 0.120454
v -0.015185 0.160263 0.110926
v -0.013402 0.158021 0.116008
v -0.014848 0.153090 0.116164
v -0.008258 0.158477 0.118722
v -0.012728 0.105477 0.091934
v -0.019404 0.112272 0.099943
v -0.016669 0.115421 0.085573
v -0.017126 0.106907 0.096919
v -0.018288 0.109176 0.091687
v -0.019913 0.113938 0.092421
v -0.015193 0.109133 0.086758
v -0.011207 0.164015 0.105049
v -0.015569 0.157758 0.095058
v -0.018303 0.154610 0.109428
v -0.013795 0.162926 0.098810
v -0.016945 0.160867 0.103268
v -0.018813 0.156276 0.101906
v -0.015728 0.160700 0.108971
v -0.007196 0.107056 0.084554
v -0.016298 0.115527 0.085078
v -0.003092 0.116928 0.078184
v -0.013494 0.109618 0.084492
v -0.009838 0.111588 0.080414
v -0.010592 0.116599 0.079988
v -0.004156 0.110609 0.079617
v -0.006187 0.165447 0.098354
v -0.002363 0.159159 0.088164
v -0.015569 0.157758 0.095058
v -0.003229 0.164267 0.092298
v -0.008947 0.163149 0.092600
v -0.009863 0.158830 0.089968
v -0.012567 0.163276 0.097173
v 0.002154 0.107056 0.084165
v -0.002465 0.116928 0.078158
v 0.011268 0.115527 0.083931
v -0.001285 0.110609 0.079498
v 0.004443 0.111588 0.079820
v 0.005159 0.116599 0.079332
v 0.008425 0.109618 0.083580
v 0.002295 0.165447 0.098001
v 0.011370 0.157758 0.093938
v -0.002363 0.159159 0.088164
v 0.008555 0.163276 0.096294
v 0.004568 0.163149 0.092037
v 0.005261 0.158830 0.089339
v -0.001156 0.164267 0.092212
v 0.008280 0.105477 0.091060
v 0.011679 0.115421 0.084394
v 0.015598 0.112272 0.098487
v 0.010306 0.109133 0.085697
v 0.013800 0.109176 0.090352
v 0.015480 0.113938 0.090948
v 0.013077 0.106907 0.095663
v 0.007853 0.164015 0.104256
v 0.015289 0.154610 0.108031
v 0.011370 0.157758 0.093938
v 0.012685 0.160700 0.107789
v 0.013424 0.160867 0.102004
v 0.015172 0.156276 0.100492
v 0.009914 0.162926 0.097823
v 0.006570 0.103508 0.100047
v 0.015483 0.112140 0.099090
v 0.006637 0.109616 0.110890
v 0.012552 0.106302 0.098422
v 0.011188 0.106169 0.104079
v 0.012599 0.110621 0.106089
v 0.006297 0.104517 0.106766
v 0.006302 0.162228 0.112410
v 0.006443 0.152085 0.119832
v 0.015289 0.154610 0.108031
v 0.006050 0.158477 0.118127
v 0.010951 0.158021 0.114995
v 0.012405 0.153090 0.115030
v 0.012306 0.160263 0.109782
v -0.001483 0.158037 0.115977
v 0.005687 0.165464 0.121672
v -0.008487 0.165464 0.121877
v 0.003578 0.160068 0.119405
v -0.001402 0.160921 0.121612
v -0.001373 0.165319 0.123577
v -0.006444 0.160068 0.119550
v -0.001428 0.217925 0.119773
v -0.008446 0.209650 0.124679
v 0.005728 0.209650 0.124474
v -0.006393 0.215357 0.123055
v -0.001353 0.214172 0.124989
v -0.001333 0.209505 0.126378
v 0.003629 0.215357 0.122910
v -0.009567 0.158346 0.112239
v -0.009067 0.165486 0.121609
v -0.018064 0.166371 0.110690
v -0.008954 0.160164 0.118389
v -0.013727 0.161392 0.115914
v -0.014963 0.165838 0.117294
v -0.015316 0.160790 0.110668
v -0.008725 0.218204 0.116400
v -0.017443 0.210535 0.113760
v -0.008446 0.209650 0.124679
v -0.014539 0.216051 0.114510
v -0.012978 0.214617 0.119614
v -0.014342 0.210002 0.120364
v -0.008177 0.215425 0.122230
v -0.011675 0.159040 0.103609
v -0.018216 0.166421 0.110070
v -0.015261 0.167525 0.096250
v -0.015971 0.161006 0.107988
v -0.016940 0.162450 0.102756
v -0.018507 0.167005 0.102785
v -0.013882 0.161786 0.098216
v -0.010627 0.218831 0.108610
v -0.014488 0.211639 0.099940
v -0.017443 0.210535 0.113760
v -0.012915 0.216985 0.102833
v -0.016009 0.215615 0.107203
v -0.017734 0.211119 0.106475
v -0.015004 0.216205 0.112605
v -0.006220 0.159597 0.096585
v -0.014869 0.167565 0.095745
v -0.002187 0.168057 0.089431
v -0.012188 0.161959 0.096034
v -0.008623 0.163299 0.092046
v -0.009336 0.167941 0.090975
v -0.003220 0.162307 0.091569
v -0.005704 0.219333 0.102270
v -0.001807 0.212131 0.093625
v -0.014488 0.211639 0.099940
v -0.002744 0.217456 0.096818
v -0.008164 0.216415 0.097101
v -0.008955 0.212015 0.095170
v -0.011711 0.217108 0.101283
v 0.002690 0.159597 0.096456
v -0.001547 0.168057 0.089421
v 0.011312 0.167565 0.095367
v -0.000453 0.162307 0.091529
v 0.004962 0.163299 0.091849
v 0.005643 0.167941 0.090759
v 0.008640 0.161959 0.095733
v 0.002339 0.219333 0.102154
v 0.011052 0.211639 0.099571
v -0.001807 0.212131 0.093625
v 0.008315 0.217108 0.100993
v 0.004649 0.216415 0.096916
v 0.005384 0.212015 0.094963
v -0.000778 0.217456 0.096789
v 0.008346 0.159040 0.103319
v 0.011718 0.167525 0.095860
v 0.015071 0.166421 0.109589
v 0.010396 0.161786 0.097865
v 0.013585 0.162450 0.102314
v 0.015152 0.167005 0.102298
v 0.012767 0.161006 0.107572
v 0.007444 0.218831 0.108349
v 0.014406 0.210535 0.113300
v 0.011052 0.211639 0.099571
v 0.011934 0.216205 0.112216
v 0.012783 0.215615 0.106786
v 0.014486 0.211119 0.106009
v 0.009563 0.216985 0.102508
v 0.006488 0.158346 0.112007
v 0.014938 0.166371 0.110213
v 0.006260 0.165486 0.121387
v 0.012190 0.160790 0.110271
v 0.010753 0.161392 0.115560
v 0.012029 0.165838 0.116903
v 0.006054 0.160164 0.118172
v 0.005767 0.218204 0.116190
v 0.005728 0.209650 0.124474
v 0.014406 0.210535 0.113300
v 0.005388 0.215425 0.122034
v 0.010111 0.214617 0.119280
v 0.011497 0.210002 0.119990
v 0.011524 0.216051 0.114133
v -0.001565 0.214665 0.119874
v 0.005130 0.222463 0.124159
v -0.008258 0.222463 0.124162
v 0.003169 0.217086 0.122831
v -0.001564 0.218203 0.124694
v -0.001564 0.222600 0.125863
v -0.006298 0.217086 0.122833
v -0.001567 0.274391 0.114060
v -0.008259 0.267399 0.119787
v 0.005129 0.267399 0.119784
v -0.006299 0.272480 0.117440
v -0.001566 0.271678 0.119488
v -0.001565 0.267536 0.121488
v 0.003167 0.272480 0.117438
v -0.009192 0.214370 0.116215
v -0.008847 0.222440 0.123880
v -0.017196 0.221599 0.113448
v -0.008697 0.216993 0.121682
v -0.013170 0.217754 0.119127
v -0.014357 0.222105 0.119726
v -0.014601 0.216399 0.114306
v -0.008411 0.274126 0.110776
v -0.016609 0.266559 0.109356
v -0.008259 0.267399 0.119787
v -0.013877 0.271821 0.109261
v -0.012471 0.271256 0.114256
v -0.013769 0.267064 0.115633
v -0.007973 0.272415 0.116637
v -0.011077 0.213707 0.107991
v -0.017342 0.221548 0.112814
v -0.014366 0.220500 0.099803
v -0.015194 0.216190 0.111719
v -0.016039 0.216746 0.106611
v -0.017519 0.220994 0.105930
v -0.013089 0.215449 0.102519
v -0.010103 0.273531 0.103394
v -0.013633 0.265510 0.096345
v -0.016609 0.266559 0.109356
v -0.012186 0.270934 0.098257
v -0.015167 0.270309 0.102496
v -0.016786 0.266004 0.102472
v -0.014290 0.271676 0.107457
v -0.005802 0.213176 0.101393
v -0.013959 0.220459 0.099294
v -0.001898 0.219993 0.093501
v -0.011430 0.215282 0.100445
v -0.008011 0.215937 0.096572
v -0.008670 0.220103 0.094864
v -0.002902 0.214952 0.096349
v -0.005369 0.273054 0.097473
v -0.001572 0.265044 0.090552
v -0.013633 0.265510 0.096345
v -0.002500 0.270488 0.092713
v -0.007623 0.269549 0.093062
v -0.008344 0.265154 0.091915
v -0.011028 0.270818 0.096809
v 0.002662 0.213176 0.101391
v -0.001245 0.219993 0.093501
v 0.010818 0.220459 0.099289
v -0.000240 0.214952 0.096348
v 0.004869 0.215937 0.096569
v 0.005527 0.220103 0.094861
v 0.008290 0.215282 0.100440
v 0.002228 0.273054 0.097472
v 0.010491 0.265511 0.096340
v -0.001572 0.265044 0.090552
v 0.007887 0.270818 0.096805
v 0.004480 0.269549 0.093059
v 0.005200 0.265154 0.091912
v -0.000643 0.270488 0.092713
v 0.007941 0.213707 0.107986
v 0.011226 0.220500 0.099797
v 0.014208 0.221548 0.112807
v 0.009951 0.215449 0.102514
v 0.012902 0.216746 0.106604
v 0.014382 0.220994 0.105923
v 0.012059 0.216190 0.111713
v 0.006965 0.273531 0.103390
v 0.013473 0.266559 0.109349
v 0.010491 0.265511 0.096340
v 0.011154 0.271676 0.107451
v 0.012028 0.270309 0.102489
v 0.013647 0.266004 0.102465
v 0.009045 0.270934 0.098252
v 0.006060 0.214370 0.116212
v 0.014063 0.221599 0.113441
v 0.005718 0.222440 0.123877
v 0.011467 0.216399 0.114300
v 0.010039 0.217754 0.119121
v 0.011226 0.222105 0.119720
v 0.005567 0.216993 0.121679
v 0.005277 0.274126 0.110773
v 0.005129 0.267399 0.119784
v 0.013473 0.266559 0.109349
v 0.004840 0.272415 0.116634
v 0.009338 0.271256 0.114252
v 0.010636 0.267064 0.115628
v 0.010741 0.271821 0.109256
v -0.009337 0.265244 0.110861
v -0.002877 0.268566 0.120101
v -0.015650 0.268771 0.120127
v -0.005845 0.265443 0.115823
v -0.009316 0.265723 0.117452
v -0.009272 0.268070 0.120749
v -0.012801 0.265555 0.115837
v -0.008257 0.325434 0.167659
v -0.014747 0.319074 0.167595
v -0.001974 0.318870 0.167568
v -0.012155 0.322899 0.169771
v -0.008310 0.321753 0.170252
v -0.008369 0.318373 0.168216
v -0.004433 0.322776 0.169755
v -0.015656 0.266069 0.108688
v -0.015650 0.268771 0.120127
v -0.025410 0.271508 0.112352
v -0.015961 0.265967 0.114751
v -0.019555 0.267060 0.113931
v -0.021046 0.269607 0.116700
v -0.021276 0.267458 0.110516
v -0.037045 0.329192 0.157759
v -0.043286 0.324263 0.153362
v -0.033526 0.321525 0.161137
v -0.041839 0.327659 0.156892
v -0.039422 0.325814 0.159553
v -0.038922 0.322361 0.157710
v -0.035938 0.326004 0.161592
v -0.019004 0.267955 0.103160
v -0.025410 0.271508 0.112352
v -0.027590 0.275497 0.100413
v -0.022950 0.268401 0.107752
v -0.024980 0.270116 0.104973
v -0.027285 0.273121 0.106398
v -0.024137 0.270574 0.101250
v -0.052299 0.337786 0.132572
v -0.055415 0.333858 0.124994
v -0.053236 0.329868 0.136933
v -0.055758 0.337170 0.128866
v -0.055907 0.335101 0.132334
v -0.055111 0.331482 0.130979
v -0.054441 0.334758 0.136084
v -0.017815 0.270020 0.096863
v -0.027590 0.275497 0.100413
v -0.021169 0.278872 0.089897
v -0.023543 0.271606 0.098102
v -0.023053 0.273462 0.094770
v -0.025069 0.276969 0.094665
v -0.020046 0.273444 0.092374
v -0.046881 0.347194 0.103884
v -0.045461 0.343370 0.095764
v -0.051881 0.339995 0.106280
v -0.047401 0.346983 0.098808
v -0.050051 0.345269 0.101331
v -0.049360 0.341467 0.100532
v -0.051282 0.344943 0.105165
v -0.012645 0.271297 0.092744
v -0.021169 0.278872 0.089897
v -0.009153 0.280053 0.085724
v -0.017461 0.274083 0.090315
v -0.014676 0.275532 0.088095
v -0.015435 0.279350 0.086989
v -0.010916 0.274726 0.088042
v -0.023326 0.353015 0.085117
v -0.018079 0.348348 0.079350
v -0.030096 0.347166 0.083523
v -0.020676 0.352506 0.080781
v -0.024596 0.351559 0.081050
v -0.024362 0.347645 0.080615
v -0.027941 0.351792 0.083304
v -0.005913 0.271190 0.092730
v -0.009153 0.280053 0.085724
v 0.002837 0.278488 0.089847
v -0.007551 0.274672 0.088035
v -0.003767 0.275358 0.088073
v -0.002891 0.279149 0.086963
v -0.001021 0.273820 0.090280
v 0.007344 0.352524 0.085054
v 0.013917 0.346462 0.083431
v 0.001927 0.348028 0.079308
v 0.011910 0.351154 0.083221
v 0.008549 0.351029 0.080981
v 0.008189 0.347124 0.080548
v 0.004662 0.352100 0.080728
v -0.000770 0.269747 0.096828
v 0.002837 0.278488 0.089847
v 0.009190 0.274909 0.100336
v 0.001551 0.273099 0.092329
v 0.004567 0.273020 0.094713
v 0.006694 0.276461 0.094599
v 0.005011 0.271149 0.098042
v 0.030778 0.345952 0.103723
v 0.035556 0.338596 0.106099
v 0.029203 0.342175 0.095609
v 0.035111 0.343561 0.104986
v 0.033875 0.343927 0.101156
v 0.033060 0.340149 0.100361
v 0.031270 0.345725 0.098644
v 0.000379 0.267645 0.103120
v 0.009190 0.274909 0.100336
v 0.006933 0.270990 0.112285
v 0.005586 0.270098 0.101188
v 0.006429 0.269614 0.104908
v 0.008834 0.272544 0.106323
v 0.004357 0.267964 0.107695
v 0.036012 0.336373 0.132389
v 0.036713 0.328430 0.136746
v 0.038970 0.332348 0.124798
v 0.038070 0.333279 0.135892
v 0.039531 0.333575 0.132136
v 0.038614 0.329983 0.130785
v 0.039435 0.335647 0.128668
v -0.003005 0.265866 0.108662
v 0.006933 0.270990 0.112285
v -0.002877 0.268566 0.120101
v 0.002665 0.267075 0.110467
v 0.000946 0.266732 0.113889
v 0.002529 0.269230 0.116651
v -0.002678 0.265755 0.114723
v 0.020596 0.328270 0.157639
v 0.016847 0.320720 0.161033
v 0.026657 0.323144 0.153217
v 0.019404 0.325119 0.161477
v 0.022871 0.324818 0.159424
v 0.022253 0.321383 0.157583
v 0.025334 0.326584 0.156752
v -0.000953 0.390668 0.129439
v -0.000924 0.397771 0.125992
v -0.000963 0.394976 0.129165
v -0.000807 0.394115 0.118995
v -0.000924 0.397771 0.125992
v -0.000859 0.397414 0.121779
v -0.027081 0.384458 0.127023
v -0.029678 0.390936 0.123333
v -0.028948 0.388325 0.126577
v -0.026934 0.387905 0.116578
v -0.029678 0.390936 0.123333
v -0.028844 0.390762 0.119191
v -0.047123 0.367415 0.121117
v -0.051736 0.372179 0.116833
v -0.050415 0.370070 0.120251
v -0.046977 0.370862 0.110673
v -0.051736 0.372179 0.116833
v -0.050312 0.372507 0.112865
v -0.056489 0.343443 0.113075
v -0.062044 0.345797 0.107981
v -0.060447 0.344394 0.111636
v -0.056343 0.346890 0.102630
v -0.062044 0.345797 0.107981
v -0.060344 0.346831 0.104251
v -0.053033 0.318034 0.104737
v -0.058240 0.317834 0.098806
v -0.056746 0.317179 0.102706
v -0.052887 0.321481 0.094293
v -0.058240 0.317834 0.098806
v -0.056642 0.319616 0.095321
v -0.037547 0.297010 0.098016
v -0.041197 0.294695 0.091408
v -0.040158 0.294659 0.095507
v -0.037400 0.300457 0.087571
v -0.041197 0.294695 0.091408
v -0.040055 0.297096 0.088121
v -0.013578 0.285185 0.094450
v -0.014818 0.281682 0.087484
v -0.014485 0.281994 0.091687
v -0.013431 0.288632 0.084005
v -0.014818 0.281682 0.087484
v -0.014381 0.284431 0.084301
v 0.013383 0.285270 0.094856
v 0.014854 0.281775 0.087931
v 0.014393 0.282085 0.092122
v 0.013529 0.288717 0.084411
v 0.014854 0.281775 0.087931
v 0.014496 0.284522 0.084737
v 0.037159 0.297245 0.099141
v 0.041021 0.294954 0.092647
v 0.039859 0.294911 0.096712
v 0.037305 0.300692 0.088696
v 0.041021 0.294954 0.092647
v 0.039963 0.297348 0.089327
v 0.052303 0.318366 0.106324
v 0.057688 0.318198 0.100552
v 0.056080 0.317533 0.104406
v 0.052450 0.321813 0.095880
v 0.057688 0.318198 0.100552
v 0.056184 0.319971 0.097021
v 0.055347 0.343795 0.114760
v 0.061037 0.346184 0.109836
v 0.059340 0.344771 0.113441
v 0.055493 0.347242 0.104315
v 0.061037 0.346184 0.109836
v 0.059444 0.347208 0.106055
v 0.045592 0.367706 0.122514
v 0.050302 0.372500 0.118370
v 0.048892 0.370382 0.121747
v 0.045738 0.371153 0.112069
v 0.050302 0.372500 0.118370
v 0.048995 0.372820 0.114362
v 0.025274 0.384622 0.127812
v 0.027941 0.391117 0.124201
v 0.027129 0.388501 0.127422
v 0.025420 0.388070 0.117367
v 0.027941 0.391117 0.124201
v 0.027233 0.390939 0.120036
v -0.032899 -0.089113 -0.007653
v -0.032987 -0.096538 -0.006728
v -0.034069 -0.092810 -0.007177
v -0.025590 -0.086816 -0.008045
v -0.032806 -0.088990 -0.007670
v -0.029549 -0.086830 -0.007986
v -0.021190 -0.092861 -0.007356
v -0.025590 -0.086816 -0.008045
v -0.022456 -0.089209 -0.007793
v -0.025735 -0.099031 -0.006523
v -0.021193 -0.093106 -0.007326
v -0.022545 -0.096723 -0.006856
v -0.032897 -0.096664 -0.006714
v -0.025735 -0.099031 -0.006523
v -0.029692 -0.098910 -0.006481
v -0.028226 -0.094345 0.011328
v -0.028138 -0.086920 0.010403
v -0.029172 -0.090554 0.011397
v -0.028057 -0.086802 0.010344
v -0.021712 -0.085029 0.006664
v -0.025191 -0.084823 0.008543
v -0.021712 -0.085029 0.006664
v -0.017854 -0.091324 0.005297
v -0.018961 -0.087599 0.005463
v -0.017856 -0.091569 0.005328
v -0.021857 -0.097245 0.008186
v -0.019050 -0.095113 0.006399
v -0.021857 -0.097245 0.008186
v -0.028148 -0.094476 0.011300
v -0.025334 -0.096902 0.010048
v -0.015559 -0.092775 0.025132
v -0.015471 -0.085350 0.024207
v -0.016141 -0.088940 0.025597
v -0.015419 -0.085236 0.024117
v -0.011393 -0.083751 0.017910
v -0.013595 -0.083386 0.021179
v -0.011393 -0.083751 0.017910
v -0.008976 -0.090224 0.014971
v -0.009662 -0.086446 0.015597
v -0.008979 -0.090469 0.015002
v -0.011538 -0.095966 0.019432
v -0.009751 -0.093961 0.016534
v -0.011538 -0.095966 0.019432
v -0.015510 -0.092910 0.025073
v -0.013738 -0.095466 0.022684
v 0.002113 -0.092189 0.031523
v 0.002201 -0.084764 0.030598
v 0.002038 -0.088337 0.032171
v 0.002212 -0.084651 0.030493
v 0.003004 -0.083273 0.023116
v 0.002582 -0.082849 0.027030
v 0.003004 -0.083273 0.023116
v 0.003408 -0.089814 0.019450
v 0.003312 -0.086016 0.020289
v 0.003405 -0.090058 0.019480
v 0.002859 -0.095488 0.024638
v 0.003223 -0.093531 0.021225
v 0.002859 -0.095488 0.024638
v 0.002121 -0.092325 0.031449
v 0.002439 -0.094929 0.028535
v 0.020742 -0.092720 0.029036
v 0.020830 -0.085295 0.028111
v 0.021200 -0.088883 0.029613
v 0.020798 -0.085181 0.028011
v 0.018179 -0.083706 0.021090
v 0.019635 -0.083335 0.024753
v 0.018179 -0.083706 0.021090
v 0.016462 -0.090186 0.017707
v 0.016988 -0.086406 0.018463
v 0.016460 -0.090431 0.017737
v 0.018034 -0.095921 0.022612
v 0.016898 -0.093921 0.019399
v 0.018034 -0.095921 0.022612
v 0.020707 -0.092855 0.028967
v 0.019491 -0.095415 0.026258
v 0.036059 -0.094247 0.018241
v 0.036147 -0.086822 0.017316
v 0.036957 -0.090454 0.018508
v 0.036080 -0.086704 0.017241
v 0.030657 -0.084949 0.012296
v 0.033656 -0.084733 0.014871
v 0.030657 -0.084949 0.012296
v 0.027197 -0.091256 0.010142
v 0.028233 -0.087527 0.010538
v 0.027194 -0.091501 0.010172
v 0.030512 -0.097165 0.013818
v 0.028143 -0.095042 0.011474
v 0.030512 -0.097165 0.013818
v 0.035989 -0.094378 0.018197
v 0.033513 -0.096813 0.016376
v 0.044556 -0.096420 0.001610
v 0.044645 -0.088995 0.000685
v 0.045697 -0.092689 0.001401
v 0.044557 -0.088872 0.000649
v 0.037579 -0.086719 -0.001252
v 0.041435 -0.086722 -0.000353
v 0.037579 -0.086719 -0.001252
v 0.033151 -0.092778 -0.001513
v 0.034471 -0.089122 -0.001671
v 0.033148 -0.093023 -0.001482
v 0.037434 -0.098935 0.000270
v 0.034381 -0.096637 -0.000735
v 0.037434 -0.098935 0.000270
v 0.044466 -0.096546 0.001605
v 0.041291 -0.098802 0.001152
v 0.044287 -0.098741 -0.017045
v 0.044375 -0.091316 -0.017970
v 0.045420 -0.095076 -0.017789
v 0.044288 -0.091187 -0.017963
v 0.037360 -0.088610 -0.016449
v 0.041188 -0.088847 -0.017430
v 0.037360 -0.088610 -0.016449
v 0.032962 -0.094405 -0.014586
v 0.034273 -0.090826 -0.015366
v 0.032959 -0.094650 -0.014556
v 0.037215 -0.100826 -0.014927
v 0.034183 -0.098341 -0.014430
v 0.037215 -0.100826 -0.014927
v 0.044197 -0.098861 -0.017007
v 0.041045 -0.100927 -0.015925
v 0.035312 -0.100679 -0.033452
v 0.035400 -0.093253 -0.034378
v 0.036188 -0.097069 -0.034667
v 0.035334 -0.093121 -0.034332
v 0.030048 -0.090189 -0.029815
v 0.032973 -0.090621 -0.032449
v 0.030048 -0.090189 -0.029815
v 0.026673 -0.095763 -0.026084
v 0.027684 -0.092248 -0.027411
v 0.026670 -0.096008 -0.026054
v 0.029903 -0.102404 -0.028293
v 0.027595 -0.099763 -0.026475
v 0.029903 -0.102404 -0.028293
v 0.035243 -0.100794 -0.033376
v 0.032829 -0.102700 -0.030944
v 0.019688 -0.101789 -0.043852
v 0.019776 -0.094363 -0.044777
v 0.020117 -0.098211 -0.045365
v 0.019747 -0.094228 -0.044708
v 0.017321 -0.091093 -0.038287
v 0.018670 -0.091637 -0.041969
v 0.017321 -0.091093 -0.038287
v 0.015724 -0.096541 -0.033372
v 0.016214 -0.093063 -0.035046
v 0.015721 -0.096786 -0.033342
v 0.017176 -0.103309 -0.036765
v 0.016125 -0.100578 -0.034110
v 0.017176 -0.103309 -0.036765
v 0.019656 -0.101902 -0.043752
v 0.018527 -0.103716 -0.040464
v 0.000995 -0.101817 -0.045863
v 0.001083 -0.094392 -0.046788
v 0.000887 -0.098241 -0.047433
v 0.001097 -0.094257 -0.046714
v 0.002093 -0.091116 -0.039925
v 0.001558 -0.091663 -0.043809
v 0.002093 -0.091116 -0.039925
v 0.002624 -0.096561 -0.034781
v 0.002491 -0.093084 -0.036522
v 0.002621 -0.096806 -0.034750
v 0.001947 -0.103332 -0.038403
v 0.002401 -0.100599 -0.035586
v 0.001947 -0.103332 -0.038403
v 0.001005 -0.101930 -0.045758
v 0.001415 -0.103743 -0.042304
v -0.016486 -0.100757 -0.039023
v -0.016398 -0.093332 -0.039948
v -0.017095 -0.097151 -0.040397
v -0.016344 -0.093199 -0.039890
v -0.012148 -0.090253 -0.034353
v -0.014444 -0.090693 -0.037548
v -0.012148 -0.090253 -0.034353
v -0.009626 -0.095818 -0.029988
v -0.010343 -0.092306 -0.031501
v -0.009629 -0.096063 -0.029957
v -0.012293 -0.102468 -0.032831
v -0.010432 -0.099821 -0.030564
v -0.012293 -0.102468 -0.032831
v -0.016435 -0.100873 -0.038933
v -0.014587 -0.102772 -0.036043
v -0.028750 -0.098852 -0.024899
v -0.028662 -0.091427 -0.025825
v -0.029710 -0.095191 -0.025868
v -0.028579 -0.091299 -0.025799
v -0.022138 -0.088701 -0.022848
v -0.025670 -0.088949 -0.024620
v -0.022138 -0.088701 -0.022848
v -0.018220 -0.094483 -0.020090
v -0.019346 -0.090907 -0.021132
v -0.018223 -0.094728 -0.020060
v -0.022283 -0.100916 -0.021326
v -0.019435 -0.098422 -0.020196
v -0.022283 -0.100916 -0.021326
v -0.028670 -0.098972 -0.024843
v -0.025813 -0.101028 -0.023115
v -0.078749 0.122628 0.002898
v -0.078762 0.116664 0.000195
v -0.079741 0.119652 0.001538
v -0.072373 0.124512 0.003825
v -0.078669 0.122728 0.002944
v -0.075837 0.124479 0.003770
v -0.068471 0.119680 0.001681
v -0.072373 0.124512 0.003825
v -0.069611 0.122607 0.002994
v -0.072396 0.114701 -0.000621
v -0.068472 0.119483 0.001591
v -0.069625 0.116571 0.000258
v -0.078683 0.116564 0.000151
v -0.072396 0.114701 -0.000621
v -0.075859 0.114777 -0.000627
v -0.075405 0.110769 0.013187
v -0.075391 0.116733 0.015889
v -0.076275 0.113568 0.014948
v -0.075320 0.116848 0.015902
v -0.069714 0.119844 0.014113
v -0.072798 0.119144 0.015528
v -0.069714 0.119844 0.014113
v -0.066242 0.115765 0.010309
v -0.067255 0.118471 0.012108
v -0.066242 0.115568 0.010220
v -0.069737 0.110032 0.009668
v -0.067269 0.112435 0.009373
v -0.069737 0.110032 0.009668
v -0.075334 0.110684 0.013109
v -0.072821 0.109442 0.011132
v -0.065802 0.106181 0.023264
v -0.065788 0.112145 0.025966
v -0.066363 0.108832 0.025349
v -0.065742 0.112272 0.025952
v -0.062109 0.116210 0.022094
v -0.064107 0.114992 0.024648
v -0.062109 0.116210 0.022094
v -0.059864 0.112718 0.017001
v -0.060518 0.115252 0.019178
v -0.059864 0.112521 0.016912
v -0.062132 0.106399 0.017648
v -0.060532 0.109216 0.016443
v -0.062132 0.106399 0.017648
v -0.065756 0.106108 0.023159
v -0.064130 0.105289 0.020251
v -0.052154 0.103950 0.028117
v -0.052140 0.109914 0.030819
v -0.052276 0.106529 0.030358
v -0.052129 0.110047 0.030793
v -0.051301 0.114444 0.025937
v -0.051755 0.112973 0.029040
v -0.051301 0.114444 0.025937
v -0.050799 0.111236 0.020225
v -0.050943 0.113687 0.022583
v -0.050800 0.111040 0.020135
v -0.051324 0.104632 0.021491
v -0.050957 0.107651 0.019847
v -0.051324 0.104632 0.021491
v -0.052144 0.103883 0.028000
v -0.051777 0.103270 0.024644
v -0.037586 0.104588 0.026635
v -0.037573 0.110552 0.029337
v -0.037240 0.107188 0.028828
v -0.037600 0.110683 0.029314
v -0.039765 0.114949 0.024763
v -0.038571 0.113550 0.027699
v -0.039765 0.114949 0.024763
v -0.041125 0.111660 0.019240
v -0.040723 0.114135 0.021543
v -0.041125 0.111463 0.019151
v -0.039787 0.105137 0.020317
v -0.040737 0.108099 0.018808
v -0.039787 0.105137 0.020317
v -0.037614 0.104519 0.026521
v -0.038593 0.103847 0.023302
v -0.025438 0.107949 0.019157
v -0.025424 0.113913 0.021859
v -0.024700 0.110656 0.021109
v -0.025483 0.114035 0.021856
v -0.030144 0.117610 0.018841
v -0.027575 0.116591 0.020931
v -0.030144 0.117610 0.018841
v -0.033056 0.113892 0.014274
v -0.032200 0.116492 0.016296
v -0.033057 0.113695 0.014185
v -0.030166 0.107798 0.014395
v -0.032214 0.110456 0.013561
v -0.030166 0.107798 0.014395
v -0.025497 0.107871 0.019063
v -0.027598 0.106889 0.016534
v -0.018490 0.113262 0.007396
v -0.018476 0.119226 0.010098
v -0.017529 0.116140 0.008970
v -0.018553 0.119334 0.010126
v -0.024642 0.121817 0.009527
v -0.021288 0.121400 0.010287
v -0.024642 0.121817 0.009527
v -0.028442 0.117420 0.006463
v -0.027326 0.120220 0.008045
v -0.028443 0.117224 0.006374
v -0.024664 0.112006 0.005082
v -0.027339 0.114184 0.005310
v -0.024664 0.112006 0.005082
v -0.018567 0.113170 0.007333
v -0.021310 0.111697 0.005891
v -0.018336 0.119310 -0.005953
v -0.018322 0.125274 -0.003251
v -0.017370 0.122384 -0.004808
v -0.018399 0.125367 -0.003189
v -0.024519 0.126608 -0.001044
v -0.021148 0.126874 -0.001795
v -0.024519 0.126608 -0.001044
v -0.028340 0.121437 -0.002403
v -0.027217 0.124463 -0.001320
v -0.028340 0.121241 -0.002492
v -0.024542 0.116796 -0.005490
v -0.027231 0.118427 -0.004055
v -0.024542 0.116796 -0.005490
v -0.018414 0.119203 -0.005982
v -0.021170 0.117171 -0.006191
v -0.025010 0.124709 -0.017833
v -0.024996 0.130673 -0.015130
v -0.024259 0.127956 -0.017070
v -0.025056 0.130751 -0.015037
v -0.029805 0.130883 -0.010452
v -0.027188 0.131760 -0.012546
v -0.029805 0.130883 -0.010452
v -0.032772 0.125023 -0.010292
v -0.031900 0.128251 -0.009654
v -0.032773 0.124826 -0.010382
v -0.029828 0.121071 -0.014898
v -0.031914 0.122215 -0.012389
v -0.029828 0.121071 -0.014898
v -0.025070 0.124587 -0.017830
v -0.027211 0.122057 -0.016942
v -0.036983 0.128220 -0.025521
v -0.036970 0.134184 -0.022819
v -0.036617 0.131580 -0.025006
v -0.036998 0.134254 -0.022706
v -0.039287 0.133664 -0.016541
v -0.038025 0.134938 -0.019504
v -0.039287 0.133664 -0.016541
v -0.040724 0.127355 -0.015399
v -0.040300 0.130714 -0.015048
v -0.040725 0.127158 -0.015488
v -0.039310 0.123852 -0.020986
v -0.040314 0.124678 -0.017783
v -0.039310 0.123852 -0.020986
v -0.037013 0.128090 -0.025499
v -0.038047 0.125235 -0.023901
v -0.051514 0.129041 -0.027257
v -0.051500 0.135005 -0.024554
v -0.051615 0.132427 -0.026798
v -0.051491 0.135072 -0.024437
v -0.050794 0.134313 -0.017915
v -0.051175 0.135680 -0.021075
v -0.050794 0.134313 -0.017915
v -0.050374 0.127900 -0.016551
v -0.050494 0.131290 -0.016266
v -0.050375 0.127703 -0.016641
v -0.050817 0.124502 -0.022361
v -0.050508 0.125254 -0.019001
v -0.050817 0.124502 -0.022361
v -0.051505 0.128908 -0.027230
v -0.051198 0.125978 -0.025472
v -0.065271 0.126982 -0.022643
v -0.065258 0.132946 -0.019940
v -0.065816 0.130302 -0.022035
v -0.065213 0.133018 -0.019835
v -0.061689 0.132683 -0.014261
v -0.063627 0.133817 -0.016899
v -0.061689 0.132683 -0.014261
v -0.059511 0.126532 -0.013487
v -0.060146 0.129845 -0.013029
v -0.059512 0.126336 -0.013576
v -0.061712 0.122871 -0.018707
v -0.060160 0.123809 -0.015764
v -0.061712 0.122871 -0.018707
v -0.065227 0.126854 -0.022628
v -0.063649 0.124114 -0.021296
v -0.075105 0.122515 -0.012736
v -0.075091 0.128479 -0.010033
v -0.075966 0.125692 -0.011809
v -0.075021 0.128563 -0.009954
v -0.069477 0.129146 -0.006415
v -0.072527 0.129775 -0.007933
v -0.069477 0.129146 -0.006415
v -0.066043 0.123566 -0.006907
v -0.067045 0.126712 -0.006078
v -0.066043 0.123369 -0.006996
v -0.069500 0.119334 -0.010861
v -0.067059 0.120676 -0.008813
v -0.069500 0.119334 -0.010861
v -0.075035 0.122400 -0.012747
v -0.072549 0.120072 -0.012329
vn -0.0256 -0.8010 0.5982
vn 0.3053 -0.3147 0.8987
vn -0.2073 -0.2387 0.9487
vn 0.0543 0.8971 0.4385
vn -0.2513 0.4980 0.8300
vn 0.2558 0.4332 0.8643
vn -0.4273 -0.8209 0.3789
vn -0.4882 -0.3243 0.8102
vn -0.8519 -0.2841 0.4399
vn -0.3687 0.8832 0.2898
vn -0.8370 0.4517 0.3090
vn -0.5432 0.4194 0.7274
vn -0.5057 -0.8598 -0.0707
vn -0.9134 -0.3834 0.1369
vn -0.8545 -0.3547 -0.3796
vn -0.5157 0.8465 -0.1325
vn -0.7932 0.3845 -0.4722
vn -0.9337 0.3575 0.0197
vn -0.2017 -0.8885 -0.4122
vn -0.6501 -0.4474 -0.6142
vn -0.2130 -0.3974 -0.8926
vn -0.2759 0.8145 -0.5103
vn -0.1529 0.3470 -0.9253
vn -0.6218 0.2940 -0.7259
vn 0.2557 -0.8853 -0.3884
vn 0.1035 -0.4682 -0.8775
vn 0.5895 -0.3799 -0.7129
vn 0.1700 0.8114 -0.5592
vn 0.6017 0.3675 -0.7091
vn 0.1577 0.2768 -0.9479
vn 0.5222 -0.8526 -0.0172
vn 0.7799 -0.4302 -0.4547
vn 0.9486 -0.3155 0.0242
vn 0.4864 0.8395 -0.2423
vn 0.9025 0.4305 0.0135
vn 0.8178 0.3188 -0.4792
vn 0.3970 -0.8151 0.4219
vn 0.8697 -0.3618 0.3358
vn 0.5940 -0.2527 0.7637
vn 0.4349 0.8776 0.2017
vn 0.5229 0.4886 0.6985
vn 0.8614 0.3884 0.3273
vn -0.3701 -0.3438 0.8630
vn -0.1641 -0.8782 0.4493
vn -0.3662 0.5144 0.7755
vn -0.1660 0.9436 0.2865
vn 0.2746 0.1059 0.9557
vn -0.2195 0.1059 0.9698
vn -0.8994 0.0580 0.4332
vn -0.5804 0.0912 0.8092
vn -0.8796 -0.3967 0.2626
vn -0.3925 -0.9019 0.1801
vn -0.8673 0.4622 0.1848
vn -0.3909 0.9202 0.0215
vn -0.9021 -0.0165 -0.4312
vn -0.9983 0.0249 0.0519
vn -0.7259 -0.4628 -0.5087
vn -0.3237 -0.9315 -0.1657
vn -0.7162 0.3972 -0.5739
vn -0.3231 0.8910 -0.3189
vn -0.2255 -0.0614 -0.9723
vn -0.6646 -0.0430 -0.7460
vn -0.0249 -0.4922 -0.8701
vn -0.0094 -0.9447 -0.3277
vn -0.0266 0.3683 -0.9293
vn -0.0137 0.8780 -0.4784
vn 0.6209 -0.0430 -0.7827
vn 0.1696 -0.0614 -0.9836
vn 0.6957 -0.4628 -0.5494
vn 0.3137 -0.9315 -0.1839
vn 0.6822 0.3972 -0.6139
vn 0.3044 0.8910 -0.3368
vn 0.9997 0.0249 -0.0052
vn 0.8760 -0.0165 -0.4820
vn 0.8931 -0.3967 0.2119
vn 0.4022 -0.9019 0.1574
vn 0.8751 0.4839 -0.0000
vn 0.3915 0.9202 -0.0009
vn 0.6257 0.0912 0.7747
vn 0.9227 0.0580 0.3811
vn 0.4188 -0.3438 0.8405
vn 0.1896 -0.8782 0.4392
vn 0.4099 0.5144 0.7533
vn 0.1821 0.9436 0.2766
vn 0.0025 -0.9963 0.0858
vn -0.4080 0.0985 0.9077
vn 0.4592 0.0985 0.8829
vn -0.0025 0.9963 -0.0858
vn -0.9680 0.0402 0.2476
vn -0.7991 -0.0324 -0.6003
vn -0.0285 -0.0647 -0.9975
vn 0.7635 -0.0324 -0.6450
vn 0.9806 0.0402 0.1919
vn -0.0662 -0.8749 0.4798
vn 0.2374 -0.4354 0.8683
vn -0.2780 -0.3649 0.8886
vn 0.0145 0.8287 0.5595
vn -0.3176 0.3812 0.8682
vn 0.1857 0.3104 0.9323
vn -0.4497 -0.8632 0.2296
vn -0.5469 -0.4298 0.7185
vn -0.8813 -0.3381 0.3301
vn -0.3958 0.8369 0.3781
vn -0.8612 0.4086 0.3022
vn -0.6002 0.3185 0.7337
vn -0.4931 -0.8402 -0.2259
vn -0.9186 -0.3949 0.0127
vn -0.8204 -0.2964 -0.4890
vn -0.5096 0.8586 -0.0553
vn -0.7571 0.4483 -0.4752
vn -0.9348 0.3551 -0.0038
vn -0.1635 -0.8232 -0.5437
vn -0.5979 -0.3570 -0.7177
vn -0.1411 -0.2712 -0.9521
vn -0.2413 0.8775 -0.4144
vn -0.0837 0.4705 -0.8785
vn -0.5661 0.3926 -0.7248
vn 0.2907 -0.8251 -0.4845
vn 0.1738 -0.3447 -0.9225
vn 0.6450 -0.2815 -0.7104
vn 0.2071 0.8794 -0.4288
vn 0.6520 0.4583 -0.6040
vn 0.2282 0.4028 -0.8864
vn 0.5276 -0.8444 -0.0929
vn 0.8154 -0.3672 -0.4476
vn 0.9460 -0.3196 0.0541
vn 0.4980 0.8628 -0.0876
vn 0.8959 0.4211 0.1415
vn 0.8500 0.3779 -0.3669
vn 0.3688 -0.8665 0.3363
vn 0.8437 -0.4076 0.3494
vn 0.5352 -0.3567 0.7657
vn 0.4122 0.8402 0.3522
vn 0.4644 0.3868 0.7967
vn 0.8311 0.3368 0.4425
vn -0.4331 -0.4567 0.7771
vn -0.1923 -0.9306 0.3116
vn -0.0000 1.0000 -0.0000
vn -0.1938 0.8964 0.3987
vn 0.1996 -0.0264 0.9795
vn -0.2941 -0.0264 0.9554
vn -0.9304 0.0019 0.3664
vn -0.6415 -0.0177 0.7669
vn -0.8945 -0.4254 0.1376
vn -0.3992 -0.9165 0.0248
vn -0.3975 0.9102 0.1164
vn -0.8662 0.0459 -0.4976
vn -0.9995 0.0215 -0.0223
vn -0.6816 -0.3863 -0.6214
vn -0.3038 -0.8990 -0.3154
vn -0.6725 0.4745 -0.5679
vn -0.3035 0.9274 -0.2185
vn -0.1497 0.0725 -0.9861
vn -0.6050 0.0616 -0.7939
vn 0.0454 -0.3690 -0.9283
vn 0.0221 -0.8912 -0.4530
vn 0.0425 0.4916 -0.8698
vn 0.0173 0.9351 -0.3540
vn 0.6795 0.0616 -0.7311
vn 0.2451 0.0725 -0.9668
vn 0.7389 -0.3863 -0.5520
vn 0.3331 -0.8990 -0.2843
vn 0.7247 0.4745 -0.4996
vn 0.3234 0.9274 -0.1879
vn 0.9969 0.0215 0.0752
vn 0.9106 0.0459 -0.4108
vn 0.8768 -0.4254 0.2241
vn 0.3949 -0.9165 0.0636
vn -0.0000 0.3511 0.9363
vn 0.3843 0.9102 0.1546
vn 0.5637 -0.0177 0.8258
vn 0.8903 0.0019 0.4554
vn 0.3553 -0.4567 0.8156
vn 0.1611 -0.9306 0.3288
vn 0.3473 0.4053 0.8456
vn 0.1541 0.8964 0.4157
vn 0.0025 -0.9987 -0.0507
vn -0.4772 -0.0245 0.8784
vn 0.3893 -0.0245 0.9208
vn -0.0025 0.9987 0.0507
vn -0.9844 0.0099 0.1754
vn -0.7504 0.0528 -0.6589
vn 0.0487 0.0719 -0.9962
vn 0.8110 0.0528 -0.5826
vn 0.9627 0.0099 0.2705
vn -0.0303 -0.9186 0.3939
vn 0.3047 -0.5186 0.7989
vn -0.2073 -0.4529 0.8671
vn 0.0617 0.7690 0.6363
vn -0.2461 0.2914 0.9244
vn 0.2605 0.2169 0.9408
vn -0.4326 -0.8839 0.1776
vn -0.4891 -0.5018 0.7134
vn -0.8532 -0.3736 0.3641
vn -0.3617 0.7932 0.4899
vn -0.8331 0.3723 0.4091
vn -0.5387 0.2409 0.8073
vn -0.5122 -0.8159 -0.2684
vn -0.9159 -0.3986 0.0465
vn -0.8577 -0.2502 -0.4491
vn -0.5097 0.8574 0.0713
vn -0.7913 0.4897 -0.3662
vn -0.9310 0.3492 0.1062
vn -0.2090 -0.7658 -0.6082
vn -0.6545 -0.2867 -0.6996
vn -0.2176 -0.1757 -0.9601
vn -0.2709 0.9132 -0.3043
vn -0.1521 0.5552 -0.8177
vn -0.6210 0.4600 -0.6346
vn 0.2485 -0.7713 -0.5859
vn 0.0984 -0.2503 -0.9631
vn 0.5853 -0.2062 -0.7841
vn 0.1749 0.9187 -0.3542
vn 0.6031 0.5194 -0.6054
vn 0.1579 0.4901 -0.8572
vn 0.5159 -0.8284 -0.2183
vn 0.7758 -0.3169 -0.5456
vn 0.9463 -0.3187 -0.0537
vn 0.4921 0.8696 -0.0407
vn 0.9057 0.4093 0.1108
vn 0.8192 0.4167 -0.3941
vn 0.3918 -0.8939 0.2177
vn 0.8676 -0.4362 0.2386
vn 0.5936 -0.4285 0.6812
vn 0.4417 0.8030 0.4001
vn 0.5278 0.3078 0.7917
vn 0.8649 0.2951 0.4061
vn -0.3710 -0.5339 0.7598
vn -0.1697 -0.9579 0.2317
vn -0.3609 0.3208 0.8757
vn -0.1586 0.8513 0.5002
vn 0.2771 -0.1228 0.9530
vn -0.2169 -0.1228 0.9684
vn -0.8982 -0.0391 0.4379
vn -0.5782 -0.0971 0.8101
vn -0.8820 -0.4413 0.1654
vn -0.3988 -0.9164 -0.0348
vn -0.3841 0.8921 0.2379
vn -0.9030 0.0910 -0.4198
vn -0.9980 0.0187 0.0598
vn -0.7303 -0.3259 -0.6004
vn -0.3308 -0.8646 -0.3782
vn -0.7143 0.5254 -0.4623
vn -0.3171 0.9431 -0.1001
vn -0.2278 0.1696 -0.9588
vn -0.6663 0.1374 -0.7330
vn -0.0301 -0.2745 -0.9611
vn -0.0169 -0.8416 -0.5399
vn -0.0256 0.5760 -0.8171
vn -0.0081 0.9658 -0.2593
vn 0.6191 0.1374 -0.7732
vn 0.1673 0.1696 -0.9712
vn 0.6912 -0.3259 -0.6450
vn 0.3065 -0.8646 -0.3981
vn 0.6839 0.5254 -0.5061
vn 0.3102 0.9431 -0.1198
vn 0.9998 0.0187 -0.0028
vn 0.8750 0.0910 -0.4756
vn 0.8906 -0.4413 0.1099
vn 0.3959 -0.9164 -0.0597
vn 0.3982 0.8921 0.2134
vn 0.6278 -0.0971 0.7723
vn 0.9238 -0.0391 0.3808
vn 0.4179 -0.5339 0.7351
vn 0.1839 -0.9579 0.2206
vn 0.4150 0.3208 0.8514
vn 0.1896 0.8513 0.4893
vn -0.0047 -0.9887 -0.1500
vn -0.4056 -0.1142 0.9069
vn 0.4616 -0.1142 0.8797
vn 0.0047 0.9887 0.1500
vn -0.9672 -0.0124 0.2536
vn -0.8005 0.1145 -0.5883
vn -0.0309 0.1710 -0.9848
vn 0.7621 0.1145 -0.6373
vn 0.9812 -0.0124 0.1925
vn -0.0548 -0.9635 0.2621
vn 0.2455 -0.6235 0.7423
vn -0.2706 -0.5656 0.7790
vn 0.0077 0.6752 0.7376
vn -0.3184 0.1642 0.9336
vn 0.1859 0.0861 0.9788
vn -0.4395 -0.8980 0.0221
vn -0.5394 -0.5919 0.5989
vn -0.8763 -0.4159 0.2431
vn -0.4033 0.7209 0.5637
vn -0.8644 0.3168 0.3903
vn -0.6008 0.1314 0.7885
vn -0.4848 -0.7697 -0.4153
vn -0.9143 -0.3974 -0.0788
vn -0.8190 -0.1833 -0.5437
vn -0.5191 0.8419 0.1475
vn -0.7638 0.5383 -0.3563
vn -0.9386 0.3355 0.0804
vn -0.1567 -0.6752 -0.7208
vn -0.5968 -0.1863 -0.7805
vn -0.1418 -0.0428 -0.9890
vn -0.2524 0.9472 -0.1976
vn -0.0921 0.6617 -0.7441
vn -0.5731 0.5446 -0.6123
vn 0.2977 -0.6857 -0.6642
vn 0.1739 -0.1176 -0.9777
vn 0.6453 -0.1004 -0.7573
vn 0.1959 0.9575 -0.2117
vn 0.6447 0.5942 -0.4810
vn 0.2204 0.6013 -0.7680
vn 0.5364 -0.7932 -0.2882
vn 0.8175 -0.2431 -0.5220
vn 0.9496 -0.3125 -0.0233
vn 0.4883 0.8650 0.1158
vn 0.8918 0.3866 0.2349
vn 0.8445 0.4629 -0.2695
vn 0.3795 -0.9169 0.1240
vn 0.8494 -0.4683 0.2434
vn 0.5420 -0.5196 0.6605
vn 0.4045 0.7393 0.5383
vn 0.4633 0.1952 0.8645
vn 0.8291 0.2336 0.5079
vn -0.4251 -0.6305 0.6494
vn -0.1811 -0.9797 0.0857
vn -0.4293 0.2005 0.8806
vn -0.2020 0.7761 0.5973
vn 0.2037 -0.2522 0.9460
vn -0.2901 -0.2522 0.9232
vn -0.9290 -0.0944 0.3579
vn -0.6383 -0.2037 0.7424
vn -0.8893 -0.4559 0.0355
vn -0.3892 -0.9015 -0.1895
vn -0.8859 0.3722 0.2767
vn -0.4069 0.8532 0.3264
vn -0.8686 0.1510 -0.4720
vn -0.9998 0.0147 -0.0154
vn -0.6798 -0.2382 -0.6937
vn -0.2953 -0.8038 -0.5164
vn -0.6798 0.5864 -0.4405
vn -0.3144 0.9493 0.0046
vn -0.1543 0.2991 -0.9416
vn -0.6087 0.2385 -0.7567
vn 0.0457 -0.1413 -0.9889
vn 0.0300 -0.7604 -0.6488
vn 0.0338 0.6817 -0.7309
vn 0.0058 0.9920 -0.1257
vn 0.6759 0.2385 -0.6973
vn 0.2406 0.2991 -0.9234
vn 0.7409 -0.2382 -0.6280
vn 0.3417 -0.8038 -0.4869
vn 0.7176 0.5864 -0.3758
vn 0.3126 0.9493 0.0336
vn 0.9969 0.0147 0.0769
vn 0.9084 0.1510 -0.3899
vn 0.8822 -0.4559 0.1174
vn 0.4050 -0.9014 -0.1528
vn 0.8566 0.3722 0.3573
vn 0.3750 0.8532 0.3625
vn 0.5670 -0.2037 0.7981
vn 0.8920 -0.0944 0.4421
vn 0.3633 -0.6305 0.6859
vn 0.1724 -0.9797 0.1021
vn 0.3462 0.2005 0.9165
vn 0.1460 0.7761 0.6134
vn 0.0131 -0.9591 -0.2826
vn -0.4735 -0.2345 0.8490
vn 0.3931 -0.2345 0.8891
vn -0.0131 0.9591 0.2826
vn -0.9838 -0.0426 0.1741
vn -0.7535 0.1967 -0.6274
vn 0.0440 0.3032 -0.9519
vn 0.8082 0.1967 -0.5551
vn 0.9635 -0.0426 0.2642
vn -0.0398 -0.9891 0.1419
vn 0.2927 -0.7104 0.6400
vn -0.2196 -0.6605 0.7180
vn 0.0585 0.5772 0.8145
vn -0.2551 0.0437 0.9659
vn 0.2509 -0.0365 0.9673
vn -0.4394 -0.8962 -0.0619
vn -0.4999 -0.6656 0.5541
vn -0.8593 -0.4482 0.2465
vn -0.3630 0.6420 0.6753
vn -0.8357 0.2603 0.4836
vn -0.5466 0.0278 0.8369
vn -0.5134 -0.7142 -0.4758
vn -0.9185 -0.3896 -0.0673
vn -0.8539 -0.1182 -0.5069
vn -0.5059 0.8137 0.2863
vn -0.7844 0.5743 -0.2343
vn -0.9303 0.3172 0.1841
vn -0.2061 -0.5802 -0.7880
vn -0.6479 -0.0902 -0.7564
vn -0.2075 0.0810 -0.9749
vn -0.2625 0.9631 -0.0597
vn -0.1398 0.7494 -0.6472
vn -0.6112 0.6139 -0.4996
vn 0.2511 -0.5951 -0.7634
vn 0.1081 0.0072 -0.9941
vn 0.5932 -0.0006 -0.8051
vn 0.1839 0.9776 -0.1021
vn 0.6128 0.6536 -0.4442
vn 0.1704 0.6943 -0.6992
vn 0.5140 -0.7476 -0.4207
vn 0.7803 -0.1709 -0.6016
vn 0.9452 -0.3016 -0.1253
vn 0.4971 0.8464 0.1910
vn 0.9065 0.3592 0.2219
vn 0.8259 0.4980 -0.2646
vn 0.3845 -0.9230 -0.0177
vn 0.8625 -0.4902 0.1257
vn 0.5834 -0.5953 0.5525
vn 0.4413 0.6682 0.5990
vn 0.5203 0.0878 0.8495
vn 0.8617 0.1727 0.4771
vn -0.3825 -0.7096 0.5917
vn -0.1775 -0.9838 -0.0263
vn -0.3692 0.0857 0.9254
vn -0.1598 0.6937 0.7023
vn 0.2655 -0.3679 0.8912
vn -0.2287 -0.3679 0.9013
vn -0.9033 -0.1440 0.4040
vn -0.5880 -0.2991 0.7516
vn -0.8861 -0.4619 0.0368
vn -0.4033 -0.8727 -0.2751
vn -0.8646 0.3293 0.3795
vn -0.3820 0.8030 0.4573
vn -0.8976 0.2041 -0.3906
vn -0.9985 0.0107 0.0529
vn -0.7250 -0.1531 -0.6715
vn -0.3311 -0.7343 -0.5926
vn -0.7061 0.6331 -0.3171
vn -0.3109 0.9393 0.1448
vn -0.2159 0.4142 -0.8842
vn -0.6571 0.3281 -0.6787
vn -0.0205 -0.0157 -0.9997
vn -0.0152 -0.6727 -0.7398
vn -0.0132 0.7683 -0.6400
vn -0.0000 1.0000 -0.0001
vn 0.6286 0.3281 -0.7051
vn 0.1793 0.4142 -0.8923
vn 0.6968 -0.1531 -0.7007
vn 0.3064 -0.7343 -0.6057
vn 0.6925 0.6331 -0.3459
vn 0.3166 0.9393 0.1319
vn 0.9999 0.0107 0.0119
vn 0.8808 0.2041 -0.4272
vn 0.8869 -0.4619 0.0003
vn 0.3916 -0.8727 -0.2915
vn 0.8795 0.3293 0.3437
vn 0.4005 0.8030 0.4413
vn 0.6183 -0.2991 0.7268
vn 0.9192 -0.1440 0.3666
vn 0.4065 -0.7096 0.5755
vn 0.1763 -0.9838 -0.0336
vn 0.4069 0.0857 0.9094
vn 0.1885 0.6937 0.6951
vn -0.0082 -0.9159 -0.4013
vn -0.4166 -0.3421 0.8423
vn 0.4508 -0.3421 0.8245
vn 0.0082 0.9159 0.4013
vn -0.9701 -0.0699 0.2323
vn -0.7930 0.2696 -0.5463
vn -0.0186 0.4207 -0.9070
vn 0.7699 0.2696 -0.5784
vn 0.9789 -0.0699 0.1922
vn -0.0451 -0.9965 0.0707
vn 0.2573 -0.7559 0.6021
vn -0.2577 -0.7113 0.6540
vn 0.0110 0.5193 0.8545
vn -0.3102 -0.0265 0.9503
vn 0.1963 -0.1078 0.9746
vn -0.4316 -0.8898 -0.1481
vn -0.5275 -0.7044 0.4749
vn -0.8689 -0.4673 0.1634
vn -0.4034 0.5941 0.6959
vn -0.8645 0.2235 0.4503
vn -0.5944 -0.0335 0.8034
vn -0.4824 -0.6809 -0.5511
vn -0.9100 -0.3873 -0.1478
vn -0.8217 -0.0880 -0.5631
vn -0.5249 0.7925 0.3106
vn -0.7731 0.5861 -0.2425
vn -0.9420 0.3005 0.1495
vn -0.1592 -0.5270 -0.8348
vn -0.6023 -0.0433 -0.7971
vn -0.1517 0.1409 -0.9783
vn -0.2618 0.9651 -0.0112
vn -0.1049 0.7882 -0.6064
vn -0.5846 0.6429 -0.4949
vn 0.2946 -0.5441 -0.7856
vn 0.1640 0.0685 -0.9841
vn 0.6366 0.0471 -0.7697
vn 0.1876 0.9819 -0.0272
vn 0.6370 0.6777 -0.3673
vn 0.2085 0.7357 -0.6444
vn 0.5372 -0.7192 -0.4406
vn 0.8118 -0.1360 -0.5679
vn 0.9497 -0.2987 -0.0943
vn 0.4850 0.8303 0.2747
vn 0.8939 0.3377 0.2947
vn 0.8403 0.5091 -0.1865
vn 0.3860 -0.9206 -0.0595
vn 0.8533 -0.5029 0.1380
vn 0.5516 -0.6363 0.5393
vn 0.4064 0.6244 0.6671
vn 0.4724 0.0243 0.8811
vn 0.8348 0.1337 0.5340
vn -0.4127 -0.7505 0.5162
vn -0.1729 -0.9795 -0.1035
vn -0.4222 0.0188 0.9063
vn -0.2014 0.6443 0.7378
vn 0.2157 -0.4335 0.8750
vn -0.2784 -0.4335 0.8571
vn -0.9244 -0.1755 0.3385
vn -0.6288 -0.3542 0.6922
vn -0.8835 -0.4660 -0.0472
vn -0.3840 -0.8519 -0.3560
vn -0.8876 0.3000 0.3495
vn -0.4102 0.7705 0.4880
vn -0.8746 0.2253 -0.4293
vn -1.0000 0.0026 -0.0062
vn -0.6838 -0.1112 -0.7212
vn -0.2945 -0.6928 -0.6582
vn -0.6902 0.6507 -0.3166
vn -0.3216 0.9278 0.1891
vn -0.1663 0.4673 -0.8683
vn -0.6183 0.3682 -0.6943
vn 0.0361 0.0467 -0.9983
vn 0.0283 -0.6220 -0.7825
vn -0.0000 0.8774 -0.4798
vn -0.0024 0.9978 0.0663
vn 0.6669 0.3682 -0.6478
vn 0.2287 0.4673 -0.8540
vn 0.7342 -0.1112 -0.6698
vn 0.3413 -0.6928 -0.6352
vn 0.7113 0.6507 -0.2659
vn 0.3071 0.9278 0.2119
vn 0.9978 0.0026 0.0661
vn 0.9033 0.2253 -0.3650
vn 0.8846 -0.4660 0.0168
vn 0.4088 -0.8519 -0.3273
vn 0.8600 0.3000 0.4128
vn 0.3738 0.7705 0.5164
vn 0.5771 -0.3542 0.7359
vn 0.8975 -0.1755 0.4045
vn 0.3742 -0.7505 0.5446
vn 0.1799 -0.9795 -0.0907
vn 0.3556 0.0188 0.9345
vn 0.1475 0.6443 0.7504
vn 0.0167 -0.8868 -0.4619
vn -0.4627 -0.4031 0.7896
vn 0.4044 -0.4031 0.8210
vn -0.0167 0.8868 0.4619
vn -0.9816 -0.0895 0.1688
vn -0.7615 0.3014 -0.5738
vn 0.0318 0.4754 -0.8792
vn 0.8010 0.3014 -0.5172
vn 0.9668 -0.0895 0.2394
vn -0.0527 -0.9765 0.2089
vn 0.2452 -0.6653 0.7051
vn -0.2700 -0.6113 0.7439
vn 0.0046 0.6339 0.7734
vn -0.3213 0.1085 0.9407
vn 0.1843 0.0289 0.9824
vn -0.4359 -0.8996 -0.0274
vn -0.5377 -0.6282 0.5623
vn -0.8739 -0.4353 0.2164
vn -0.4074 0.6878 0.6008
vn -0.8681 0.2888 0.4038
vn -0.6039 0.0824 0.7928
vn -0.4806 -0.7489 -0.4563
vn -0.9109 -0.3996 -0.1034
vn -0.8157 -0.1619 -0.5553
vn -0.5231 0.8308 0.1900
vn -0.7663 0.5502 -0.3318
vn -0.9416 0.3233 0.0942
vn -0.1531 -0.6380 -0.7547
vn -0.5933 -0.1515 -0.7906
vn -0.1394 0.0032 -0.9902
vn -0.2551 0.9553 -0.1495
vn -0.0925 0.6960 -0.7121
vn -0.5745 0.5701 -0.5873
vn 0.3000 -0.6503 -0.6980
vn 0.1758 -0.0709 -0.9819
vn 0.6458 -0.0644 -0.7608
vn 0.1946 0.9674 -0.1621
vn 0.6458 0.6163 -0.4507
vn 0.2210 0.6371 -0.7384
vn 0.5374 -0.7766 -0.3288
vn 0.8173 -0.2183 -0.5332
vn 0.9486 -0.3138 -0.0398
vn 0.4874 0.8581 0.1617
vn 0.8927 0.3711 0.2555
vn 0.8458 0.4737 -0.2455
vn 0.3805 -0.9218 0.0748
vn 0.8482 -0.4829 0.2176
vn 0.5411 -0.5572 0.6299
vn 0.4029 0.7096 0.5780
vn 0.4623 0.1452 0.8748
vn 0.8295 0.2030 0.5204
vn -0.4237 -0.6687 0.6110
vn -0.1783 -0.9834 0.0326
vn -0.4325 0.1477 0.8894
vn -0.2056 0.7423 0.6377
vn 0.2026 -0.3077 0.9297
vn -0.2912 -0.3077 0.9058
vn -0.9295 -0.1217 0.3483
vn -0.6392 -0.2505 0.7271
vn -0.8861 -0.4635 0.0076
vn -0.3856 -0.8914 -0.2380
vn -0.8895 0.3505 0.2930
vn -0.4106 0.8333 0.3702
vn -0.8680 0.1674 -0.4675
vn -0.9998 0.0068 -0.0189
vn -0.6761 -0.2077 -0.7069
vn -0.2915 -0.7767 -0.5583
vn -0.6821 0.6034 -0.4132
vn -0.3175 0.9468 0.0533
vn -0.1531 0.3419 -0.9272
vn -0.6078 0.2704 -0.7467
vn 0.0480 -0.0938 -0.9944
vn 0.0332 -0.7257 -0.6873
vn -0.0000 -0.0000 -1.0000
vn 0.0036 0.9972 -0.0742
vn 0.6769 0.2704 -0.6846
vn 0.2417 0.3419 -0.9081
vn 0.7411 -0.2077 -0.6385
vn 0.3439 -0.7767 -0.5277
vn 0.7187 0.6034 -0.3455
vn 0.3109 0.9467 0.0837
vn 0.9970 0.0068 0.0775
vn 0.9090 0.1674 -0.3817
vn 0.8812 -0.4635 0.0929
vn 0.4068 -0.8914 -0.1997
vn 0.8572 0.3505 0.3773
vn 0.3730 0.8333 0.4080
vn 0.5661 -0.2505 0.7853
vn 0.8916 -0.1217 0.4362
vn 0.3628 -0.6687 0.6490
vn 0.1743 -0.9834 0.0496
vn 0.3448 0.1477 0.9270
vn 0.1432 0.7423 0.6546
vn 0.0161 -0.9428 -0.3329
vn -0.4745 -0.2861 0.8325
vn 0.3921 -0.2861 0.8743
vn -0.0161 0.9428 0.3329
vn -0.9840 -0.0600 0.1675
vn -0.7527 0.2219 -0.6198
vn 0.0452 0.3474 -0.9366
vn 0.8089 0.2219 -0.5444
vn 0.9633 -0.0600 0.2615
vn -0.0288 -0.9435 0.3302
vn 0.3106 -0.5759 0.7562
vn -0.1994 -0.5145 0.8340
vn 0.0705 0.7233 0.6869
vn -0.2365 0.2242 0.9454
vn 0.2712 0.1472 0.9512
vn -0.4320 -0.8937 0.1215
vn -0.4821 -0.5519 0.6804
vn -0.8488 -0.4006 0.3451
vn -0.3556 0.7582 0.5465
vn -0.8300 0.3409 0.4415
vn -0.5310 0.1819 0.8276
vn -0.5156 -0.7961 -0.3168
vn -0.9144 -0.4038 0.0279
vn -0.8613 -0.2235 -0.4564
vn -0.5082 0.8509 0.1334
vn -0.7956 0.5102 -0.3266
vn -0.9310 0.3379 0.1379
vn -0.2167 -0.7242 -0.6546
vn -0.6608 -0.2432 -0.7100
vn -0.2274 -0.1166 -0.9668
vn -0.2723 0.9315 -0.2413
vn -0.1593 0.6046 -0.7804
vn -0.6276 0.4977 -0.5987
vn 0.2397 -0.7322 -0.6375
vn 0.0877 -0.1910 -0.9777
vn 0.5755 -0.1604 -0.8019
vn 0.1744 0.9393 -0.2955
vn 0.5998 0.5530 -0.5783
vn 0.1508 0.5411 -0.8273
vn 0.5098 -0.8140 -0.2784
vn 0.7675 -0.2865 -0.5735
vn 0.9429 -0.3219 -0.0858
vn 0.4955 0.8685 0.0117
vn 0.9101 0.3942 0.1276
vn 0.8180 0.4353 -0.3760
vn 0.3903 -0.9080 0.1523
vn 0.8667 -0.4578 0.1982
vn 0.5980 -0.4795 0.6422
vn 0.4493 0.7724 0.4489
vn 0.5379 0.2479 0.8057
vn 0.8716 0.2600 0.4156
vn -0.3639 -0.5868 0.7233
vn -0.1697 -0.9711 0.1680
vn -0.3520 0.2575 0.8999
vn -0.1515 0.8157 0.5583
vn 0.2864 -0.1933 0.9384
vn -0.2075 -0.1933 0.9589
vn -0.8940 -0.0729 0.4422
vn -0.5703 -0.1563 0.8064
vn -0.8795 -0.4539 0.1431
vn -0.4008 -0.9115 -0.0922
vn -0.8616 0.3888 0.3264
vn -0.3801 0.8746 0.3011
vn -0.9072 0.1143 -0.4050
vn -0.9975 0.0103 0.0698
vn -0.7356 -0.2882 -0.6131
vn -0.3363 -0.8372 -0.4312
vn -0.7193 0.5526 -0.4210
vn -0.3163 0.9480 -0.0343
vn -0.2371 0.2273 -0.9445
vn -0.6734 0.1810 -0.7167
vn -0.0406 -0.2145 -0.9759
vn -0.0247 -0.8041 -0.5939
vn -0.0081 0.9807 -0.1951
vn 0.6116 0.1810 -0.7702
vn 0.1579 0.2273 -0.9609
vn 0.6821 -0.2883 -0.6721
vn 0.2993 -0.8372 -0.4577
vn 0.6819 0.5526 -0.4793
vn 0.3123 0.9480 -0.0604
vn 0.9999 0.0103 -0.0133
vn 0.8704 0.1143 -0.4789
vn 0.8883 -0.4539 0.0696
vn 0.3918 -0.9115 -0.1252
vn 0.8857 0.3888 0.2537
vn 0.4038 0.8746 0.2685
vn 0.6353 -0.1563 0.7562
vn 0.9276 -0.0729 0.3664
vn 0.4228 -0.5868 0.6906
vn 0.1831 -0.9711 0.1533
vn 0.4256 0.2575 0.8675
vn 0.1974 0.8157 0.5438
vn -0.0090 -0.9764 -0.2156
vn -0.3968 -0.1798 0.9001
vn 0.4702 -0.1798 0.8641
vn 0.0090 0.9764 0.2156
vn -0.9648 -0.0334 0.2608
vn -0.8062 0.1492 -0.5725
vn -0.0405 0.2305 -0.9722
vn 0.7559 0.1492 -0.6375
vn 0.9831 -0.0334 0.1798
vn -0.0360 -0.8895 0.4556
vn 0.2910 -0.4651 0.8361
vn -0.2210 -0.3966 0.8910
vn 0.0504 0.8110 0.5829
vn -0.2626 0.3502 0.8991
vn 0.2449 0.2777 0.9289
vn -0.4334 -0.8710 0.2312
vn -0.4994 -0.4562 0.7365
vn -0.8571 -0.3544 0.3739
vn -0.3719 0.8239 0.4277
vn -0.8424 0.3934 0.3683
vn -0.5537 0.2905 0.7804
vn -0.5052 -0.8349 -0.2184
vn -0.9140 -0.4014 0.0585
vn -0.8481 -0.2888 -0.4443
vn -0.5133 0.8582 0.0018
vn -0.7874 0.4561 -0.4146
vn -0.9351 0.3483 0.0653
vn -0.1973 -0.8083 -0.5547
vn -0.6408 -0.3419 -0.6874
vn -0.2007 -0.2492 -0.9474
vn -0.2675 0.8880 -0.3740
vn -0.1392 0.4911 -0.8599
vn -0.6120 0.4074 -0.6778
vn 0.2584 -0.8113 -0.5245
vn 0.1147 -0.3226 -0.9396
vn 0.5975 -0.2654 -0.7567
vn 0.1805 0.8909 -0.4167
vn 0.6142 0.4720 -0.6324
vn 0.1722 0.4235 -0.8894
vn 0.5188 -0.8415 -0.1505
vn 0.7834 -0.3579 -0.5081
vn 0.9455 -0.3252 -0.0156
vn 0.4933 0.8647 -0.0942
vn 0.9055 0.4132 0.0966
vn 0.8271 0.3843 -0.4101
vn 0.3878 -0.8763 0.2857
vn 0.8619 -0.4214 0.2822
vn 0.5812 -0.3836 0.7176
vn 0.4354 0.8291 0.3507
vn 0.5153 0.3590 0.7782
vn 0.8595 0.3194 0.3991
vn -0.3824 -0.4842 0.7870
vn -0.1723 -0.9399 0.2949
vn -0.3769 0.3763 0.8463
vn -0.1683 0.8836 0.4370
vn 0.2611 -0.0613 0.9634
vn -0.2332 -0.0613 0.9705
vn -0.9055 -0.0167 0.4239
vn -0.5918 -0.0476 0.8047
vn -0.8821 -0.4351 0.1805
vn -0.3964 -0.9178 0.0230
vn -0.8709 0.4250 0.2469
vn -0.3899 0.9054 0.1681
vn -0.8960 0.0526 -0.4409
vn -0.9991 0.0141 0.0411
vn -0.7180 -0.3737 -0.5872
vn -0.3228 -0.8903 -0.3212
vn -0.7087 0.4856 -0.5119
vn -0.3171 0.9326 -0.1724
vn -0.2118 0.0944 -0.9728
vn -0.6540 0.0773 -0.7525
vn -0.0136 -0.3464 -0.9380
vn -0.0069 -0.8781 -0.4785
vn -0.0000 0.8240 -0.5665
vn -0.0047 0.9447 -0.3279
vn 0.6320 0.0773 -0.7711
vn 0.1835 0.0944 -0.9785
vn 0.7007 -0.3737 -0.6077
vn 0.3133 -0.8903 -0.3304
vn 0.6936 0.4856 -0.5321
vn 0.3120 0.9326 -0.1815
vn 0.9998 0.0141 0.0121
vn 0.8829 0.0526 -0.4666
vn 0.8870 -0.4350 0.1549
vn 0.3969 -0.9178 0.0115
vn 0.8777 0.4249 0.2216
vn 0.3946 0.9054 0.1567
vn 0.6148 -0.0476 0.7872
vn 0.9174 -0.0167 0.3976
vn 0.4050 -0.4842 0.7756
vn 0.1807 -0.9399 0.2898
vn 0.4012 0.3763 0.8351
vn 0.1808 0.8836 0.4319
vn -0.0012 -0.9968 -0.0799
vn -0.4208 -0.0570 0.9054
vn 0.4468 -0.0570 0.8928
vn 0.0012 0.9968 0.0799
vn -0.9715 -0.0028 0.2371
vn -0.7906 0.0648 -0.6089
vn -0.0144 0.0949 -0.9954
vn 0.7727 0.0648 -0.6315
vn 0.9779 -0.0028 0.2089
vn -0.0424 -0.8054 0.5912
vn 0.2791 -0.3250 0.9036
vn -0.2336 -0.2497 0.9397
vn 0.0420 0.8938 0.4466
vn -0.2754 0.4887 0.8279
vn 0.2317 0.4230 0.8760
vn -0.4366 -0.8239 0.3613
vn -0.5098 -0.3339 0.7929
vn -0.8623 -0.2921 0.4136
vn -0.3779 0.8808 0.2853
vn -0.8475 0.4452 0.2888
vn -0.5648 0.4101 0.7161
vn -0.5020 -0.8602 -0.0893
vn -0.9148 -0.3890 0.1090
vn -0.8416 -0.3580 -0.4043
vn -0.5133 0.8463 -0.1425
vn -0.7815 0.3823 -0.4931
vn -0.9360 0.3521 -0.0043
vn -0.1894 -0.8870 -0.4212
vn -0.6309 -0.4488 -0.6329
vn -0.1872 -0.3978 -0.8982
vn -0.2622 0.8163 -0.5147
vn -0.1269 0.3471 -0.9292
vn -0.6023 0.2926 -0.7427
vn 0.2659 -0.8840 -0.3845
vn 0.1280 -0.4682 -0.8743
vn 0.6082 -0.3815 -0.6961
vn 0.1864 0.8134 -0.5511
vn 0.6232 0.3664 -0.6910
vn 0.1849 0.2765 -0.9431
vn 0.5209 -0.8536 -0.0069
vn 0.7906 -0.4327 -0.4333
vn 0.9456 -0.3214 0.0498
vn 0.4946 0.8397 -0.2241
vn 0.9040 0.4254 0.0421
vn 0.8329 0.3158 -0.4545
vn 0.3837 -0.8186 0.4274
vn 0.8578 -0.3689 0.3579
vn 0.5710 -0.2627 0.7778
vn 0.4303 0.8755 0.2198
vn 0.5041 0.4799 0.7181
vn 0.8537 0.3810 0.3550
vn -0.3935 -0.3533 0.8487
vn -0.1764 -0.8811 0.4388
vn -0.3890 0.5058 0.7700
vn -0.1745 0.9416 0.2879
vn 0.2474 0.0939 0.9644
vn -0.2470 0.0939 0.9645
vn -0.9115 0.0491 0.4084
vn -0.6032 0.0801 0.7936
vn -0.8846 -0.4027 0.2352
vn -0.3966 -0.9033 0.1637
vn -0.8743 0.4569 0.1636
vn -0.3923 0.9197 0.0158
vn -0.8896 -0.0206 -0.4562
vn -0.9995 0.0181 0.0242
vn -0.7096 -0.4643 -0.5300
vn -0.3181 -0.9309 -0.1794
vn -0.7013 0.3960 -0.5927
vn -0.3147 0.8924 -0.3235
vn -0.1979 -0.0626 -0.9782
vn -0.6432 -0.0454 -0.7643
vn -0.0002 -0.4918 -0.8707
vn -0.0001 -0.9432 -0.3322
vn -0.0002 0.3689 -0.9295
vn -0.0001 0.8802 -0.4746
vn 0.6429 -0.0454 -0.7646
vn 0.1974 -0.0626 -0.9783
vn 0.7093 -0.4643 -0.5303
vn 0.3181 -0.9309 -0.1796
vn 0.7011 0.3960 -0.5931
vn 0.3145 0.8924 -0.3236
vn 0.9996 0.0181 0.0238
vn 0.8894 -0.0206 -0.4566
vn 0.8847 -0.4027 0.2348
vn 0.3967 -0.9033 0.1635
vn 0.8744 0.4569 0.1632
vn 0.3923 0.9197 0.0157
vn 0.6035 0.0801 0.7933
vn 0.9117 0.0491 0.4080
vn 0.3939 -0.3533 0.8486
vn 0.1766 -0.8811 0.4387
vn 0.3893 0.5058 0.7698
vn 0.1747 0.9416 0.2878
vn -0.0000 -0.9968 0.0803
vn -0.4336 0.0873 0.8968
vn 0.4340 0.0873 0.8967
vn -0.0000 0.9968 -0.0803
vn -0.9748 0.0328 0.2208
vn -0.7819 -0.0351 -0.6224
vn -0.0002 -0.0653 -0.9979
vn 0.7816 -0.0351 -0.6228
vn 0.9749 0.0328 0.2203
vn 0.0146 -0.9973 0.0725
vn 0.1189 -0.8394 0.5303
vn -0.1435 -0.8352 0.5308
vn -0.0472 0.5757 0.8163
vn -0.1336 -0.4201 0.8976
vn 0.1238 -0.4242 0.8971
vn -0.2379 -0.9713 0.0067
vn -0.4044 -0.8012 0.4412
vn -0.6049 -0.7449 0.2814
vn -0.4149 0.6370 0.6496
vn -0.7353 -0.3120 0.6016
vn -0.5386 -0.3672 0.7583
vn -0.3860 -0.9010 -0.1981
vn -0.7431 -0.6671 0.0532
vn -0.7879 -0.5851 -0.1921
vn -0.5825 0.7566 0.2970
vn -0.9938 -0.1107 0.0067
vn -0.9499 -0.1911 0.2473
vn -0.3602 -0.8194 -0.4460
vn -0.7388 -0.4999 -0.4520
vn -0.6069 -0.4305 -0.6681
vn -0.4717 0.8784 -0.0767
vn -0.7882 0.0897 -0.6089
vn -0.9176 0.0216 -0.3969
vn -0.1728 -0.7645 -0.6210
vn -0.3934 -0.3778 -0.8381
vn -0.1466 -0.3535 -0.9239
vn -0.1341 0.9456 -0.2964
vn -0.2146 0.1953 -0.9570
vn -0.4569 0.1715 -0.8728
vn 0.0886 -0.7622 -0.6413
vn 0.1313 -0.3580 -0.9245
vn 0.3777 -0.3901 -0.8397
vn 0.2721 0.9266 -0.2595
vn 0.4585 0.1569 -0.8748
vn 0.2168 0.1884 -0.9579
vn 0.3018 -0.8134 -0.4973
vn 0.5900 -0.4497 -0.6706
vn 0.7205 -0.5232 -0.4551
vn 0.5570 0.8304 0.0168
vn 0.9162 -0.0077 -0.4007
vn 0.7881 0.0644 -0.6121
vn 0.3668 -0.8942 -0.2565
vn 0.7680 -0.6100 -0.1953
vn 0.7216 -0.6905 0.0502
vn 0.5872 0.7019 0.4032
vn 0.9443 -0.2214 0.2434
vn 0.9898 -0.1424 0.0026
vn 0.2534 -0.9668 -0.0315
vn 0.5819 -0.7639 0.2789
vn 0.3804 -0.8137 0.4395
vn 0.3485 0.6013 0.7190
vn 0.5297 -0.3843 0.7561
vn 0.7275 -0.3354 0.5986
vn -0.0000 -0.0000 1.0000
vn -0.1217 -0.9923 -0.0227
vn -0.3446 -0.2768 0.8970
vn -0.1284 0.7439 0.6558
vn 0.1260 -0.6820 0.7204
vn -0.1447 -0.6777 0.7209
vn -0.6892 -0.5756 0.4401
vn -0.4824 -0.6336 0.6048
vn -0.6583 -0.7384 0.1467
vn -0.2833 -0.9470 -0.1515
vn -0.8671 -0.1302 0.4807
vn -0.3449 0.8046 0.4834
vn -0.9143 -0.3903 -0.1083
vn -0.8681 -0.4748 0.1447
vn -0.7454 -0.5789 -0.3306
vn -0.3194 -0.8809 -0.3492
vn -0.9838 0.0834 -0.1585
vn -0.3932 0.8931 0.2186
vn -0.7147 -0.2084 -0.6677
vn -0.8507 -0.2799 -0.4448
vn -0.4887 -0.4439 -0.7511
vn -0.2131 -0.8250 -0.5234
vn -0.6401 0.2641 -0.7215
vn -0.2508 0.9679 -0.0146
vn -0.1838 -0.1151 -0.9762
vn -0.4384 -0.1402 -0.8878
vn -0.0083 -0.3967 -0.9179
vn -0.0141 -0.8055 -0.5925
vn 0.0033 0.3273 -0.9449
vn 0.0157 0.9941 -0.1071
vn 0.4300 -0.1541 -0.8896
vn 0.1759 -0.1209 -0.9769
vn 0.4711 -0.4593 -0.7531
vn 0.1844 -0.8314 -0.5242
vn 0.6452 0.2435 -0.7242
vn 0.2816 0.9594 -0.0157
vn 0.8395 -0.3070 -0.4483
vn 0.7049 -0.2311 -0.6706
vn 0.7251 -0.6024 -0.3337
vn 0.2897 -0.8906 -0.3505
vn 0.9853 0.0519 -0.1626
vn 0.4225 0.8800 0.2169
vn 0.8531 -0.5024 0.1411
vn 0.9009 -0.4193 -0.1121
vn 0.2523 -0.9555 -0.1526
vn 0.8645 -0.1579 0.4771
vn 0.3724 0.7931 0.4819
vn 0.4644 -0.6488 0.6029
vn 0.6723 -0.5974 0.4372
vn 0.2427 -0.8560 0.4565
vn 0.0898 -0.9957 -0.0232
vn 0.3393 -0.2877 0.8956
vn 0.1549 0.7394 0.6552
vn -0.0158 -0.9492 -0.3143
vn -0.9779 -0.1146 0.1747
vn -0.0000 -0.6475 0.7621
vn 0.0158 0.9492 0.3143
vn -0.0000 -0.5965 -0.8026
vn -0.2331 0.7312 0.6411
vn -0.1067 0.0630 0.9923
vn -0.2229 0.9711 -0.0857
vn -0.0821 0.6421 -0.7622
vn -0.6230 0.5348 0.5708
vn -0.2683 -0.0183 0.9632
vn -0.6128 0.7747 -0.1559
vn -0.2436 0.5607 -0.7913
vn -0.8714 0.1885 0.4530
vn -0.3711 -0.1618 0.9144
vn -0.8612 0.4283 -0.2737
vn -0.3465 0.4173 -0.8401
vn -0.9213 -0.2286 0.3147
vn -0.3918 -0.3345 0.8571
vn -0.9111 0.0113 -0.4121
vn -0.3672 0.2445 -0.8974
vn -0.7613 -0.6207 0.1875
vn -0.3255 -0.4970 0.8044
vn -0.7511 -0.3809 -0.5393
vn -0.3009 0.0821 -0.9501
vn -0.4281 -0.8981 0.1006
vn -0.1875 -0.6119 0.7684
vn -0.4179 -0.6583 -0.6261
vn -0.1629 -0.0328 -0.9861
vn 0.0020 -0.9973 0.0739
vn -0.0094 -0.6529 0.7574
vn 0.0122 -0.7574 -0.6528
vn 0.0153 -0.0739 -0.9972
vn 0.4305 -0.8954 0.1135
vn 0.1681 -0.6107 0.7738
vn 0.4407 -0.6556 -0.6132
vn 0.1927 -0.0317 -0.9807
vn 0.7592 -0.6159 0.2104
vn 0.3043 -0.4950 0.8139
vn 0.7694 -0.3761 -0.5163
vn 0.3289 0.0841 -0.9406
vn 0.9128 -0.2228 0.3423
vn 0.3679 -0.3321 0.8685
vn 0.9230 0.0171 -0.3844
vn 0.3925 0.2469 -0.8860
vn 0.8561 0.1939 0.4790
vn 0.3444 -0.1595 0.9252
vn 0.8663 0.4337 -0.2477
vn 0.3690 0.4195 -0.8294
vn 0.6021 0.5387 0.5893
vn 0.2392 -0.0167 0.9708
vn 0.6123 0.7785 -0.1375
vn 0.2638 0.5623 -0.7837
vn 0.2091 0.7326 0.6478
vn 0.0764 0.0636 0.9950
vn 0.2193 0.9725 -0.0790
vn 0.1010 0.6427 -0.7595
vn -0.0133 -0.3134 0.9495
vn 0.0133 0.3134 -0.9495
vn -0.9318 -0.2374 0.2745
vn -0.9252 0.3192 0.2052
vn -0.5491 0.8347 0.0434
vn -0.0054 0.9929 -0.1192
vn 0.6002 0.7596 -0.2505
vn 0.9177 0.2852 -0.2766
vn 0.9100 -0.3657 -0.1955
vn 0.5815 -0.8117 -0.0547
vn -0.0290 -0.9913 0.1280
vn -0.5683 -0.7854 0.2452
vn -0.7125 -0.1900 0.6754
vn -0.7059 0.3665 0.6061
vn -0.4171 0.8631 0.2846
vn -0.0014 0.9937 -0.1117
vn 0.4606 0.7295 -0.5056
vn 0.7019 0.2386 -0.6712
vn 0.6941 -0.4123 -0.5901
vn 0.4420 -0.8418 -0.3099
vn -0.0249 -0.9905 0.1355
vn -0.4363 -0.7569 0.4865
vn -0.3307 -0.1629 0.9296
vn -0.3241 0.3937 0.8602
vn -0.1874 0.8795 0.4375
vn 0.0057 0.9942 -0.1070
vn 0.2177 0.7122 -0.6673
vn 0.3261 0.2119 -0.9213
vn 0.3184 -0.4390 -0.8402
vn 0.1990 -0.8591 -0.4716
vn -0.0179 -0.9900 0.1402
vn -0.2066 -0.7406 0.6394
vn 0.1260 -0.1622 0.9787
vn 0.1326 0.3944 0.9093
vn 0.0874 0.8799 0.4671
vn 0.0142 0.9943 -0.1061
vn -0.0730 0.7118 -0.6986
vn -0.1234 0.2112 -0.9696
vn -0.1312 -0.4397 -0.8885
vn -0.0916 -0.8595 -0.5028
vn -0.0094 -0.9900 0.1411
vn 0.0682 -0.7402 0.6689
vn 0.5532 -0.1881 0.8115
vn 0.5598 0.3685 0.7422
vn 0.3445 0.8643 0.3665
vn 0.0221 0.9938 -0.1092
vn -0.3448 0.7283 -0.5922
vn -0.5438 0.2367 -0.8051
vn -0.5516 -0.4142 -0.7240
vn -0.3635 -0.8430 -0.3965
vn -0.0015 -0.9904 0.1380
vn 0.3252 -0.7558 0.5684
vn 0.8529 -0.2347 0.4664
vn 0.8595 0.3219 0.3971
vn 0.5248 0.8363 0.1589
vn 0.0277 0.9929 -0.1156
vn -0.5355 0.7579 -0.3726
vn -0.8388 0.2825 -0.4655
vn -0.8465 -0.3684 -0.3844
vn -0.5542 -0.8134 -0.1769
vn 0.0041 -0.9913 0.1316
vn 0.5055 -0.7838 0.3607
vn 0.9564 -0.2912 0.0224
vn 0.9630 0.2654 -0.0469
vn 0.5871 0.8023 -0.1083
vn 0.0296 0.9919 -0.1238
vn -0.6014 0.7939 -0.0901
vn -0.9407 0.3381 -0.0285
vn -0.9484 -0.3127 0.0526
vn -0.6200 -0.7774 0.1057
vn 0.0060 -0.9923 0.1234
vn 0.5678 -0.8178 0.0935
vn 0.8401 -0.3448 -0.4188
vn 0.8467 0.2118 -0.4881
vn 0.5171 0.7700 -0.3738
vn 0.0274 0.9909 -0.1320
vn -0.5274 0.8280 0.1907
vn -0.8262 0.3909 0.4058
vn -0.8339 -0.2600 0.4868
vn -0.5460 -0.7433 0.3864
vn 0.0039 -0.9933 0.1152
vn 0.4978 -0.8501 -0.1719
vn 0.5305 -0.3832 -0.7561
vn 0.5371 0.1734 -0.8255
vn 0.3308 0.7469 -0.5767
vn 0.0217 0.9902 -0.1383
vn -0.3304 0.8524 0.4053
vn -0.5215 0.4286 0.7377
vn -0.5293 -0.2222 0.8188
vn -0.3490 -0.7189 0.6011
vn -0.0019 -0.9940 0.1089
vn 0.3116 -0.8731 -0.3749
vn 0.0987 -0.3975 -0.9123
vn 0.1053 0.1591 -0.9816
vn 0.0710 0.7383 -0.6707
vn 0.0137 0.9899 -0.1412
vn -0.0556 0.8615 0.5047
vn -0.0965 0.4427 0.8914
vn -0.1043 -0.2081 0.9725
vn -0.0742 -0.7098 0.7005
vn -0.0099 -0.9943 0.1060
vn 0.0518 -0.8818 -0.4689
vn -0.3565 -0.3845 -0.8515
vn -0.3499 0.1721 -0.9209
vn -0.2029 0.7461 -0.6341
vn 0.0052 0.9901 -0.1400
vn 0.2341 0.8532 0.4660
vn 0.3515 0.4300 0.8316
vn 0.3437 -0.2209 0.9127
vn 0.2154 -0.7181 0.6618
vn -0.0183 -0.9941 0.1072
vn -0.2221 -0.8740 -0.4323
vn -0.7308 -0.3472 -0.5877
vn -0.7242 0.2094 -0.6571
vn -0.4281 0.7686 -0.4754
vn -0.0017 0.9908 -0.1351
vn 0.4723 0.8295 0.2982
vn 0.7198 0.3932 0.5720
vn 0.7121 -0.2576 0.6531
vn 0.4536 -0.7418 0.4939
vn -0.0253 -0.9934 0.1121
vn -0.4473 -0.8515 -0.2736
vn -0.9318 0.2625 -0.2507
vn -0.9384 -0.2941 -0.1814
vn -0.0056 0.9918 -0.1276
vn -0.5530 0.8005 -0.2309
vn 0.9242 0.3410 0.1721
vn 0.6044 0.7957 0.0396
vn 0.5857 -0.7756 0.2353
vn 0.9165 -0.3099 0.2532
vn -0.5723 -0.8196 -0.0291
vn -0.0291 -0.9924 0.1196
vn -0.7893 0.5585 -0.2552
vn -0.7837 0.6068 0.1329
vn -0.7972 -0.5372 0.2754
vn -0.8029 -0.5854 -0.1127
vn 0.9673 -0.0426 -0.2499
vn 0.9742 0.0165 0.2250
vn -0.6105 -0.4969 0.6167
vn -0.5969 0.6472 0.4742
vn -0.0000 0.9923 -0.1240
vn 0.7389 -0.0919 -0.6675
vn 0.9701 -0.2425 -0.0000
vn -0.2855 -0.4738 0.8331
vn -0.2720 0.6702 0.6906
vn -0.0000 0.9999 -0.0156
vn 0.3411 -0.1202 -0.9323
vn -0.0000 -0.9999 0.0156
vn 0.1033 -0.4732 0.8749
vn 0.1169 0.6708 0.7324
vn -0.1348 -0.1209 -0.9835
vn -0.0000 -1.0000 -0.0000
vn 0.4670 -0.4952 0.7326
vn 0.4806 0.6487 0.5901
vn -0.8954 0.4384 -0.0783
vn -0.5798 -0.0939 -0.8093
vn 0.7221 -0.5348 0.4388
vn 0.7356 0.6092 0.2963
vn -0.9852 0.1714 -0.0000
vn -0.8920 -0.0454 -0.4498
vn -0.9903 -0.1390 -0.0000
vn 0.8102 -0.5830 0.0608
vn 0.8238 0.5610 -0.0817
vn -0.9998 0.0135 0.0128
vn 0.7112 -0.6286 -0.3148
vn 0.7248 0.5153 -0.4573
vn -0.8786 0.0693 0.4724
vn 0.4477 -0.6613 -0.6019
vn 0.4613 0.4827 -0.7445
vn -0.5562 0.1093 0.8239
vn -0.4845 -0.8748 -0.0000
vn 0.0800 -0.6735 -0.7349
vn 0.0936 0.4706 -0.8774
vn -0.2144 0.9768 -0.0006
vn -0.1063 0.1242 0.9866
vn -0.3075 -0.6624 -0.6832
vn -0.2939 0.4816 -0.8257
vn 0.3679 0.1106 0.9232
vn -0.2585 0.9660 0.0089
vn -0.6261 -0.6306 -0.4586
vn -0.6125 0.5133 -0.6011
vn 0.7579 0.0718 0.6484
vn -0.9349 -0.3444 0.0853
vn -0.9337 0.1665 0.3169
vn -0.5605 0.6901 0.4579
vn -0.0152 0.9091 0.4164
vn 0.5962 0.7778 0.1988
vn 0.9203 0.3863 -0.0626
vn 0.9189 -0.2112 -0.3333
vn 0.5929 -0.6646 -0.4548
vn -0.0194 -0.9124 -0.4089
vn -0.5639 -0.7971 -0.2159
vn -0.7257 -0.5136 0.4577
vn -0.7245 -0.0027 0.6892
vn -0.4346 0.5882 0.6820
vn -0.0113 0.9059 0.4233
vn 0.4631 0.8855 -0.0381
vn 0.7144 0.5528 -0.4290
vn 0.7130 -0.0446 -0.6998
vn 0.4598 -0.5569 -0.6917
vn -0.0156 -0.9155 -0.4020
vn -0.4380 -0.8989 0.0081
vn -0.3504 -0.6237 0.6987
vn -0.3492 -0.1128 0.9302
vn -0.2088 0.5220 0.8270
vn -0.0044 0.9039 0.4278
vn 0.2243 0.9555 -0.1915
vn 0.3450 0.6612 -0.6662
vn 0.3436 0.0637 -0.9370
vn 0.2209 -0.4869 -0.8451
vn -0.0086 -0.9175 -0.3976
vn -0.2122 -0.9652 0.1531
vn 0.1051 -0.6494 0.7531
vn 0.1062 -0.1385 0.9846
vn 0.0653 0.5065 0.8597
vn 0.0041 0.9034 0.4288
vn -0.0656 0.9719 -0.2261
vn -0.1033 0.6865 -0.7198
vn -0.1047 0.0890 -0.9905
vn -0.0689 -0.4705 -0.8797
vn -0.0002 -0.9180 -0.3966
vn 0.0619 -0.9806 0.1859
vn 0.5363 -0.5849 0.6085
vn 0.5375 -0.0740 0.8400
vn 0.3248 0.5454 0.7727
vn 0.0121 0.9046 0.4261
vn -0.3400 0.9308 -0.1341
vn -0.5277 0.6229 -0.5774
vn -0.5291 0.0255 -0.8482
vn -0.3433 -0.5116 -0.7877
vn 0.0078 -0.9168 -0.3992
vn 0.3213 -0.9418 0.0988
vn 0.8446 -0.4449 0.2979
vn 0.8458 0.0660 0.5295
vn 0.5103 0.6296 0.5859
vn 0.0178 0.9072 0.4203
vn -0.5361 0.8417 0.0635
vn -0.8311 0.4852 -0.2718
vn -0.8325 -0.1123 -0.5425
vn -0.5395 -0.6007 -0.5900
vn 0.0136 -0.9142 -0.4050
vn 0.5068 -0.8576 -0.0880
vn 0.9592 -0.2615 -0.1074
vn 0.9604 0.2495 0.1241
vn 0.5792 0.7400 0.3420
vn 0.0199 0.9106 0.4128
vn -0.6091 0.7250 0.3215
vn -0.9439 0.3047 0.1271
vn -0.9453 -0.2928 -0.1436
vn -0.6124 -0.7174 -0.3321
vn 0.0157 -0.9108 -0.4125
vn 0.5758 -0.7472 -0.3319
vn 0.8540 -0.0767 -0.5146
vn 0.8552 0.4342 -0.2831
vn 0.5159 0.8511 0.0970
vn 0.0180 0.9140 0.4053
vn -0.5421 0.6074 0.5806
vn -0.8404 0.1228 0.5279
vn -0.8417 -0.4747 0.2572
vn -0.5455 -0.8349 -0.0730
vn 0.0137 -0.9074 -0.4201
vn 0.5125 -0.6360 -0.5769
vn 0.5530 0.0671 -0.8305
vn 0.5541 0.5781 -0.5990
vn 0.3348 0.9377 -0.0931
vn 0.0124 0.9167 0.3994
vn -0.3506 0.5159 0.7816
vn -0.5441 -0.0188 0.8388
vn -0.5455 -0.6162 0.5681
vn -0.3539 -0.9265 0.1280
vn 0.0081 -0.9047 -0.4259
vn 0.3313 -0.5495 -0.7670
vn 0.1251 0.1370 -0.9826
vn 0.1263 0.6480 -0.7511
vn 0.0774 0.9798 -0.1846
vn 0.0044 0.9180 0.3966
vn -0.0783 0.4714 0.8784
vn -0.1230 -0.0876 0.9885
vn -0.1244 -0.6850 0.7178
vn -0.0817 -0.9710 0.2248
vn 0.0002 -0.9034 -0.4287
vn 0.0739 -0.5074 -0.8585
vn -0.3315 0.1171 -0.9362
vn -0.3303 0.6280 -0.7047
vn -0.1974 0.9677 -0.1567
vn -0.0040 0.9176 0.3975
vn 0.2122 0.4841 0.8489
vn 0.3264 -0.0679 0.9428
vn 0.3250 -0.6654 0.6721
vn 0.2089 -0.9582 0.1953
vn -0.0082 -0.9038 -0.4279
vn -0.2008 -0.5194 -0.8306
vn -0.7123 0.0117 -0.7018
vn -0.7111 0.5226 -0.4702
vn -0.4265 0.9043 -0.0156
vn -0.0111 0.9157 0.4018
vn 0.4546 0.5512 0.6997
vn 0.7012 0.0358 0.7121
vn 0.6998 -0.5617 0.4414
vn 0.4512 -0.8912 0.0461
vn -0.0153 -0.9058 -0.4235
vn -0.4300 -0.5828 -0.6895
vn -0.9289 0.3561 -0.1016
vn -0.9301 -0.1548 -0.3331
vn -0.0151 0.9126 0.4086
vn -0.5575 0.8041 0.2062
vn 0.9155 0.1997 0.3493
vn 0.5932 0.6572 0.4651
vn 0.5898 -0.7852 -0.1885
vn 0.9141 -0.3978 0.0785
vn -0.5610 -0.6830 -0.4677
vn -0.0193 -0.9088 -0.4167
vn -0.7902 0.6106 0.0527
vn -0.7942 0.4493 0.4091
vn -0.7967 -0.6007 -0.0668
vn -0.7925 -0.4394 -0.4230
vn 0.9734 0.0927 -0.2095
vn 0.9684 -0.1048 0.2264
vn -0.6186 -0.7448 0.2503
vn -0.6160 0.3053 0.7261
vn 0.7555 0.2690 -0.5974
vn -0.2989 -0.8386 0.4554
vn -0.2966 0.2116 0.9313
vn 0.3644 0.3836 -0.8485
vn 0.0887 -0.8604 0.5018
vn 0.0912 0.1896 0.9776
vn -0.1101 0.4104 -0.9052
vn 0.4559 -0.8055 0.3786
vn 0.4583 0.2446 0.8545
vn -0.5593 0.3432 -0.7545
vn 0.7183 -0.6862 0.1143
vn 0.7207 0.3638 0.5901
vn -0.8805 0.1973 -0.4310
vn 0.8158 -0.5303 -0.2308
vn 0.8183 0.5199 0.2450
vn -0.0000 0.8039 0.5948
vn -0.9999 0.0063 -0.0087
vn 0.7263 -0.3729 -0.5775
vn 0.7289 0.6770 -0.1019
vn -0.8903 -0.1863 0.4155
vn 0.4700 -0.2505 -0.8464
vn 0.4725 0.7996 -0.3706
vn -0.5767 -0.3360 0.7446
vn 0.1058 -0.1909 -0.9759
vn 0.1083 0.8592 -0.5001
vn -0.1310 -0.4089 0.9031
vn -0.2830 -0.2079 -0.9363
vn -0.2804 0.8422 -0.4604
vn 0.7071 0.7071 -0.0000
vn 0.3448 -0.3880 0.8547
vn -0.6072 -0.2975 -0.7368
vn -0.6046 0.7526 -0.2609
vn 0.7415 -0.2783 0.6105
vn 0.0597 -0.8010 0.5957
vn 0.2612 -0.2387 0.9353
vn -0.2535 -0.3147 0.9147
vn -0.0292 0.8971 0.4409
vn -0.2059 0.4332 0.8775
vn 0.2983 0.4980 0.8143
vn -0.3722 -0.8151 0.4439
vn -0.5494 -0.2527 0.7964
vn -0.8491 -0.3618 0.3849
vn -0.4226 0.8776 0.2262
vn -0.8413 0.3884 0.3760
vn -0.4821 0.4886 0.7272
vn -0.5223 -0.8526 0.0127
vn -0.9457 -0.3155 0.0784
vn -0.8046 -0.4302 -0.4094
vn -0.4994 0.8395 -0.2141
vn -0.8438 0.3188 -0.4317
vn -0.9002 0.4305 0.0651
vn -0.2775 -0.8853 -0.3732
vn -0.6292 -0.3799 -0.6780
vn -0.1535 -0.4682 -0.8702
vn -0.2017 0.8114 -0.5486
vn -0.2116 0.2768 -0.9374
vn -0.6413 0.3675 -0.6736
vn 0.1778 -0.8885 -0.4231
vn 0.1616 -0.3974 -0.9033
vn 0.6139 -0.4474 -0.6503
vn 0.2463 0.8145 -0.5253
vn 0.5793 0.2940 -0.7602
vn 0.0998 0.3470 -0.9325
vn 0.5009 -0.8598 -0.0995
vn 0.8314 -0.3547 -0.4278
vn 0.9197 -0.3834 0.0845
vn 0.5073 0.8465 -0.1617
vn 0.9333 0.3575 -0.0337
vn 0.7649 0.3845 -0.5168
vn 0.4483 -0.8209 0.3539
vn 0.8757 -0.2841 0.3905
vn 0.5337 -0.3243 0.7810
vn 0.3847 0.8832 0.2683
vn 0.5838 0.4194 0.6951
vn 0.8533 0.4517 0.2606
vn -0.3701 -0.3438 0.8631
vn 0.9981 -0.0624 -0.0000
vn -0.3926 -0.9019 0.1801
vn -0.8289 0.3756 0.4145
vn -0.3237 -0.9316 -0.1657
vn -0.0000 0.2290 -0.9734
vn -0.2425 -0.0000 -0.9701
vn 0.3043 0.8910 -0.3368
vn 0.8764 0.4622 0.1350
vn 0.0024 -0.9963 0.0858
vn 0.9999 0.0166 -0.0000
vn -0.9746 0.2240 -0.0000
vn -0.8317 0.0271 0.5545
vn -0.0000 -0.0609 -0.9981
vn -0.7064 -0.0442 -0.7064
vn 0.9984 0.0565 -0.0000
vn 0.0191 -0.8749 0.4839
vn 0.1901 -0.3649 0.9114
vn -0.3209 -0.4354 0.8411
vn -0.0690 0.8287 0.5554
vn -0.2757 0.3104 0.9098
vn 0.2315 0.3812 0.8950
vn -0.3998 -0.8665 0.2987
vn -0.6073 -0.3567 0.7099
vn -0.8737 -0.4076 0.2655
vn -0.4446 0.8402 0.3104
vn -0.8703 0.3368 0.3594
vn -0.5398 0.3868 0.7477
vn -0.5161 -0.8444 -0.1438
vn -0.9468 -0.3196 -0.0384
vn -0.7678 -0.3672 -0.5250
vn -0.4870 0.8628 -0.1357
vn -0.8102 0.3779 -0.4480
vn -0.9054 0.4211 0.0535
vn -0.2421 -0.8251 -0.5105
vn -0.5727 -0.2815 -0.7699
vn -0.0830 -0.3447 -0.9350
vn -0.1643 0.8794 -0.4469
vn -0.1407 0.4028 -0.9044
vn -0.5900 0.4583 -0.6647
vn 0.2157 -0.8232 -0.5252
vn 0.2332 -0.2712 -0.9338
vn 0.6650 -0.3570 -0.6560
vn 0.2805 0.8775 -0.3889
vn 0.6341 0.3926 -0.6662
vn 0.1689 0.4705 -0.8661
vn 0.5127 -0.8402 -0.1768
vn 0.8641 -0.2964 -0.4067
vn 0.9130 -0.3949 0.1021
vn 0.5126 0.8586 -0.0054
vn 0.9307 0.3551 0.0873
vn 0.7998 0.4483 -0.3991
vn 0.4252 -0.8632 0.2723
vn 0.8449 -0.3381 0.4145
vn 0.4742 -0.4298 0.7684
vn 0.3570 0.8369 0.4149
vn 0.5259 0.3185 0.7887
vn 0.8277 0.4086 0.3847
vn -0.1924 -0.9306 0.3116
vn -0.4281 0.4053 0.8077
vn -0.1939 0.8964 0.3987
vn -0.8820 0.4361 0.1787
vn 0.0453 -0.3690 -0.9283
vn -0.0000 -0.5098 0.8603
vn 0.8604 0.4361 0.2638
vn -0.0000 -0.3511 -0.9363
vn -0.9995 0.0312 -0.0000
vn -0.5488 -0.0209 -0.8357
vn -0.9762 -0.2168 -0.0000
vn -0.0000 -0.0642 0.9979
vn 1.0000 -0.0026 -0.0000
vn 0.0550 -0.9186 0.3913
vn 0.2611 -0.4529 0.8524
vn -0.2541 -0.5186 0.8164
vn -0.0218 0.7690 0.6389
vn -0.2011 0.2169 0.9553
vn 0.3035 0.2914 0.9072
vn -0.3774 -0.8939 0.2419
vn -0.5498 -0.4285 0.7170
vn -0.8510 -0.4362 0.2924
vn -0.4158 0.8030 0.4270
vn -0.8377 0.2951 0.4595
vn -0.4771 0.3078 0.8232
vn -0.5286 -0.8284 -0.1856
vn -0.9478 -0.3187 0.0057
vn -0.8085 -0.3169 -0.4960
vn -0.4936 0.8696 -0.0098
vn -0.8422 0.4167 -0.3420
vn -0.8969 0.4093 0.1673
vn -0.2847 -0.7713 -0.5692
vn -0.6333 -0.2062 -0.7459
vn -0.1585 -0.2503 -0.9551
vn -0.1968 0.9187 -0.3425
vn -0.2113 0.4901 -0.8457
vn -0.6398 0.5194 -0.5665
vn 0.1705 -0.7658 -0.6201
vn 0.1570 -0.1757 -0.9718
vn 0.6094 -0.2867 -0.7392
vn 0.2513 0.9132 -0.3207
vn 0.5801 0.4600 -0.6722
vn 0.1006 0.5552 -0.8256
vn 0.4943 -0.8159 -0.2999
vn 0.8279 -0.2502 -0.5019
vn 0.9170 -0.3986 -0.0109
vn 0.5132 0.8574 0.0393
vn 0.9359 0.3492 0.0477
vn 0.7668 0.4897 -0.4150
vn 0.4429 -0.8839 0.1502
vn 0.8743 -0.3736 0.3100
vn 0.5328 -0.5018 0.6814
vn 0.3916 0.7932 0.4663
vn 0.5882 0.2409 0.7720
vn 0.8570 0.3723 0.3562
vn -0.8635 0.4119 0.2910
vn 0.9995 -0.0312 -0.0000
vn -0.0000 -0.4961 0.8682
vn 0.8800 0.4119 0.2364
vn -0.0000 -0.4472 -0.8944
vn 0.9994 0.0357 -0.0000
vn -0.0000 0.1433 -0.9897
vn -1.0000 -0.0000 -0.0000
vn 1.0000 -0.0069 -0.0000
vn -0.0000 -0.1314 0.9913
vn -1.0000 -0.0098 -0.0000
vn 0.0304 -0.9635 0.2661
vn 0.1975 -0.5656 0.8007
vn -0.3130 -0.6235 0.7164
vn -0.0758 0.6752 0.7337
vn -0.2755 0.0861 0.9575
vn 0.2308 0.1642 0.9590
vn -0.3893 -0.9169 0.0885
vn -0.6007 -0.5196 0.6077
vn -0.8682 -0.4683 0.1640
vn -0.4525 0.7393 0.4987
vn -0.8725 0.2336 0.4292
vn -0.5411 0.1952 0.8180
vn -0.5075 -0.7932 -0.3365
vn -0.9434 -0.3125 -0.1108
vn -0.7659 -0.2431 -0.5953
vn -0.4969 0.8650 0.0703
vn -0.8160 0.4629 -0.3463
vn -0.9097 0.3866 0.1516
vn -0.2352 -0.6857 -0.6888
vn -0.5726 -0.1004 -0.8137
vn -0.0829 -0.1176 -0.9896
vn -0.1756 0.9575 -0.2289
vn -0.1486 0.6013 -0.7851
vn -0.5975 0.5942 -0.5384
vn 0.2226 -0.6752 -0.7032
vn 0.2325 -0.0428 -0.9716
vn 0.6663 -0.1863 -0.7220
vn 0.2695 0.9472 -0.1735
vn 0.6272 0.5446 -0.5568
vn 0.1604 0.6617 -0.7324
vn 0.5211 -0.7697 -0.3688
vn 0.8657 -0.1833 -0.4658
vn 0.9176 -0.3974 0.0059
vn 0.5032 0.8419 0.1947
vn 0.9272 0.3355 0.1667
vn 0.7934 0.5383 -0.2843
vn 0.4356 -0.8980 0.0626
vn 0.8501 -0.4159 0.3230
vn 0.4818 -0.5919 0.6461
vn 0.3496 0.7209 0.5985
vn 0.5255 0.1314 0.8406
vn 0.8247 0.3168 0.4685
vn 0.8824 -0.4706 -0.0000
vn -0.3892 -0.9014 -0.1895
vn -0.0000 -0.6854 0.7282
vn -0.0000 -0.4472 0.8944
vn -0.9684 -0.0605 -0.2421
vn 0.8801 0.0632 -0.4706
vn -0.9627 0.0838 -0.2574
vn -0.0000 -0.3004 0.9538
vn -0.0000 -0.1156 0.9933
vn 0.0456 -0.9891 0.1402
vn 0.2489 -0.6605 0.7083
vn -0.2662 -0.7104 0.6515
vn -0.0250 0.5772 0.8162
vn -0.2109 -0.0365 0.9768
vn 0.2946 0.0437 0.9546
vn -0.3849 -0.9230 -0.0019
vn -0.5602 -0.5953 0.5760
vn -0.8566 -0.4902 0.1610
vn -0.4164 0.6682 0.6166
vn -0.8414 0.1727 0.5121
vn -0.4849 0.0878 0.8701
vn -0.5308 -0.7476 -0.3992
vn -0.9495 -0.3016 -0.0864
vn -0.8044 -0.1709 -0.5690
vn -0.4888 0.8464 0.2113
vn -0.8360 0.4980 -0.2304
vn -0.8966 0.3592 0.2590
vn -0.2823 -0.5951 -0.7525
vn -0.6258 -0.0006 -0.7800
vn -0.1489 0.0072 -0.9888
vn -0.1879 0.9776 -0.0945
vn -0.1989 0.6943 -0.6916
vn -0.6305 0.6536 -0.4186
vn 0.1735 -0.5802 -0.7958
vn 0.1672 0.0810 -0.9826
vn 0.6163 -0.0902 -0.7823
vn 0.2598 0.9631 -0.0704
vn 0.5902 0.6139 -0.5243
vn 0.1130 0.7494 -0.6524
vn 0.4934 -0.7142 -0.4964
vn 0.8323 -0.1182 -0.5416
vn 0.9150 -0.3896 -0.1050
vn 0.5172 0.8137 0.2653
vn 0.9371 0.3172 0.1457
vn 0.7741 0.5743 -0.2664
vn 0.4364 -0.8962 -0.0799
vn 0.8687 -0.4482 0.2110
vn 0.5222 -0.6656 0.5331
vn 0.3905 0.6420 0.6599
vn 0.5806 0.0278 0.8137
vn 0.8549 0.2603 0.4488
vn -0.3826 -0.7096 0.5917
vn -0.0000 0.8944 -0.4472
vn -0.3310 -0.7343 -0.5926
vn -0.9692 -0.0000 -0.2462
vn -0.0000 0.2857 -0.9583
vn -0.9957 0.0925 -0.0000
vn -0.0000 -0.2991 0.9542
vn 0.0399 -0.9965 0.0737
vn 0.2097 -0.7113 0.6709
vn -0.3001 -0.7559 0.5819
vn -0.0728 0.5193 0.8515
vn -0.2663 -0.1078 0.9578
vn 0.2406 -0.0265 0.9703
vn -0.3807 -0.9206 -0.0873
vn -0.5892 -0.6363 0.4980
vn -0.8610 -0.5029 0.0759
vn -0.4536 0.6244 0.6359
vn -0.8713 0.1337 0.4723
vn -0.5349 0.0244 0.8446
vn -0.5040 -0.7192 -0.4783
vn -0.9404 -0.2987 -0.1627
vn -0.7686 -0.1360 -0.6252
vn -0.5036 0.8303 0.2389
vn -0.8246 0.5091 -0.2468
vn -0.9129 0.3377 0.2292
vn -0.2370 -0.5441 -0.8049
vn -0.5793 0.0471 -0.8137
vn -0.0924 0.0685 -0.9934
vn -0.1852 0.9819 -0.0407
vn -0.1614 0.7357 -0.6578
vn -0.6088 0.6777 -0.4124
vn 0.2192 -0.5270 -0.8211
vn 0.2221 0.1409 -0.9648
vn 0.6584 -0.0433 -0.7514
vn 0.2619 0.9651 0.0078
vn 0.6189 0.6429 -0.4513
vn 0.1484 0.7882 -0.5972
vn 0.5210 -0.6809 -0.5148
vn 0.8603 -0.0880 -0.5021
vn 0.9183 -0.3873 -0.0816
vn 0.5010 0.7925 0.3478
vn 0.9287 0.3005 0.2172
vn 0.7886 0.5861 -0.1860
vn 0.4412 -0.8898 -0.1165
vn 0.8548 -0.4673 0.2258
vn 0.4918 -0.7044 0.5118
vn 0.3521 0.5941 0.7232
vn 0.5348 -0.0335 0.8443
vn 0.8296 0.2235 0.5116
vn 0.8944 -0.4472 -0.0000
vn 0.0362 0.0467 -0.9983
vn 0.0214 0.8067 -0.5905
vn -0.0000 -0.8944 0.4472
vn 0.8846 -0.4660 0.0169
vn -0.0000 0.4472 0.8944
vn -0.0000 -0.2040 0.9790
vn -0.0000 -0.5300 0.8480
vn 0.9881 -0.1540 -0.0000
vn -0.0000 0.4706 -0.8824
vn -0.0000 -0.2700 0.9629
vn -0.0000 -0.5200 0.8542
vn 0.0323 -0.9765 0.2130
vn 0.1971 -0.6113 0.7665
vn -0.3119 -0.6653 0.6783
vn -0.0791 0.6339 0.7694
vn -0.2781 0.0288 0.9601
vn 0.2292 0.1085 0.9673
vn -0.3859 -0.9218 0.0378
vn -0.5992 -0.5572 0.5748
vn -0.8652 -0.4829 0.1349
vn -0.4567 0.7096 0.5365
vn -0.8757 0.2030 0.4380
vn -0.5444 0.1452 0.8261
vn -0.5032 -0.7766 -0.3790
vn -0.9404 -0.3138 -0.1310
vn -0.7622 -0.2183 -0.6094
vn -0.5007 0.8581 0.1140
vn -0.8182 0.4737 -0.3258
vn -0.9132 0.3711 0.1683
vn -0.2313 -0.6503 -0.7236
vn -0.5695 -0.0644 -0.8195
vn -0.0804 -0.0709 -0.9942
vn -0.1780 0.9674 -0.1801
vn -0.1488 0.6371 -0.7563
vn -0.5994 0.6163 -0.5108
vn 0.2251 -0.6380 -0.7364
vn 0.2342 0.0032 -0.9722
vn 0.6667 -0.1515 -0.7297
vn 0.2683 0.9553 -0.1242
vn 0.6284 0.5701 -0.5292
vn 0.1607 0.6960 -0.6999
vn 0.5223 -0.7489 -0.4078
vn 0.8654 -0.1619 -0.4742
vn 0.9166 -0.3996 -0.0151
vn 0.5023 0.8308 0.2395
vn 0.9282 0.3233 0.1845
vn 0.7947 0.5502 -0.2564
vn 0.4365 -0.8996 0.0147
vn 0.8489 -0.4353 0.2996
vn 0.4810 -0.6282 0.6115
vn 0.3477 0.6878 0.6372
vn 0.5247 0.0824 0.8473
vn 0.8252 0.2888 0.4855
vn -0.3175 0.9467 0.0533
vn 0.0332 -0.7257 -0.6872
vn 0.0337 0.7159 -0.6974
vn 0.3439 -0.7767 -0.5276
vn 0.6838 0.4558 -0.5698
vn -0.0000 -0.7071 -0.7071
vn -0.0000 -0.0342 -0.9994
vn 0.9875 0.0309 -0.1543
vn 1.0000 -0.0000 -0.0000
vn 0.0562 -0.9435 0.3267
vn 0.2679 -0.5145 0.8145
vn -0.2467 -0.5759 0.7794
vn -0.0132 0.7233 0.6904
vn -0.1913 0.1472 0.9704
vn 0.3142 0.2242 0.9225
vn -0.3763 -0.9080 0.1841
vn -0.5426 -0.4795 0.6897
vn -0.8472 -0.4578 0.2695
vn -0.4105 0.7724 0.4847
vn -0.8341 0.2600 0.4865
vn -0.4691 0.2479 0.8476
vn -0.5312 -0.8140 -0.2351
vn -0.9467 -0.3219 -0.0072
vn -0.8125 -0.2865 -0.5078
vn -0.4929 0.8685 0.0529
vn -0.8464 0.4353 -0.3067
vn -0.8964 0.3942 0.2028
vn -0.2918 -0.7322 -0.6154
vn -0.6402 -0.1604 -0.7513
vn -0.1686 -0.1910 -0.9670
vn -0.1983 0.9393 -0.2800
vn -0.2190 0.5411 -0.8119
vn -0.6458 0.5530 -0.5265
vn 0.1616 -0.7242 -0.6704
vn 0.1463 -0.1166 -0.9823
vn 0.5996 -0.2432 -0.7625
vn 0.2513 0.9315 -0.2631
vn 0.5757 0.4977 -0.6487
vn 0.0939 0.6046 -0.7910
vn 0.4875 -0.7961 -0.3586
vn 0.8204 -0.2235 -0.5263
vn 0.9136 -0.4038 -0.0482
vn 0.5175 0.8509 0.0907
vn 0.9393 0.3379 0.0600
vn 0.7658 0.5102 -0.3915
vn 0.4406 -0.8937 0.0852
vn 0.8745 -0.4006 0.2734
vn 0.5369 -0.5519 0.6380
vn 0.3998 0.7582 0.5151
vn 0.5979 0.1819 0.7806
vn 0.8638 0.3409 0.3710
vn -0.3640 -0.5868 0.7233
vn -0.0000 -0.9701 -0.2425
vn -0.4009 -0.9115 -0.0922
vn -0.0324 0.6255 -0.7796
vn 0.3918 -0.9115 -0.1251
vn -0.0000 0.1039 -0.9946
vn -0.0000 0.3511 -0.9363
vn 0.0491 -0.8895 0.4543
vn 0.2467 -0.3966 0.8843
vn -0.2667 -0.4651 0.8441
vn -0.0335 0.8110 0.5841
vn -0.2180 0.2777 0.9356
vn 0.2885 0.3502 0.8911
vn -0.3794 -0.8764 0.2968
vn -0.5603 -0.3836 0.7342
vn -0.8534 -0.4214 0.3070
vn -0.4251 0.8291 0.3631
vn -0.8476 0.3194 0.4238
vn -0.4925 0.3590 0.7928
vn -0.5229 -0.8415 -0.1354
vn -0.9456 -0.3252 0.0117
vn -0.7978 -0.3579 -0.4852
vn -0.4958 0.8647 -0.0799
vn -0.8386 0.3843 -0.3860
vn -0.9023 0.4132 0.1228
vn -0.2734 -0.8113 -0.5168
vn -0.6191 -0.2654 -0.7391
vn -0.1418 -0.3226 -0.9359
vn -0.1925 0.8909 -0.4113
vn -0.1979 0.4235 -0.8840
vn -0.6323 0.4720 -0.6144
vn 0.1812 -0.8083 -0.5602
vn 0.1732 -0.2492 -0.9528
vn 0.6206 -0.3419 -0.7056
vn 0.2566 0.8880 -0.3815
vn 0.5922 0.4075 -0.6952
vn 0.1143 0.4911 -0.8636
vn 0.4987 -0.8349 -0.2329
vn 0.8349 -0.2888 -0.4686
vn 0.9153 -0.4014 0.0321
vn 0.5131 0.8582 -0.0130
vn 0.9366 0.3483 0.0382
vn 0.7751 0.4561 -0.4372
vn 0.4399 -0.8710 0.2186
vn 0.8675 -0.3544 0.3490
vn 0.5205 -0.4562 0.7218
vn 0.3841 0.8239 0.4167
vn 0.5761 0.2905 0.7640
vn 0.8527 0.3934 0.3437
vn -0.8821 -0.4350 0.1805
vn -0.2117 0.0944 -0.9728
vn -0.0124 0.5126 -0.8586
vn -0.0048 0.9447 -0.3279
vn 0.3134 -0.8903 -0.3304
vn 0.4049 -0.4842 0.7756
vn -0.0000 -0.0168 -0.9999
vn 0.0011 0.9968 0.0799
vn -0.0000 0.0365 -0.9993
vn -0.0000 0.1483 -0.9889
vn 0.0427 -0.8054 0.5912
vn 0.2341 -0.2497 0.9396
vn -0.2787 -0.3250 0.9037
vn -0.0418 0.8938 0.4466
vn -0.2313 0.4230 0.8761
vn 0.2758 0.4887 0.8277
vn -0.3835 -0.8186 0.4276
vn -0.5706 -0.2627 0.7780
vn -0.8576 -0.3689 0.3583
vn -0.4302 0.8755 0.2200
vn -0.8535 0.3810 0.3554
vn -0.5038 0.4799 0.7183
vn -0.5209 -0.8536 -0.0066
vn -0.9456 -0.3214 0.0502
vn -0.7908 -0.4327 -0.4330
vn -0.4947 0.8397 -0.2239
vn -0.8331 0.3158 -0.4542
vn -0.9040 0.4254 0.0425
vn -0.2660 -0.8840 -0.3844
vn -0.6085 -0.3815 -0.6958
vn -0.1284 -0.4682 -0.8742
vn -0.1866 0.8134 -0.5510
vn -0.1853 0.2765 -0.9430
vn -0.6235 0.3664 -0.6907
vn 0.1892 -0.8870 -0.4213
vn 0.1868 -0.3978 -0.8983
vn 0.6306 -0.4488 -0.6332
vn 0.2619 0.8163 -0.5148
vn 0.6020 0.2926 -0.7430
vn 0.1265 0.3471 -0.9292
vn 0.5020 -0.8602 -0.0895
vn 0.8415 -0.3580 -0.4047
vn 0.9148 -0.3890 0.1086
vn 0.5132 0.8463 -0.1427
vn 0.9360 0.3521 -0.0047
vn 0.7813 0.3823 -0.4935
vn 0.4368 -0.8239 0.3611
vn 0.8625 -0.2921 0.4132
vn 0.5101 -0.3339 0.7926
vn 0.3781 0.8808 0.2852
vn 0.5651 0.4101 0.7158
vn 0.8477 0.4452 0.2884
vn 0.8930 -0.4465 -0.0558
vn 0.3145 0.8924 -0.3237
vn 0.3923 0.9197 0.0156
vn 0.1746 0.9416 0.2878
vn 0.9881 -0.0161 -0.1531
vn -0.0000 -0.0835 -0.9965
vn -0.0462 -0.9963 0.0726
vn 0.2014 -0.7992 0.5663
vn -0.2245 -0.7924 0.5671
vn 0.0690 0.5739 0.8160
vn -0.2518 -0.4960 0.8310
vn 0.2393 -0.5039 0.8300
vn -0.2844 -0.9582 -0.0303
vn -0.3548 -0.7754 0.5223
vn -0.6802 -0.6842 0.2631
vn -0.3261 0.6121 0.7204
vn -0.8009 -0.3681 0.4723
vn -0.4257 -0.4734 0.7712
vn -0.3963 -0.8820 -0.2549
vn -0.7493 -0.6453 0.1491
vn -0.8220 -0.5122 -0.2490
vn -0.5627 0.7203 0.4056
vn -0.9768 -0.1628 -0.1389
vn -0.8930 -0.3162 0.3201
vn -0.3297 -0.8033 -0.4960
vn -0.7974 -0.4696 -0.3788
vn -0.5834 -0.3571 -0.7295
vn -0.5301 0.8477 0.0190
vn -0.6973 0.0237 -0.7164
vn -0.9441 -0.1060 -0.3121
vn -0.1156 -0.7589 -0.6408
vn -0.4767 -0.3308 -0.8144
vn -0.0761 -0.2914 -0.9536
vn -0.2434 0.9348 -0.2585
vn -0.0930 0.1043 -0.9902
vn -0.5550 0.0589 -0.8298
vn 0.1457 -0.7696 -0.6216
vn 0.0628 -0.2936 -0.9539
vn 0.4625 -0.3458 -0.8164
vn 0.1631 0.9408 -0.2971
vn 0.5532 0.0411 -0.8321
vn 0.0922 0.1013 -0.9906
vn 0.3320 -0.8304 -0.4474
vn 0.5686 -0.3756 -0.7319
vn 0.7804 -0.4949 -0.3821
vn 0.4992 0.8629 -0.0787
vn 0.9389 -0.1362 -0.3160
vn 0.6947 0.0015 -0.7193
vn 0.3561 -0.9129 -0.1996
vn 0.8041 -0.5382 -0.2524
vn 0.7289 -0.6689 0.1460
vn 0.6077 0.7375 0.2945
vn 0.8838 -0.3446 0.3165
vn 0.9705 -0.1940 -0.1429
vn 0.2067 -0.9784 0.0057
vn 0.6591 -0.7056 0.2603
vn 0.3320 -0.7864 0.5209
vn 0.4378 0.6234 0.6479
vn 0.4135 -0.4868 0.7694
vn 0.7907 -0.3936 0.4690
vn -0.2680 -0.8478 0.4576
vn -0.3446 -0.2767 0.8970
vn -0.2834 -0.9470 -0.1515
vn -0.3448 0.8046 0.4834
vn -0.3195 -0.8809 -0.3492
vn 0.0157 0.9941 -0.1072
vn 0.1845 -0.8314 -0.5242
vn 0.2896 -0.8907 -0.3505
vn 0.6349 -0.7590 0.1440
vn -0.0159 -0.9492 -0.3143
vn -0.3222 -0.6467 0.6914
vn 0.3042 -0.6567 0.6901
vn -0.8008 -0.5124 0.3101
vn -0.9077 -0.3168 -0.2753
vn -0.5928 -0.1513 -0.7910
vn -0.0036 -0.0934 -0.9956
vn 0.5844 -0.1701 -0.7934
vn 0.8959 -0.3456 -0.2791
vn 0.7853 -0.5378 0.3068
vn -0.7511 -0.3809 -0.5392
vn 0.0153 -0.0739 -0.9971
vn 0.3690 0.4195 -0.8293
vn -0.0290 -0.9913 0.1281
vn -0.7059 0.3666 0.6061
vn -0.3307 -0.1629 0.9295
vn -0.0178 -0.9900 0.1402
vn 0.3252 -0.7558 0.5683
vn 0.0276 0.9929 -0.1156
vn -0.5541 -0.8134 -0.1769
vn 0.0038 -0.9933 0.1152
vn -0.0099 -0.9943 0.1061
vn -0.7836 0.6069 0.1329
vn -0.7973 -0.5371 0.2754
vn -0.8029 -0.5854 -0.1126
vn 0.9742 0.0165 0.2251
vn 0.8564 -0.5127 0.0603
vn -0.6106 -0.4969 0.6167
vn -0.5970 0.6471 0.4742
vn -0.0000 -0.9686 0.2485
vn -0.2856 -0.4738 0.8331
vn -0.2719 0.6702 0.6905
vn 0.7227 -0.6911 -0.0086
vn 0.7868 -0.6172 -0.0000
vn 0.1288 0.9916 -0.0094
vn 0.4805 0.6488 0.5900
vn -0.5797 -0.0939 -0.8094
vn -0.4005 -0.9163 -0.0000
vn 0.7357 0.6091 0.2963
vn -0.0000 -0.9615 0.2747
vn 0.8238 0.5609 -0.0817
vn 1.0000 -0.0012 -0.0000
vn 0.6737 0.7390 -0.0000
vn 0.9814 -0.1921 -0.0000
vn 0.4612 0.4828 -0.7445
vn 0.5262 -0.8504 -0.0000
vn -0.5562 0.1092 0.8239
vn 0.0801 -0.6734 -0.7349
vn -0.1063 0.1241 0.9866
vn -0.0127 -0.9999 -0.0000
vn -0.2939 0.4815 -0.8257
vn -0.0000 -0.9969 -0.0784
vn 0.3680 0.1106 0.9232
vn -0.2087 0.5220 0.8270
vn 0.1063 -0.1385 0.9846
vn 0.0135 -0.9142 -0.4050
vn 0.5068 -0.8575 -0.0880
vn -0.9439 0.3046 0.1271
vn 0.5159 0.8511 0.0969
vn 0.0082 -0.9047 -0.4259
vn -0.3303 0.6280 -0.7046
vn -0.7111 0.5227 -0.4702
vn 0.5932 0.6571 0.4651
vn 0.9141 -0.3978 0.0786
vn -0.7900 0.6108 0.0529
vn -0.7941 0.4494 0.4091
vn -0.7966 -0.6008 -0.0667
vn -0.7925 -0.4394 -0.4229
vn 0.9684 -0.1049 0.2264
vn 0.9972 -0.0748 -0.0000
vn -0.6185 -0.7449 0.2503
vn -0.6161 0.3053 0.7261
vn 0.9138 0.4061 -0.0000
vn 0.7554 0.2690 -0.5975
vn -0.2991 -0.8385 0.4555
vn -0.2966 0.2115 0.9313
vn 0.6179 -0.7863 -0.0000
vn 0.0887 -0.8605 0.5017
vn 0.0912 0.1897 0.9776
vn 0.4559 -0.8054 0.3787
vn -0.5593 0.3431 -0.7546
vn 0.7182 -0.6864 0.1142
vn -0.0000 0.8420 0.5394
vn -0.8805 0.1974 -0.4310
vn -0.0000 -0.5730 -0.8196
vn 0.8159 -0.5302 -0.2308
vn 0.8184 0.5197 0.2450
vn 0.7288 0.6772 -0.1017
vn -0.8903 -0.1862 0.4156
vn 0.4724 0.7997 -0.3705
vn -0.5767 -0.3361 0.7446
vn 0.2820 -0.9594 -0.0000
vn 0.1082 0.8593 -0.5000
vn 0.1886 0.9820 -0.0000
vn -0.2829 -0.2079 -0.9363
vn -0.2805 0.8422 -0.4605
vn 0.3447 -0.3881 0.8547
vn -0.6071 -0.2976 -0.7368
vn -0.6047 0.7524 -0.2611
vn 0.7278 0.6858 -0.0000
vt 0.750000 0.379464
vt 0.733342 0.481978
vt 0.828326 0.452280
vt 0.068995 0.591514
vt 0.000000 0.539578
vt 0.059633 0.500000
vt 0.931005 0.591514
vt 0.987318 0.500000
vt 1.000000 0.591953
vt 0.250000 0.373236
vt 0.266779 0.481920
vt 0.167828 0.450428
vt 0.928571 0.908486
vt 1.000000 0.962221
vt 0.937439 1.000000
vt 0.071429 0.908486
vt 0.012774 1.000000
vt 0.000000 0.908925
vt 0.851219 0.330719
vt 0.920981 0.407660
vt 0.956985 0.314882
vt 0.926138 0.591514
vt 0.850802 0.519789
vt 0.916776 0.500000
vt 0.788148 0.591514
vt 0.857143 0.591953
vt 0.346350 0.326837
vt 0.441784 0.381481
vt 0.355467 0.439210
vt 0.785714 0.908486
vt 0.863530 0.981111
vt 0.794582 1.000000
vt 0.928571 0.908486
vt 0.857143 0.908925
vt 0.876218 0.221192
vt 0.979868 0.214621
vt 0.929779 0.128626
vt 0.783280 0.591514
vt 0.707944 0.519789
vt 0.773918 0.500000
vt 0.645291 0.591514
vt 0.714286 0.591953
vt 0.370147 0.222577
vt 0.472371 0.182035
vt 0.463688 0.285513
vt 0.642857 0.908486
vt 0.720673 0.981111
vt 0.651725 1.000000
vt 0.785714 0.908486
vt 0.714286 0.908925
vt 0.806172 0.133357
vt 0.865660 0.048223
vt 0.767196 0.033767
vt 0.640423 0.591514
vt 0.565087 0.519789
vt 0.631061 0.500000
vt 0.502434 0.591514
vt 0.571429 0.591953
vt 0.303470 0.138968
vt 0.335509 0.033767
vt 0.410997 0.105074
vt 0.500000 0.908486
vt 0.577816 0.981111
vt 0.508868 1.000000
vt 0.642857 0.908486
vt 0.571429 0.908925
vt 0.693828 0.133357
vt 0.664357 0.033767
vt 0.591664 0.101737
vt 0.497566 0.591514
vt 0.422230 0.519789
vt 0.488204 0.500000
vt 0.359577 0.591514
vt 0.428571 0.591953
vt 0.196530 0.138968
vt 0.134257 0.048328
vt 0.237072 0.033767
vt 0.357143 0.908486
vt 0.434959 0.981111
vt 0.366010 1.000000
vt 0.500000 0.908486
vt 0.428571 0.908925
vt 0.623782 0.221192
vt 0.527545 0.182140
vt 0.535362 0.281351
vt 0.354709 0.591514
vt 0.279373 0.519789
vt 0.345347 0.500000
vt 0.216720 0.591514
vt 0.285714 0.591953
vt 0.129853 0.222577
vt 0.020161 0.214751
vt 0.072882 0.125288
vt 0.214286 0.908486
vt 0.292102 0.981111
vt 0.223153 1.000000
vt 0.357143 0.908486
vt 0.285714 0.908925
vt 0.648781 0.330719
vt 0.558246 0.381612
vt 0.640687 0.437358
vt 0.211852 0.591514
vt 0.136516 0.519789
vt 0.202490 0.500000
vt 0.073863 0.591514
vt 0.142857 0.591953
vt 0.153650 0.326837
vt 0.079139 0.407718
vt 0.042066 0.310720
vt 0.071429 0.908486
vt 0.149244 0.981111
vt 0.080296 1.000000
vt 0.214286 0.908486
vt 0.142857 0.908925
vt 0.940367 0.500000
vt 0.919704 1.000000
vt 0.000000 0.591953
vt 1.000000 0.908925
vt 0.797510 0.500000
vt 0.776847 1.000000
vt 0.654653 0.500000
vt 0.908336 0.101737
vt 0.633990 1.000000
vt 0.427118 0.125288
vt 0.511796 0.500000
vt 0.491132 1.000000
vt 0.368939 0.500000
vt 0.570221 0.128626
vt 0.348275 1.000000
vt 0.089003 0.105074
vt 0.226082 0.500000
vt 0.543015 0.314882
vt 0.205418 1.000000
vt 0.036312 0.285513
vt 0.083224 0.500000
vt 0.062561 1.000000
vt 0.750000 0.379815
vt 0.733395 0.482003
vt 0.828078 0.452400
vt 0.068774 0.586358
vt 0.000000 0.537348
vt 0.059444 0.500000
vt 0.931226 0.586358
vt 0.987358 0.500000
vt 1.000000 0.586773
vt 0.250000 0.373236
vt 0.266779 0.481920
vt 0.928571 0.913642
vt 1.000000 0.964350
vt 0.937439 1.000000
vt 0.071429 0.913642
vt 0.000000 0.914056
vt 0.851493 0.330938
vt 0.921034 0.407634
vt 0.956923 0.315151
vt 0.925917 0.586358
vt 0.850822 0.518674
vt 0.916586 0.500000
vt 0.788369 0.586358
vt 0.857143 0.586773
vt 0.346350 0.326837
vt 0.441784 0.381481
vt 0.355467 0.439210
vt 0.785714 0.913642
vt 0.863530 0.982175
vt 0.794582 1.000000
vt 0.928572 0.913642
vt 0.857143 0.914056
vt 0.876560 0.221114
vt 0.979882 0.214563
vt 0.929951 0.128842
vt 0.783060 0.586358
vt 0.707965 0.518674
vt 0.773729 0.500000
vt 0.645512 0.586358
vt 0.714286 0.586773
vt 0.370147 0.222577
vt 0.472371 0.182035
vt 0.463688 0.285513
vt 0.642857 0.913642
vt 0.720673 0.982175
vt 0.651725 1.000000
vt 0.785714 0.913642
vt 0.714286 0.914056
vt 0.806324 0.133041
vt 0.865623 0.048177
vt 0.767472 0.033767
vt 0.640203 0.586358
vt 0.565107 0.518674
vt 0.630872 0.500000
vt 0.502654 0.586358
vt 0.571429 0.586773
vt 0.303470 0.138968
vt 0.335509 0.033767
vt 0.410997 0.105074
vt 0.500000 0.913642
vt 0.577816 0.982175
vt 0.508868 1.000000
vt 0.642857 0.913642
vt 0.571429 0.914056
vt 0.693676 0.133041
vt 0.664298 0.033767
vt 0.591836 0.101521
vt 0.497346 0.586358
vt 0.422250 0.518674
vt 0.488015 0.500000
vt 0.359797 0.586358
vt 0.428571 0.586773
vt 0.196530 0.138968
vt 0.134257 0.048328
vt 0.237072 0.033767
vt 0.357143 0.913642
vt 0.434959 0.982175
vt 0.366010 1.000000
vt 0.500000 0.913642
vt 0.428571 0.914056
vt 0.623440 0.221114
vt 0.527508 0.182185
vt 0.535301 0.281082
vt 0.354489 0.586358
vt 0.279393 0.518674
vt 0.345158 0.500000
vt 0.216940 0.586358
vt 0.285714 0.586773
vt 0.129853 0.222577
vt 0.020161 0.214751
vt 0.072882 0.125288
vt 0.214286 0.913642
vt 0.292101 0.982175
vt 0.357143 0.913642
vt 0.285714 0.914056
vt 0.648507 0.330938
vt 0.558259 0.381669
vt 0.640438 0.437238
vt 0.211631 0.586358
vt 0.136536 0.518674
vt 0.202301 0.500000
vt 0.074083 0.586358
vt 0.142857 0.586773
vt 0.153650 0.326837
vt 0.079139 0.407718
vt 0.042066 0.310720
vt 0.071429 0.913642
vt 0.149244 0.982175
vt 0.080296 1.000000
vt 0.214286 0.913642
vt 0.142857 0.914056
vt 0.940556 0.500000
vt 0.859562 0.437238
vt 0.919704 1.000000
vt 0.000000 0.586773
vt 1.000000 0.914056
vt 0.797699 0.500000
vt 0.964699 0.281082
vt 0.776847 1.000000
vt 0.457934 0.310720
vt 0.654842 0.500000
vt 0.908164 0.101521
vt 0.633990 1.000000
vt 0.511985 0.500000
vt 0.491132 1.000000
vt 0.369128 0.500000
vt 0.570049 0.128842
vt 0.348275 1.000000
vt 0.226271 0.500000
vt 0.205418 1.000000
vt 0.036312 0.285513
vt 0.083414 0.500000
vt 0.062561 1.000000
vt 0.144533 0.439210
vt 0.750000 0.380207
vt 0.733454 0.482032
vt 0.827799 0.452534
vt 0.068527 0.581203
vt 0.000000 0.535119
vt 0.059232 0.500000
vt 0.931473 0.581203
vt 0.987403 0.500000
vt 1.000000 0.581592
vt 0.266779 0.481920
vt 0.167828 0.450428
vt 0.928571 0.918797
vt 1.000000 0.966478
vt 0.937439 1.000000
vt 0.071429 0.918797
vt 0.012774 1.000000
vt 0.000000 0.919187
vt 0.851800 0.331183
vt 0.921094 0.407606
vt 0.956854 0.315452
vt 0.925670 0.581203
vt 0.850844 0.517559
vt 0.916375 0.500000
vt 0.788615 0.581203
vt 0.857143 0.581592
vt 0.441784 0.381481
vt 0.355467 0.439210
vt 0.785714 0.918797
vt 0.863530 0.983239
vt 0.928571 0.918797
vt 0.857143 0.919187
vt 0.876943 0.221026
vt 0.979896 0.214499
vt 0.930144 0.129083
vt 0.782813 0.581203
vt 0.707987 0.517559
vt 0.773517 0.500000
vt 0.645758 0.581203
vt 0.714286 0.581592
vt 0.370147 0.222577
vt 0.472371 0.182035
vt 0.463688 0.285513
vt 0.642857 0.918797
vt 0.720673 0.983239
vt 0.714286 0.919187
vt 0.806495 0.132687
vt 0.865582 0.048126
vt 0.767781 0.033767
vt 0.639956 0.581203
vt 0.565130 0.517559
vt 0.630660 0.500000
vt 0.502901 0.581203
vt 0.571429 0.581592
vt 0.335509 0.033767
vt 0.410997 0.105074
vt 0.500000 0.918797
vt 0.577816 0.983239
vt 0.571429 0.919187
vt 0.693505 0.132687
vt 0.664233 0.033767
vt 0.592029 0.101279
vt 0.497099 0.581203
vt 0.422273 0.517559
vt 0.487803 0.500000
vt 0.360044 0.581203
vt 0.428571 0.581592
vt 0.196530 0.138968
vt 0.134257 0.048328
vt 0.237072 0.033767
vt 0.357143 0.918797
vt 0.434959 0.983239
vt 0.428571 0.919187
vt 0.623057 0.221026
vt 0.527468 0.182237
vt 0.535232 0.280781
vt 0.354242 0.581203
vt 0.279416 0.517559
vt 0.344946 0.500000
vt 0.217187 0.581203
vt 0.285714 0.581592
vt 0.129853 0.222577
vt 0.020161 0.214751
vt 0.072882 0.125288
vt 0.214286 0.918797
vt 0.292102 0.983239
vt 0.223153 1.000000
vt 0.357143 0.918797
vt 0.285714 0.919187
vt 0.648200 0.331183
vt 0.558274 0.381733
vt 0.640160 0.437104
vt 0.211385 0.581203
vt 0.136559 0.517559
vt 0.202089 0.500000
vt 0.074330 0.581203
vt 0.142857 0.581592
vt 0.153650 0.326837
vt 0.042066 0.310720
vt 0.071429 0.918797
vt 0.149244 0.983239
vt 0.214286 0.918797
vt 0.142857 0.919187
vt 0.940768 0.500000
vt 0.332172 0.450428
vt 0.000000 0.581592
vt 1.000000 0.919187
vt 0.797911 0.500000
vt 0.655054 0.500000
vt 0.907971 0.101279
vt 0.633990 1.000000
vt 0.427118 0.125288
vt 0.512197 0.500000
vt 0.732219 0.033767
vt 0.491132 1.000000
vt 0.262928 0.033767
vt 0.369340 0.500000
vt 0.348275 1.000000
vt 0.089003 0.105074
vt 0.226483 0.500000
vt 0.543146 0.315452
vt 0.036312 0.285513
vt 0.083626 0.500000
vt 0.672201 0.452534
vt 0.062561 1.000000
vt 0.750000 0.380650
vt 0.733521 0.482064
vt 0.827486 0.452685
vt 0.068249 0.576047
vt 0.000000 0.532889
vt 0.058993 0.500000
vt 0.931751 0.576047
vt 0.987454 0.500000
vt 1.000000 0.576412
vt 0.250000 0.373236
vt 0.167828 0.450428
vt 0.928571 0.923953
vt 1.000000 0.968606
vt 0.937439 1.000000
vt 0.071429 0.923953
vt 0.000000 0.924318
vt 0.852146 0.331459
vt 0.921160 0.407574
vt 0.956777 0.315791
vt 0.925392 0.576047
vt 0.850870 0.516444
vt 0.916136 0.500000
vt 0.788894 0.576047
vt 0.857143 0.576412
vt 0.346350 0.326837
vt 0.441784 0.381481
vt 0.785714 0.923953
vt 0.863530 0.984303
vt 0.794582 1.000000
vt 0.928571 0.923953
vt 0.857143 0.924318
vt 0.877374 0.220928
vt 0.979913 0.214427
vt 0.930361 0.129355
vt 0.782535 0.576047
vt 0.708013 0.516444
vt 0.773279 0.500000
vt 0.646037 0.576047
vt 0.714286 0.576412
vt 0.370147 0.222577
vt 0.472371 0.182035
vt 0.642857 0.923953
vt 0.720673 0.984303
vt 0.651725 1.000000
vt 0.785714 0.923953
vt 0.714286 0.924318
vt 0.806687 0.132288
vt 0.865536 0.048068
vt 0.768129 0.033767
vt 0.639678 0.576047
vt 0.565155 0.516444
vt 0.630421 0.500000
vt 0.503179 0.576047
vt 0.571429 0.576412
vt 0.303470 0.138968
vt 0.335509 0.033767
vt 0.410997 0.105074
vt 0.500000 0.923953
vt 0.577816 0.984303
vt 0.508868 1.000000
vt 0.642857 0.923953
vt 0.571429 0.924318
vt 0.693313 0.132288
vt 0.664159 0.033767
vt 0.592246 0.101007
vt 0.496821 0.576047
vt 0.422298 0.516444
vt 0.487564 0.500000
vt 0.360322 0.576047
vt 0.428571 0.576412
vt 0.196530 0.138968
vt 0.134257 0.048328
vt 0.237072 0.033767
vt 0.357143 0.923953
vt 0.434959 0.984303
vt 0.366010 1.000000
vt 0.428571 0.924318
vt 0.622626 0.220928
vt 0.527421 0.182295
vt 0.535155 0.280441
vt 0.353964 0.576047
vt 0.279441 0.516444
vt 0.344707 0.500000
vt 0.217465 0.576047
vt 0.285714 0.576412
vt 0.129853 0.222577
vt 0.020161 0.214751
vt 0.072882 0.125288
vt 0.214286 0.923953
vt 0.292102 0.984303
vt 0.357143 0.923953
vt 0.285714 0.924318
vt 0.647854 0.331459
vt 0.558290 0.381805
vt 0.639846 0.436953
vt 0.211106 0.576047
vt 0.136584 0.516444
vt 0.201850 0.500000
vt 0.074608 0.576047
vt 0.142857 0.576412
vt 0.153650 0.326837
vt 0.079139 0.407718
vt 0.071429 0.923953
vt 0.149244 0.984303
vt 0.080296 1.000000
vt 0.214286 0.923953
vt 0.142857 0.924318
vt 0.941007 0.500000
vt 0.860154 0.436953
vt 0.919704 1.000000
vt 0.332172 0.450428
vt 0.000000 0.576412
vt 1.000000 0.924318
vt 0.798150 0.500000
vt 0.655293 0.500000
vt 0.633990 1.000000
vt 0.427118 0.125288
vt 0.512436 0.500000
vt 0.369579 0.500000
vt 0.569639 0.129355
vt 0.348275 1.000000
vt 0.226721 0.500000
vt 0.543223 0.315791
vt 0.083864 0.500000
vt 0.672514 0.452685
vt 0.062561 1.000000
vt 0.144533 0.439210
vt 0.750000 0.381153
vt 0.733596 0.482100
vt 0.827130 0.452856
vt 0.067933 0.570891
vt 0.000000 0.530659
vt 0.058722 0.500000
vt 0.932067 0.570891
vt 0.987511 0.500000
vt 1.000000 0.571231
vt 0.266779 0.481920
vt 0.167828 0.450428
vt 0.928571 0.929109
vt 1.000000 0.970735
vt 0.071429 0.929109
vt 0.000000 0.929449
vt 0.852539 0.331772
vt 0.921236 0.407537
vt 0.956689 0.316176
vt 0.925076 0.570891
vt 0.850899 0.515330
vt 0.915865 0.500000
vt 0.789210 0.570891
vt 0.857143 0.571231
vt 0.346350 0.326837
vt 0.785714 0.929109
vt 0.863530 0.985367
vt 0.928572 0.929109
vt 0.857143 0.929449
vt 0.877864 0.220816
vt 0.979931 0.214345
vt 0.930607 0.129664
vt 0.782219 0.570891
vt 0.708041 0.515330
vt 0.773008 0.500000
vt 0.646352 0.570891
vt 0.714286 0.571231
vt 0.370147 0.222577
vt 0.463688 0.285513
vt 0.642857 0.929109
vt 0.720673 0.985367
vt 0.785714 0.929109
vt 0.714286 0.929449
vt 0.806905 0.131836
vt 0.865484 0.048002
vt 0.768525 0.033767
vt 0.639362 0.570891
vt 0.565184 0.515329
vt 0.630150 0.500000
vt 0.503495 0.570891
vt 0.571429 0.571231
vt 0.303470 0.138968
vt 0.335509 0.033767
vt 0.500000 0.929109
vt 0.577816 0.985367
vt 0.642857 0.929109
vt 0.571429 0.929449
vt 0.693095 0.131836
vt 0.664074 0.033767
vt 0.592493 0.100698
vt 0.496505 0.570891
vt 0.422327 0.515329
vt 0.487293 0.500000
vt 0.360638 0.570891
vt 0.428571 0.571231
vt 0.237072 0.033767
vt 0.357143 0.929109
vt 0.434959 0.985367
vt 0.500000 0.929109
vt 0.428571 0.929449
vt 0.622136 0.220816
vt 0.527369 0.182360
vt 0.535067 0.280056
vt 0.353648 0.570891
vt 0.279470 0.515330
vt 0.344436 0.500000
vt 0.217781 0.570891
vt 0.285714 0.571231
vt 0.020161 0.214751
vt 0.072882 0.125288
vt 0.214286 0.929109
vt 0.292101 0.985367
vt 0.223153 1.000000
vt 0.357143 0.929109
vt 0.285714 0.929449
vt 0.647461 0.331772
vt 0.558309 0.381887
vt 0.639490 0.436781
vt 0.210791 0.570891
vt 0.136613 0.515329
vt 0.201579 0.500000
vt 0.074924 0.570891
vt 0.142857 0.571231
vt 0.042066 0.310720
vt 0.071429 0.929109
vt 0.149244 0.985367
vt 0.080296 1.000000
vt 0.214286 0.929109
vt 0.142857 0.929449
vt 0.941278 0.500000
vt 0.332172 0.450428
vt 0.000000 0.571231
vt 1.000000 0.929449
vt 0.798421 0.500000
vt 0.964933 0.280056
vt 0.457934 0.310720
vt 0.655564 0.500000
vt 0.907507 0.100698
vt 0.427118 0.125288
vt 0.512707 0.500000
vt 0.369850 0.500000
vt 0.226993 0.500000
vt 0.543311 0.316177
vt 0.036312 0.285513
vt 0.084135 0.500000
vt 0.672870 0.452856
vt 0.062561 1.000000
vt 0.750000 0.378875
vt 0.733367 0.481990
vt 0.828663 0.452118
vt 0.069163 0.576472
vt 0.000000 0.532853
vt 0.059889 0.500000
vt 0.930837 0.576472
vt 0.987337 0.500000
vt 1.000000 0.576732
vt 0.250000 0.373583
vt 0.266848 0.481887
vt 0.167991 0.450507
vt 0.928571 0.923528
vt 1.000000 0.968212
vt 0.937563 1.000000
vt 0.071429 0.923528
vt 0.012827 1.000000
vt 0.000000 0.923788
vt 0.850759 0.330352
vt 0.921006 0.407648
vt 0.957068 0.314517
vt 0.926306 0.576472
vt 0.850811 0.516427
vt 0.917032 0.500000
vt 0.787980 0.576472
vt 0.857143 0.576732
vt 0.346621 0.327053
vt 0.441801 0.381407
vt 0.355631 0.439131
vt 0.785714 0.923528
vt 0.863556 0.984106
vt 0.794706 1.000000
vt 0.928571 0.923528
vt 0.857143 0.923788
vt 0.875644 0.221323
vt 0.979875 0.214594
vt 0.929546 0.128333
vt 0.783448 0.576472
vt 0.707954 0.516427
vt 0.774175 0.500000
vt 0.645123 0.576472
vt 0.714286 0.576732
vt 0.370485 0.222500
vt 0.472324 0.181975
vt 0.463728 0.285336
vt 0.642857 0.923528
vt 0.720699 0.984106
vt 0.651849 1.000000
vt 0.785714 0.923528
vt 0.714286 0.923788
vt 0.805917 0.133888
vt 0.865643 0.048201
vt 0.766822 0.033767
vt 0.640591 0.576472
vt 0.565097 0.516427
vt 0.631318 0.500000
vt 0.502266 0.576472
vt 0.571429 0.576732
vt 0.303621 0.138655
vt 0.335433 0.033767
vt 0.410884 0.104932
vt 0.500000 0.923528
vt 0.577842 0.984106
vt 0.508992 1.000000
vt 0.642857 0.923528
vt 0.571429 0.923788
vt 0.694083 0.133888
vt 0.664329 0.033767
vt 0.591431 0.102029
vt 0.497734 0.576472
vt 0.422240 0.516427
vt 0.488461 0.500000
vt 0.359409 0.576472
vt 0.428571 0.576732
vt 0.196379 0.138655
vt 0.134209 0.048387
vt 0.236891 0.033767
vt 0.357143 0.923528
vt 0.434985 0.984106
vt 0.366135 1.000000
vt 0.500000 0.923528
vt 0.428571 0.923788
vt 0.624356 0.221323
vt 0.527528 0.182161
vt 0.535446 0.281716
vt 0.354877 0.576472
vt 0.279383 0.516427
vt 0.345604 0.500000
vt 0.216552 0.576472
vt 0.285714 0.576732
vt 0.129515 0.222500
vt 0.020178 0.214826
vt 0.072769 0.125430
vt 0.214286 0.923528
vt 0.292128 0.984106
vt 0.223278 1.000000
vt 0.285714 0.923788
vt 0.649241 0.330352
vt 0.558252 0.381639
vt 0.641024 0.437520
vt 0.212020 0.576472
vt 0.136525 0.516427
vt 0.202747 0.500000
vt 0.073694 0.576472
vt 0.142857 0.576732
vt 0.153379 0.327053
vt 0.079208 0.407751
vt 0.042106 0.310897
vt 0.071429 0.923528
vt 0.149271 0.984106
vt 0.080421 1.000000
vt 0.214286 0.923528
vt 0.142857 0.923788
vt 0.940111 0.500000
vt 0.919579 1.000000
vt 0.000000 0.576732
vt 1.000000 0.923788
vt 0.797253 0.500000
vt 0.964554 0.281716
vt 0.776722 1.000000
vt 0.457894 0.310897
vt 0.654396 0.500000
vt 0.908569 0.102029
vt 0.633865 1.000000
vt 0.511539 0.500000
vt 0.491008 1.000000
vt 0.263109 0.033767
vt 0.368682 0.500000
vt 0.570454 0.128333
vt 0.348151 1.000000
vt 0.225825 0.500000
vt 0.205294 1.000000
vt 0.082968 0.500000
vt 0.062437 1.000000
vt 0.144369 0.439131
vt 0.750000 0.379127
vt 0.733405 0.482008
vt 0.828485 0.452204
vt 0.069005 0.572831
vt 0.000000 0.531289
vt 0.059754 0.500000
vt 0.930995 0.572830
vt 0.987365 0.500000
vt 1.000000 0.573078
vt 0.250000 0.373583
vt 0.266848 0.481887
vt 0.167991 0.450507
vt 0.928571 0.927170
vt 1.000000 0.969725
vt 0.071429 0.927169
vt 0.012827 1.000000
vt 0.000000 0.927417
vt 0.850956 0.330509
vt 0.921044 0.407629
vt 0.957024 0.314710
vt 0.926148 0.572830
vt 0.850825 0.515644
vt 0.916896 0.500000
vt 0.788138 0.572830
vt 0.857143 0.573078
vt 0.346621 0.327053
vt 0.441801 0.381407
vt 0.355630 0.439131
vt 0.785714 0.927169
vt 0.863556 0.984863
vt 0.794706 1.000000
vt 0.928571 0.927170
vt 0.857143 0.927417
vt 0.875889 0.221266
vt 0.979884 0.214553
vt 0.929669 0.128488
vt 0.783291 0.572830
vt 0.707968 0.515644
vt 0.774039 0.500000
vt 0.645281 0.572831
vt 0.714286 0.573078
vt 0.370485 0.222500
vt 0.472324 0.181975
vt 0.463728 0.285336
vt 0.642857 0.927170
vt 0.720699 0.984863
vt 0.651849 1.000000
vt 0.785714 0.927170
vt 0.714286 0.927417
vt 0.806026 0.133661
vt 0.865617 0.048168
vt 0.767020 0.033767
vt 0.640434 0.572831
vt 0.565111 0.515644
vt 0.631182 0.500000
vt 0.502424 0.572831
vt 0.571429 0.573078
vt 0.303621 0.138655
vt 0.335433 0.033767
vt 0.410884 0.104932
vt 0.500000 0.927170
vt 0.577842 0.984863
vt 0.508992 1.000000
vt 0.642857 0.927169
vt 0.571429 0.927417
vt 0.693974 0.133661
vt 0.664288 0.033767
vt 0.591555 0.101874
vt 0.497577 0.572830
vt 0.422254 0.515645
vt 0.488325 0.500000
vt 0.359566 0.572831
vt 0.428571 0.573078
vt 0.196379 0.138655
vt 0.134209 0.048387
vt 0.236891 0.033767
vt 0.357143 0.927170
vt 0.434985 0.984863
vt 0.366135 1.000000
vt 0.500000 0.927170
vt 0.428571 0.927417
vt 0.624111 0.221267
vt 0.527502 0.182194
vt 0.535402 0.281523
vt 0.354720 0.572831
vt 0.279397 0.515645
vt 0.345468 0.500000
vt 0.216709 0.572831
vt 0.285714 0.573078
vt 0.129515 0.222500
vt 0.020178 0.214826
vt 0.072769 0.125430
vt 0.214286 0.927169
vt 0.292128 0.984863
vt 0.223278 1.000000
vt 0.285714 0.927417
vt 0.649044 0.330509
vt 0.558262 0.381680
vt 0.640846 0.437434
vt 0.211862 0.572830
vt 0.136540 0.515644
vt 0.202611 0.500000
vt 0.073852 0.572831
vt 0.142857 0.573078
vt 0.153379 0.327053
vt 0.079208 0.407751
vt 0.042106 0.310897
vt 0.071429 0.927170
vt 0.149271 0.984863
vt 0.214286 0.927170
vt 0.142857 0.927417
vt 0.940246 0.500000
vt 0.859154 0.437434
vt 0.919580 1.000000
vt 0.000000 0.573078
vt 1.000000 0.927417
vt 0.797389 0.500000
vt 0.964598 0.281523
vt 0.776722 1.000000
vt 0.457894 0.310897
vt 0.654532 0.500000
vt 0.908445 0.101874
vt 0.633865 1.000000
vt 0.511675 0.500000
vt 0.732980 0.033767
vt 0.368818 0.500000
vt 0.570331 0.128488
vt 0.348151 1.000000
vt 0.089116 0.104932
vt 0.225961 0.500000
vt 0.205294 1.000000
vt 0.036272 0.285336
vt 0.083104 0.500000
vt 0.062437 1.000000
vt 0.144369 0.439131
vt 0.750000 0.379404
vt 0.733446 0.482028
vt 0.828289 0.452298
vt 0.068832 0.569189
vt 0.000000 0.529725
vt 0.059604 0.500000
vt 0.931168 0.569189
vt 0.987397 0.500000
vt 1.000000 0.569424
vt 0.250000 0.373583
vt 0.167991 0.450507
vt 0.928571 0.930811
vt 1.000000 0.971239
vt 0.937563 1.000000
vt 0.071429 0.930811
vt 0.012827 1.000000
vt 0.000000 0.931046
vt 0.851172 0.330682
vt 0.921086 0.407610
vt 0.956975 0.314922
vt 0.925975 0.569189
vt 0.850841 0.514862
vt 0.916747 0.500000
vt 0.788311 0.569189
vt 0.857143 0.569424
vt 0.346621 0.327053
vt 0.441801 0.381407
vt 0.785714 0.930811
vt 0.863556 0.985620
vt 0.794706 1.000000
vt 0.928571 0.930811
vt 0.857143 0.931046
vt 0.876160 0.221205
vt 0.979894 0.214508
vt 0.929805 0.128658
vt 0.783118 0.569189
vt 0.707984 0.514862
vt 0.773890 0.500000
vt 0.645454 0.569189
vt 0.714286 0.569424
vt 0.370485 0.222500
vt 0.472324 0.181975
vt 0.463728 0.285336
vt 0.642857 0.930811
vt 0.720699 0.985620
vt 0.651849 1.000000
vt 0.785714 0.930811
vt 0.714286 0.931046
vt 0.806146 0.133411
vt 0.865588 0.048133
vt 0.767238 0.033767
vt 0.640260 0.569189
vt 0.565127 0.514862
vt 0.631033 0.500000
vt 0.502597 0.569189
vt 0.571429 0.569424
vt 0.335433 0.033767
vt 0.410884 0.104932
vt 0.500000 0.930811
vt 0.577842 0.985620
vt 0.642857 0.930811
vt 0.571429 0.931046
vt 0.693854 0.133411
vt 0.664241 0.033767
vt 0.591690 0.101704
vt 0.497403 0.569189
vt 0.422270 0.514862
vt 0.488176 0.500000
vt 0.359740 0.569189
vt 0.428571 0.569424
vt 0.196379 0.138655
vt 0.134209 0.048387
vt 0.236891 0.033767
vt 0.357143 0.930811
vt 0.434985 0.985620
vt 0.366135 1.000000
vt 0.500000 0.930811
vt 0.428571 0.931046
vt 0.623840 0.221205
vt 0.527473 0.182230
vt 0.535353 0.281310
vt 0.354546 0.569189
vt 0.279413 0.514862
vt 0.345319 0.500000
vt 0.216883 0.569189
vt 0.285714 0.569424
vt 0.129515 0.222500
vt 0.020178 0.214826
vt 0.072769 0.125430
vt 0.214286 0.930811
vt 0.292128 0.985620
vt 0.223278 1.000000
vt 0.357143 0.930811
vt 0.285714 0.931046
vt 0.648828 0.330682
vt 0.558272 0.381725
vt 0.640649 0.437339
vt 0.211689 0.569189
vt 0.136556 0.514862
vt 0.202461 0.500000
vt 0.074025 0.569189
vt 0.142857 0.569424
vt 0.153379 0.327053
vt 0.042106 0.310897
vt 0.149271 0.985620
vt 0.080421 1.000000
vt 0.214286 0.930811
vt 0.142857 0.931046
vt 0.940396 0.500000
vt 0.859351 0.437339
vt 0.919579 1.000000
vt 0.332009 0.450507
vt 0.000000 0.569424
vt 1.000000 0.931046
vt 0.797539 0.500000
vt 0.776722 1.000000
vt 0.457894 0.310897
vt 0.654682 0.500000
vt 0.427231 0.125430
vt 0.511824 0.500000
vt 0.491008 1.000000
vt 0.368967 0.500000
vt 0.348151 1.000000
vt 0.226110 0.500000
vt 0.543025 0.314922
vt 0.205294 1.000000
vt 0.036272 0.285336
vt 0.083253 0.500000
vt 0.671711 0.452298
vt 0.062437 1.000000
vt 0.144369 0.439131
vt 0.750000 0.379711
vt 0.733492 0.482050
vt 0.828072 0.452403
vt 0.068640 0.565547
vt 0.000000 0.528160
vt 0.059439 0.500000
vt 0.931360 0.565547
vt 0.987432 0.500000
vt 1.000000 0.565770
vt 0.167991 0.450507
vt 0.928571 0.934453
vt 1.000000 0.972753
vt 0.937563 1.000000
vt 0.071429 0.934453
vt 0.000000 0.934675
vt 0.851412 0.330873
vt 0.921131 0.407587
vt 0.956922 0.315157
vt 0.925783 0.565547
vt 0.850859 0.514080
vt 0.916582 0.500000
vt 0.788503 0.565547
vt 0.857143 0.565770
vt 0.346621 0.327053
vt 0.355631 0.439131
vt 0.785714 0.934453
vt 0.863556 0.986376
vt 0.928571 0.934452
vt 0.857143 0.934675
vt 0.876458 0.221137
vt 0.979906 0.214458
vt 0.929955 0.128847
vt 0.782926 0.565547
vt 0.708002 0.514080
vt 0.773725 0.500000
vt 0.645646 0.565548
vt 0.714286 0.565770
vt 0.370485 0.222500
vt 0.463728 0.285336
vt 0.642857 0.934452
vt 0.720699 0.986376
vt 0.785714 0.934452
vt 0.714286 0.934675
vt 0.806279 0.133135
vt 0.865556 0.048093
vt 0.767479 0.033767
vt 0.640069 0.565548
vt 0.565144 0.514080
vt 0.630868 0.500000
vt 0.502788 0.565547
vt 0.571429 0.565770
vt 0.303621 0.138655
vt 0.410884 0.104932
vt 0.500000 0.934453
vt 0.577842 0.986376
vt 0.642857 0.934453
vt 0.571429 0.934675
vt 0.693721 0.133135
vt 0.664190 0.033767
vt 0.591840 0.101516
vt 0.497212 0.565547
vt 0.422287 0.514080
vt 0.488011 0.500000
vt 0.359931 0.565548
vt 0.428571 0.565770
vt 0.196379 0.138655
vt 0.134209 0.048387
vt 0.236891 0.033767
vt 0.357143 0.934453
vt 0.434985 0.986376
vt 0.366135 1.000000
vt 0.500000 0.934453
vt 0.428571 0.934675
vt 0.623542 0.221137
vt 0.527441 0.182270
vt 0.535299 0.281076
vt 0.354355 0.565547
vt 0.279430 0.514080
vt 0.345154 0.500000
vt 0.217074 0.565547
vt 0.285714 0.565770
vt 0.020178 0.214826
vt 0.072769 0.125430
vt 0.214286 0.934452
vt 0.292128 0.986376
vt 0.223278 1.000000
vt 0.357143 0.934453
vt 0.285714 0.934675
vt 0.648588 0.330873
vt 0.558283 0.381774
vt 0.640433 0.437235
vt 0.211497 0.565547
vt 0.136573 0.514080
vt 0.202296 0.500000
vt 0.074217 0.565547
vt 0.142857 0.565770
vt 0.153379 0.327053
vt 0.079208 0.407751
vt 0.042106 0.310897
vt 0.071429 0.934452
vt 0.149271 0.986376
vt 0.080421 1.000000
vt 0.214286 0.934452
vt 0.142857 0.934675
vt 0.940561 0.500000
vt 0.859568 0.437235
vt 0.919580 1.000000
vt 0.332009 0.450507
vt 0.000000 0.565770
vt 1.000000 0.934675
vt 0.797704 0.500000
vt 0.457894 0.310897
vt 0.654847 0.500000
vt 0.908160 0.101516
vt 0.511989 0.500000
vt 0.732521 0.033767
vt 0.491008 1.000000
vt 0.369132 0.500000
vt 0.089116 0.104932
vt 0.226275 0.500000
vt 0.205294 1.000000
vt 0.083418 0.500000
vt 0.671928 0.452403
vt 0.062437 1.000000
vt 0.750000 0.380051
vt 0.733543 0.482075
vt 0.827831 0.452519
vt 0.068427 0.561906
vt 0.000000 0.526596
vt 0.059256 0.500000
vt 0.931573 0.561906
vt 0.987471 0.500000
vt 1.000000 0.562116
vt 0.928571 0.938094
vt 1.000000 0.974267
vt 0.071429 0.938094
vt 0.000000 0.938305
vt 0.851678 0.331085
vt 0.921182 0.407563
vt 0.956862 0.315418
vt 0.925570 0.561906
vt 0.850878 0.513298
vt 0.916399 0.500000
vt 0.788715 0.561906
vt 0.857143 0.562116
vt 0.355630 0.439131
vt 0.785714 0.938094
vt 0.863556 0.987133
vt 0.794706 1.000000
vt 0.928571 0.938094
vt 0.857143 0.938305
vt 0.876790 0.221061
vt 0.979918 0.214403
vt 0.930122 0.129056
vt 0.782713 0.561906
vt 0.708021 0.513298
vt 0.773542 0.500000
vt 0.645858 0.561906
vt 0.714286 0.562117
vt 0.370485 0.222500
vt 0.642857 0.938094
vt 0.720699 0.987133
vt 0.785714 0.938094
vt 0.714286 0.938304
vt 0.806427 0.132828
vt 0.865521 0.048048
vt 0.767746 0.033767
vt 0.639856 0.561906
vt 0.565164 0.513298
vt 0.630684 0.500000
vt 0.503001 0.561906
vt 0.571429 0.562116
vt 0.335433 0.033767
vt 0.410884 0.104932
vt 0.500000 0.938094
vt 0.577842 0.987133
vt 0.642857 0.938094
vt 0.571429 0.938305
vt 0.693573 0.132828
vt 0.664134 0.033767
vt 0.592007 0.101307
vt 0.496999 0.561906
vt 0.422307 0.513298
vt 0.487827 0.500000
vt 0.360144 0.561906
vt 0.428571 0.562116
vt 0.196379 0.138655
vt 0.134209 0.048387
vt 0.236891 0.033767
vt 0.357143 0.938094
vt 0.434985 0.987133
vt 0.500000 0.938094
vt 0.428571 0.938305
vt 0.623210 0.221061
vt 0.527406 0.182314
vt 0.535240 0.280815
vt 0.354142 0.561906
vt 0.279450 0.513298
vt 0.344970 0.500000
vt 0.217287 0.561906
vt 0.285714 0.562116
vt 0.129515 0.222500
vt 0.020178 0.214826
vt 0.072769 0.125430
vt 0.214286 0.938094
vt 0.292128 0.987133
vt 0.357143 0.938094
vt 0.285714 0.938305
vt 0.648322 0.331085
vt 0.558296 0.381830
vt 0.640191 0.437119
vt 0.211285 0.561906
vt 0.136592 0.513298
vt 0.202113 0.500000
vt 0.074430 0.561906
vt 0.142857 0.562116
vt 0.079208 0.407751
vt 0.042106 0.310897
vt 0.071429 0.938094
vt 0.149271 0.987133
vt 0.080421 1.000000
vt 0.214286 0.938094
vt 0.142857 0.938305
vt 0.940744 0.500000
vt 0.000000 0.562116
vt 1.000000 0.938305
vt 0.797887 0.500000
vt 0.457894 0.310897
vt 0.655030 0.500000
vt 0.907993 0.101307
vt 0.633865 1.000000
vt 0.427231 0.125430
vt 0.512173 0.500000
vt 0.732254 0.033767
vt 0.491008 1.000000
vt 0.369316 0.500000
vt 0.569878 0.129056
vt 0.348151 1.000000
vt 0.226459 0.500000
vt 0.083601 0.500000
vt 0.062437 1.000000
vt 0.144370 0.439131
vt 0.750000 0.388950
vt 0.745230 0.488264
vt 0.804806 0.470052
vt 0.000000 0.535126
vt 0.039473 0.500000
vt 0.055556 0.541065
vt 0.960527 0.500000
vt 1.000000 0.535126
vt 0.944445 0.541065
vt 0.250000 0.456965
vt 0.255249 0.488089
vt 0.227819 0.481927
vt 1.000000 0.952995
vt 0.984024 1.000000
vt 0.976873 0.958935
vt 0.015976 1.000000
vt 0.000000 0.952995
vt 0.023127 0.958935
vt 0.839316 0.356442
vt 0.899499 0.435587
vt 0.933430 0.383342
vt 0.888889 0.535126
vt 0.928362 0.500000
vt 0.944444 0.541065
vt 0.849416 0.500000
vt 0.833333 0.541065
vt 0.383034 0.408544
vt 0.407062 0.429013
vt 0.382088 0.441924
vt 0.888889 0.952995
vt 0.872913 1.000000
vt 0.865762 0.958935
vt 0.904865 1.000000
vt 0.912016 0.958935
vt 0.886839 0.274128
vt 0.983816 0.296071
vt 0.976226 0.234239
vt 0.777778 0.535126
vt 0.817251 0.500000
vt 0.833333 0.541065
vt 0.738304 0.500000
vt 0.722222 0.541065
vt 0.453820 0.285939
vt 0.485384 0.286174
vt 0.474552 0.312118
vt 0.777778 0.952995
vt 0.761802 1.000000
vt 0.754651 0.958935
vt 0.793754 1.000000
vt 0.800905 0.958935
vt 0.870335 0.180525
vt 0.958728 0.134999
vt 0.913168 0.092511
vt 0.666667 0.535126
vt 0.706140 0.500000
vt 0.722222 0.541065
vt 0.627193 0.500000
vt 0.611111 0.541065
vt 0.429237 0.146518
vt 0.453567 0.126409
vt 0.461945 0.153246
vt 0.666667 0.952995
vt 0.650691 1.000000
vt 0.643540 0.958935
vt 0.682643 1.000000
vt 0.689794 0.958935
vt 0.797524 0.119429
vt 0.835973 0.027736
vt 0.773762 0.024474
vt 0.555556 0.535126
vt 0.595029 0.500000
vt 0.611111 0.541065
vt 0.516082 0.500000
vt 0.500000 0.541065
vt 0.320786 0.055517
vt 0.326499 0.024474
vt 0.350167 0.039647
vt 0.555556 0.952995
vt 0.539580 1.000000
vt 0.532429 0.958935
vt 0.571531 1.000000
vt 0.578682 0.958935
vt 0.702476 0.119429
vt 0.672991 0.024474
vt 0.623237 0.061963
vt 0.444444 0.535126
vt 0.483918 0.500000
vt 0.404971 0.500000
vt 0.388889 0.541065
vt 0.179214 0.055517
vt 0.163636 0.028065
vt 0.191520 0.024474
vt 0.444444 0.952995
vt 0.428469 1.000000
vt 0.421318 0.958935
vt 0.460420 1.000000
vt 0.467571 0.958935
vt 0.629666 0.180525
vt 0.546042 0.126737
vt 0.532026 0.187437
vt 0.333333 0.535126
vt 0.372807 0.500000
vt 0.388889 0.541065
vt 0.293860 0.500000
vt 0.277778 0.541065
vt 0.070763 0.146518
vt 0.041184 0.135501
vt 0.060236 0.114827
vt 0.333333 0.952995
vt 0.317358 1.000000
vt 0.310207 0.958935
vt 0.349309 1.000000
vt 0.356460 0.958935
vt 0.613161 0.274128
vt 0.514527 0.286677
vt 0.542808 0.342185
vt 0.222222 0.535126
vt 0.261696 0.500000
vt 0.277778 0.541065
vt 0.182749 0.500000
vt 0.166667 0.541065
vt 0.046180 0.285939
vt 0.016439 0.296513
vt 0.017745 0.268429
vt 0.222222 0.952995
vt 0.206246 1.000000
vt 0.199095 0.958935
vt 0.238198 1.000000
vt 0.245349 0.958935
vt 0.660684 0.356442
vt 0.593193 0.429455
vt 0.650537 0.453798
vt 0.111111 0.535126
vt 0.150584 0.500000
vt 0.166667 0.541065
vt 0.071638 0.500000
vt 0.055556 0.541065
vt 0.116966 0.408544
vt 0.100980 0.435761
vt 0.083929 0.413408
vt 0.111111 0.952995
vt 0.095135 1.000000
vt 0.087984 0.958935
vt 0.127087 1.000000
vt 0.134238 0.958935
vt 0.416071 0.413408
vt 0.482255 0.268429
vt 0.586832 0.092511
vt 0.149833 0.039647
vt 0.523774 0.234239
vt 0.038055 0.153246
vt 0.566570 0.383342
vt 0.025449 0.312118
vt 0.117912 0.441924
vt 0.923077 0.750000
vt 0.998971 0.500000
vt 1.000000 0.750000
vt 0.750000 0.489632
vt 0.851343 0.443094
vt 0.750000 0.468073
vt 0.923077 1.000000
vt 0.361363 0.462184
vt 0.250000 0.468073
vt 0.351343 0.443094
vt 0.846154 0.750000
vt 0.923077 0.500000
vt 0.861363 0.462184
vt 0.929470 0.373879
vt 0.846154 1.000000
vt 0.846154 0.750000
vt 0.447213 0.386127
vt 0.429470 0.373879
vt 0.769231 0.750000
vt 0.846154 0.500000
vt 0.987885 0.278885
vt 0.947214 0.386127
vt 0.769231 1.000000
vt 0.769231 0.750000
vt 0.487885 0.278884
vt 0.466482 0.276286
vt 0.692308 0.750000
vt 0.769231 0.500000
vt 0.974060 0.165025
vt 0.966482 0.276286
vt 0.692308 0.750000
vt 0.692308 1.000000
vt 0.474060 0.165025
vt 0.453901 0.172670
vt 0.615385 0.500000
vt 0.692308 0.500000
vt 0.908906 0.070633
vt 0.953901 0.172670
vt 0.615385 0.750000
vt 0.615385 1.000000
vt 0.394609 0.086770
vt 0.408905 0.070633
vt 0.538462 0.500000
vt 0.807348 0.017331
vt 0.894609 0.086770
vt 0.538462 1.000000
vt 0.538462 0.750000
vt 0.302188 0.038264
vt 0.307348 0.017331
vt 0.461538 0.750000
vt 0.697812 0.038264
vt 0.802188 0.038264
vt 0.461539 1.000000
vt 0.197812 0.038264
vt 0.192652 0.017331
vt 0.384615 0.500000
vt 0.461538 0.500000
vt 0.591095 0.070633
vt 0.692652 0.017331
vt 0.384615 1.000000
vt 0.384615 0.750000
vt 0.105391 0.086770
vt 0.091094 0.070633
vt 0.384615 0.750000
vt 0.307692 0.500000
vt 0.525940 0.165025
vt 0.605391 0.086770
vt 0.307692 1.000000
vt 0.307692 0.750000
vt 0.025940 0.165025
vt 0.046099 0.172670
vt 0.307692 0.750000
vt 0.230769 0.500000
vt 0.512115 0.278884
vt 0.546099 0.172670
vt 0.230769 1.000000
vt 0.230769 0.750000
vt 0.012115 0.278885
vt 0.033517 0.276286
vt 0.153846 0.750000
vt 0.230769 0.750000
vt 0.552787 0.386127
vt 0.533517 0.276286
vt 0.153846 1.000000
vt 0.153846 0.750000
vt 0.070530 0.373879
vt 0.052787 0.386127
vt 0.076923 0.500000
vt 0.153846 0.500000
vt 0.638637 0.462184
vt 0.570530 0.373879
vt 0.076923 1.000000
vt 0.076923 0.750000
vt 0.148657 0.443094
vt 0.138637 0.462184
vt 0.001029 0.500000
vt 0.648656 0.443094
vt 0.001029 1.000000
vt 0.000000 0.750000
vt 0.250000 0.489632
vt 0.538462 0.501647
vt 0.615385 0.600000
vt 0.538462 0.600000
vt 0.538462 0.698353
vt 0.615385 0.701647
vt 0.538462 0.800000
vt 0.538462 0.701647
vt 0.615385 0.800000
vt 0.538462 0.900000
vt 0.538462 0.900000
vt 0.538462 1.000000
vt 0.538462 0.000000
vt 0.615385 0.097375
vt 0.538462 0.097375
vt 0.538462 0.102625
vt 0.615385 0.200000
vt 0.538462 0.200000
vt 0.615385 0.300000
vt 0.538462 0.300000
vt 0.615385 0.300000
vt 0.538462 0.400000
vt 0.538462 0.300000
vt 0.615385 0.400000
vt 0.538462 0.498353
vt 0.615385 0.501647
vt 0.692308 0.600000
vt 0.615385 0.698353
vt 0.692308 0.800000
vt 0.615385 0.900000
vt 0.615385 0.900000
vt 0.692308 1.000000
vt 0.692308 0.000000
vt 0.615385 0.000000
vt 0.615385 0.102625
vt 0.692308 0.200000
vt 0.692308 0.300000
vt 0.692308 0.400000
vt 0.615385 0.498353
vt 0.769231 0.501647
vt 0.692308 0.501647
vt 0.769231 0.600000
vt 0.692308 0.698353
vt 0.769231 0.701647
vt 0.692308 0.701647
vt 0.769231 0.800000
vt 0.692308 0.900000
vt 0.769231 0.900000
vt 0.692308 0.900000
vt 0.769231 0.000000
vt 0.692308 0.097375
vt 0.769231 0.102625
vt 0.692308 0.102625
vt 0.769231 0.200000
vt 0.692308 0.300000
vt 0.769231 0.400000
vt 0.769231 0.498353
vt 0.692308 0.498353
vt 0.846154 0.600000
vt 0.769231 0.698353
vt 0.846154 0.800000
vt 0.769231 0.900000
vt 0.846154 0.900000
vt 0.769231 1.000000
vt 0.846154 0.000000
vt 0.769231 0.097375
vt 0.846154 0.200000
vt 0.846154 0.300000
vt 0.769231 0.300000
vt 0.846154 0.300000
vt 0.769231 0.300000
vt 0.846154 0.400000
vt 0.923077 0.501647
vt 0.846154 0.501647
vt 0.923077 0.600000
vt 0.846154 0.698353
vt 0.923077 0.701647
vt 0.846154 0.701647
vt 0.923077 0.800000
vt 0.846154 0.900000
vt 0.923077 0.900000
vt 0.923077 0.000000
vt 0.846154 0.097375
vt 0.923077 0.102625
vt 0.846154 0.102625
vt 0.923077 0.200000
vt 0.923077 0.300000
vt 0.923077 0.498353
vt 0.846154 0.498353
vt 1.000000 0.501647
vt 1.000000 0.698353
vt 0.923077 0.698353
vt 1.000000 0.701647
vt 1.000000 0.900000
vt 0.923077 0.900000
vt 1.000000 0.900000
vt 0.923077 1.000000
vt 1.000000 0.000000
vt 0.923077 0.097375
vt 1.000000 0.102625
vt 1.000000 0.200000
vt 0.923077 0.300000
vt 1.000000 0.300000
vt 0.923077 0.400000
vt 0.999458 0.400000
vt -0.000000 0.501647
vt 0.076923 0.600000
vt 0.001458 0.600000
vt -0.000000 0.698353
vt 0.076923 0.701647
vt 0.000542 0.800000
vt -0.000000 0.701647
vt 0.076923 0.800000
vt -0.000000 0.900000
vt 0.076923 0.900000
vt -0.000000 1.000000
vt 0.076923 0.000000
vt -0.000000 0.097375
vt -0.000000 0.000000
vt 0.076923 0.102625
vt -0.000000 0.200000
vt -0.000000 0.102625
vt 0.076923 0.200000
vt -0.000000 0.300000
vt -0.000000 0.300000
vt 0.076923 0.400000
vt 0.000542 0.400000
vt 0.076923 0.498353
vt -0.000000 0.498353
vt 0.153846 0.501647
vt 0.076923 0.501647
vt 0.153846 0.698353
vt 0.076923 0.698353
vt 0.153846 0.701647
vt 0.153846 0.900000
vt 0.153846 0.900000
vt 0.076923 1.000000
vt 0.153846 0.000000
vt 0.076923 0.097375
vt 0.153846 0.102625
vt 0.153846 0.200000
vt 0.076923 0.300000
vt 0.076923 0.300000
vt 0.153846 0.400000
vt 0.153846 0.498353
vt 0.230769 0.501647
vt 0.153846 0.600000
vt 0.230769 0.600000
vt 0.230769 0.701647
vt 0.153846 0.800000
vt 0.230769 0.800000
vt 0.230769 1.000000
vt 0.153846 1.000000
vt 0.230769 0.000000
vt 0.153846 0.097375
vt 0.230769 0.200000
vt 0.153846 0.300000
vt 0.230769 0.400000
vt 0.307692 0.501647
vt 0.307692 0.698353
vt 0.230769 0.698353
vt 0.307692 0.800000
vt 0.307692 0.900000
vt 0.230769 0.900000
vt 0.307692 0.900000
vt 0.230769 0.900000
vt 0.307692 0.000000
vt 0.230769 0.097375
vt 0.307692 0.102625
vt 0.230769 0.102625
vt 0.307692 0.200000
vt 0.230769 0.300000
vt 0.230769 0.300000
vt 0.307692 0.400000
vt 0.307692 0.498353
vt 0.230769 0.498353
vt 0.384615 0.600000
vt 0.307692 0.600000
vt 0.307692 0.701647
vt 0.384615 0.800000
vt 0.384615 0.900000
vt 0.384615 1.000000
vt 0.384615 0.000000
vt 0.307692 0.097375
vt 0.384615 0.102625
vt 0.384615 0.200000
vt 0.307692 0.300000
vt 0.384615 0.300000
vt 0.307692 0.300000
vt 0.384615 0.498353
vt 0.461538 0.501647
vt 0.384615 0.501647
vt 0.461538 0.600000
vt 0.384615 0.698353
vt 0.461538 0.701647
vt 0.384615 0.701647
vt 0.461538 0.900000
vt 0.461538 0.900000
vt 0.384615 0.900000
vt 0.461538 0.097375
vt 0.384615 0.097375
vt 0.461538 0.200000
vt 0.384615 0.300000
vt 0.461538 0.300000
vt 0.384615 0.400000
vt 0.461538 0.400000
vt 0.461538 0.800000
vt 0.461538 0.300000
vt 0.461539 0.498353
vt 0.461539 0.698353
vt 0.461539 0.102625
vt 1.000000 0.498353
vt 1.000000 0.300000
vt 0.615385 0.501647
vt 0.538462 0.501647
vt 0.615385 0.698353
vt 0.538462 0.698353
vt 0.538462 0.701647
vt 0.615385 0.800000
vt 0.538462 0.800000
vt 0.538462 0.900000
vt 0.615385 0.000000
vt 0.538462 0.097375
vt 0.615385 0.102625
vt 0.538462 0.102625
vt 0.615385 0.300000
vt 0.538462 0.300000
vt 0.538462 0.300000
vt 0.615385 0.498353
vt 0.692308 0.501647
vt 0.692308 0.600000
vt 0.692308 0.701647
vt 0.615385 0.701647
vt 0.615385 1.000000
vt 0.692308 0.097375
vt 0.615385 0.097375
vt 0.692308 0.102625
vt 0.615385 0.200000
vt 0.692308 0.200000
vt 0.692308 0.400000
vt 0.615385 0.400000
vt 0.769231 0.698353
vt 0.692308 0.698353
vt 0.769231 0.701647
vt 0.692308 0.800000
vt 0.769231 0.800000
vt 0.769231 0.900000
vt 0.692308 0.900000
vt 0.692308 0.000000
vt 0.769231 0.097375
vt 0.692308 0.300000
vt 0.692308 0.300000
vt 0.769231 0.400000
vt 0.769231 0.498353
vt 0.692308 0.498353
vt 0.769231 0.501647
vt 0.846154 0.600000
vt 0.846154 0.698353
vt 0.846154 0.800000
vt 0.769231 0.900000
vt 0.846154 0.900000
vt 0.769231 0.000000
vt 0.846154 0.102625
vt 0.769231 0.102625
vt 0.846154 0.200000
vt 0.769231 0.300000
vt 0.769231 0.300000
vt 0.846154 0.400000
vt 0.846154 0.498353
vt 0.846154 0.501647
vt 0.923077 0.600000
vt 0.846154 0.701647
vt 0.923077 0.800000
vt 0.923077 0.900000
vt 0.846154 1.000000
vt 0.923077 0.097375
vt 0.846154 0.097375
vt 0.923077 0.102625
vt 0.923077 0.200000
vt 0.846154 0.300000
vt 0.923077 0.300000
vt 0.923077 0.400000
vt 0.998376 0.600000
vt 1.000000 0.698353
vt 0.923077 0.698353
vt 0.923077 0.701647
vt 1.000000 0.900000
vt 1.000000 0.900000
vt 0.923077 0.000000
vt 0.923077 0.300000
vt 1.000000 0.300000
vt 0.999386 0.400000
vt 0.923077 0.498353
vt 0.076923 0.501647
vt 0.001624 0.600000
vt -0.000000 0.501647
vt 0.076923 0.698353
vt -0.000000 0.698353
vt -0.000000 0.701647
vt 0.076923 0.800000
vt 0.000614 0.800000
vt 0.076923 0.900000
vt -0.000000 0.900000
vt 0.076923 0.900000
vt -0.000000 0.900000
vt 0.076923 0.000000
vt -0.000000 0.097375
vt -0.000000 0.102625
vt 0.076923 0.200000
vt 0.076923 0.300000
vt -0.000000 0.300000
vt 0.076923 0.400000
vt 0.000614 0.400000
vt 0.153846 0.501647
vt 0.076923 0.600000
vt 0.153846 0.698353
vt 0.076923 0.701647
vt 0.153846 0.800000
vt 0.153846 1.000000
vt 0.076923 1.000000
vt 0.153846 0.097375
vt 0.076923 0.097375
vt 0.076923 0.102625
vt 0.153846 0.200000
vt 0.076923 0.300000
vt 0.153846 0.400000
vt 0.153846 0.498353
vt 0.076923 0.498353
vt 0.230769 0.501647
vt 0.153846 0.600000
vt 0.230769 0.698353
vt 0.153846 0.701647
vt 0.230769 0.800000
vt 0.230769 0.900000
vt 0.153846 0.900000
vt 0.230769 0.000000
vt 0.153846 0.000000
vt 0.230769 0.102625
vt 0.230769 0.300000
vt 0.153846 0.300000
vt 0.230769 0.400000
vt 0.307692 0.600000
vt 0.230769 0.600000
vt 0.307692 0.701647
vt 0.230769 0.701647
vt 0.230769 0.900000
vt 0.307692 0.900000
vt 0.230769 1.000000
vt 0.230769 0.097375
vt 0.307692 0.102625
vt 0.230769 0.200000
vt 0.307692 0.300000
vt 0.230769 0.300000
vt 0.307692 0.400000
vt 0.384615 0.501647
vt 0.307692 0.501647
vt 0.384615 0.698353
vt 0.384615 0.701647
vt 0.384615 0.900000
vt 0.307692 0.900000
vt 0.384615 0.097375
vt 0.307692 0.097375
vt 0.384615 0.200000
vt 0.307692 0.300000
vt 0.384615 0.400000
vt 0.307692 0.498353
vt 0.384615 0.600000
vt 0.461538 0.698353
vt 0.461539 0.701647
vt 0.384615 0.800000
vt 0.461538 0.900000
vt 0.461538 1.000000
vt 0.461538 0.000000
vt 0.384615 0.000000
vt 0.384615 0.102625
vt 0.461538 0.200000
vt 0.461538 0.400000
vt 0.461538 0.600000
vt 0.461538 0.800000
vt 0.461538 0.097375
vt 0.461538 0.900000
vt 0.461538 0.300000
vt 0.461538 0.498353
vt 0.461538 0.102625
vt 0.461538 0.300000
vt 1.000000 0.498353
vt 1.000000 0.102625
vt 0.671674 0.452280
vt 0.332172 0.450428
vt 0.859313 0.437358
vt 0.457934 0.310720
vt 0.964638 0.281351
vt 0.262928 0.033767
vt 0.732804 0.033767
vt 0.144533 0.439210
vt 0.671922 0.452400
vt 0.332172 0.450428
vt 0.427118 0.125288
vt 0.262928 0.033767
vt 0.732528 0.033767
vt 0.089003 0.105074
vt 0.543077 0.315151
vt 0.859840 0.437104
vt 0.457934 0.310720
vt 0.964768 0.280781
vt 0.569856 0.129083
vt 0.144533 0.439210
vt 0.457934 0.310720
vt 0.964845 0.280441
vt 0.907754 0.101007
vt 0.731871 0.033767
vt 0.089003 0.105074
vt 0.036312 0.285513
vt 0.860510 0.436781
vt 0.731475 0.033767
vt 0.569393 0.129664
vt 0.144533 0.439210
vt 0.671337 0.452118
vt 0.332009 0.450507
vt 0.858976 0.437520
vt 0.427231 0.125430
vt 0.733178 0.033767
vt 0.089116 0.104932
vt 0.542932 0.314517
vt 0.671515 0.452204
vt 0.332009 0.450507
vt 0.427231 0.125430
vt 0.263109 0.033767
vt 0.542976 0.314710
vt 0.964647 0.281310
vt 0.908310 0.101704
vt 0.263109 0.033767
vt 0.732762 0.033767
vt 0.089116 0.104932
vt 0.570195 0.128658
vt 0.964701 0.281076
vt 0.263109 0.033767
vt 0.570045 0.128847
vt 0.036272 0.285336
vt 0.543078 0.315157
vt 0.672169 0.452519
vt 0.332009 0.450507
vt 0.859809 0.437119
vt 0.964760 0.280815
vt 0.089116 0.104932
vt 0.543138 0.315418
vt 0.695194 0.470052
vt 0.000000 0.511147
vt 0.996565 0.500000
vt 0.272181 0.481927
vt 1.000000 0.976287
vt 0.003781 1.000000
vt 0.849463 0.453798
vt 0.887171 0.505573
vt 0.890779 0.988144
vt 0.957192 0.342185
vt 0.776060 0.505573
vt 0.779668 0.988144
vt 0.967974 0.187437
vt 0.664949 0.505573
vt 0.439764 0.114827
vt 0.668557 0.988144
vt 0.876763 0.061963
vt 0.553838 0.505573
vt 0.308480 0.024474
vt 0.557446 0.988144
vt 0.726238 0.024474
vt 0.442727 0.505573
vt 0.446335 0.988144
vt 0.331616 0.505573
vt 0.335224 0.988144
vt 0.220505 0.505573
vt 0.224113 0.988144
vt 0.109394 0.505573
vt 0.113002 0.988144
vt 0.998971 1.000000
vt 0.998542 0.600000
vt 0.999458 0.800000
vt 1.000000 1.000000
vt 1.000000 0.097375
vt 0.461538 1.000000
vt 0.461538 0.000000
vt 1.000000 0.501647
vt 0.999386 0.800000
vt 1.000000 0.097375
vt 1.000000 0.300000
s 0
usemtl bone
f 1/1/1 5/2/1 7/3/1
f 2/4/2 5/5/2 4/6/2
f 3/7/3 5/8/3 6/9/3
f 8/10/4 12/11/4 14/12/4
f 9/13/5 12/14/5 11/15/5
f 10/16/6 12/17/6 13/18/6
f 15/19/7 19/20/7 21/21/7
f 16/22/8 19/23/8 18/24/8
f 17/25/9 19/23/9 20/26/9
f 22/27/10 26/28/10 28/29/10
f 23/30/11 26/31/11 25/32/11
f 24/33/12 26/31/12 27/34/12
f 29/35/13 33/36/13 35/37/13
f 30/38/14 33/39/14 32/40/14
f 31/41/15 33/39/15 34/42/15
f 36/43/16 40/44/16 42/45/16
f 37/46/17 40/47/17 39/48/17
f 38/49/18 40/47/18 41/50/18
f 43/51/19 47/52/19 49/53/19
f 44/54/20 47/55/20 46/56/20
f 45/57/21 47/55/21 48/58/21
f 50/59/22 54/60/22 56/61/22
f 51/62/23 54/63/23 53/64/23
f 52/65/24 54/63/24 55/66/24
f 57/67/25 61/68/25 63/69/25
f 58/70/26 61/71/26 60/72/26
f 59/73/27 61/71/27 62/74/27
f 64/75/28 68/76/28 70/77/28
f 65/78/29 68/79/29 67/80/29
f 66/81/30 68/79/30 69/82/30
f 71/83/31 75/84/31 77/85/31
f 72/86/32 75/87/32 74/88/32
f 73/89/33 75/87/33 76/90/33
f 78/91/34 82/92/34 84/93/34
f 79/94/35 82/95/35 81/96/35
f 80/97/36 82/95/36 83/98/36
f 85/99/37 89/100/37 91/101/37
f 86/102/38 89/103/38 88/104/38
f 87/105/39 89/103/39 90/106/39
f 92/107/40 96/108/40 98/109/40
f 93/110/41 96/111/41 95/112/41
f 94/113/42 96/111/42 97/114/42
f 16/22/43 7/115/43 3/7/43
f 7/3/44 15/19/44 1/1/44
f 24/33/45 11/15/45 28/116/45
f 28/29/46 8/10/46 22/27/46
f 2/4/47 13/18/47 6/117/47
f 13/118/48 3/7/48 6/9/48
f 17/25/49 27/34/49 23/30/49
f 27/34/50 16/22/50 24/33/50
f 17/25/51 32/40/51 21/119/51
f 21/21/52 29/35/52 15/19/52
f 38/49/53 25/32/53 42/120/53
f 42/45/54 22/27/54 36/43/54
f 31/41/55 41/50/55 37/46/55
f 41/50/56 30/38/56 38/49/56
f 44/54/57 35/121/57 31/41/57
f 46/122/58 29/35/58 35/37/58
f 52/65/59 39/48/59 56/123/59
f 39/124/60 50/59/60 56/61/60
f 45/57/61 55/66/61 51/62/61
f 55/66/62 44/54/62 52/65/62
f 45/57/63 60/72/63 49/125/63
f 49/53/64 57/67/64 43/51/64
f 66/81/65 53/64/65 70/126/65
f 70/77/66 50/59/66 64/75/66
f 59/73/67 69/82/67 65/78/67
f 69/82/68 58/70/68 66/81/68
f 59/73/69 74/88/69 63/127/69
f 74/128/70 57/67/70 63/69/70
f 80/97/71 67/80/71 84/129/71
f 67/130/72 78/91/72 84/93/72
f 73/89/73 83/98/73 79/94/73
f 83/98/74 72/86/74 80/97/74
f 86/102/75 77/131/75 73/89/75
f 88/132/76 71/83/76 77/85/76
f 79/94/77 98/133/77 94/113/77
f 81/134/78 92/107/78 98/109/78
f 87/105/79 97/114/79 93/110/79
f 97/114/80 86/102/80 94/113/80
f 87/105/81 4/6/81 91/135/81
f 91/101/82 1/1/82 85/99/82
f 10/16/83 95/112/83 14/136/83
f 14/12/84 92/107/84 8/10/84
f 15/19/85 43/51/85 71/83/85
f 3/7/86 24/33/86 16/22/86
f 87/105/87 10/16/87 2/4/87
f 8/10/88 78/91/88 50/59/88
f 23/30/89 30/38/89 17/25/89
f 31/41/90 52/65/90 44/54/90
f 51/62/91 58/70/91 45/57/91
f 65/78/92 72/86/92 59/73/92
f 79/94/93 86/102/93 73/89/93
f 99/137/94 103/138/94 105/139/94
f 100/140/95 103/141/95 102/142/95
f 101/143/96 103/144/96 104/145/96
f 106/146/97 110/147/97 112/12/97
f 107/148/98 110/149/98 109/150/98
f 108/151/99 110/17/99 111/152/99
f 113/153/100 117/154/100 119/155/100
f 114/156/101 117/157/101 116/158/101
f 115/159/102 117/157/102 118/160/102
f 120/161/103 124/162/103 126/163/103
f 121/164/104 124/165/104 123/166/104
f 122/167/105 124/165/105 125/168/105
f 127/169/106 131/170/106 133/171/106
f 128/172/107 131/173/107 130/174/107
f 129/175/108 131/173/108 132/176/108
f 134/177/109 138/178/109 140/179/109
f 135/180/110 138/181/110 137/182/110
f 136/183/111 138/181/111 139/184/111
f 141/185/112 145/186/112 147/187/112
f 142/188/113 145/189/113 144/190/113
f 143/191/114 145/189/114 146/192/114
f 148/193/115 152/194/115 154/195/115
f 149/196/116 152/197/116 151/198/116
f 150/199/117 152/197/117 153/200/117
f 155/201/118 159/202/118 161/203/118
f 156/204/119 159/205/119 158/206/119
f 157/207/120 159/205/120 160/208/120
f 162/209/121 166/210/121 168/211/121
f 163/212/122 166/213/122 165/214/122
f 164/215/123 166/213/123 167/216/123
f 169/217/124 173/218/124 175/219/124
f 170/220/125 173/221/125 172/222/125
f 171/223/126 173/221/126 174/224/126
f 176/225/127 180/226/127 182/227/127
f 177/228/128 180/229/128 179/96/128
f 178/230/129 180/229/129 181/231/129
f 183/232/130 187/233/130 189/234/130
f 184/235/131 187/236/131 186/237/131
f 185/238/132 187/236/132 188/239/132
f 190/240/133 194/241/133 196/242/133
f 191/243/134 194/244/134 193/245/134
f 192/246/135 194/244/135 195/247/135
f 114/156/136 105/248/136 101/143/136
f 116/249/137 99/137/137 105/139/137
f 107/148/138 126/250/138 122/167/138
f 126/163/139 106/146/139 120/161/139
f 100/140/140 111/152/140 104/251/140
f 111/252/141 101/143/141 104/145/141
f 115/159/142 125/168/142 121/164/142
f 125/168/143 114/156/143 122/167/143
f 115/159/144 130/174/144 119/253/144
f 130/254/145 113/153/145 119/155/145
f 121/164/138 140/255/138 136/183/138
f 123/256/146 134/177/146 140/179/146
f 129/175/147 139/184/147 135/180/147
f 139/184/148 128/172/148 136/183/148
f 129/175/149 144/190/149 133/257/149
f 144/258/150 127/169/150 133/171/150
f 150/199/151 137/182/151 154/259/151
f 154/195/152 134/177/152 148/193/152
f 143/191/153 153/200/153 149/196/153
f 153/200/154 142/188/154 150/199/154
f 143/191/155 158/206/155 147/260/155
f 147/187/156 155/201/156 141/185/156
f 164/215/157 151/198/157 168/261/157
f 168/211/158 148/193/158 162/209/158
f 157/207/159 167/216/159 163/212/159
f 167/216/160 156/204/160 164/215/160
f 157/207/161 172/222/161 161/262/161
f 172/263/162 155/201/162 161/203/162
f 178/230/163 165/214/163 182/264/163
f 182/227/164 162/209/164 176/225/164
f 171/223/165 181/231/165 177/228/165
f 181/231/166 170/220/166 178/230/166
f 171/223/167 186/237/167 175/265/167
f 175/219/168 183/232/168 169/217/168
f 177/228/169 196/266/169 192/246/169
f 179/267/170 190/240/170 196/242/170
f 185/238/171 195/247/171 191/243/171
f 195/247/172 184/235/172 192/246/172
f 100/140/173 189/268/173 185/238/173
f 189/234/174 99/137/174 183/232/174
f 108/151/175 193/245/175 112/269/175
f 193/270/176 106/146/176 112/12/176
f 113/153/177 141/185/177 169/217/177
f 107/148/178 114/156/178 101/143/178
f 185/238/179 108/151/179 100/140/179
f 106/146/180 176/225/180 148/193/180
f 115/159/181 136/183/181 128/172/181
f 129/175/182 150/199/182 142/188/182
f 143/191/183 164/215/183 156/204/183
f 157/207/184 178/230/184 170/220/184
f 177/228/185 184/235/185 171/223/185
f 197/271/186 201/272/186 203/273/186
f 198/274/187 201/275/187 200/276/187
f 199/277/188 201/278/188 202/279/188
f 204/146/189 208/280/189 210/281/189
f 205/282/190 208/283/190 207/284/190
f 206/285/191 208/286/191 209/287/191
f 211/288/192 215/289/192 217/290/192
f 212/291/193 215/292/193 214/293/193
f 213/294/194 215/292/194 216/295/194
f 218/27/195 222/296/195 224/297/195
f 219/298/196 222/299/196 221/166/196
f 220/300/197 222/299/197 223/301/197
f 225/302/198 229/303/198 231/304/198
f 226/305/199 229/306/199 228/307/199
f 227/308/200 229/306/200 230/309/200
f 232/310/201 236/311/201 238/312/201
f 233/313/202 236/314/202 235/182/202
f 234/298/203 236/314/203 237/315/203
f 239/316/204 243/317/204 245/318/204
f 240/319/205 243/320/205 242/321/205
f 241/322/206 243/320/206 244/323/206
f 246/193/207 250/324/207 252/325/207
f 247/326/208 250/327/208 249/64/208
f 248/313/209 250/327/209 251/328/209
f 253/329/210 257/330/210 259/331/210
f 254/332/211 257/333/211 256/334/211
f 255/335/212 257/333/212 258/336/212
f 260/337/213 264/338/213 266/339/213
f 261/340/214 264/341/214 263/214/214
f 262/326/215 264/341/215 265/342/215
f 267/343/216 271/344/216 273/345/216
f 268/346/217 271/347/217 270/348/217
f 269/349/218 271/347/218 272/350/218
f 274/351/219 278/352/219 280/353/219
f 275/354/220 278/355/220 277/356/220
f 276/357/221 278/355/221 279/358/221
f 281/359/222 285/360/222 287/361/222
f 282/362/223 285/363/223 284/364/223
f 283/365/224 285/363/224 286/366/224
f 288/367/225 292/241/225 294/368/225
f 289/369/226 292/370/226 291/245/226
f 290/371/227 292/370/227 293/372/227
f 212/291/228 203/373/228 199/277/228
f 203/273/229 211/288/229 197/271/229
f 220/300/230 207/284/230 224/116/230
f 207/374/231 218/27/231 224/297/231
f 198/274/232 209/287/232 202/375/232
f 209/376/233 199/277/233 202/279/233
f 213/294/234 223/301/234 219/298/234
f 223/301/235 212/291/235 220/300/235
f 226/305/236 217/377/236 213/294/236
f 217/290/237 225/302/237 211/288/237
f 219/298/138 238/255/138 234/298/138
f 238/312/238 218/27/238 232/310/238
f 227/308/239 237/315/239 233/313/239
f 237/315/240 226/305/240 234/298/240
f 240/319/241 231/378/241 227/308/241
f 242/379/242 225/302/242 231/304/242
f 248/313/243 235/182/243 252/380/243
f 235/381/244 246/193/244 252/325/244
f 241/322/245 251/328/245 247/326/245
f 251/328/246 240/319/246 248/313/246
f 254/332/247 245/382/247 241/322/247
f 256/383/248 239/316/248 245/318/248
f 262/326/249 249/64/249 266/384/249
f 249/385/250 260/337/250 266/339/250
f 255/335/251 265/342/251 261/340/251
f 265/342/252 254/332/252 262/326/252
f 268/346/253 259/386/253 255/335/253
f 259/331/254 267/343/254 253/329/254
f 276/357/255 263/214/255 280/387/255
f 263/388/256 274/351/256 280/353/256
f 269/349/257 279/358/257 275/354/257
f 279/358/258 268/346/258 276/357/258
f 269/349/259 284/364/259 273/389/259
f 284/390/260 267/343/260 273/345/260
f 275/354/138 294/266/138 290/371/138
f 277/391/261 288/367/261 294/368/261
f 283/365/262 293/372/262 289/369/262
f 293/372/263 282/362/263 290/371/263
f 283/365/264 200/276/264 287/392/264
f 200/393/265 281/359/265 287/361/265
f 206/285/266 291/245/266 210/394/266
f 210/281/267 288/367/267 204/146/267
f 211/288/268 239/316/268 267/343/268
f 199/277/269 220/300/269 212/291/269
f 283/365/270 206/285/270 198/274/270
f 204/146/271 274/351/271 246/193/271
f 213/294/272 234/298/272 226/305/272
f 227/308/273 248/313/273 240/319/273
f 241/322/274 262/326/274 254/332/274
f 255/335/275 276/357/275 268/346/275
f 275/354/276 282/362/276 269/349/276
f 295/395/277 299/396/277 301/397/277
f 296/398/278 299/399/278 298/400/278
f 297/401/279 299/402/279 300/403/279
f 302/404/280 306/280/280 308/405/280
f 303/406/281 306/407/281 305/408/281
f 304/409/282 306/286/282 307/410/282
f 309/411/283 313/412/283 315/413/283
f 310/414/284 313/415/284 312/416/284
f 311/417/285 313/415/285 314/418/285
f 316/419/286 320/420/286 322/29/286
f 317/421/287 320/422/287 319/423/287
f 318/424/288 320/422/288 321/425/288
f 323/426/289 327/427/289 329/428/289
f 324/429/290 327/430/290 326/431/290
f 325/432/291 327/430/291 328/433/291
f 330/434/292 334/435/292 336/45/292
f 331/436/293 334/437/293 333/438/293
f 332/439/294 334/437/294 335/440/294
f 337/441/295 341/442/295 343/443/295
f 338/444/296 341/445/296 340/446/296
f 339/447/297 341/445/297 342/448/297
f 344/449/298 348/450/298 350/451/298
f 345/452/299 348/453/299 347/454/299
f 346/455/300 348/453/300 349/456/300
f 351/457/301 355/458/301 357/459/301
f 352/460/302 355/461/302 354/462/302
f 353/463/303 355/461/303 356/464/303
f 358/465/304 362/466/304 364/467/304
f 359/468/305 362/469/305 361/470/305
f 360/452/306 362/469/306 363/471/306
f 365/472/307 369/473/307 371/474/307
f 366/475/308 369/476/308 368/477/308
f 367/478/309 369/476/309 370/479/309
f 372/480/310 376/481/310 378/482/310
f 373/483/311 376/484/311 375/356/311
f 374/485/312 376/484/312 377/486/312
f 379/487/313 383/488/313 385/489/313
f 380/490/314 383/491/314 382/492/314
f 381/493/315 383/491/315 384/494/315
f 386/495/316 390/496/316 392/368/316
f 387/497/317 390/498/317 389/499/317
f 388/500/318 390/498/318 391/501/318
f 297/401/319 312/416/319 301/502/319
f 312/503/320 295/395/320 301/397/320
f 318/424/321 305/408/321 322/504/321
f 305/505/322 316/419/322 322/29/322
f 296/398/323 307/410/323 300/506/323
f 307/507/324 297/401/324 300/403/324
f 311/417/325 321/425/325 317/421/325
f 321/425/326 310/414/326 318/424/326
f 324/429/327 315/508/327 311/417/327
f 315/413/328 323/426/328 309/411/328
f 332/439/329 319/423/329 336/255/329
f 336/45/330 316/419/330 330/434/330
f 325/432/331 335/440/331 331/436/331
f 335/440/332 324/429/332 332/439/332
f 325/432/333 340/446/333 329/509/333
f 329/428/334 337/441/334 323/426/334
f 346/455/335 333/438/335 350/510/335
f 333/511/336 344/449/336 350/451/336
f 339/447/337 349/456/337 345/452/337
f 349/456/338 338/444/338 346/455/338
f 339/447/339 354/462/339 343/512/339
f 343/443/340 351/457/340 337/441/340
f 360/452/341 347/454/341 364/126/341
f 364/467/342 344/449/342 358/465/342
f 353/463/343 363/471/343 359/468/343
f 363/471/344 352/460/344 360/452/344
f 366/475/345 357/513/345 353/463/345
f 368/514/346 351/457/346 357/459/346
f 374/485/347 361/470/347 378/515/347
f 378/482/348 358/465/348 372/480/348
f 367/478/349 377/486/349 373/483/349
f 377/486/350 366/475/350 374/485/350
f 380/490/351 371/516/351 367/478/351
f 382/517/352 365/472/352 371/474/352
f 388/500/353 375/356/353 392/266/353
f 392/368/354 372/480/354 386/495/354
f 381/493/355 391/501/355 387/497/355
f 391/501/356 380/490/356 388/500/356
f 296/398/357 385/518/357 381/493/357
f 298/519/358 379/487/358 385/489/358
f 304/409/359 389/499/359 308/520/359
f 389/521/360 302/404/360 308/405/360
f 309/411/361 337/441/361 365/472/361
f 297/401/362 318/424/362 310/414/362
f 381/493/363 304/409/363 296/398/363
f 302/404/364 372/480/364 344/449/364
f 311/417/365 332/439/365 324/429/365
f 325/432/366 346/455/366 338/444/366
f 339/447/367 360/452/367 352/460/367
f 353/463/368 374/485/368 366/475/368
f 367/478/369 388/500/369 380/490/369
f 393/522/370 397/523/370 399/524/370
f 394/525/371 397/526/371 396/527/371
f 395/528/372 397/529/372 398/530/372
f 400/10/373 404/531/373 406/532/373
f 401/533/374 404/534/374 403/150/374
f 402/535/375 404/17/375 405/536/375
f 407/537/376 411/538/376 413/539/376
f 408/540/377 411/541/377 410/542/377
f 409/543/378 411/541/378 412/544/378
f 414/545/379 418/296/379 420/163/379
f 415/546/380 418/547/380 417/166/380
f 416/548/381 418/547/381 419/549/381
f 421/550/382 425/551/382 427/552/382
f 422/553/383 425/554/383 424/555/383
f 423/556/384 425/554/384 426/557/384
f 428/558/385 432/178/385 434/559/385
f 429/560/386 432/561/386 431/182/386
f 430/562/387 432/561/387 433/563/387
f 435/564/388 439/565/388 441/566/388
f 436/567/389 439/568/389 438/569/389
f 437/570/390 439/568/390 440/571/390
f 442/572/391 446/573/391 448/61/391
f 443/574/392 446/575/392 445/454/392
f 444/576/393 446/575/393 447/577/393
f 449/578/394 453/579/394 455/580/394
f 450/581/395 453/582/395 452/583/395
f 451/584/396 453/582/396 454/585/396
f 456/209/397 460/338/397 462/586/397
f 457/587/398 460/588/398 459/214/398
f 458/589/399 460/588/399 461/590/399
f 463/591/400 467/592/400 469/593/400
f 464/594/401 467/595/401 466/596/401
f 465/597/402 467/595/402 468/598/402
f 470/480/403 474/599/403 476/600/403
f 471/601/404 474/602/404 473/603/404
f 472/604/405 474/602/405 475/605/405
f 477/606/406 481/607/406 483/608/406
f 478/609/407 481/610/407 480/611/407
f 479/612/408 481/610/408 482/613/408
f 484/107/409 488/496/409 490/614/409
f 485/615/410 488/616/410 487/617/410
f 486/618/411 488/616/411 489/619/411
f 395/528/412 410/542/412 399/620/412
f 399/524/413 407/537/413 393/522/413
f 416/548/414 403/150/414 420/504/414
f 403/621/415 414/545/415 420/163/415
f 394/525/416 405/536/416 398/622/416
f 405/623/417 395/528/417 398/530/417
f 409/543/418 419/549/418 415/546/418
f 419/549/419 408/540/419 416/548/419
f 409/543/420 424/555/420 413/624/420
f 424/625/421 407/537/421 413/539/421
f 430/562/422 417/166/422 434/255/422
f 417/626/423 428/558/423 434/559/423
f 423/556/424 433/563/424 429/560/424
f 433/563/425 422/553/425 430/562/425
f 423/556/426 438/569/426 427/627/426
f 438/628/427 421/550/427 427/552/427
f 444/576/428 431/182/428 448/510/428
f 431/629/429 442/572/429 448/61/429
f 437/570/430 447/577/430 443/574/430
f 447/577/431 436/567/431 444/576/431
f 437/570/432 452/583/432 441/630/432
f 441/566/433 449/578/433 435/564/433
f 458/589/434 445/454/434 462/384/434
f 462/586/435 442/572/435 456/209/435
f 451/584/436 461/590/436 457/587/436
f 461/590/437 450/581/437 458/589/437
f 464/594/438 455/631/438 451/584/438
f 455/580/439 463/591/439 449/578/439
f 472/604/440 459/214/440 476/387/440
f 476/600/441 456/209/441 470/480/441
f 465/597/442 475/605/442 471/601/442
f 475/605/443 464/594/443 472/604/443
f 478/609/444 469/632/444 465/597/444
f 480/633/445 463/591/445 469/593/445
f 486/618/446 473/603/446 490/266/446
f 473/634/447 484/107/447 490/614/447
f 479/612/448 489/619/448 485/615/448
f 489/619/449 478/609/449 486/618/449
f 394/525/450 483/635/450 479/612/450
f 396/636/451 477/606/451 483/608/451
f 402/535/452 487/617/452 406/637/452
f 406/532/453 484/107/453 400/10/453
f 407/537/454 435/564/454 463/591/454
f 395/528/455 416/548/455 408/540/455
f 479/612/456 402/535/456 394/525/456
f 400/10/457 470/480/457 442/572/457
f 409/543/458 430/562/458 422/553/458
f 423/556/459 444/576/459 436/567/459
f 437/570/460 458/589/460 450/581/460
f 451/584/461 472/604/461 464/594/461
f 465/597/462 486/618/462 478/609/462
f 491/638/463 495/639/463 497/640/463
f 492/641/464 495/642/464 494/643/464
f 493/644/465 495/645/465 496/646/465
f 498/647/466 502/648/466 504/649/466
f 499/650/467 502/651/467 501/652/467
f 500/653/468 502/654/468 503/655/468
f 505/656/469 509/657/469 511/658/469
f 506/659/470 509/660/470 508/661/470
f 507/662/471 509/660/471 510/663/471
f 512/664/472 516/665/472 518/666/472
f 513/667/473 516/668/473 515/669/473
f 514/670/474 516/668/474 517/671/474
f 519/672/475 523/673/475 525/674/475
f 520/675/476 523/676/476 522/677/476
f 521/678/477 523/676/477 524/679/477
f 526/680/478 530/681/478 532/682/478
f 527/683/479 530/684/479 529/685/479
f 528/686/480 530/684/480 531/687/480
f 533/688/481 537/689/481 539/690/481
f 534/691/482 537/692/482 536/693/482
f 535/694/483 537/692/483 538/695/483
f 540/696/484 544/697/484 546/698/484
f 541/699/485 544/700/485 543/701/485
f 542/702/486 544/700/486 545/703/486
f 547/704/487 551/705/487 553/706/487
f 548/707/488 551/708/488 550/709/488
f 549/710/489 551/708/489 552/711/489
f 554/712/490 558/713/490 560/714/490
f 555/715/491 558/716/491 557/717/491
f 556/718/492 558/716/492 559/719/492
f 561/720/493 565/721/493 567/722/493
f 562/723/494 565/724/494 564/725/494
f 563/726/495 565/724/495 566/727/495
f 568/728/496 572/729/496 574/730/496
f 569/731/497 572/732/497 571/733/497
f 570/715/498 572/732/498 573/734/498
f 575/735/499 579/736/499 581/737/499
f 576/738/500 579/739/500 578/740/500
f 577/741/501 579/739/501 580/742/501
f 582/743/502 586/744/502 588/745/502
f 583/746/503 586/747/503 585/748/503
f 584/749/504 586/747/504 587/750/504
f 493/644/505 508/661/505 497/751/505
f 497/640/506 505/656/506 491/638/506
f 514/670/507 501/652/507 518/752/507
f 518/666/508 498/647/508 512/664/508
f 492/641/509 503/655/509 496/753/509
f 503/754/510 493/644/510 496/646/510
f 507/662/511 517/671/511 513/667/511
f 517/671/512 506/659/512 514/670/512
f 507/662/513 522/677/513 511/755/513
f 522/756/514 505/656/514 511/658/514
f 528/686/515 515/669/515 532/757/515
f 515/758/516 526/680/516 532/682/516
f 521/678/517 531/687/517 527/683/517
f 531/687/518 520/675/518 528/686/518
f 534/691/519 525/759/519 521/678/519
f 536/760/520 519/672/520 525/674/520
f 542/702/521 529/685/521 546/761/521
f 546/698/522 526/680/522 540/696/522
f 535/694/523 545/703/523 541/699/523
f 545/703/524 534/691/524 542/702/524
f 535/694/525 550/709/525 539/762/525
f 539/690/526 547/704/526 533/688/526
f 541/699/527 560/763/527 556/718/527
f 543/764/528 554/712/528 560/714/528
f 549/710/529 559/719/529 555/715/529
f 559/719/530 548/707/530 556/718/530
f 562/723/531 553/765/531 549/710/531
f 564/766/532 547/704/532 553/706/532
f 570/715/533 557/717/533 574/767/533
f 574/730/534 554/712/534 568/728/534
f 563/726/535 573/734/535 569/731/535
f 573/734/536 562/723/536 570/715/536
f 563/726/537 578/740/537 567/768/537
f 567/722/538 575/735/538 561/720/538
f 584/749/539 571/733/539 588/769/539
f 588/745/540 568/728/540 582/743/540
f 577/741/541 587/750/541 583/746/541
f 587/750/542 576/738/542 584/749/542
f 492/641/543 581/770/543 577/741/543
f 581/737/544 491/638/544 575/735/544
f 500/653/545 585/748/545 504/771/545
f 585/772/546 498/647/546 504/649/546
f 505/656/547 533/688/547 561/720/547
f 499/650/548 506/659/548 493/644/548
f 583/746/549 492/641/549 577/741/549
f 498/647/550 568/728/550 540/696/550
f 507/662/551 528/686/551 520/675/551
f 521/678/552 542/702/552 534/691/552
f 541/699/553 548/707/553 535/694/553
f 549/710/554 570/715/554 562/723/554
f 563/726/555 584/749/555 576/738/555
f 589/773/556 593/774/556 595/775/556
f 590/776/557 593/777/557 592/778/557
f 591/779/558 593/780/558 594/781/558
f 596/782/559 600/783/559 602/784/559
f 597/785/560 600/786/560 599/652/560
f 598/787/561 600/788/561 601/789/561
f 603/790/562 607/791/562 609/792/562
f 604/793/563 607/794/563 606/795/563
f 605/796/564 607/794/564 608/797/564
f 610/798/565 614/799/565 616/800/565
f 611/801/566 614/802/566 613/803/566
f 612/804/567 614/802/567 615/805/567
f 617/806/568 621/807/568 623/808/568
f 618/809/569 621/810/569 620/811/569
f 619/812/570 621/810/570 622/813/570
f 624/814/571 628/815/571 630/816/571
f 625/817/572 628/818/572 627/819/572
f 626/820/573 628/818/573 629/821/573
f 631/822/574 635/823/574 637/824/574
f 632/825/575 635/826/575 634/827/575
f 633/828/576 635/826/576 636/829/576
f 638/830/577 642/831/577 644/832/577
f 639/833/578 642/834/578 641/835/578
f 640/836/579 642/834/579 643/837/579
f 645/838/580 649/839/580 651/840/580
f 646/841/581 649/842/581 648/843/581
f 647/844/582 649/842/582 650/845/582
f 652/846/583 656/847/583 658/848/583
f 653/849/584 656/850/584 655/851/584
f 654/852/585 656/850/585 657/853/585
f 659/854/586 663/855/586 665/856/586
f 660/857/587 663/858/587 662/859/587
f 661/860/588 663/858/588 664/861/588
f 666/862/589 670/863/589 672/864/589
f 667/865/590 670/866/590 669/867/590
f 668/849/591 670/866/591 671/868/591
f 673/869/592 677/870/592 679/871/592
f 674/872/593 677/873/593 676/874/593
f 675/875/594 677/873/594 678/876/594
f 680/877/595 684/878/595 686/879/595
f 681/880/596 684/881/596 683/748/596
f 682/882/597 684/881/597 685/883/597
f 604/793/598 595/884/598 591/779/598
f 606/885/599 589/773/599 595/775/599
f 612/804/600 599/652/600 616/886/600
f 616/800/601 596/782/601 610/798/601
f 590/776/602 601/789/602 594/887/602
f 601/888/603 591/779/603 594/781/603
f 605/796/604 615/805/604 611/801/604
f 615/805/605 604/793/605 612/804/605
f 605/796/606 620/811/606 609/889/606
f 620/890/607 603/790/607 609/792/607
f 626/820/608 613/803/608 630/891/608
f 613/892/609 624/814/609 630/816/609
f 619/812/610 629/821/610 625/817/610
f 629/821/611 618/809/611 626/820/611
f 632/825/612 623/893/612 619/812/612
f 634/894/613 617/806/613 623/808/613
f 640/836/614 627/819/614 644/895/614
f 644/832/615 624/814/615 638/830/615
f 633/828/616 643/837/616 639/833/616
f 643/837/617 632/825/617 640/836/617
f 646/841/618 637/896/618 633/828/618
f 648/897/619 631/822/619 637/824/619
f 639/833/620 658/763/620 654/852/620
f 658/848/621 638/830/621 652/846/621
f 647/844/622 657/853/622 653/849/622
f 657/853/623 646/841/623 654/852/623
f 660/857/624 651/898/624 647/844/624
f 662/899/625 645/838/625 651/840/625
f 668/849/626 655/851/626 672/900/626
f 655/901/627 666/862/627 672/864/627
f 661/860/628 671/868/628 667/865/628
f 671/868/629 660/857/629 668/849/629
f 674/872/630 665/902/630 661/860/630
f 665/856/631 673/869/631 659/854/631
f 682/882/632 669/867/632 686/903/632
f 669/904/633 680/877/633 686/879/633
f 675/875/634 685/883/634 681/880/634
f 685/883/635 674/872/635 682/882/635
f 675/875/636 592/778/636 679/905/636
f 679/871/637 589/773/637 673/869/637
f 598/787/638 683/748/638 602/906/638
f 683/907/639 596/782/639 602/784/639
f 603/790/640 631/822/640 659/854/640
f 591/779/641 612/804/641 604/793/641
f 675/875/642 598/787/642 590/776/642
f 596/782/643 666/862/643 638/830/643
f 605/796/644 626/820/644 618/809/644
f 619/812/645 640/836/645 632/825/645
f 639/833/646 646/841/646 633/828/646
f 647/844/647 668/849/647 660/857/647
f 667/865/648 674/872/648 661/860/648
f 687/908/649 691/909/649 693/910/649
f 688/911/650 691/912/650 690/913/650
f 689/914/651 691/915/651 692/916/651
f 694/917/652 698/648/652 700/918/652
f 695/919/653 698/920/653 697/921/653
f 696/922/654 698/923/654 699/924/654
f 701/925/655 705/926/655 707/927/655
f 702/928/656 705/929/656 704/930/656
f 703/931/657 705/929/657 706/932/657
f 708/933/658 712/934/658 714/666/658
f 709/935/659 712/936/659 711/937/659
f 710/938/660 712/936/660 713/939/660
f 715/940/661 719/941/661 721/942/661
f 716/943/662 719/944/662 718/945/662
f 717/946/663 719/944/663 720/947/663
f 722/948/664 726/949/664 728/950/664
f 723/951/665 726/952/665 725/953/665
f 724/954/666 726/952/666 727/955/666
f 729/956/667 733/957/667 735/958/667
f 730/959/668 733/960/668 732/961/668
f 731/962/669 733/960/669 734/963/669
f 736/696/670 740/964/670 742/965/670
f 737/966/671 740/967/671 739/835/671
f 738/968/672 740/967/672 741/969/672
f 743/970/673 747/971/673 749/972/673
f 744/973/674 747/974/674 746/975/674
f 745/976/675 747/974/675 748/977/675
f 750/978/676 754/979/676 756/980/676
f 751/981/677 754/982/677 753/983/677
f 752/984/678 754/982/678 755/985/678
f 757/986/679 761/987/679 763/988/679
f 758/989/680 761/990/680 760/991/680
f 759/992/681 761/990/681 762/993/681
f 764/994/682 768/995/682 770/996/682
f 765/997/683 768/998/683 767/999/683
f 766/1000/684 768/998/684 769/1001/684
f 771/1002/685 775/1003/685 777/1004/685
f 772/1005/686 775/1006/686 774/1007/686
f 773/1008/687 775/1006/687 776/1009/687
f 778/1010/688 782/744/688 784/1011/688
f 779/922/689 782/1012/689 781/1013/689
f 780/1014/690 782/1012/690 783/1015/690
f 702/928/691 693/1016/691 689/914/691
f 704/1017/692 687/908/692 693/910/692
f 710/938/693 697/921/693 714/1018/693
f 697/1019/694 708/933/694 714/666/694
f 688/911/695 699/924/695 692/1020/695
f 699/1021/696 689/914/696 692/916/696
f 703/931/697 713/939/697 709/935/697
f 713/939/698 702/928/698 710/938/698
f 703/931/699 718/945/699 707/1022/699
f 707/927/700 715/940/700 701/925/700
f 724/954/701 711/937/701 728/1023/701
f 711/1024/702 722/948/702 728/950/702
f 717/946/703 727/955/703 723/951/703
f 727/955/704 716/943/704 724/954/704
f 717/946/705 732/961/705 721/1025/705
f 721/942/706 729/956/706 715/940/706
f 738/968/707 725/953/707 742/895/707
f 725/1026/708 736/696/708 742/965/708
f 731/962/709 741/969/709 737/966/709
f 741/969/710 730/959/710 738/968/710
f 731/962/711 746/975/711 735/1027/711
f 735/958/712 743/970/712 729/956/712
f 737/966/620 756/1028/620 752/984/620
f 756/980/713 736/696/713 750/978/713
f 745/976/714 755/985/714 751/981/714
f 755/985/715 744/973/715 752/984/715
f 758/989/716 749/1029/716 745/976/716
f 749/972/717 757/986/717 743/970/717
f 766/1000/718 753/983/718 770/1030/718
f 770/996/719 750/978/719 764/994/719
f 759/992/720 769/1001/720 765/997/720
f 769/1001/721 758/989/721 766/1000/721
f 772/1005/722 763/1031/722 759/992/722
f 774/1032/723 757/986/723 763/988/723
f 780/1014/724 767/999/724 784/1033/724
f 767/1034/725 778/1010/725 784/1011/725
f 773/1008/726 783/1015/726 779/922/726
f 783/1015/727 772/1005/727 780/1014/727
f 773/1008/728 690/913/728 777/1035/728
f 690/1036/729 771/1002/729 777/1004/729
f 696/922/730 781/1013/730 700/1037/730
f 781/1038/731 694/917/731 700/918/731
f 701/925/732 729/956/732 757/986/732
f 689/914/733 710/938/733 702/928/733
f 773/1008/734 696/922/734 688/911/734
f 694/917/735 764/994/735 736/696/735
f 703/931/736 724/954/736 716/943/736
f 717/946/737 738/968/737 730/959/737
f 737/966/738 744/973/738 731/962/738
f 745/976/739 766/1000/739 758/989/739
f 759/992/740 780/1014/740 772/1005/740
f 785/1039/741 789/1040/741 791/1041/741
f 786/1042/742 789/1043/742 788/1044/742
f 787/1045/743 789/1046/743 790/1047/743
f 792/647/744 796/648/744 798/1048/744
f 793/1049/745 796/1050/745 795/1051/745
f 794/1052/746 796/788/746 797/1053/746
f 799/1054/747 803/1055/747 805/1056/747
f 800/1057/748 803/1058/748 802/1059/748
f 801/1060/749 803/1058/749 804/1061/749
f 806/1062/750 810/934/750 812/1063/750
f 807/1064/751 810/1065/751 809/669/751
f 808/1066/752 810/1065/752 811/1067/752
f 813/1068/753 817/1069/753 819/1070/753
f 814/1071/754 817/1072/754 816/1073/754
f 815/1074/755 817/1072/755 818/1075/755
f 820/1076/756 824/815/756 826/1077/756
f 821/1078/757 824/1079/757 823/819/757
f 822/1080/758 824/1079/758 825/1081/758
f 827/1082/759 831/1083/759 833/1084/759
f 828/1085/760 831/1086/760 830/1087/760
f 829/1088/761 831/1086/761 832/1089/761
f 834/1090/762 838/964/762 840/1091/762
f 835/1092/763 838/1093/763 837/701/763
f 836/1094/764 838/1093/764 839/1095/764
f 841/1096/765 845/1097/765 847/1098/765
f 842/1099/766 845/1100/766 844/1101/766
f 843/1102/767 845/1100/767 846/1103/767
f 848/1104/768 852/1105/768 854/1106/768
f 849/1107/769 852/1108/769 851/1109/769
f 850/1110/770 852/1108/770 853/1111/770
f 855/1112/771 859/1113/771 861/1114/771
f 856/1115/772 859/1116/772 858/1117/772
f 857/1118/773 859/1116/773 860/1119/773
f 862/994/774 866/1120/774 868/1121/774
f 863/1122/775 866/1123/775 865/1124/775
f 864/1125/776 866/1123/776 867/1126/776
f 869/1127/777 873/1128/777 875/1129/777
f 870/1130/778 873/1131/778 872/1132/778
f 871/1133/779 873/1131/779 874/1134/779
f 876/1135/780 880/1136/780 882/1137/780
f 877/1138/781 880/1139/781 879/1140/781
f 878/1141/782 880/1139/782 881/1142/782
f 787/1045/783 802/1059/783 791/1143/783
f 802/1144/784 785/1039/784 791/1041/784
f 808/1066/785 795/1051/785 812/1145/785
f 795/1146/786 806/1062/786 812/1063/786
f 786/1042/787 797/1053/787 790/1147/787
f 797/1148/788 787/1045/788 790/1047/788
f 801/1060/789 811/1067/789 807/1064/789
f 811/1067/790 800/1057/790 808/1066/790
f 814/1071/791 805/1149/791 801/1060/791
f 805/1056/792 813/1068/792 799/1054/792
f 822/1080/793 809/669/793 826/757/793
f 809/1150/794 820/1076/794 826/1077/794
f 815/1074/795 825/1081/795 821/1078/795
f 825/1081/796 814/1071/796 822/1080/796
f 828/1085/797 819/1151/797 815/1074/797
f 830/1152/798 813/1068/798 819/1070/798
f 836/1094/799 823/819/799 840/895/799
f 840/1091/800 820/1076/800 834/1090/800
f 829/1088/801 839/1095/801 835/1092/801
f 839/1095/802 828/1085/802 836/1094/802
f 842/1099/803 833/1153/803 829/1088/803
f 844/1154/804 827/1082/804 833/1084/804
f 835/1092/805 854/1155/805 850/1110/805
f 854/1106/806 834/1090/806 848/1104/806
f 843/1102/807 853/1111/807 849/1107/807
f 853/1111/808 842/1099/808 850/1110/808
f 856/1115/809 847/1156/809 843/1102/809
f 847/1098/810 855/1112/810 841/1096/810
f 864/1125/811 851/1109/811 868/900/811
f 851/1157/812 862/994/812 868/1121/812
f 857/1118/813 867/1126/813 863/1122/813
f 867/1126/814 856/1115/814 864/1125/814
f 870/1130/815 861/1158/815 857/1118/815
f 861/1114/816 869/1127/816 855/1112/816
f 878/1141/817 865/1124/817 882/1159/817
f 882/1137/818 862/994/818 876/1135/818
f 871/1133/819 881/1142/819 877/1138/819
f 881/1142/820 870/1130/820 878/1141/820
f 871/1133/821 788/1044/821 875/1160/821
f 788/1161/822 869/1127/822 875/1129/822
f 794/1052/823 879/1140/823 798/1162/823
f 798/1048/824 876/1135/824 792/647/824
f 799/1054/825 827/1082/825 855/1112/825
f 787/1045/826 808/1066/826 800/1057/826
f 871/1133/827 794/1052/827 786/1042/827
f 792/647/828 862/994/828 834/1090/828
f 801/1060/829 822/1080/829 814/1071/829
f 815/1074/830 836/1094/830 828/1085/830
f 835/1092/831 842/1099/831 829/1088/831
f 843/1102/832 864/1125/832 856/1115/832
f 857/1118/833 878/1141/833 870/1130/833
f 883/1163/834 887/1164/834 889/1165/834
f 884/1166/835 887/1167/835 886/1168/835
f 885/1169/836 887/1170/836 888/1171/836
f 890/782/837 894/783/837 896/649/837
f 891/1172/838 894/1173/838 893/921/838
f 892/1174/839 894/788/839 895/1175/839
f 897/1176/840 901/1177/840 903/1178/840
f 898/1179/841 901/1180/841 900/1181/841
f 899/1182/842 901/1180/842 902/1183/842
f 904/1062/843 908/934/843 910/1184/843
f 905/1185/844 908/1186/844 907/1187/844
f 906/1188/845 908/1186/845 909/1189/845
f 911/1190/846 915/1191/846 917/1192/846
f 912/1193/847 915/1194/847 914/1195/847
f 913/1196/848 915/1194/848 916/1197/848
f 918/1198/849 922/815/849 924/950/849
f 919/1199/850 922/1200/850 921/819/850
f 920/1201/851 922/1200/851 923/1202/851
f 925/1203/852 929/1204/852 931/1205/852
f 926/1206/853 929/1207/853 928/1208/853
f 927/1209/854 929/1207/854 930/1210/854
f 932/830/855 936/1211/855 938/1212/855
f 933/1213/856 936/1214/856 935/835/856
f 934/1215/857 936/1214/857 937/1216/857
f 939/1217/858 943/1218/858 945/1219/858
f 940/1220/859 943/1221/859 942/1222/859
f 941/1223/860 943/1221/860 944/1224/860
f 946/1225/861 950/1226/861 952/1227/861
f 947/1228/862 950/1229/862 949/983/862
f 948/1230/863 950/1229/863 951/1231/863
f 953/1232/864 957/1233/864 959/1234/864
f 954/1235/865 957/1236/865 956/1237/865
f 955/1238/866 957/1236/866 958/1239/866
f 960/1240/867 964/1241/867 966/1242/867
f 961/1243/868 964/1244/868 963/867/868
f 962/1245/869 964/1244/869 965/1246/869
f 967/1247/870 971/1248/870 973/1249/870
f 968/1250/871 971/1251/871 970/1252/871
f 969/1253/872 971/1251/872 972/1254/872
f 974/743/873 978/1255/873 980/1256/873
f 975/1257/874 978/1258/874 977/1259/874
f 976/1260/875 978/1258/875 979/1261/875
f 898/1179/876 889/1262/876 885/1169/876
f 889/1165/877 897/1176/877 883/1163/877
f 906/1188/878 893/921/878 910/886/878
f 910/1184/879 890/782/879 904/1062/879
f 884/1166/880 895/1175/880 888/1263/880
f 895/1264/881 885/1169/881 888/1171/881
f 899/1182/882 909/1189/882 905/1185/882
f 909/1189/883 898/1179/883 906/1188/883
f 912/1193/884 903/1265/884 899/1182/884
f 903/1178/885 911/1190/885 897/1176/885
f 920/1201/886 907/1187/886 924/891/886
f 907/1266/887 918/1198/887 924/950/887
f 913/1196/888 923/1202/888 919/1199/888
f 923/1202/889 912/1193/889 920/1201/889
f 913/1196/890 928/1208/890 917/1267/890
f 928/1268/891 911/1190/891 917/1192/891
f 934/1215/892 921/819/892 938/1269/892
f 921/1270/893 932/830/893 938/1212/893
f 927/1209/894 937/1216/894 933/1213/894
f 937/1216/895 926/1206/895 934/1215/895
f 940/1220/896 931/1271/896 927/1209/896
f 942/1272/897 925/1203/897 931/1205/897
f 948/1230/898 935/835/898 952/1273/898
f 952/1227/899 932/830/899 946/1225/899
f 941/1223/900 951/1231/900 947/1228/900
f 951/1231/901 940/1220/901 948/1230/901
f 954/1235/902 945/1274/902 941/1223/902
f 956/1275/903 939/1217/903 945/1219/903
f 962/1245/904 949/983/904 966/1276/904
f 966/1242/905 946/1225/905 960/1240/905
f 955/1238/906 965/1246/906 961/1243/906
f 965/1246/907 954/1235/907 962/1245/907
f 955/1238/908 970/1252/908 959/1277/908
f 959/1234/909 967/1247/909 953/1232/909
f 976/1260/910 963/867/910 980/1033/910
f 963/1034/911 974/743/911 980/1256/911
f 969/1253/912 979/1261/912 975/1257/912
f 979/1261/913 968/1250/913 976/1260/913
f 884/1166/914 973/1278/914 969/1253/914
f 973/1249/915 883/1163/915 967/1247/915
f 892/1174/916 977/1259/916 896/1279/916
f 977/1280/917 890/782/917 896/649/917
f 897/1176/918 925/1203/918 953/1232/918
f 885/1169/919 906/1188/919 898/1179/919
f 969/1253/920 892/1174/920 884/1166/920
f 890/782/921 960/1240/921 932/830/921
f 899/1182/922 920/1201/922 912/1193/922
f 913/1196/923 934/1215/923 926/1206/923
f 927/1209/924 948/1230/924 940/1220/924
f 941/1223/925 962/1245/925 954/1235/925
f 955/1238/926 976/1260/926 968/1250/926
f 981/1281/927 985/1282/927 987/1283/927
f 986/1284/928 984/1285/928 982/1286/928
f 987/1287/929 986/1288/929 983/1289/929
f 988/1290/930 992/1291/930 994/1292/930
f 993/1293/931 991/1294/931 989/1295/931
f 994/1296/932 993/1297/932 990/1298/932
f 995/1299/933 999/1300/933 1001/1301/933
f 1000/1302/934 998/1303/934 996/1304/934
f 1001/1305/935 1000/1302/935 997/1306/935
f 1002/1307/936 1006/1308/936 1008/1309/936
f 1007/1310/937 1005/1311/937 1003/1312/937
f 1008/1313/938 1007/1310/938 1004/1314/938
f 1009/1315/939 1013/1316/939 1015/1317/939
f 1014/1318/940 1012/1319/940 1010/1320/940
f 1015/1321/941 1014/1318/941 1011/1322/941
f 1016/1323/942 1020/1324/942 1022/1325/942
f 1021/1326/943 1019/1327/943 1017/1328/943
f 1022/1329/944 1021/1326/944 1018/1330/944
f 1023/1331/945 1027/1332/945 1029/1333/945
f 1028/1334/946 1026/1335/946 1024/1336/946
f 1029/1337/947 1028/1334/947 1025/1338/947
f 1030/1339/948 1034/1340/948 1036/1341/948
f 1035/1342/949 1033/1343/949 1031/1344/949
f 1036/1345/950 1035/1342/950 1032/1346/950
f 1037/1347/951 1041/1348/951 1043/1349/951
f 1042/1350/952 1040/1351/952 1038/1352/952
f 1043/1353/953 1042/1350/953 1039/1354/953
f 1044/1355/954 1048/1356/954 1050/1357/954
f 1049/1358/955 1047/1359/955 1045/1360/955
f 1050/1361/956 1049/1358/956 1046/1362/956
f 1051/1363/957 1055/1364/957 1057/1365/957
f 1056/1366/958 1054/1367/958 1052/1354/958
f 1057/1368/959 1056/1366/959 1053/1369/959
f 1058/1370/960 1062/1371/960 1064/1372/960
f 1063/1373/961 1061/1374/961 1059/1375/961
f 1064/1376/962 1063/1373/962 1060/1377/962
f 1065/1378/963 1069/1379/963 1071/1380/963
f 1070/1381/964 1068/1382/964 1066/1383/964
f 1071/1384/965 1070/1381/965 1067/1385/965
f 1072/1386/966 1076/1387/966 1078/1388/966
f 1077/1389/967 1075/1390/967 1073/1391/967
f 1078/1392/968 1077/1389/968 1074/1393/968
f 1079/1394/969 1083/1395/969 1085/1396/969
f 1084/1397/970 1082/1398/970 1080/1399/970
f 1085/1400/971 1084/1397/971 1081/1401/971
f 1086/1402/972 1090/1403/972 1092/1404/972
f 1091/1405/973 1089/1406/973 1087/1407/973
f 1092/1408/974 1091/1405/974 1088/1409/974
f 1093/1410/975 1097/1411/975 1099/1412/975
f 1098/1413/976 1096/1414/976 1094/1415/976
f 1099/1416/977 1098/1413/977 1095/1417/977
f 1100/1418/978 1104/1419/978 1106/1420/978
f 1105/1421/979 1103/1422/979 1101/1423/979
f 1106/1424/980 1105/1421/980 1102/1425/980
f 996/1304/981 987/1287/981 983/1289/981
f 987/1283/982 995/1299/982 981/1281/982
f 989/1295/983 1008/1313/983 1004/1314/983
f 1008/1309/984 988/1290/984 1002/1307/984
f 990/1298/985 986/1284/985 982/1286/985
f 993/1293/986 983/1289/986 986/1288/986
f 997/1306/987 1007/1310/987 1003/1312/987
f 1007/1310/988 996/1304/988 1004/1314/988
f 997/1306/989 1012/1319/989 1001/1305/989
f 1001/1301/990 1009/1315/990 995/1299/990
f 1018/1330/991 1005/1311/991 1022/1329/991
f 1005/1426/992 1016/1323/992 1022/1325/992
f 1017/1328/993 1014/1318/993 1021/1326/993
f 1021/1326/994 1010/1320/994 1018/1330/994
f 1011/1322/995 1026/1335/995 1015/1321/995
f 1015/1317/996 1023/1331/996 1009/1315/996
f 1017/1328/997 1036/1345/997 1032/1346/997
f 1019/1427/998 1030/1339/998 1036/1341/998
f 1031/1344/999 1028/1334/999 1035/1342/999
f 1028/1334/1000 1032/1346/1000 1035/1342/1000
f 1025/1338/1001 1040/1351/1001 1029/1337/1001
f 1029/1333/1002 1037/1347/1002 1023/1331/1002
f 1031/1344/1003 1050/1361/1003 1046/1362/1003
f 1050/1357/1004 1030/1339/1004 1044/1355/1004
f 1039/1354/1005 1049/1358/1005 1045/1360/1005
f 1042/1350/1006 1046/1362/1006 1049/1358/1006
f 1039/1354/1007 1054/1367/1007 1043/1353/1007
f 1043/1349/1008 1051/1363/1008 1037/1347/1008
f 1045/1360/1009 1064/1376/1009 1060/1377/1009
f 1064/1372/1010 1044/1355/1010 1058/1370/1010
f 1053/1369/1011 1063/1373/1011 1059/1375/1011
f 1063/1373/1012 1052/1354/1012 1060/1377/1012
f 1053/1369/1013 1068/1382/1013 1057/1368/1013
f 1068/1428/1014 1051/1363/1014 1057/1365/1014
f 1074/1393/1015 1061/1374/1015 1078/1392/1015
f 1061/1429/1016 1072/1386/1016 1078/1388/1016
f 1067/1385/1017 1077/1389/1017 1073/1391/1017
f 1077/1389/1018 1066/1383/1018 1074/1393/1018
f 1067/1385/1019 1082/1398/1019 1071/1384/1019
f 1082/1430/1020 1065/1378/1020 1071/1380/1020
f 1088/1409/1021 1075/1390/1021 1092/1408/1021
f 1075/1431/1022 1086/1402/1022 1092/1404/1022
f 1081/1401/1023 1091/1405/1023 1087/1407/1023
f 1084/1397/1024 1088/1409/1024 1091/1405/1024
f 1094/1415/981 1085/1400/981 1081/1401/981
f 1096/1432/1025 1079/1394/1025 1085/1396/1025
f 1102/1425/1026 1089/1406/1026 1106/1424/1026
f 1089/1433/1027 1100/1418/1027 1106/1420/1027
f 1101/1423/1028 1098/1413/1028 1105/1421/1028
f 1098/1413/1029 1102/1425/1029 1105/1421/1029
f 1095/1417/1030 984/1285/1030 1099/1416/1030
f 1099/1412/1031 981/1281/1031 1093/1410/1031
f 1101/1423/1032 994/1296/1032 990/1298/1032
f 1103/1434/1033 988/1290/1033 994/1292/1033
f 995/1299/1034 1051/1363/1034 1079/1394/1034
f 989/1295/1035 996/1304/1035 983/1289/1035
f 1101/1423/1036 982/1286/1036 1095/1417/1036
f 988/1290/1037 1058/1370/1037 1030/1339/1037
f 997/1306/138 1018/1330/138 1010/1320/138
f 1011/1322/138 1032/1346/138 1024/1336/138
f 1025/1338/138 1046/1362/138 1038/1352/138
f 1045/1360/1038 1052/1354/1038 1039/1354/1038
f 1053/1369/138 1074/1393/138 1066/1383/138
f 1067/1385/138 1088/1409/138 1080/1399/138
f 1081/1401/138 1102/1425/138 1094/1415/138
f 1/1/1444 4/1921/1444 5/2/1444
f 2/4/1445 6/117/1445 5/5/1445
f 3/7/1446 7/115/1446 5/8/1446
f 8/10/1447 11/1922/1447 12/11/1447
f 9/13/1448 13/118/1448 12/14/1448
f 10/16/1449 14/136/1449 12/17/1449
f 15/19/1450 18/1923/1450 19/20/1450
f 16/22/1451 20/26/1451 19/23/1451
f 17/25/1452 21/119/1452 19/23/1452
f 22/27/1453 25/1924/1453 26/28/1453
f 23/30/1454 27/34/1454 26/31/1454
f 24/33/1455 28/116/1455 26/31/1455
f 29/35/1456 32/1925/1456 33/36/1456
f 30/38/1457 34/42/1457 33/39/1457
f 31/41/1458 35/121/1458 33/39/1458
f 36/43/1459 39/124/1459 40/44/1459
f 37/46/1460 41/50/1460 40/47/1460
f 38/49/1461 42/120/1461 40/47/1461
f 43/51/1462 46/122/1462 47/52/1462
f 44/54/1463 48/58/1463 47/55/1463
f 45/57/1464 49/125/1464 47/55/1464
f 50/59/1465 53/1926/1465 54/60/1465
f 51/62/1466 55/66/1466 54/63/1466
f 52/65/1467 56/123/1467 54/63/1467
f 57/67/1468 60/1927/1468 61/68/1468
f 58/70/1469 62/74/1469 61/71/1469
f 59/73/1470 63/127/1470 61/71/1470
f 64/75/1471 67/130/1471 68/76/1471
f 65/78/1472 69/82/1472 68/79/1472
f 66/81/1473 70/126/1473 68/79/1473
f 71/83/1474 74/128/1474 75/84/1474
f 72/86/1475 76/90/1475 75/87/1475
f 73/89/1476 77/131/1476 75/87/1476
f 78/91/1477 81/134/1477 82/92/1477
f 79/94/1478 83/98/1478 82/95/1478
f 80/97/1479 84/129/1479 82/95/1479
f 85/99/1480 88/132/1480 89/100/1480
f 86/102/1481 90/106/1481 89/103/1481
f 87/105/1482 91/135/1482 89/103/1482
f 92/107/1483 95/1928/1483 96/108/1483
f 93/110/1484 97/114/1484 96/111/1484
f 94/113/1485 98/133/1485 96/111/1485
f 16/22/1486 18/24/1486 7/115/1486
f 7/3/44 18/1923/44 15/19/44
f 24/33/1487 9/13/1487 11/15/1487
f 28/29/46 11/1922/46 8/10/46
f 2/4/47 10/16/47 13/18/47
f 13/118/48 9/13/48 3/7/48
f 17/25/49 20/26/49 27/34/49
f 27/34/50 20/26/50 16/22/50
f 17/25/51 30/38/51 32/40/51
f 21/21/1488 32/1925/1488 29/35/1488
f 38/49/1489 23/30/1489 25/32/1489
f 42/45/54 25/1924/54 22/27/54
f 31/41/55 34/42/55 41/50/55
f 41/50/56 34/42/56 30/38/56
f 44/54/57 46/56/57 35/121/57
f 46/122/1490 43/51/1490 29/35/1490
f 52/65/981 37/46/981 39/48/981
f 39/124/60 36/43/60 50/59/60
f 45/57/61 48/58/61 55/66/61
f 55/66/62 48/58/62 44/54/62
f 45/57/63 58/70/63 60/72/63
f 49/53/64 60/1927/64 57/67/64
f 66/81/1491 51/62/1491 53/64/1491
f 70/77/66 53/1926/66 50/59/66
f 59/73/67 62/74/67 69/82/67
f 69/82/68 62/74/68 58/70/68
f 59/73/69 72/86/69 74/88/69
f 74/128/70 71/83/70 57/67/70
f 80/97/1492 65/78/1492 67/80/1492
f 67/130/1493 64/75/1493 78/91/1493
f 73/89/73 76/90/73 83/98/73
f 83/98/74 76/90/74 72/86/74
f 86/102/75 88/104/75 77/131/75
f 88/132/76 85/99/76 71/83/76
f 79/94/1494 81/96/1494 98/133/1494
f 81/134/78 78/91/78 92/107/78
f 87/105/79 90/106/79 97/114/79
f 97/114/80 90/106/80 86/102/80
f 87/105/81 2/4/81 4/6/81
f 91/101/82 4/1921/82 1/1/82
f 10/16/138 93/110/138 95/112/138
f 14/12/84 95/1928/84 92/107/84
f 85/99/85 1/1/85 15/19/85
f 15/19/1495 29/35/1495 43/51/1495
f 43/51/85 57/67/85 71/83/85
f 71/83/85 85/99/85 15/19/85
f 3/7/1496 9/13/1496 24/33/1496
f 87/105/1497 93/110/1497 10/16/1497
f 36/43/88 22/27/88 8/10/88
f 8/10/88 92/107/88 78/91/88
f 78/91/88 64/75/88 50/59/88
f 50/59/88 36/43/88 8/10/88
f 23/30/1498 38/49/1498 30/38/1498
f 31/41/620 37/46/620 52/65/620
f 51/62/1499 66/81/1499 58/70/1499
f 65/78/1500 80/97/1500 72/86/1500
f 79/94/1501 94/113/1501 86/102/1501
f 99/137/1502 102/1929/1502 103/138/1502
f 100/140/1503 104/251/1503 103/141/1503
f 101/143/1504 105/248/1504 103/144/1504
f 106/146/1505 109/1930/1505 110/147/1505
f 107/148/1506 111/252/1506 110/149/1506
f 108/151/1507 112/269/1507 110/17/1507
f 113/153/1508 116/249/1508 117/154/1508
f 114/156/1509 118/160/1509 117/157/1509
f 115/159/1510 119/253/1510 117/157/1510
f 120/161/1511 123/256/1511 124/162/1511
f 121/164/1512 125/168/1512 124/165/1512
f 122/167/1513 126/250/1513 124/165/1513
f 127/169/1514 130/254/1514 131/170/1514
f 128/172/1515 132/176/1515 131/173/1515
f 129/175/1516 133/257/1516 131/173/1516
f 134/177/1517 137/1931/1517 138/178/1517
f 135/180/1518 139/184/1518 138/181/1518
f 136/183/1519 140/255/1519 138/181/1519
f 141/185/1520 144/258/1520 145/186/1520
f 142/188/1521 146/192/1521 145/189/1521
f 143/191/1522 147/260/1522 145/189/1522
f 148/193/1523 151/1932/1523 152/194/1523
f 149/196/1524 153/200/1524 152/197/1524
f 150/199/1525 154/259/1525 152/197/1525
f 155/201/1526 158/1933/1526 159/202/1526
f 156/204/1527 160/208/1527 159/205/1527
f 157/207/1528 161/262/1528 159/205/1528
f 162/209/1529 165/1934/1529 166/210/1529
f 163/212/1530 167/216/1530 166/213/1530
f 164/215/1531 168/261/1531 166/213/1531
f 169/217/1532 172/263/1532 173/218/1532
f 170/220/1533 174/224/1533 173/221/1533
f 171/223/1534 175/265/1534 173/221/1534
f 176/225/1535 179/267/1535 180/226/1535
f 177/228/1536 181/231/1536 180/229/1536
f 178/230/1537 182/264/1537 180/229/1537
f 183/232/1538 186/1935/1538 187/233/1538
f 184/235/1539 188/239/1539 187/236/1539
f 185/238/1540 189/268/1540 187/236/1540
f 190/240/1541 193/270/1541 194/241/1541
f 191/243/1542 195/247/1542 194/244/1542
f 192/246/1543 196/266/1543 194/244/1543
f 114/156/136 116/158/136 105/248/136
f 116/249/1544 113/153/1544 99/137/1544
f 107/148/1545 109/150/1545 126/250/1545
f 126/163/1546 109/1930/1546 106/146/1546
f 100/140/140 108/151/140 111/152/140
f 111/252/141 107/148/141 101/143/141
f 115/159/142 118/160/142 125/168/142
f 125/168/143 118/160/143 114/156/143
f 115/159/144 128/172/144 130/174/144
f 130/254/145 127/169/145 113/153/145
f 121/164/1547 123/166/1547 140/255/1547
f 123/256/146 120/161/146 134/177/146
f 129/175/147 132/176/147 139/184/147
f 139/184/148 132/176/148 128/172/148
f 129/175/149 142/188/149 144/190/149
f 144/258/150 141/185/150 127/169/150
f 150/199/1242 135/180/1242 137/182/1242
f 154/195/152 137/1931/152 134/177/152
f 143/191/153 146/192/153 153/200/153
f 153/200/154 146/192/154 142/188/154
f 143/191/1548 156/204/1548 158/206/1548
f 147/187/156 158/1933/156 155/201/156
f 164/215/1549 149/196/1549 151/198/1549
f 168/211/158 151/1932/158 148/193/158
f 157/207/159 160/208/159 167/216/159
f 167/216/160 160/208/160 156/204/160
f 157/207/161 170/220/161 172/222/161
f 172/263/162 169/217/162 155/201/162
f 178/230/138 163/212/138 165/214/138
f 182/227/164 165/1934/164 162/209/164
f 171/223/165 174/224/165 181/231/165
f 181/231/166 174/224/166 170/220/166
f 171/223/167 184/235/167 186/237/167
f 175/219/168 186/1935/168 183/232/168
f 177/228/1550 179/96/1550 196/266/1550
f 179/267/170 176/225/170 190/240/170
f 185/238/171 188/239/171 195/247/171
f 195/247/172 188/239/172 184/235/172
f 100/140/173 102/142/173 189/268/173
f 189/234/174 102/1929/174 99/137/174
f 108/151/1551 191/243/1551 193/245/1551
f 193/270/176 190/240/176 106/146/176
f 183/232/177 99/137/177 113/153/177
f 113/153/177 127/169/177 141/185/177
f 141/185/177 155/201/177 169/217/177
f 169/217/177 183/232/177 113/153/177
f 107/148/1552 122/167/1552 114/156/1552
f 185/238/1553 191/243/1553 108/151/1553
f 134/177/180 120/161/180 106/146/180
f 106/146/180 190/240/180 176/225/180
f 176/225/180 162/209/180 148/193/180
f 148/193/180 134/177/180 106/146/180
f 115/159/1554 121/164/1554 136/183/1554
f 129/175/1242 135/180/1242 150/199/1242
f 143/191/1555 149/196/1555 164/215/1555
f 157/207/138 163/212/138 178/230/138
f 177/228/1556 192/246/1556 184/235/1556
f 197/271/1557 200/393/1557 201/272/1557
f 198/274/1558 202/375/1558 201/275/1558
f 199/277/1559 203/373/1559 201/278/1559
f 204/146/1560 207/374/1560 208/280/1560
f 205/282/1561 209/376/1561 208/283/1561
f 206/285/1562 210/394/1562 208/286/1562
f 211/288/1563 214/1936/1563 215/289/1563
f 212/291/1564 216/295/1564 215/292/1564
f 213/294/1565 217/377/1565 215/292/1565
f 218/27/1566 221/1937/1566 222/296/1566
f 219/298/1567 223/301/1567 222/299/1567
f 220/300/1568 224/116/1568 222/299/1568
f 225/302/1569 228/1938/1569 229/303/1569
f 226/305/1570 230/309/1570 229/306/1570
f 227/308/1571 231/378/1571 229/306/1571
f 232/310/1572 235/381/1572 236/311/1572
f 233/313/1573 237/315/1573 236/314/1573
f 234/298/1574 238/255/1574 236/314/1574
f 239/316/1575 242/379/1575 243/317/1575
f 240/319/1576 244/323/1576 243/320/1576
f 241/322/1577 245/382/1577 243/320/1577
f 246/193/1578 249/385/1578 250/324/1578
f 247/326/1579 251/328/1579 250/327/1579
f 248/313/1580 252/380/1580 250/327/1580
f 253/329/1581 256/383/1581 257/330/1581
f 254/332/1582 258/336/1582 257/333/1582
f 255/335/1583 259/386/1583 257/333/1583
f 260/337/1584 263/388/1584 264/338/1584
f 261/340/1585 265/342/1585 264/341/1585
f 262/326/1586 266/384/1586 264/341/1586
f 267/343/1587 270/1939/1587 271/344/1587
f 268/346/1588 272/350/1588 271/347/1588
f 269/349/1589 273/389/1589 271/347/1589
f 274/351/1590 277/391/1590 278/352/1590
f 275/354/1591 279/358/1591 278/355/1591
f 276/357/1592 280/387/1592 278/355/1592
f 281/359/1593 284/390/1593 285/360/1593
f 282/362/1594 286/366/1594 285/363/1594
f 283/365/1595 287/392/1595 285/363/1595
f 288/367/1596 291/1940/1596 292/241/1596
f 289/369/1597 293/372/1597 292/370/1597
f 290/371/1598 294/266/1598 292/370/1598
f 212/291/228 214/293/228 203/373/228
f 203/273/229 214/1936/229 211/288/229
f 220/300/620 205/282/620 207/284/620
f 207/374/231 204/146/231 218/27/231
f 198/274/232 206/285/232 209/287/232
f 209/376/233 205/282/233 199/277/233
f 213/294/234 216/295/234 223/301/234
f 223/301/235 216/295/235 212/291/235
f 226/305/236 228/307/236 217/377/236
f 217/290/237 228/1938/237 225/302/237
f 219/298/1599 221/166/1599 238/255/1599
f 238/312/238 221/1937/238 218/27/238
f 227/308/239 230/309/239 237/315/239
f 237/315/240 230/309/240 226/305/240
f 240/319/241 242/321/241 231/378/241
f 242/379/242 239/316/242 225/302/242
f 248/313/1600 233/313/1600 235/182/1600
f 235/381/244 232/310/244 246/193/244
f 241/322/245 244/323/245 251/328/245
f 251/328/246 244/323/246 240/319/246
f 254/332/247 256/334/247 245/382/247
f 256/383/248 253/329/248 239/316/248
f 262/326/1601 247/326/1601 249/64/1601
f 249/385/250 246/193/250 260/337/250
f 255/335/251 258/336/251 265/342/251
f 265/342/252 258/336/252 254/332/252
f 268/346/253 270/348/253 259/386/253
f 259/331/254 270/1939/254 267/343/254
f 276/357/1242 261/340/1242 263/214/1242
f 263/388/256 260/337/256 274/351/256
f 269/349/257 272/350/257 279/358/257
f 279/358/258 272/350/258 268/346/258
f 269/349/259 282/362/259 284/364/259
f 284/390/260 281/359/260 267/343/260
f 275/354/1602 277/356/1602 294/266/1602
f 277/391/261 274/351/261 288/367/261
f 283/365/262 286/366/262 293/372/262
f 293/372/263 286/366/263 282/362/263
f 283/365/264 198/274/264 200/276/264
f 200/393/265 197/271/265 281/359/265
f 206/285/1603 289/369/1603 291/245/1603
f 210/281/267 291/1940/267 288/367/267
f 281/359/268 197/271/268 211/288/268
f 211/288/268 225/302/268 239/316/268
f 239/316/268 253/329/268 267/343/268
f 267/343/268 281/359/268 211/288/268
f 199/277/1604 205/282/1604 220/300/1604
f 283/365/1605 289/369/1605 206/285/1605
f 232/310/271 218/27/271 204/146/271
f 204/146/271 288/367/271 274/351/271
f 274/351/271 260/337/271 246/193/271
f 246/193/271 232/310/271 204/146/271
f 213/294/1606 219/298/1606 234/298/1606
f 227/308/1607 233/313/1607 248/313/1607
f 241/322/1608 247/326/1608 262/326/1608
f 255/335/1609 261/340/1609 276/357/1609
f 275/354/138 290/371/138 282/362/138
f 295/395/1610 298/519/1610 299/396/1610
f 296/398/1611 300/506/1611 299/399/1611
f 297/401/1612 301/502/1612 299/402/1612
f 302/404/1613 305/505/1613 306/280/1613
f 303/406/1614 307/507/1614 306/407/1614
f 304/409/1615 308/520/1615 306/286/1615
f 309/411/1616 312/503/1616 313/412/1616
f 310/414/1617 314/418/1617 313/415/1617
f 311/417/1618 315/508/1618 313/415/1618
f 316/419/1619 319/1941/1619 320/420/1619
f 317/421/1620 321/425/1620 320/422/1620
f 318/424/1621 322/504/1621 320/422/1621
f 323/426/1622 326/1942/1622 327/427/1622
f 324/429/1623 328/433/1623 327/430/1623
f 325/432/1624 329/509/1624 327/430/1624
f 330/434/1625 333/511/1625 334/435/1625
f 331/436/1626 335/440/1626 334/437/1626
f 332/439/1627 336/255/1627 334/437/1627
f 337/441/1628 340/1943/1628 341/442/1628
f 338/444/1629 342/448/1629 341/445/1629
f 339/447/1630 343/512/1630 341/445/1630
f 344/449/1631 347/1926/1631 348/450/1631
f 345/452/1632 349/456/1632 348/453/1632
f 346/455/1633 350/510/1633 348/453/1633
f 351/457/1634 354/1944/1634 355/458/1634
f 352/460/1635 356/464/1635 355/461/1635
f 353/463/1636 357/513/1636 355/461/1636
f 358/465/1637 361/1945/1637 362/466/1637
f 359/468/1638 363/471/1638 362/469/1638
f 360/452/1639 364/126/1639 362/469/1639
f 365/472/1640 368/514/1640 369/473/1640
f 366/475/1641 370/479/1641 369/476/1641
f 367/478/1642 371/516/1642 369/476/1642
f 372/480/1643 375/1946/1643 376/481/1643
f 373/483/1644 377/486/1644 376/484/1644
f 374/485/1645 378/515/1645 376/484/1645
f 379/487/1646 382/517/1646 383/488/1646
f 380/490/1647 384/494/1647 383/491/1647
f 381/493/1648 385/518/1648 383/491/1648
f 386/495/1649 389/521/1649 390/496/1649
f 387/497/1650 391/501/1650 390/498/1650
f 388/500/1651 392/266/1651 390/498/1651
f 297/401/319 310/414/319 312/416/319
f 312/503/320 309/411/320 295/395/320
f 318/424/1652 303/406/1652 305/408/1652
f 305/505/322 302/404/322 316/419/322
f 296/398/323 304/409/323 307/410/323
f 307/507/324 303/406/324 297/401/324
f 311/417/325 314/418/325 321/425/325
f 321/425/326 314/418/326 310/414/326
f 324/429/327 326/431/327 315/508/327
f 315/413/1653 326/1942/1653 323/426/1653
f 332/439/138 317/421/138 319/423/138
f 336/45/330 319/1941/330 316/419/330
f 325/432/331 328/433/331 335/440/331
f 335/440/332 328/433/332 324/429/332
f 325/432/333 338/444/333 340/446/333
f 329/428/334 340/1943/334 337/441/334
f 346/455/138 331/436/138 333/438/138
f 333/511/336 330/434/336 344/449/336
f 339/447/337 342/448/337 349/456/337
f 349/456/338 342/448/338 338/444/338
f 339/447/339 352/460/339 354/462/339
f 343/443/340 354/1944/340 351/457/340
f 360/452/1654 345/452/1654 347/454/1654
f 364/467/342 347/1926/342 344/449/342
f 353/463/343 356/464/343 363/471/343
f 363/471/344 356/464/344 352/460/344
f 366/475/345 368/477/345 357/513/345
f 368/514/346 365/472/346 351/457/346
f 374/485/1655 359/468/1655 361/470/1655
f 378/482/348 361/1945/348 358/465/348
f 367/478/349 370/479/349 377/486/349
f 377/486/350 370/479/350 366/475/350
f 380/490/351 382/492/351 371/516/351
f 382/517/352 379/487/352 365/472/352
f 388/500/138 373/483/138 375/356/138
f 392/368/354 375/1946/354 372/480/354
f 381/493/355 384/494/355 391/501/355
f 391/501/356 384/494/356 380/490/356
f 296/398/357 298/400/357 385/518/357
f 298/519/358 295/395/358 379/487/358
f 304/409/1656 387/497/1656 389/499/1656
f 389/521/360 386/495/360 302/404/360
f 379/487/361 295/395/361 309/411/361
f 309/411/361 323/426/361 337/441/361
f 337/441/361 351/457/361 365/472/361
f 365/472/361 379/487/361 309/411/361
f 297/401/1657 303/406/1657 318/424/1657
f 381/493/1658 387/497/1658 304/409/1658
f 330/434/364 316/419/364 302/404/364
f 302/404/364 386/495/364 372/480/364
f 372/480/364 358/465/364 344/449/364
f 344/449/364 330/434/364 302/404/364
f 311/417/138 317/421/138 332/439/138
f 325/432/138 331/436/138 346/455/138
f 339/447/1659 345/452/1659 360/452/1659
f 353/463/1660 359/468/1660 374/485/1660
f 367/478/138 373/483/138 388/500/138
f 393/522/1661 396/636/1661 397/523/1661
f 394/525/1662 398/622/1662 397/526/1662
f 395/528/1663 399/620/1663 397/529/1663
f 400/10/1664 403/621/1664 404/531/1664
f 401/533/1665 405/623/1665 404/534/1665
f 402/535/1666 406/637/1666 404/17/1666
f 407/537/1667 410/1947/1667 411/538/1667
f 408/540/1668 412/544/1668 411/541/1668
f 409/543/1669 413/624/1669 411/541/1669
f 414/545/1670 417/626/1670 418/296/1670
f 415/546/1671 419/549/1671 418/547/1671
f 416/548/1672 420/504/1672 418/547/1672
f 421/550/1673 424/625/1673 425/551/1673
f 422/553/1674 426/557/1674 425/554/1674
f 423/556/1675 427/627/1675 425/554/1675
f 428/558/1676 431/629/1676 432/178/1676
f 429/560/1677 433/563/1677 432/561/1677
f 430/562/1678 434/255/1678 432/561/1678
f 435/564/1679 438/628/1679 439/565/1679
f 436/567/1680 440/571/1680 439/568/1680
f 437/570/1681 441/630/1681 439/568/1681
f 442/572/1682 445/1932/1682 446/573/1682
f 443/574/1683 447/577/1683 446/575/1683
f 444/576/1684 448/510/1684 446/575/1684
f 449/578/1685 452/1948/1685 453/579/1685
f 450/581/1686 454/585/1686 453/582/1686
f 451/584/1687 455/631/1687 453/582/1687
f 456/209/1688 459/1945/1688 460/338/1688
f 457/587/1689 461/590/1689 460/588/1689
f 458/589/1690 462/384/1690 460/588/1690
f 463/591/1691 466/1949/1691 467/592/1691
f 464/594/1692 468/598/1692 467/595/1692
f 465/597/1693 469/632/1693 467/595/1693
f 470/480/1694 473/634/1694 474/599/1694
f 471/601/1695 475/605/1695 474/602/1695
f 472/604/1696 476/387/1696 474/602/1696
f 477/606/1697 480/633/1697 481/607/1697
f 478/609/1698 482/613/1698 481/610/1698
f 479/612/1699 483/635/1699 481/610/1699
f 484/107/1700 487/1950/1700 488/496/1700
f 485/615/1701 489/619/1701 488/616/1701
f 486/618/1702 490/266/1702 488/616/1702
f 395/528/1703 408/540/1703 410/542/1703
f 399/524/413 410/1947/413 407/537/413
f 416/548/1704 401/533/1704 403/150/1704
f 403/621/415 400/10/415 414/545/415
f 394/525/416 402/535/416 405/536/416
f 405/623/417 401/533/417 395/528/417
f 409/543/418 412/544/418 419/549/418
f 419/549/419 412/544/419 408/540/419
f 409/543/420 422/553/420 424/555/420
f 424/625/421 421/550/421 407/537/421
f 430/562/981 415/546/981 417/166/981
f 417/626/423 414/545/423 428/558/423
f 423/556/424 426/557/424 433/563/424
f 433/563/425 426/557/425 422/553/425
f 423/556/426 436/567/426 438/569/426
f 438/628/1705 435/564/1705 421/550/1705
f 444/576/138 429/560/138 431/182/138
f 431/629/429 428/558/429 442/572/429
f 437/570/430 440/571/430 447/577/430
f 447/577/431 440/571/431 436/567/431
f 437/570/432 450/581/432 452/583/432
f 441/566/433 452/1948/433 449/578/433
f 458/589/138 443/574/138 445/454/138
f 462/586/435 445/1932/435 442/572/435
f 451/584/436 454/585/436 461/590/436
f 461/590/437 454/585/437 450/581/437
f 464/594/438 466/596/438 455/631/438
f 455/580/439 466/1949/439 463/591/439
f 472/604/981 457/587/981 459/214/981
f 476/600/441 459/1945/441 456/209/441
f 465/597/442 468/598/442 475/605/442
f 475/605/443 468/598/443 464/594/443
f 478/609/444 480/611/444 469/632/444
f 480/633/445 477/606/445 463/591/445
f 486/618/620 471/601/620 473/603/620
f 473/634/447 470/480/447 484/107/447
f 479/612/448 482/613/448 489/619/448
f 489/619/449 482/613/449 478/609/449
f 394/525/450 396/527/450 483/635/450
f 396/636/451 393/522/451 477/606/451
f 402/535/1706 485/615/1706 487/617/1706
f 406/532/453 487/1950/453 484/107/453
f 477/606/454 393/522/454 407/537/454
f 407/537/454 421/550/454 435/564/454
f 435/564/454 449/578/454 463/591/454
f 463/591/454 477/606/454 407/537/454
f 395/528/1707 401/533/1707 416/548/1707
f 479/612/1708 485/615/1708 402/535/1708
f 428/558/457 414/545/457 400/10/457
f 400/10/457 484/107/457 470/480/457
f 470/480/457 456/209/457 442/572/457
f 442/572/457 428/558/457 400/10/457
f 409/543/1709 415/546/1709 430/562/1709
f 423/556/138 429/560/138 444/576/138
f 437/570/1242 443/574/1242 458/589/1242
f 451/584/1242 457/587/1242 472/604/1242
f 465/597/138 471/601/138 486/618/138
f 491/638/1710 494/1951/1710 495/639/1710
f 492/641/1711 496/753/1711 495/642/1711
f 493/644/1712 497/751/1712 495/645/1712
f 498/647/1713 501/1952/1713 502/648/1713
f 499/650/1714 503/754/1714 502/651/1714
f 500/653/1715 504/771/1715 502/654/1715
f 505/656/1716 508/1953/1716 509/657/1716
f 506/659/1717 510/663/1717 509/660/1717
f 507/662/1718 511/755/1718 509/660/1718
f 512/664/1719 515/758/1719 516/665/1719
f 513/667/1720 517/671/1720 516/668/1720
f 514/670/1721 518/752/1721 516/668/1721
f 519/672/1722 522/756/1722 523/673/1722
f 520/675/1723 524/679/1723 523/676/1723
f 521/678/1724 525/759/1724 523/676/1724
f 526/680/1725 529/1954/1725 530/681/1725
f 527/683/1726 531/687/1726 530/684/1726
f 528/686/1727 532/757/1727 530/684/1727
f 533/688/1728 536/760/1728 537/689/1728
f 534/691/1729 538/695/1729 537/692/1729
f 535/694/1730 539/762/1730 537/692/1730
f 540/696/1731 543/764/1731 544/697/1731
f 541/699/1732 545/703/1732 544/700/1732
f 542/702/1733 546/761/1733 544/700/1733
f 547/704/1734 550/1955/1734 551/705/1734
f 548/707/1735 552/711/1735 551/708/1735
f 549/710/1736 553/765/1736 551/708/1736
f 554/712/1737 557/1956/1737 558/713/1737
f 555/715/1738 559/719/1738 558/716/1738
f 556/718/1739 560/763/1739 558/716/1739
f 561/720/1740 564/766/1740 565/721/1740
f 562/723/1741 566/727/1741 565/724/1741
f 563/726/1742 567/768/1742 565/724/1742
f 568/728/1743 571/1034/1743 572/729/1743
f 569/731/1744 573/734/1744 572/732/1744
f 570/715/1745 574/767/1745 572/732/1745
f 575/735/1746 578/1957/1746 579/736/1746
f 576/738/1747 580/742/1747 579/739/1747
f 577/741/1748 581/770/1748 579/739/1748
f 582/743/1749 585/772/1749 586/744/1749
f 583/746/1750 587/750/1750 586/747/1750
f 584/749/1751 588/769/1751 586/747/1751
f 493/644/505 506/659/505 508/661/505
f 497/640/506 508/1953/506 505/656/506
f 514/670/981 499/650/981 501/652/981
f 518/666/508 501/1952/508 498/647/508
f 492/641/509 500/653/509 503/655/509
f 503/754/510 499/650/510 493/644/510
f 507/662/511 510/663/511 517/671/511
f 517/671/512 510/663/512 506/659/512
f 507/662/513 520/675/513 522/677/513
f 522/756/514 519/672/514 505/656/514
f 528/686/138 513/667/138 515/669/138
f 515/758/516 512/664/516 526/680/516
f 521/678/517 524/679/517 531/687/517
f 531/687/518 524/679/518 520/675/518
f 534/691/519 536/693/519 525/759/519
f 536/760/520 533/688/520 519/672/520
f 542/702/1752 527/683/1752 529/685/1752
f 546/698/522 529/1954/522 526/680/522
f 535/694/523 538/695/523 545/703/523
f 545/703/524 538/695/524 534/691/524
f 535/694/1753 548/707/1753 550/709/1753
f 539/690/526 550/1955/526 547/704/526
f 541/699/1754 543/701/1754 560/763/1754
f 543/764/528 540/696/528 554/712/528
f 549/710/529 552/711/529 559/719/529
f 559/719/530 552/711/530 548/707/530
f 562/723/531 564/725/531 553/765/531
f 564/766/532 561/720/532 547/704/532
f 570/715/1755 555/715/1755 557/717/1755
f 574/730/534 557/1956/534 554/712/534
f 563/726/535 566/727/535 573/734/535
f 573/734/536 566/727/536 562/723/536
f 563/726/1756 576/738/1756 578/740/1756
f 567/722/538 578/1957/538 575/735/538
f 584/749/981 569/731/981 571/733/981
f 588/745/540 571/1034/540 568/728/540
f 577/741/541 580/742/541 587/750/541
f 587/750/542 580/742/542 576/738/542
f 492/641/543 494/643/543 581/770/543
f 581/737/544 494/1951/544 491/638/544
f 500/653/1757 583/746/1757 585/748/1757
f 585/772/546 582/743/546 498/647/546
f 575/735/547 491/638/547 505/656/547
f 505/656/547 519/672/547 533/688/547
f 533/688/547 547/704/547 561/720/547
f 561/720/547 575/735/547 505/656/547
f 499/650/1758 514/670/1758 506/659/1758
f 583/746/1759 500/653/1759 492/641/1759
f 526/680/550 512/664/550 498/647/550
f 498/647/550 582/743/550 568/728/550
f 568/728/550 554/712/550 540/696/550
f 540/696/550 526/680/550 498/647/550
f 507/662/138 513/667/138 528/686/138
f 521/678/1760 527/683/1760 542/702/1760
f 541/699/1761 556/718/1761 548/707/1761
f 549/710/1762 555/715/1762 570/715/1762
f 563/726/1763 569/731/1763 584/749/1763
f 589/773/1764 592/1958/1764 593/774/1764
f 590/776/1765 594/887/1765 593/777/1765
f 591/779/1766 595/884/1766 593/780/1766
f 596/782/1767 599/1959/1767 600/783/1767
f 597/785/1768 601/888/1768 600/786/1768
f 598/787/1769 602/906/1769 600/788/1769
f 603/790/1770 606/885/1770 607/791/1770
f 604/793/1771 608/797/1771 607/794/1771
f 605/796/1772 609/889/1772 607/794/1772
f 610/798/1773 613/892/1773 614/799/1773
f 611/801/1774 615/805/1774 614/802/1774
f 612/804/1775 616/886/1775 614/802/1775
f 617/806/1776 620/890/1776 621/807/1776
f 618/809/1777 622/813/1777 621/810/1777
f 619/812/1778 623/893/1778 621/810/1778
f 624/814/1779 627/1960/1779 628/815/1779
f 625/817/1780 629/821/1780 628/818/1780
f 626/820/1781 630/891/1781 628/818/1781
f 631/822/1782 634/894/1782 635/823/1782
f 632/825/1783 636/829/1783 635/826/1783
f 633/828/1784 637/896/1784 635/826/1784
f 638/830/1785 641/1961/1785 642/831/1785
f 639/833/1786 643/837/1786 642/834/1786
f 640/836/1787 644/895/1787 642/834/1787
f 645/838/1788 648/897/1788 649/839/1788
f 646/841/1789 650/845/1789 649/842/1789
f 647/844/1790 651/898/1790 649/842/1790
f 652/846/1791 655/901/1791 656/847/1791
f 653/849/1792 657/853/1792 656/850/1792
f 654/852/1793 658/763/1793 656/850/1793
f 659/854/1794 662/899/1794 663/855/1794
f 660/857/1795 664/861/1795 663/858/1795
f 661/860/1796 665/902/1796 663/858/1796
f 666/862/1797 669/904/1797 670/863/1797
f 667/865/1798 671/868/1798 670/866/1798
f 668/849/1799 672/900/1799 670/866/1799
f 673/869/1800 676/1962/1800 677/870/1800
f 674/872/1801 678/876/1801 677/873/1801
f 675/875/1802 679/905/1802 677/873/1802
f 680/877/1803 683/907/1803 684/878/1803
f 681/880/1804 685/883/1804 684/881/1804
f 682/882/1805 686/903/1805 684/881/1805
f 604/793/598 606/795/598 595/884/598
f 606/885/599 603/790/599 589/773/599
f 612/804/138 597/785/138 599/652/138
f 616/800/601 599/1959/601 596/782/601
f 590/776/602 598/787/602 601/789/602
f 601/888/603 597/785/603 591/779/603
f 605/796/604 608/797/604 615/805/604
f 615/805/605 608/797/605 604/793/605
f 605/796/606 618/809/606 620/811/606
f 620/890/607 617/806/607 603/790/607
f 626/820/138 611/801/138 613/803/138
f 613/892/609 610/798/609 624/814/609
f 619/812/610 622/813/610 629/821/610
f 629/821/611 622/813/611 618/809/611
f 632/825/612 634/827/612 623/893/612
f 634/894/613 631/822/613 617/806/613
f 640/836/138 625/817/138 627/819/138
f 644/832/1806 627/1960/1806 624/814/1806
f 633/828/616 636/829/616 643/837/616
f 643/837/617 636/829/617 632/825/617
f 646/841/618 648/843/618 637/896/618
f 648/897/1807 645/838/1807 631/822/1807
f 639/833/1808 641/835/1808 658/763/1808
f 658/848/621 641/1961/621 638/830/621
f 647/844/622 650/845/622 657/853/622
f 657/853/623 650/845/623 646/841/623
f 660/857/624 662/859/624 651/898/624
f 662/899/1809 659/854/1809 645/838/1809
f 668/849/620 653/849/620 655/851/620
f 655/901/627 652/846/627 666/862/627
f 661/860/628 664/861/628 671/868/628
f 671/868/629 664/861/629 660/857/629
f 674/872/630 676/874/630 665/902/630
f 665/856/631 676/1962/631 673/869/631
f 682/882/1810 667/865/1810 669/867/1810
f 669/904/633 666/862/633 680/877/633
f 675/875/634 678/876/634 685/883/634
f 685/883/635 678/876/635 674/872/635
f 675/875/636 590/776/636 592/778/636
f 679/871/637 592/1958/637 589/773/637
f 598/787/1811 681/880/1811 683/748/1811
f 683/907/639 680/877/639 596/782/639
f 673/869/640 589/773/640 603/790/640
f 603/790/640 617/806/640 631/822/640
f 631/822/640 645/838/640 659/854/640
f 659/854/640 673/869/640 603/790/640
f 591/779/138 597/785/138 612/804/138
f 675/875/1812 681/880/1812 598/787/1812
f 624/814/643 610/798/643 596/782/643
f 596/782/643 680/877/643 666/862/643
f 666/862/643 652/846/643 638/830/643
f 638/830/643 624/814/643 596/782/643
f 605/796/138 611/801/138 626/820/138
f 619/812/138 625/817/138 640/836/138
f 639/833/1813 654/852/1813 646/841/1813
f 647/844/138 653/849/138 668/849/138
f 667/865/1814 682/882/1814 674/872/1814
f 687/908/1815 690/1036/1815 691/909/1815
f 688/911/1816 692/1020/1816 691/912/1816
f 689/914/1817 693/1016/1817 691/915/1817
f 694/917/1818 697/1019/1818 698/648/1818
f 695/919/1819 699/1021/1819 698/920/1819
f 696/922/1820 700/1037/1820 698/923/1820
f 701/925/1821 704/1017/1821 705/926/1821
f 702/928/1822 706/932/1822 705/929/1822
f 703/931/1823 707/1022/1823 705/929/1823
f 708/933/1824 711/1024/1824 712/934/1824
f 709/935/1825 713/939/1825 712/936/1825
f 710/938/1826 714/1018/1826 712/936/1826
f 715/940/1827 718/1963/1827 719/941/1827
f 716/943/1828 720/947/1828 719/944/1828
f 717/946/1829 721/1025/1829 719/944/1829
f 722/948/1830 725/1026/1830 726/949/1830
f 723/951/1831 727/955/1831 726/952/1831
f 724/954/1832 728/1023/1832 726/952/1832
f 729/956/1833 732/1964/1833 733/957/1833
f 730/959/1834 734/963/1834 733/960/1834
f 731/962/1835 735/1027/1835 733/960/1835
f 736/696/1836 739/1965/1836 740/964/1836
f 737/966/1837 741/969/1837 740/967/1837
f 738/968/1838 742/895/1838 740/967/1838
f 743/970/1839 746/1966/1839 747/971/1839
f 744/973/1840 748/977/1840 747/974/1840
f 745/976/1841 749/1029/1841 747/974/1841
f 750/978/1842 753/1967/1842 754/979/1842
f 751/981/1843 755/985/1843 754/982/1843
f 752/984/1844 756/1028/1844 754/982/1844
f 757/986/1845 760/1968/1845 761/987/1845
f 758/989/1846 762/993/1846 761/990/1846
f 759/992/1847 763/1031/1847 761/990/1847
f 764/994/1848 767/1034/1848 768/995/1848
f 765/997/1849 769/1001/1849 768/998/1849
f 766/1000/1850 770/1030/1850 768/998/1850
f 771/1002/1851 774/1032/1851 775/1003/1851
f 772/1005/1852 776/1009/1852 775/1006/1852
f 773/1008/1853 777/1035/1853 775/1006/1853
f 778/1010/1854 781/1038/1854 782/744/1854
f 779/922/1855 783/1015/1855 782/1012/1855
f 780/1014/1856 784/1033/1856 782/1012/1856
f 702/928/1857 704/930/1857 693/1016/1857
f 704/1017/692 701/925/692 687/908/692
f 710/938/1858 695/919/1858 697/921/1858
f 697/1019/694 694/917/694 708/933/694
f 688/911/695 696/922/695 699/924/695
f 699/1021/696 695/919/696 689/914/696
f 703/931/697 706/932/697 713/939/697
f 713/939/698 706/932/698 702/928/698
f 703/931/699 716/943/699 718/945/699
f 707/927/1859 718/1963/1859 715/940/1859
f 724/954/138 709/935/138 711/937/138
f 711/1024/702 708/933/702 722/948/702
f 717/946/703 720/947/703 727/955/703
f 727/955/704 720/947/704 716/943/704
f 717/946/705 730/959/705 732/961/705
f 721/942/706 732/1964/706 729/956/706
f 738/968/138 723/951/138 725/953/138
f 725/1026/708 722/948/708 736/696/708
f 731/962/709 734/963/709 741/969/709
f 741/969/710 734/963/710 730/959/710
f 731/962/711 744/973/711 746/975/711
f 735/958/712 746/1966/712 743/970/712
f 737/966/1860 739/835/1860 756/1028/1860
f 756/980/713 739/1965/713 736/696/713
f 745/976/714 748/977/714 755/985/714
f 755/985/715 748/977/715 744/973/715
f 758/989/716 760/991/716 749/1029/716
f 749/972/717 760/1968/717 757/986/717
f 766/1000/138 751/981/138 753/983/138
f 770/996/719 753/1967/719 750/978/719
f 759/992/720 762/993/720 769/1001/720
f 769/1001/721 762/993/721 758/989/721
f 772/1005/722 774/1007/722 763/1031/722
f 774/1032/1861 771/1002/1861 757/986/1861
f 780/1014/138 765/997/138 767/999/138
f 767/1034/725 764/994/725 778/1010/725
f 773/1008/726 776/1009/726 783/1015/726
f 783/1015/727 776/1009/727 772/1005/727
f 773/1008/728 688/911/728 690/913/728
f 690/1036/729 687/908/729 771/1002/729
f 696/922/138 779/922/138 781/1013/138
f 781/1038/731 778/1010/731 694/917/731
f 771/1002/732 687/908/732 701/925/732
f 701/925/732 715/940/732 729/956/732
f 729/956/732 743/970/732 757/986/732
f 757/986/732 771/1002/732 701/925/732
f 689/914/1862 695/919/1862 710/938/1862
f 773/1008/138 779/922/138 696/922/138
f 722/948/735 708/933/735 694/917/735
f 694/917/735 778/1010/735 764/994/735
f 764/994/735 750/978/735 736/696/735
f 736/696/735 722/948/735 694/917/735
f 703/931/138 709/935/138 724/954/138
f 717/946/138 723/951/138 738/968/138
f 737/966/1863 752/984/1863 744/973/1863
f 745/976/138 751/981/138 766/1000/138
f 759/992/138 765/997/138 780/1014/138
f 785/1039/1864 788/1161/1864 789/1040/1864
f 786/1042/1865 790/1147/1865 789/1043/1865
f 787/1045/1866 791/1143/1866 789/1046/1866
f 792/647/1867 795/1146/1867 796/648/1867
f 793/1049/1868 797/1148/1868 796/1050/1868
f 794/1052/1869 798/1162/1869 796/788/1869
f 799/1054/1870 802/1144/1870 803/1055/1870
f 800/1057/1871 804/1061/1871 803/1058/1871
f 801/1060/1872 805/1149/1872 803/1058/1872
f 806/1062/1873 809/1150/1873 810/934/1873
f 807/1064/1874 811/1067/1874 810/1065/1874
f 808/1066/1875 812/1145/1875 810/1065/1875
f 813/1068/1876 816/1969/1876 817/1069/1876
f 814/1071/1877 818/1075/1877 817/1072/1877
f 815/1074/1878 819/1151/1878 817/1072/1878
f 820/1076/1879 823/1960/1879 824/815/1879
f 821/1078/1880 825/1081/1880 824/1079/1880
f 822/1080/1881 826/757/1881 824/1079/1881
f 827/1082/1882 830/1152/1882 831/1083/1882
f 828/1085/1883 832/1089/1883 831/1086/1883
f 829/1088/1884 833/1153/1884 831/1086/1884
f 834/1090/1885 837/1970/1885 838/964/1885
f 835/1092/1886 839/1095/1886 838/1093/1886
f 836/1094/1887 840/895/1887 838/1093/1887
f 841/1096/1888 844/1154/1888 845/1097/1888
f 842/1099/1889 846/1103/1889 845/1100/1889
f 843/1102/1890 847/1156/1890 845/1100/1890
f 848/1104/1891 851/1157/1891 852/1105/1891
f 849/1107/1892 853/1111/1892 852/1108/1892
f 850/1110/1893 854/1155/1893 852/1108/1893
f 855/1112/1894 858/1971/1894 859/1113/1894
f 856/1115/1895 860/1119/1895 859/1116/1895
f 857/1118/1896 861/1158/1896 859/1116/1896
f 862/994/1897 865/1972/1897 866/1120/1897
f 863/1122/1898 867/1126/1898 866/1123/1898
f 864/1125/1899 868/900/1899 866/1123/1899
f 869/1127/1900 872/1973/1900 873/1128/1900
f 870/1130/1901 874/1134/1901 873/1131/1901
f 871/1133/1902 875/1160/1902 873/1131/1902
f 876/1135/1903 879/1038/1903 880/1136/1903
f 877/1138/1904 881/1142/1904 880/1139/1904
f 878/1141/1905 882/1159/1905 880/1139/1905
f 787/1045/783 800/1057/783 802/1059/783
f 802/1144/784 799/1054/784 785/1039/784
f 808/1066/138 793/1049/138 795/1051/138
f 795/1146/786 792/647/786 806/1062/786
f 786/1042/787 794/1052/787 797/1053/787
f 797/1148/788 793/1049/788 787/1045/788
f 801/1060/789 804/1061/789 811/1067/789
f 811/1067/790 804/1061/790 800/1057/790
f 814/1071/1906 816/1073/1906 805/1149/1906
f 805/1056/792 816/1969/792 813/1068/792
f 822/1080/138 807/1064/138 809/669/138
f 809/1150/794 806/1062/794 820/1076/794
f 815/1074/795 818/1075/795 825/1081/795
f 825/1081/796 818/1075/796 814/1071/796
f 828/1085/797 830/1087/797 819/1151/797
f 830/1152/798 827/1082/798 813/1068/798
f 836/1094/620 821/1078/620 823/819/620
f 840/1091/800 823/1960/800 820/1076/800
f 829/1088/1907 832/1089/1907 839/1095/1907
f 839/1095/802 832/1089/802 828/1085/802
f 842/1099/803 844/1101/803 833/1153/803
f 844/1154/804 841/1096/804 827/1082/804
f 835/1092/1908 837/701/1908 854/1155/1908
f 854/1106/1909 837/1970/1909 834/1090/1909
f 843/1102/807 846/1103/807 853/1111/807
f 853/1111/808 846/1103/808 842/1099/808
f 856/1115/809 858/1117/809 847/1156/809
f 847/1098/1910 858/1971/1910 855/1112/1910
f 864/1125/138 849/1107/138 851/1109/138
f 851/1157/812 848/1104/812 862/994/812
f 857/1118/813 860/1119/813 867/1126/813
f 867/1126/814 860/1119/814 856/1115/814
f 870/1130/815 872/1132/815 861/1158/815
f 861/1114/816 872/1973/816 869/1127/816
f 878/1141/138 863/1122/138 865/1124/138
f 882/1137/818 865/1972/818 862/994/818
f 871/1133/819 874/1134/819 881/1142/819
f 881/1142/820 874/1134/820 870/1130/820
f 871/1133/1911 786/1042/1911 788/1044/1911
f 788/1161/822 785/1039/822 869/1127/822
f 794/1052/1811 877/1138/1811 879/1140/1811
f 798/1048/824 879/1038/824 876/1135/824
f 869/1127/825 785/1039/825 799/1054/825
f 799/1054/825 813/1068/825 827/1082/825
f 827/1082/825 841/1096/825 855/1112/825
f 855/1112/825 869/1127/825 799/1054/825
f 787/1045/138 793/1049/138 808/1066/138
f 871/1133/1912 877/1138/1912 794/1052/1912
f 820/1076/828 806/1062/828 792/647/828
f 792/647/1913 876/1135/1913 862/994/1913
f 862/994/828 848/1104/828 834/1090/828
f 834/1090/828 820/1076/828 792/647/828
f 801/1060/138 807/1064/138 822/1080/138
f 815/1074/1914 821/1078/1914 836/1094/1914
f 835/1092/1915 850/1110/1915 842/1099/1915
f 843/1102/138 849/1107/138 864/1125/138
f 857/1118/138 863/1122/138 878/1141/138
f 883/1163/1916 886/1974/1916 887/1164/1916
f 884/1166/1917 888/1263/1917 887/1167/1917
f 885/1169/1918 889/1262/1918 887/1170/1918
f 890/782/1919 893/1975/1919 894/783/1919
f 891/1172/1920 895/1264/1920 894/1173/1920
f 892/1174/1921 896/1279/1921 894/788/1921
f 897/1176/1922 900/1976/1922 901/1177/1922
f 898/1179/1923 902/1183/1923 901/1180/1923
f 899/1182/1924 903/1265/1924 901/1180/1924
f 904/1062/1925 907/1266/1925 908/934/1925
f 905/1185/1926 909/1189/1926 908/1186/1926
f 906/1188/1927 910/886/1927 908/1186/1927
f 911/1190/1928 914/1977/1928 915/1191/1928
f 912/1193/1929 916/1197/1929 915/1194/1929
f 913/1196/1930 917/1267/1930 915/1194/1930
f 918/1198/1931 921/1270/1931 922/815/1931
f 919/1199/1932 923/1202/1932 922/1200/1932
f 920/1201/1933 924/891/1933 922/1200/1933
f 925/1203/1934 928/1268/1934 929/1204/1934
f 926/1206/1935 930/1210/1935 929/1207/1935
f 927/1209/1936 931/1271/1936 929/1207/1936
f 932/830/1937 935/1965/1937 936/1211/1937
f 933/1213/1938 937/1216/1938 936/1214/1938
f 934/1215/1939 938/1269/1939 936/1214/1939
f 939/1217/1940 942/1272/1940 943/1218/1940
f 940/1220/1941 944/1224/1941 943/1221/1941
f 941/1223/1942 945/1274/1942 943/1221/1942
f 946/1225/1943 949/1978/1943 950/1226/1943
f 947/1228/1944 951/1231/1944 950/1229/1944
f 948/1230/1945 952/1273/1945 950/1229/1945
f 953/1232/1946 956/1275/1946 957/1233/1946
f 954/1235/1947 958/1239/1947 957/1236/1947
f 955/1238/1948 959/1277/1948 957/1236/1948
f 960/1240/1949 963/1034/1949 964/1241/1949
f 961/1243/1950 965/1246/1950 964/1244/1950
f 962/1245/1951 966/1276/1951 964/1244/1951
f 967/1247/1952 970/1979/1952 971/1248/1952
f 968/1250/1953 972/1254/1953 971/1251/1953
f 969/1253/1954 973/1278/1954 971/1251/1954
f 974/743/1955 977/1280/1955 978/1255/1955
f 975/1257/1956 979/1261/1956 978/1258/1956
f 976/1260/1957 980/1033/1957 978/1258/1957
f 898/1179/876 900/1181/876 889/1262/876
f 889/1165/877 900/1976/877 897/1176/877
f 906/1188/1958 891/1172/1958 893/921/1958
f 910/1184/879 893/1975/879 890/782/879
f 884/1166/880 892/1174/880 895/1175/880
f 895/1264/881 891/1172/881 885/1169/881
f 899/1182/882 902/1183/882 909/1189/882
f 909/1189/883 902/1183/883 898/1179/883
f 912/1193/884 914/1195/884 903/1265/884
f 903/1178/885 914/1977/885 911/1190/885
f 920/1201/138 905/1185/138 907/1187/138
f 907/1266/887 904/1062/887 918/1198/887
f 913/1196/888 916/1197/888 923/1202/888
f 923/1202/889 916/1197/889 912/1193/889
f 913/1196/890 926/1206/890 928/1208/890
f 928/1268/891 925/1203/891 911/1190/891
f 934/1215/138 919/1199/138 921/819/138
f 921/1270/893 918/1198/893 932/830/893
f 927/1209/894 930/1210/894 937/1216/894
f 937/1216/895 930/1210/895 926/1206/895
f 940/1220/896 942/1222/896 931/1271/896
f 942/1272/897 939/1217/897 925/1203/897
f 948/1230/138 933/1213/138 935/835/138
f 952/1227/899 935/1965/899 932/830/899
f 941/1223/900 944/1224/900 951/1231/900
f 951/1231/901 944/1224/901 940/1220/901
f 954/1235/902 956/1237/902 945/1274/902
f 956/1275/903 953/1232/903 939/1217/903
f 962/1245/981 947/1228/981 949/983/981
f 966/1242/1959 949/1978/1959 946/1225/1959
f 955/1238/906 958/1239/906 965/1246/906
f 965/1246/907 958/1239/907 954/1235/907
f 955/1238/908 968/1250/908 970/1252/908
f 959/1234/909 970/1979/909 967/1247/909
f 976/1260/138 961/1243/138 963/867/138
f 963/1034/1960 960/1240/1960 974/743/1960
f 969/1253/912 972/1254/912 979/1261/912
f 979/1261/913 972/1254/913 968/1250/913
f 884/1166/914 886/1168/914 973/1278/914
f 973/1249/915 886/1974/915 883/1163/915
f 892/1174/620 975/1257/620 977/1259/620
f 977/1280/1961 974/743/1961 890/782/1961
f 967/1247/918 883/1163/918 897/1176/918
f 897/1176/918 911/1190/918 925/1203/918
f 925/1203/918 939/1217/918 953/1232/918
f 953/1232/918 967/1247/918 897/1176/918
f 885/1169/1962 891/1172/1962 906/1188/1962
f 969/1253/1963 975/1257/1963 892/1174/1963
f 918/1198/921 904/1062/921 890/782/921
f 890/782/921 974/743/921 960/1240/921
f 960/1240/921 946/1225/921 932/830/921
f 932/830/921 918/1198/921 890/782/921
f 899/1182/138 905/1185/138 920/1201/138
f 913/1196/138 919/1199/138 934/1215/138
f 927/1209/138 933/1213/138 948/1230/138
f 941/1223/138 947/1228/138 962/1245/138
f 955/1238/138 961/1243/138 976/1260/138
f 981/1281/1964 984/1980/1964 985/1282/1964
f 986/1284/1965 985/1981/1965 984/1285/1965
f 987/1287/1966 985/1982/1966 986/1288/1966
f 988/1290/1967 991/1983/1967 992/1291/1967
f 993/1293/1968 992/1984/1968 991/1294/1968
f 994/1296/1969 992/1985/1969 993/1297/1969
f 995/1299/1970 998/1986/1970 999/1300/1970
f 1000/1302/1971 999/1987/1971 998/1303/1971
f 1001/1305/1972 999/1987/1972 1000/1302/1972
f 1002/1307/1973 1005/1426/1973 1006/1308/1973
f 1007/1310/1974 1006/1988/1974 1005/1311/1974
f 1008/1313/1975 1006/1988/1975 1007/1310/1975
f 1009/1315/1976 1012/1989/1976 1013/1316/1976
f 1014/1318/1977 1013/1990/1977 1012/1319/1977
f 1015/1321/1978 1013/1990/1978 1014/1318/1978
f 1016/1323/1979 1019/1427/1979 1020/1324/1979
f 1021/1326/1980 1020/1991/1980 1019/1327/1980
f 1022/1329/1981 1020/1991/1981 1021/1326/1981
f 1023/1331/1982 1026/1992/1982 1027/1332/1982
f 1028/1334/1983 1027/1993/1983 1026/1335/1983
f 1029/1337/1984 1027/1993/1984 1028/1334/1984
f 1030/1339/1985 1033/1994/1985 1034/1340/1985
f 1035/1342/1986 1034/1995/1986 1033/1343/1986
f 1036/1345/1987 1034/1995/1987 1035/1342/1987
f 1037/1347/1988 1040/1996/1988 1041/1348/1988
f 1042/1350/1989 1041/1997/1989 1040/1351/1989
f 1043/1353/1990 1041/1997/1990 1042/1350/1990
f 1044/1355/1991 1047/1998/1991 1048/1356/1991
f 1049/1358/1992 1048/1999/1992 1047/1359/1992
f 1050/1361/1993 1048/1999/1993 1049/1358/1993
f 1051/1363/1994 1054/2000/1994 1055/1364/1994
f 1056/1366/1995 1055/2001/1995 1054/1367/1995
f 1057/1368/1996 1055/2001/1996 1056/1366/1996
f 1058/1370/1997 1061/1429/1997 1062/1371/1997
f 1063/1373/1998 1062/2002/1998 1061/1374/1998
f 1064/1376/1999 1062/2002/1999 1063/1373/1999
f 1065/1378/2000 1068/1428/2000 1069/1379/2000
f 1070/1381/2001 1069/2003/2001 1068/1382/2001
f 1071/1384/2002 1069/2003/2002 1070/1381/2002
f 1072/1386/2003 1075/1431/2003 1076/1387/2003
f 1077/1389/2004 1076/2004/2004 1075/1390/2004
f 1078/1392/2005 1076/2004/2005 1077/1389/2005
f 1079/1394/2006 1082/1430/2006 1083/1395/2006
f 1084/1397/2007 1083/2005/2007 1082/1398/2007
f 1085/1400/2008 1083/2005/2008 1084/1397/2008
f 1086/1402/2009 1089/1433/2009 1090/1403/2009
f 1091/1405/2010 1090/2006/2010 1089/1406/2010
f 1092/1408/2011 1090/2006/2011 1091/1405/2011
f 1093/1410/2012 1096/1432/2012 1097/1411/2012
f 1098/1413/2013 1097/2007/2013 1096/1414/2013
f 1099/1416/2014 1097/2007/2014 1098/1413/2014
f 1100/1418/2015 1103/1434/2015 1104/1419/2015
f 1105/1421/2016 1104/2008/2016 1103/1422/2016
f 1106/1424/2017 1104/2008/2017 1105/1421/2017
f 996/1304/2018 998/1303/2018 987/1287/2018
f 987/1283/982 998/1986/982 995/1299/982
f 989/1295/2019 991/1294/2019 1008/1313/2019
f 1008/1309/984 991/1983/984 988/1290/984
f 990/1298/985 993/1297/985 986/1284/985
f 993/1293/986 989/1295/986 983/1289/986
f 997/1306/987 1000/1302/987 1007/1310/987
f 1007/1310/988 1000/1302/988 996/1304/988
f 997/1306/138 1010/1320/138 1012/1319/138
f 1001/1301/2020 1012/1989/2020 1009/1315/2020
f 1018/1330/991 1003/1312/991 1005/1311/991
f 1005/1426/2021 1002/1307/2021 1016/1323/2021
f 1017/1328/993 1011/1322/993 1014/1318/993
f 1021/1326/994 1014/1318/994 1010/1320/994
f 1011/1322/138 1024/1336/138 1026/1335/138
f 1015/1317/2022 1026/1992/2022 1023/1331/2022
f 1017/1328/997 1019/1327/997 1036/1345/997
f 1019/1427/998 1016/1323/998 1030/1339/998
f 1031/1344/999 1025/1338/999 1028/1334/999
f 1028/1334/1000 1024/1336/1000 1032/1346/1000
f 1025/1338/138 1038/1352/138 1040/1351/138
f 1029/1333/1002 1040/1996/1002 1037/1347/1002
f 1031/1344/1003 1033/1343/1003 1050/1361/1003
f 1050/1357/1004 1033/1994/1004 1030/1339/1004
f 1039/1354/1005 1042/1350/1005 1049/1358/1005
f 1042/1350/1006 1038/1352/1006 1046/1362/1006
f 1039/1354/620 1052/1354/620 1054/1367/620
f 1043/1349/1008 1054/2000/1008 1051/1363/1008
f 1045/1360/1009 1047/1359/1009 1064/1376/1009
f 1064/1372/2023 1047/1998/2023 1044/1355/2023
f 1053/1369/1011 1056/1366/1011 1063/1373/1011
f 1063/1373/1012 1056/1366/1012 1052/1354/1012
f 1053/1369/138 1066/1383/138 1068/1382/138
f 1068/1428/2024 1065/1378/2024 1051/1363/2024
f 1074/1393/1015 1059/1375/1015 1061/1374/1015
f 1061/1429/1016 1058/1370/1016 1072/1386/1016
f 1067/1385/1017 1070/1381/1017 1077/1389/1017
f 1077/1389/1018 1070/1381/1018 1066/1383/1018
f 1067/1385/1858 1080/1399/1858 1082/1398/1858
f 1082/1430/2025 1079/1394/2025 1065/1378/2025
f 1088/1409/1021 1073/1391/1021 1075/1390/1021
f 1075/1431/1022 1072/1386/1022 1086/1402/1022
f 1081/1401/1023 1084/1397/1023 1091/1405/1023
f 1084/1397/1024 1080/1399/1024 1088/1409/1024
f 1094/1415/2026 1096/1414/2026 1085/1400/2026
f 1096/1432/1025 1093/1410/1025 1079/1394/1025
f 1102/1425/1026 1087/1407/1026 1089/1406/1026
f 1089/1433/1027 1086/1402/1027 1100/1418/1027
f 1101/1423/1028 1095/1417/1028 1098/1413/1028
f 1098/1413/1029 1094/1415/1029 1102/1425/1029
f 1095/1417/981 982/1286/981 984/1285/981
f 1099/1412/1031 984/1980/1031 981/1281/1031
f 1101/1423/1032 1103/1422/1032 994/1296/1032
f 1103/1434/1033 1100/1418/1033 988/1290/1033
f 1093/1410/1034 981/1281/1034 995/1299/1034
f 995/1299/2027 1009/1315/2027 1023/1331/2027
f 1023/1331/1034 1037/1347/1034 1051/1363/1034
f 1051/1363/1034 1065/1378/1034 1079/1394/1034
f 1079/1394/1034 1093/1410/1034 995/1299/1034
f 995/1299/1034 1023/1331/1034 1051/1363/1034
f 989/1295/2028 1004/1314/2028 996/1304/2028
f 1101/1423/2029 990/1298/2029 982/1286/2029
f 1016/1323/1037 1002/1307/1037 988/1290/1037
f 988/1290/1037 1100/1418/1037 1086/1402/1037
f 1086/1402/1037 1072/1386/1037 1058/1370/1037
f 1058/1370/1037 1044/1355/1037 1030/1339/1037
f 1030/1339/1037 1016/1323/1037 988/1290/1037
f 988/1290/1037 1086/1402/1037 1058/1370/1037
f 997/1306/2030 1003/1312/2030 1018/1330/2030
f 1011/1322/2031 1017/1328/2031 1032/1346/2031
f 1025/1338/2032 1031/1344/2032 1046/1362/2032
f 1045/1360/2033 1060/1377/2033 1052/1354/2033
f 1053/1369/2034 1059/1375/2034 1074/1393/2034
f 1067/1385/2035 1073/1391/2035 1088/1409/2035
f 1081/1401/2036 1087/1407/2036 1102/1425/2036
usemtl iron
f 1114/1435/1039 1109/1436/1039 1108/1437/1039
f 1109/1438/1040 1113/1439/1040 1107/1440/1040
f 1111/1437/1041 1118/1441/1041 1117/1435/1041
f 1118/1442/1042 1110/1443/1042 1116/1444/1042
f 1120/1445/1043 1115/1446/1043 1114/1435/1043
f 1115/1447/1044 1119/1448/1044 1113/1439/1044
f 1117/1435/1045 1124/1449/1045 1123/1450/1045
f 1124/1451/1046 1116/1444/1046 1122/1452/1046
f 1126/1453/1047 1121/1454/1047 1120/1445/1047
f 1127/1455/1048 1119/1448/1048 1121/1456/1048
f 1123/1450/1049 1130/1457/1049 1129/1458/1049
f 1130/1459/1050 1122/1452/1050 1128/1460/1050
f 1132/1461/1051 1127/1462/1051 1126/1453/1051
f 1133/1463/1052 1125/1464/1052 1127/1455/1052
f 1135/1465/1053 1130/1457/1053 1136/1466/1053
f 1136/1467/1054 1128/1460/1054 1134/1468/1054
f 1132/1461/1055 1139/1469/1055 1133/1470/1055
f 1139/1471/1056 1131/1472/1056 1133/1463/1056
f 1141/1473/1057 1136/1466/1057 1142/1474/1057
f 1136/1467/1058 1140/1475/1058 1142/1476/1058
f 1138/1473/1059 1145/1477/1059 1139/1469/1059
f 1145/1478/1060 1137/1479/1060 1139/1471/1060
f 1141/1473/1061 1148/1480/1061 1147/1481/1061
f 1142/1476/1062 1146/1482/1062 1148/1483/1062
f 1150/1484/1063 1145/1477/1063 1144/1481/1063
f 1145/1478/1064 1149/1485/1064 1143/1486/1064
f 1147/1481/1065 1154/1487/1065 1153/1484/1065
f 1148/1483/1066 1152/1488/1066 1154/1489/1066
f 1150/1484/1067 1157/1490/1067 1151/1491/1067
f 1157/1492/1068 1149/1485/1068 1151/1493/1068
f 1153/1484/1069 1160/1494/1069 1159/1495/1069
f 1154/1489/1070 1158/1496/1070 1160/1497/1070
f 1156/1498/1071 1163/1499/1071 1157/1490/1071
f 1163/1500/1072 1155/1501/1072 1157/1492/1072
f 1159/1495/1073 1166/1502/1073 1165/1503/1073
f 1166/1504/1074 1158/1496/1074 1164/1505/1074
f 1162/1506/1075 1169/1507/1075 1163/1499/1075
f 1169/1508/1076 1161/1509/1076 1163/1500/1076
f 1165/1503/1077 1172/1510/1077 1171/1511/1077
f 1172/1512/1078 1164/1505/1078 1170/1513/1078
f 1174/1514/1079 1169/1507/1079 1168/1515/1079
f 1175/1516/1080 1167/1517/1080 1169/1508/1080
f 1171/1511/1081 1178/1518/1081 1177/1519/1081
f 1172/1512/1082 1176/1520/1082 1178/1521/1082
f 1174/1514/1083 1181/1522/1083 1175/1523/1083
f 1181/1524/1084 1173/1525/1084 1175/1516/1084
f 1177/1519/1085 1184/1526/1085 1183/1527/1085
f 1178/1521/1086 1182/1528/1086 1184/1529/1086
f 1180/1527/1087 1109/1530/1087 1181/1522/1087
f 1109/1438/1088 1179/1531/1088 1181/1524/1088
f 1183/1527/1089 1112/1532/1089 1111/1533/1089
f 1112/1534/1090 1182/1528/1090 1110/1443/1090
f 1113/1439/1091 1137/1479/1091 1161/1509/1091
f 1108/1437/138 1117/1435/138 1114/1435/138
f 1180/1527/138 1111/1533/138 1108/1533/138
f 1110/1443/1092 1164/1505/1092 1140/1475/1092
f 1114/1435/138 1123/1450/138 1120/1445/138
f 1120/1445/138 1129/1458/138 1126/1453/138
f 1126/1453/138 1135/1465/138 1132/1461/138
f 1132/1461/138 1141/1473/138 1138/1473/138
f 1138/1473/138 1147/1481/138 1144/1481/138
f 1144/1481/138 1153/1484/138 1150/1484/138
f 1150/1484/138 1159/1495/138 1156/1498/138
f 1156/1498/138 1165/1503/138 1162/1506/138
f 1162/1506/138 1171/1511/138 1168/1515/138
f 1168/1515/138 1177/1519/138 1174/1514/138
f 1174/1514/138 1183/1527/138 1180/1527/138
f 1186/1535/1093 1202/1536/1093 1187/1537/1093
f 1202/1536/1094 1185/1538/1094 1187/1537/1094
f 1203/1539/1095 1190/1540/1095 1189/1541/1095
f 1205/1542/1096 1188/1543/1096 1190/1540/1096
f 1192/1544/1097 1208/1474/1097 1193/1545/1097
f 1193/1546/1098 1207/1547/1098 1191/1548/1098
f 1195/1549/1099 1211/1550/1099 1196/1551/1099
f 1196/1551/1100 1210/1552/1100 1194/1553/1100
f 1212/1554/1101 1199/1555/1101 1198/1556/1101
f 1214/1557/1102 1197/1558/1102 1199/1555/1102
f 1200/1559/1103 1217/1560/1103 1202/1536/1103
f 1217/1560/1104 1201/1561/1104 1202/1536/1104
f 1203/1539/1105 1220/1562/1105 1205/1542/1105
f 1220/1562/1106 1204/1563/1106 1205/1542/1106
f 1206/1564/1107 1223/1565/1107 1208/1474/1107
f 1223/1566/1108 1207/1547/1108 1208/1567/1108
f 1209/1568/1109 1226/1569/1109 1211/1550/1109
f 1226/1569/1110 1210/1552/1110 1211/1550/1110
f 1227/1570/1111 1214/1557/1111 1212/1554/1111
f 1229/1571/1112 1213/1572/1112 1214/1557/1112
f 1230/1573/1113 1217/1560/1113 1215/1574/1113
f 1232/1575/1114 1216/1576/1114 1217/1560/1114
f 1233/1577/1115 1220/1562/1115 1218/1578/1115
f 1235/1579/1116 1219/1580/1116 1220/1562/1116
f 1236/1581/1117 1223/1565/1117 1221/1582/1117
f 1238/1583/1118 1222/1584/1118 1223/1566/1118
f 1239/1585/1119 1226/1569/1119 1224/1586/1119
f 1241/1587/1120 1225/1588/1120 1226/1569/1120
f 1227/1570/1121 1244/1589/1121 1229/1571/1121
f 1229/1571/1122 1243/1590/1122 1228/1591/1122
f 1230/1573/1123 1247/1592/1123 1232/1575/1123
f 1247/1592/1124 1231/1593/1124 1232/1575/1124
f 1233/1577/1125 1250/1594/1125 1235/1579/1125
f 1250/1594/1126 1234/1595/1126 1235/1579/1126
f 1251/1596/1127 1238/1597/1127 1236/1581/1127
f 1253/1598/1128 1237/1599/1128 1238/1583/1128
f 1239/1585/1129 1256/1600/1129 1241/1587/1129
f 1241/1587/1130 1255/1601/1130 1240/1602/1130
f 1257/1603/1131 1244/1589/1131 1242/1604/1131
f 1259/1605/1132 1243/1590/1132 1244/1589/1132
f 1260/1606/1133 1247/1592/1133 1245/1607/1133
f 1262/1608/1134 1246/1609/1134 1247/1592/1134
f 1263/1610/1135 1250/1594/1135 1248/1611/1135
f 1265/1612/1136 1249/1613/1136 1250/1594/1136
f 1266/1614/1137 1253/1449/1137 1251/1596/1137
f 1268/1615/1138 1252/1616/1138 1253/1598/1138
f 1269/1617/1139 1256/1600/1139 1254/1618/1139
f 1271/1619/1140 1255/1601/1140 1256/1600/1140
f 1272/1620/1141 1259/1605/1141 1257/1603/1141
f 1259/1605/1142 1273/1621/1142 1258/1622/1142
f 1275/1623/1143 1262/1608/1143 1260/1606/1143
f 1262/1608/1144 1276/1624/1144 1261/1625/1144
f 1278/1626/1145 1265/1612/1145 1263/1610/1145
f 1265/1612/1146 1279/1627/1146 1264/1628/1146
f 1281/1629/1147 1268/1630/1147 1266/1614/1147
f 1283/1631/1148 1267/1632/1148 1268/1615/1148
f 1284/1633/1149 1271/1619/1149 1269/1617/1149
f 1286/1634/1150 1270/1635/1150 1271/1619/1150
f 1287/1636/1151 1274/1637/1151 1272/1620/1151
f 1289/1638/1152 1273/1621/1152 1274/1637/1152
f 1275/1639/1153 1292/1640/1153 1277/1641/1153
f 1292/1640/1154 1276/1642/1154 1277/1641/1154
f 1293/1643/1155 1280/1644/1155 1278/1645/1155
f 1295/1646/1156 1279/1647/1156 1280/1644/1156
f 1296/1648/1157 1283/1649/1157 1281/1647/1157
f 1298/1650/1158 1282/1651/1158 1283/1652/1158
f 1299/1653/1159 1286/1654/1159 1284/1655/1159
f 1301/1656/1160 1285/1657/1160 1286/1654/1160
f 1287/1658/1161 1304/1659/1161 1289/1660/1161
f 1289/1660/1162 1303/1661/1162 1288/1662/1162
f 1305/1663/1163 1292/1640/1163 1290/1664/1163
f 1292/1640/1164 1306/1665/1164 1291/1666/1164
f 1308/1667/1165 1295/1646/1165 1293/1643/1165
f 1295/1646/1166 1309/1668/1166 1294/1648/1166
f 1311/1669/1167 1298/1670/1167 1296/1648/1167
f 1313/1671/1168 1297/1672/1168 1298/1650/1168
f 1314/1673/1169 1301/1656/1169 1299/1653/1169
f 1316/1674/1170 1300/1675/1170 1301/1656/1170
f 1302/1676/1171 1319/1677/1171 1304/1659/1171
f 1304/1659/1172 1318/1678/1172 1303/1661/1172
f 1320/1679/1173 1307/1680/1173 1305/1663/1173
f 1322/1681/1174 1306/1665/1174 1307/1680/1174
f 1323/1682/1175 1310/1683/1175 1308/1667/1175
f 1325/1684/1176 1309/1668/1176 1310/1683/1176
f 1311/1669/1177 1328/1685/1177 1313/1686/1177
f 1328/1687/1178 1312/1688/1178 1313/1671/1178
f 1314/1673/1179 1331/1689/1179 1316/1674/1179
f 1331/1689/1180 1315/1690/1180 1316/1674/1180
f 1317/1690/1181 1334/1691/1181 1319/1677/1181
f 1334/1691/1182 1318/1678/1182 1319/1677/1182
f 1335/1692/1183 1322/1681/1183 1320/1679/1183
f 1322/1681/1184 1336/1693/1184 1321/1694/1184
f 1323/1682/1185 1340/1695/1185 1325/1684/1185
f 1325/1684/1186 1339/1696/1186 1324/1697/1186
f 1341/1698/1187 1328/1685/1187 1326/1699/1187
f 1343/1700/1188 1327/1701/1188 1328/1687/1188
f 1344/1702/1189 1331/1689/1189 1329/1703/1189
f 1346/1704/1190 1330/1705/1190 1331/1689/1190
f 1332/1706/1191 1349/1707/1191 1334/1691/1191
f 1334/1691/1192 1348/1708/1192 1333/1709/1192
f 1335/1692/1193 1352/1710/1193 1337/1711/1193
f 1352/1710/1194 1336/1693/1194 1337/1711/1194
f 1338/1712/1195 1355/1713/1195 1340/1695/1195
f 1340/1695/1196 1354/1714/1196 1339/1696/1196
f 1341/1698/1197 1358/1715/1197 1343/1502/1197
f 1358/1716/1198 1342/1717/1198 1343/1700/1198
f 1359/1718/1199 1346/1704/1199 1344/1702/1199
f 1361/1719/1200 1345/1720/1200 1346/1704/1200
f 1362/1721/1201 1349/1707/1201 1347/1722/1201
f 1349/1707/1202 1363/1723/1202 1348/1708/1202
f 1365/1724/1203 1352/1710/1203 1350/1725/1203
f 1367/1726/1204 1351/1727/1204 1352/1710/1204
f 1368/1728/1205 1355/1713/1205 1353/1729/1205
f 1355/1713/1206 1369/1730/1206 1354/1714/1206
f 1371/1731/1207 1358/1715/1207 1356/1732/1207
f 1358/1716/1208 1372/1733/1208 1357/1734/1208
f 1359/1718/1209 1376/1735/1209 1361/1719/1209
f 1376/1735/1210 1360/1736/1210 1361/1719/1210
f 1377/1737/1211 1364/1738/1211 1362/1721/1211
f 1379/1739/1212 1363/1723/1212 1364/1738/1212
f 1185/1538/1213 1367/1726/1213 1187/1537/1213
f 1187/1537/1214 1365/1724/1214 1186/1535/1214
f 1188/1543/1215 1370/1740/1215 1190/1540/1215
f 1370/1740/1216 1189/1541/1216 1190/1540/1216
f 1372/1733/1217 1193/1546/1217 1191/1548/1217
f 1193/1545/1218 1371/1731/1218 1192/1544/1218
f 1375/1741/1219 1196/1551/1219 1194/1553/1219
f 1376/1735/1220 1195/1549/1220 1196/1551/1220
f 1378/1742/1221 1199/1555/1221 1197/1558/1221
f 1379/1739/1222 1198/1556/1222 1199/1555/1222
f 1366/1743/1223 1189/1541/1223 1368/1728/1223
f 1185/1538/1224 1203/1539/1224 1189/1541/1224
f 1213/1572/1225 1186/1535/1225 1197/1558/1225
f 1197/1558/1226 1365/1724/1226 1378/1742/1226
f 1188/1543/138 1206/1564/138 1192/1544/138
f 1369/1730/138 1192/1544/138 1371/1731/138
f 1191/1548/1227 1209/1568/1227 1195/1549/1227
f 1372/1733/1228 1195/1549/1228 1374/1744/1228
f 1194/1553/138 1212/1554/138 1198/1556/138
f 1375/1741/138 1198/1556/138 1377/1737/138
f 1213/1572/1229 1215/1574/1229 1200/1559/1229
f 1216/1576/1230 1203/1539/1230 1201/1561/1230
f 1204/1563/1231 1221/1582/1231 1206/1564/1231
f 1207/1547/1232 1224/1586/1232 1209/1568/1232
f 1210/1552/1233 1227/1570/1233 1212/1554/1233
f 1243/1590/1234 1215/1574/1234 1228/1591/1234
f 1231/1593/1235 1218/1578/1235 1216/1576/1235
f 1219/1580/1236 1236/1581/1236 1221/1582/1236
f 1222/1584/1237 1239/1585/1237 1224/1586/1237
f 1225/1588/1238 1242/1604/1238 1227/1570/1238
f 1258/1622/1239 1230/1573/1239 1243/1590/1239
f 1246/1609/1240 1233/1577/1240 1231/1593/1240
f 1234/1595/138 1251/1596/138 1236/1581/138
f 1252/1616/1241 1239/1585/1241 1237/1599/1241
f 1240/1602/1242 1257/1603/1242 1242/1604/1242
f 1273/1621/1243 1245/1607/1243 1258/1622/1243
f 1261/1625/1244 1248/1611/1244 1246/1609/1244
f 1264/1628/1245 1251/1596/1245 1249/1613/1245
f 1267/1632/1246 1254/1618/1246 1252/1616/1246
f 1255/1601/1242 1272/1620/1242 1257/1603/1242
f 1288/1745/1247 1260/1606/1247 1273/1621/1247
f 1276/1624/1248 1263/1610/1248 1261/1625/1248
f 1279/1627/1249 1266/1614/1249 1264/1628/1249
f 1267/1632/1250 1284/1633/1250 1269/1617/1250
f 1285/1746/1251 1272/1620/1251 1270/1635/1251
f 1288/1662/1252 1290/1664/1252 1275/1639/1252
f 1291/1666/1253 1278/1645/1253 1276/1642/1253
f 1279/1647/138 1296/1648/138 1281/1647/138
f 1282/1651/1254 1299/1653/1254 1284/1655/1254
f 1285/1657/1242 1302/1676/1242 1287/1658/1242
f 1303/1661/1255 1305/1663/1255 1290/1664/1255
f 1306/1665/1256 1293/1643/1256 1291/1666/1256
f 1294/1648/138 1311/1669/138 1296/1648/138
f 1312/1688/1257 1299/1653/1257 1297/1672/1257
f 1300/1675/138 1317/1690/138 1302/1676/138
f 1318/1678/1258 1320/1679/1258 1305/1663/1258
f 1321/1694/1259 1308/1667/1259 1306/1665/1259
f 1309/1668/138 1326/1699/138 1311/1669/138
f 1327/1701/1260 1314/1673/1260 1312/1688/1260
f 1330/1705/1261 1317/1690/1261 1315/1690/1261
f 1333/1709/1262 1335/1692/1262 1320/1679/1262
f 1336/1693/1263 1323/1682/1263 1321/1694/1263
f 1339/1696/1264 1326/1699/1264 1324/1697/1264
f 1327/1701/1265 1344/1702/1265 1329/1703/1265
f 1330/1705/1242 1347/1722/1242 1332/1706/1242
f 1348/1708/1266 1350/1725/1266 1335/1692/1266
f 1351/1727/1267 1338/1712/1267 1336/1693/1267
f 1339/1696/620 1356/1732/620 1341/1698/620
f 1357/1734/1268 1344/1702/1268 1342/1717/1268
f 1360/1736/1269 1347/1722/1269 1345/1720/1269
f 1378/1742/1270 1350/1725/1270 1363/1723/1270
f 1366/1743/1271 1353/1729/1271 1351/1727/1271
f 1354/1714/620 1371/1731/620 1356/1732/620
f 1372/1733/1272 1359/1718/1272 1357/1734/1272
f 1360/1736/1242 1377/1737/1242 1362/1721/1242
f 1395/1747/1273 1382/1537/1273 1381/1748/1273
f 1382/1537/1274 1396/1749/1274 1380/1750/1274
f 1384/1751/1275 1400/1752/1275 1385/1753/1275
f 1400/1752/1276 1383/1754/1276 1385/1753/1276
f 1401/1564/1277 1388/1480/1277 1387/1543/1277
f 1403/1755/1278 1386/1756/1278 1388/1546/1278
f 1404/1757/1279 1391/1551/1279 1390/1758/1279
f 1391/1551/1280 1405/1759/1280 1389/1760/1280
f 1407/1554/1281 1394/1555/1281 1393/1761/1281
f 1394/1555/1282 1408/1762/1282 1392/1558/1282
f 1410/1763/1283 1397/1536/1283 1395/1747/1283
f 1412/1764/1284 1396/1749/1284 1397/1536/1284
f 1413/1765/1285 1400/1752/1285 1398/1766/1285
f 1400/1752/1286 1414/1582/1286 1399/1563/1286
f 1401/1564/1287 1418/1466/1287 1403/1767/1287
f 1403/1755/1288 1417/1768/1288 1402/1769/1288
f 1419/1770/1289 1406/1771/1289 1404/1757/1289
f 1421/1772/1290 1405/1759/1290 1406/1771/1290
f 1407/1554/1291 1424/1773/1291 1409/1774/1291
f 1424/1773/1292 1408/1762/1292 1409/1774/1292
f 1410/1763/1293 1427/1575/1293 1412/1764/1293
f 1412/1764/1294 1426/1775/1294 1411/1776/1294
f 1428/1777/1295 1415/1778/1295 1413/1765/1295
f 1430/1779/1296 1414/1582/1296 1415/1778/1296
f 1431/1780/1297 1418/1466/1297 1416/1781/1297
f 1418/1782/1298 1432/1783/1298 1417/1768/1298
f 1419/1770/1299 1436/1587/1299 1421/1772/1299
f 1436/1587/1300 1420/1784/1300 1421/1772/1300
f 1422/1785/1301 1439/1786/1301 1424/1773/1301
f 1424/1773/1302 1438/1787/1302 1423/1788/1302
f 1425/1789/1303 1442/1790/1303 1427/1575/1303
f 1427/1575/1304 1441/1791/1304 1426/1775/1304
f 1428/1777/1305 1445/1792/1305 1430/1779/1305
f 1445/1792/1306 1429/1793/1306 1430/1779/1306
f 1446/1794/1307 1433/1597/1307 1431/1780/1307
f 1448/1598/1308 1432/1783/1308 1433/1795/1308
f 1449/1796/1309 1436/1587/1309 1434/1797/1309
f 1451/1798/1310 1435/1799/1310 1436/1587/1310
f 1437/1800/1311 1454/1801/1311 1439/1786/1311
f 1439/1786/1312 1453/1802/1312 1438/1787/1312
f 1455/1606/1313 1442/1790/1313 1440/1803/1313
f 1457/1804/1314 1441/1791/1314 1442/1790/1314
f 1443/1805/1315 1460/1806/1315 1445/1792/1315
f 1445/1792/1316 1459/1807/1316 1444/1596/1316
f 1461/1628/1317 1448/1808/1317 1446/1794/1317
f 1448/1598/1318 1462/1809/1318 1447/1810/1318
f 1464/1811/1319 1451/1798/1319 1449/1796/1319
f 1466/1812/1320 1450/1813/1320 1451/1798/1320
f 1467/1814/1321 1454/1801/1321 1452/1603/1321
f 1469/1815/1322 1453/1802/1322 1454/1801/1322
f 1455/1606/1323 1472/1816/1323 1457/1804/1323
f 1457/1804/1324 1471/1817/1324 1456/1818/1324
f 1473/1626/1325 1460/1806/1325 1458/1819/1325
f 1460/1806/1326 1474/1820/1326 1459/1807/1326
f 1476/1821/1327 1463/1630/1327 1461/1628/1327
f 1478/1631/1328 1462/1809/1328 1463/1822/1328
f 1464/1811/1329 1481/1634/1329 1466/1812/1329
f 1481/1634/1330 1465/1823/1330 1466/1812/1330
f 1482/1824/1331 1469/1815/1331 1467/1814/1331
f 1484/1825/1332 1468/1826/1332 1469/1815/1332
f 1485/1827/1333 1472/1828/1333 1470/1829/1333
f 1472/1828/1334 1486/1830/1334 1471/1831/1334
f 1473/1832/1335 1490/1833/1335 1475/1834/1335
f 1475/1834/1336 1489/1835/1336 1474/1836/1336
f 1491/1837/1337 1478/1649/1337 1476/1838/1337
f 1493/1839/1338 1477/1840/1338 1478/1652/1338
f 1479/1841/1339 1496/1842/1339 1481/1654/1339
f 1481/1654/1340 1495/1843/1340 1480/1658/1340
f 1482/1844/1341 1499/1845/1341 1484/1846/1341
f 1499/1845/1342 1483/1662/1342 1484/1846/1342
f 1500/1847/1343 1487/1848/1343 1485/1827/1343
f 1487/1848/1344 1501/1849/1344 1486/1830/1344
f 1488/1850/1345 1505/1851/1345 1490/1833/1345
f 1505/1851/1346 1489/1835/1346 1490/1833/1346
f 1491/1837/1347 1508/1852/1347 1493/1853/1347
f 1493/1839/1348 1507/1854/1348 1492/1855/1348
f 1509/1673/1349 1496/1842/1349 1494/1856/1349
f 1511/1857/1350 1495/1843/1350 1496/1842/1350
f 1497/1858/1351 1514/1859/1351 1499/1845/1351
f 1499/1845/1352 1513/1860/1352 1498/1861/1352
f 1515/1862/1353 1502/1863/1353 1500/1847/1353
f 1502/1863/1354 1516/1864/1354 1501/1849/1354
f 1503/1865/1355 1520/1866/1355 1505/1851/1355
f 1520/1866/1356 1504/1668/1356 1505/1851/1356
f 1521/1867/1357 1508/1852/1357 1506/1868/1357
f 1523/1869/1358 1507/1854/1358 1508/1870/1358
f 1524/1871/1359 1511/1857/1359 1509/1673/1359
f 1511/1857/1360 1525/1872/1360 1510/1873/1360
f 1512/1873/1361 1529/1874/1361 1514/1859/1361
f 1529/1874/1362 1513/1860/1362 1514/1859/1362
f 1515/1862/1363 1532/1875/1363 1517/1876/1363
f 1532/1875/1364 1516/1864/1364 1517/1876/1364
f 1533/1877/1365 1520/1866/1365 1518/1878/1365
f 1535/1695/1366 1519/1879/1366 1520/1866/1366
f 1536/1880/1367 1523/1881/1367 1521/1867/1367
f 1538/1700/1368 1522/1882/1368 1523/1869/1368
f 1539/1883/1369 1526/1884/1369 1524/1871/1369
f 1526/1884/1370 1540/1885/1370 1525/1872/1370
f 1527/1886/1371 1544/1887/1371 1529/1874/1371
f 1544/1887/1372 1528/1709/1372 1529/1874/1372
f 1545/1888/1373 1532/1875/1373 1530/1889/1373
f 1532/1875/1374 1546/1890/1374 1531/1693/1374
f 1548/1891/1375 1535/1695/1375 1533/1877/1375
f 1535/1695/1376 1549/1892/1376 1534/1893/1376
f 1551/1714/1377 1538/1502/1377 1536/1880/1377
f 1538/1700/1378 1552/1894/1378 1537/1895/1378
f 1539/1883/1379 1556/1896/1379 1541/1704/1379
f 1556/1896/1380 1540/1885/1380 1541/1704/1380
f 1557/1721/1381 1544/1887/1381 1542/1897/1381
f 1559/1898/1382 1543/1899/1382 1544/1887/1382
f 1560/1724/1383 1547/1900/1383 1545/1888/1383
f 1547/1900/1384 1561/1901/1384 1546/1890/1384
f 1563/1902/1385 1550/1903/1385 1548/1891/1385
f 1550/1903/1386 1564/1904/1386 1549/1892/1386
f 1551/1714/1387 1568/1905/1387 1553/1715/1387
f 1568/1906/1388 1552/1894/1388 1553/1907/1388
f 1554/1908/1389 1571/1909/1389 1556/1896/1389
f 1571/1909/1390 1555/1721/1390 1556/1896/1390
f 1557/1721/1391 1574/1910/1391 1559/1898/1391
f 1574/1910/1392 1558/1723/1392 1559/1898/1392
f 1380/1750/1393 1562/1911/1393 1382/1537/1393
f 1562/1911/1394 1381/1748/1394 1382/1537/1394
f 1383/1754/1395 1565/1912/1395 1385/1753/1395
f 1565/1912/1396 1384/1751/1396 1385/1753/1396
f 1567/1913/1397 1388/1546/1397 1386/1756/1397
f 1388/1480/1398 1566/1914/1398 1387/1543/1398
f 1389/1760/1399 1571/1909/1399 1391/1551/1399
f 1571/1909/1400 1390/1758/1400 1391/1551/1400
f 1392/1558/1401 1574/1910/1401 1394/1555/1401
f 1394/1555/1402 1572/1915/1402 1393/1761/1402
f 1561/1901/1403 1384/1751/1403 1563/1902/1403
f 1396/1749/1404 1384/1751/1404 1380/1750/1404
f 1392/1558/1405 1395/1747/1405 1381/1748/1405
f 1392/1558/1406 1560/1724/1406 1573/1916/1406
f 1383/1754/138 1401/1564/138 1387/1543/138
f 1564/1904/138 1387/1543/138 1566/1914/138
f 1386/1756/1407 1404/1757/1407 1390/1758/1407
f 1386/1756/1408 1569/1917/1408 1567/1913/1408
f 1389/1760/138 1407/1554/138 1393/1761/138
f 1570/1918/138 1393/1761/138 1572/1915/138
f 1408/1762/1409 1410/1763/1409 1395/1747/1409
f 1396/1749/1410 1413/1765/1410 1398/1766/1410
f 1399/1563/138 1416/1781/138 1401/1564/138
f 1402/1769/1411 1419/1770/1411 1404/1757/1411
f 1405/1759/1242 1422/1785/1242 1407/1554/1242
f 1423/1788/1412 1425/1789/1412 1410/1763/1412
f 1426/1775/1413 1413/1765/1413 1411/1776/1413
f 1414/1582/138 1431/1780/138 1416/1781/138
f 1432/1783/1414 1419/1770/1414 1417/1768/1414
f 1420/1784/138 1437/1800/138 1422/1785/138
f 1453/1802/1415 1425/1789/1415 1438/1787/1415
f 1441/1791/1416 1428/1777/1416 1426/1775/1416
f 1429/1793/138 1446/1794/138 1431/1780/138
f 1447/1810/1417 1434/1797/1417 1432/1783/1417
f 1435/1799/1242 1452/1603/1242 1437/1800/1242
f 1468/1826/1418 1440/1803/1418 1453/1802/1418
f 1456/1818/1419 1443/1805/1419 1441/1791/1419
f 1444/1596/138 1461/1628/138 1446/1794/138
f 1447/1810/1420 1464/1811/1420 1449/1796/1420
f 1450/1813/138 1467/1814/138 1452/1603/138
f 1483/1919/1421 1455/1606/1421 1468/1826/1421
f 1471/1817/1422 1458/1819/1422 1456/1818/1422
f 1459/1807/138 1476/1821/138 1461/1628/138
f 1462/1809/1423 1479/1920/1423 1464/1811/1423
f 1465/1823/138 1482/1824/138 1467/1814/138
f 1483/1662/1424 1485/1827/1424 1470/1829/1424
f 1486/1830/1425 1473/1832/1425 1471/1831/1425
f 1474/1836/1426 1491/1837/1426 1476/1838/1426
f 1492/1855/1427 1479/1841/1427 1477/1840/1427
f 1480/1658/1242 1497/1858/1242 1482/1844/1242
f 1513/1860/1428 1485/1827/1428 1498/1861/1428
f 1501/1849/1429 1488/1850/1429 1486/1830/1429
f 1489/1835/138 1506/1868/138 1491/1837/138
f 1507/1854/1430 1494/1856/1430 1492/1855/1430
f 1495/1843/138 1512/1873/138 1497/1858/138
f 1528/1709/1431 1500/1847/1431 1513/1860/1431
f 1516/1864/1432 1503/1865/1432 1501/1849/1432
f 1504/1668/138 1521/1867/138 1506/1868/138
f 1507/1854/1433 1524/1871/1433 1509/1673/1433
f 1510/1873/138 1527/1886/138 1512/1873/138
f 1528/1709/1434 1530/1889/1434 1515/1862/1434
f 1531/1693/1435 1518/1878/1435 1516/1864/1435
f 1519/1879/138 1536/1880/138 1521/1867/138
f 1522/1882/1436 1539/1883/1436 1524/1871/1436
f 1525/1872/1242 1542/1897/1242 1527/1886/1242
f 1543/1899/1437 1545/1888/1437 1530/1889/1437
f 1531/1693/1438 1548/1891/1438 1533/1877/1438
f 1534/1893/1439 1551/1714/1439 1536/1880/1439
f 1552/1894/1440 1539/1883/1440 1537/1895/1440
f 1540/1885/138 1557/1721/138 1542/1897/138
f 1558/1723/1441 1560/1724/1441 1545/1888/1441
f 1561/1901/1442 1548/1891/1442 1546/1890/1442
f 1549/1892/138 1566/1914/138 1551/1714/138
f 1567/1913/1443 1554/1908/1443 1552/1894/1443
f 1555/1721/138 1572/1915/138 1557/1721/138
f 1114/1435/1039 1115/1446/1039 1109/1436/1039
f 1109/1438/1040 1115/1447/1040 1113/1439/1040
f 1111/1437/1041 1112/2009/1041 1118/1441/1041
f 1118/1442/1042 1112/1534/1042 1110/1443/1042
f 1120/1445/1043 1121/1454/1043 1115/1446/1043
f 1115/1447/1044 1121/1456/1044 1119/1448/1044
f 1117/1435/1045 1118/1441/1045 1124/1449/1045
f 1124/1451/1046 1118/1442/1046 1116/1444/1046
f 1126/1453/1047 1127/1462/1047 1121/1454/1047
f 1127/1455/1048 1125/1464/1048 1119/1448/1048
f 1123/1450/1049 1124/1449/1049 1130/1457/1049
f 1130/1459/1050 1124/1451/1050 1122/1452/1050
f 1132/1461/1051 1133/1470/1051 1127/1462/1051
f 1133/1463/1052 1131/1472/1052 1125/1464/1052
f 1135/1465/1053 1129/1458/1053 1130/1457/1053
f 1136/1467/1054 1130/1459/1054 1128/1460/1054
f 1132/1461/1055 1138/1473/1055 1139/1469/1055
f 1139/1471/1056 1137/1479/1056 1131/1472/1056
f 1141/1473/2037 1135/1465/2037 1136/1466/2037
f 1136/1467/1058 1134/1468/1058 1140/1475/1058
f 1138/1473/1059 1144/1481/1059 1145/1477/1059
f 1145/1478/1060 1143/1486/1060 1137/1479/1060
f 1141/1473/1061 1142/1474/1061 1148/1480/1061
f 1142/1476/1062 1140/1475/1062 1146/1482/1062
f 1150/1484/1063 1151/1491/1063 1145/1477/1063
f 1145/1478/1064 1151/1493/1064 1149/1485/1064
f 1147/1481/1065 1148/1480/1065 1154/1487/1065
f 1148/1483/2038 1146/1482/2038 1152/1488/2038
f 1150/1484/1067 1156/1498/1067 1157/1490/1067
f 1157/1492/1068 1155/1501/1068 1149/1485/1068
f 1153/1484/1069 1154/1487/1069 1160/1494/1069
f 1154/1489/1070 1152/1488/1070 1158/1496/1070
f 1156/1498/1071 1162/1506/1071 1163/1499/1071
f 1163/1500/1072 1161/1509/1072 1155/1501/1072
f 1159/1495/1073 1160/1494/1073 1166/1502/1073
f 1166/1504/1074 1160/1497/1074 1158/1496/1074
f 1162/1506/1075 1168/1515/1075 1169/1507/1075
f 1169/1508/1076 1167/1517/1076 1161/1509/1076
f 1165/1503/1077 1166/1502/1077 1172/1510/1077
f 1172/1512/1078 1166/1504/1078 1164/1505/1078
f 1174/1514/1079 1175/1523/1079 1169/1507/1079
f 1175/1516/1080 1173/1525/1080 1167/1517/1080
f 1171/1511/1081 1172/1510/1081 1178/1518/1081
f 1172/1512/2039 1170/1513/2039 1176/1520/2039
f 1174/1514/1083 1180/1527/1083 1181/1522/1083
f 1181/1524/1084 1179/1531/1084 1173/1525/1084
f 1177/1519/1085 1178/1518/1085 1184/1526/1085
f 1178/1521/1086 1176/1520/1086 1182/1528/1086
f 1180/1527/1087 1108/1533/1087 1109/1530/1087
f 1109/1438/1088 1107/1440/1088 1179/1531/1088
f 1183/1527/1089 1184/1526/1089 1112/1532/1089
f 1112/1534/1090 1184/1529/1090 1182/1528/1090
f 1179/1531/1091 1107/1440/1091 1113/1439/1091
f 1113/1439/1091 1119/1448/1091 1125/1464/1091
f 1125/1464/1091 1131/1472/1091 1137/1479/1091
f 1137/1479/1091 1143/1486/1091 1149/1485/1091
f 1149/1485/1091 1155/1501/1091 1161/1509/1091
f 1161/1509/1091 1167/1517/1091 1173/1525/1091
f 1173/1525/1091 1179/1531/1091 1113/1439/1091
f 1113/1439/1091 1125/1464/1091 1137/1479/1091
f 1137/1479/1091 1149/1485/1091 1161/1509/1091
f 1161/1509/1091 1173/1525/1091 1113/1439/1091
f 1108/1437/138 1111/1437/138 1117/1435/138
f 1180/1527/138 1183/1527/138 1111/1533/138
f 1122/1452/1092 1116/1444/1092 1110/1443/1092
f 1110/1443/1092 1182/1528/1092 1176/1520/1092
f 1176/1520/1092 1170/1513/1092 1164/1505/1092
f 1164/1505/1092 1158/1496/1092 1152/1488/1092
f 1152/1488/1092 1146/1482/1092 1140/1475/1092
f 1140/1475/1092 1134/1468/1092 1128/1460/1092
f 1128/1460/1092 1122/1452/1092 1110/1443/1092
f 1110/1443/1092 1176/1520/1092 1164/1505/1092
f 1164/1505/1092 1152/1488/1092 1140/1475/1092
f 1140/1475/1092 1128/1460/1092 1110/1443/1092
f 1114/1435/138 1117/1435/138 1123/1450/138
f 1120/1445/138 1123/1450/138 1129/1458/138
f 1126/1453/138 1129/1458/138 1135/1465/138
f 1132/1461/138 1135/1465/138 1141/1473/138
f 1138/1473/138 1141/1473/138 1147/1481/138
f 1144/1481/138 1147/1481/138 1153/1484/138
f 1150/1484/138 1153/1484/138 1159/1495/138
f 1156/1498/138 1159/1495/138 1165/1503/138
f 1162/1506/138 1165/1503/138 1171/1511/138
f 1168/1515/138 1171/1511/138 1177/1519/138
f 1174/1514/138 1177/1519/138 1183/1527/138
f 1186/1535/1093 1200/1559/1093 1202/1536/1093
f 1202/1536/1094 1201/1561/1094 1185/1538/1094
f 1203/1539/1095 1205/1542/1095 1190/1540/1095
f 1205/1542/1096 1204/1563/1096 1188/1543/1096
f 1192/1544/1097 1206/1564/1097 1208/1474/1097
f 1193/1546/1098 1208/1567/1098 1207/1547/1098
f 1195/1549/1099 1209/1568/1099 1211/1550/1099
f 1196/1551/1100 1211/1550/1100 1210/1552/1100
f 1212/1554/2040 1214/1557/2040 1199/1555/2040
f 1214/1557/1102 1213/1572/1102 1197/1558/1102
f 1200/1559/1103 1215/1574/1103 1217/1560/1103
f 1217/1560/2041 1216/1576/2041 1201/1561/2041
f 1203/1539/1105 1218/1578/1105 1220/1562/1105
f 1220/1562/1106 1219/1580/1106 1204/1563/1106
f 1206/1564/1107 1221/1582/1107 1223/1565/1107
f 1223/1566/1108 1222/1584/1108 1207/1547/1108
f 1209/1568/1109 1224/1586/1109 1226/1569/1109
f 1226/1569/1110 1225/1588/1110 1210/1552/1110
f 1227/1570/1111 1229/1571/1111 1214/1557/1111
f 1229/1571/1112 1228/1591/1112 1213/1572/1112
f 1230/1573/2042 1232/1575/2042 1217/1560/2042
f 1232/1575/1114 1231/1593/1114 1216/1576/1114
f 1233/1577/1115 1235/1579/1115 1220/1562/1115
f 1235/1579/1116 1234/1595/1116 1219/1580/1116
f 1236/1581/1117 1238/1597/1117 1223/1565/1117
f 1238/1583/1118 1237/1599/1118 1222/1584/1118
f 1239/1585/1119 1241/1587/1119 1226/1569/1119
f 1241/1587/1120 1240/1602/1120 1225/1588/1120
f 1227/1570/2043 1242/1604/2043 1244/1589/2043
f 1229/1571/1122 1244/1589/1122 1243/1590/1122
f 1230/1573/1123 1245/1607/1123 1247/1592/1123
f 1247/1592/1124 1246/1609/1124 1231/1593/1124
f 1233/1577/1125 1248/1611/1125 1250/1594/1125
f 1250/1594/1126 1249/1613/1126 1234/1595/1126
f 1251/1596/1127 1253/1449/1127 1238/1597/1127
f 1253/1598/1128 1252/1616/1128 1237/1599/1128
f 1239/1585/1129 1254/1618/1129 1256/1600/1129
f 1241/1587/1130 1256/1600/1130 1255/1601/1130
f 1257/1603/1131 1259/1605/1131 1244/1589/1131
f 1259/1605/1132 1258/1622/1132 1243/1590/1132
f 1260/1606/1133 1262/1608/1133 1247/1592/1133
f 1262/1608/1134 1261/1625/1134 1246/1609/1134
f 1263/1610/1135 1265/1612/1135 1250/1594/1135
f 1265/1612/1136 1264/1628/1136 1249/1613/1136
f 1266/1614/1137 1268/1630/1137 1253/1449/1137
f 1268/1615/1138 1267/1632/1138 1252/1616/1138
f 1269/1617/1139 1271/1619/1139 1256/1600/1139
f 1271/1619/1140 1270/1635/1140 1255/1601/1140
f 1272/1620/1141 1274/1637/1141 1259/1605/1141
f 1259/1605/2044 1274/1637/2044 1273/1621/2044
f 1275/1623/1143 1277/2010/1143 1262/1608/1143
f 1262/1608/1144 1277/2010/1144 1276/1624/1144
f 1278/1626/1145 1280/2011/1145 1265/1612/1145
f 1265/1612/2045 1280/2011/2045 1279/1627/2045
f 1281/1629/1147 1283/2012/1147 1268/1630/1147
f 1283/1631/1148 1282/2013/1148 1267/1632/1148
f 1284/1633/1149 1286/1634/1149 1271/1619/1149
f 1286/1634/2046 1285/1746/2046 1270/1635/2046
f 1287/1636/1151 1289/1638/1151 1274/1637/1151
f 1289/1638/1152 1288/1745/1152 1273/1621/1152
f 1275/1639/1153 1290/1664/1153 1292/1640/1153
f 1292/1640/1154 1291/1666/1154 1276/1642/1154
f 1293/1643/1155 1295/1646/1155 1280/1644/1155
f 1295/1646/1156 1294/1648/1156 1279/1647/1156
f 1296/1648/1157 1298/1670/1157 1283/1649/1157
f 1298/1650/1158 1297/1672/1158 1282/1651/1158
f 1299/1653/1159 1301/1656/1159 1286/1654/1159
f 1301/1656/1160 1300/1675/1160 1285/1657/1160
f 1287/1658/1161 1302/1676/1161 1304/1659/1161
f 1289/1660/1162 1304/1659/1162 1303/1661/1162
f 1305/1663/1163 1307/1680/1163 1292/1640/1163
f 1292/1640/1164 1307/1680/1164 1306/1665/1164
f 1308/1667/1165 1310/1683/1165 1295/1646/1165
f 1295/1646/1166 1310/1683/1166 1309/1668/1166
f 1311/1669/1167 1313/1686/1167 1298/1670/1167
f 1313/1671/1168 1312/1688/1168 1297/1672/1168
f 1314/1673/1169 1316/1674/1169 1301/1656/1169
f 1316/1674/1170 1315/1690/1170 1300/1675/1170
f 1302/1676/2047 1317/1690/2047 1319/1677/2047
f 1304/1659/1172 1319/1677/1172 1318/1678/1172
f 1320/1679/1173 1322/1681/1173 1307/1680/1173
f 1322/1681/1174 1321/1694/1174 1306/1665/1174
f 1323/1682/1175 1325/1684/1175 1310/1683/1175
f 1325/1684/1176 1324/1697/1176 1309/1668/1176
f 1311/1669/1177 1326/1699/1177 1328/1685/1177
f 1328/1687/1178 1327/1701/1178 1312/1688/1178
f 1314/1673/1179 1329/1703/1179 1331/1689/1179
f 1331/1689/1180 1330/1705/1180 1315/1690/1180
f 1317/1690/1181 1332/1706/1181 1334/1691/1181
f 1334/1691/1182 1333/1709/1182 1318/1678/1182
f 1335/1692/1183 1337/1711/1183 1322/1681/1183
f 1322/1681/1184 1337/1711/1184 1336/1693/1184
f 1323/1682/1185 1338/1712/1185 1340/1695/1185
f 1325/1684/1186 1340/1695/1186 1339/1696/1186
f 1341/1698/1187 1343/1502/1187 1328/1685/1187
f 1343/1700/1188 1342/1717/1188 1327/1701/1188
f 1344/1702/1189 1346/1704/1189 1331/1689/1189
f 1346/1704/1190 1345/1720/1190 1330/1705/1190
f 1332/1706/2048 1347/1722/2048 1349/1707/2048
f 1334/1691/1192 1349/1707/1192 1348/1708/1192
f 1335/1692/1193 1350/1725/1193 1352/1710/1193
f 1352/1710/1194 1351/1727/1194 1336/1693/1194
f 1338/1712/1195 1353/1729/1195 1355/1713/1195
f 1340/1695/1196 1355/1713/1196 1354/1714/1196
f 1341/1698/1197 1356/1732/1197 1358/1715/1197
f 1358/1716/1198 1357/1734/1198 1342/1717/1198
f 1359/1718/1199 1361/1719/1199 1346/1704/1199
f 1361/1719/1200 1360/1736/1200 1345/1720/1200
f 1362/1721/1201 1364/1738/1201 1349/1707/1201
f 1349/1707/1202 1364/1738/1202 1363/1723/1202
f 1365/1724/1203 1367/1726/1203 1352/1710/1203
f 1367/1726/1204 1366/1743/1204 1351/1727/1204
f 1368/1728/1205 1370/1740/1205 1355/1713/1205
f 1355/1713/1206 1370/1740/1206 1369/1730/1206
f 1371/1731/1207 1373/2014/1207 1358/1715/1207
f 1358/1716/1208 1373/2015/1208 1372/1733/1208
f 1359/1718/1209 1374/1744/1209 1376/1735/1209
f 1376/1735/1210 1375/1741/1210 1360/1736/1210
f 1377/1737/1211 1379/1739/1211 1364/1738/1211
f 1379/1739/1212 1378/1742/1212 1363/1723/1212
f 1185/1538/1213 1366/1743/1213 1367/1726/1213
f 1187/1537/1214 1367/1726/1214 1365/1724/1214
f 1188/1543/1215 1369/1730/1215 1370/1740/1215
f 1370/1740/1216 1368/1728/1216 1189/1541/1216
f 1372/1733/1217 1373/2015/1217 1193/1546/1217
f 1193/1545/1218 1373/2014/1218 1371/1731/1218
f 1375/1741/1219 1376/1735/1219 1196/1551/1219
f 1376/1735/1220 1374/1744/1220 1195/1549/1220
f 1378/1742/1221 1379/1739/1221 1199/1555/1221
f 1379/1739/1222 1377/1737/1222 1198/1556/1222
f 1366/1743/1223 1185/1538/1223 1189/1541/1223
f 1185/1538/2049 1201/1561/2049 1203/1539/2049
f 1213/1572/2050 1200/1559/2050 1186/1535/2050
f 1197/1558/2051 1186/1535/2051 1365/1724/2051
f 1188/1543/138 1204/1563/138 1206/1564/138
f 1369/1730/138 1188/1543/138 1192/1544/138
f 1191/1548/1227 1207/1547/1227 1209/1568/1227
f 1372/1733/2052 1191/1548/2052 1195/1549/2052
f 1194/1553/2053 1210/1552/2053 1212/1554/2053
f 1375/1741/138 1194/1553/138 1198/1556/138
f 1213/1572/2054 1228/1591/2054 1215/1574/2054
f 1216/1576/2055 1218/1578/2055 1203/1539/2055
f 1204/1563/138 1219/1580/138 1221/1582/138
f 1207/1547/1232 1222/1584/1232 1224/1586/1232
f 1210/1552/2056 1225/1588/2056 1227/1570/2056
f 1243/1590/2057 1230/1573/2057 1215/1574/2057
f 1231/1593/2058 1233/1577/2058 1218/1578/2058
f 1219/1580/2059 1234/1595/2059 1236/1581/2059
f 1222/1584/1237 1237/1599/1237 1239/1585/1237
f 1225/1588/2060 1240/1602/2060 1242/1604/2060
f 1258/1622/1239 1245/1607/1239 1230/1573/1239
f 1246/1609/1240 1248/1611/1240 1233/1577/1240
f 1234/1595/2061 1249/1613/2061 1251/1596/2061
f 1252/1616/1241 1254/1618/1241 1239/1585/1241
f 1240/1602/1606 1255/1601/1606 1257/1603/1606
f 1273/1621/1243 1260/1606/1243 1245/1607/1243
f 1261/1625/2062 1263/1610/2062 1248/1611/2062
f 1264/1628/138 1266/1614/138 1251/1596/138
f 1267/1632/2063 1269/1617/2063 1254/1618/2063
f 1255/1601/2064 1270/1635/2064 1272/1620/2064
f 1288/1745/1247 1275/1623/1247 1260/1606/1247
f 1276/1624/2065 1278/1626/2065 1263/1610/2065
f 1279/1627/138 1281/1629/138 1266/1614/138
f 1267/1632/1250 1282/2013/1250 1284/1633/1250
f 1285/1746/2066 1287/1636/2066 1272/1620/2066
f 1288/1662/1252 1303/1661/1252 1290/1664/1252
f 1291/1666/2067 1293/1643/2067 1278/1645/2067
f 1279/1647/138 1294/1648/138 1296/1648/138
f 1282/1651/1254 1297/1672/1254 1299/1653/1254
f 1285/1657/2068 1300/1675/2068 1302/1676/2068
f 1303/1661/1255 1318/1678/1255 1305/1663/1255
f 1306/1665/1256 1308/1667/1256 1293/1643/1256
f 1294/1648/2069 1309/1668/2069 1311/1669/2069
f 1312/1688/1257 1314/1673/1257 1299/1653/1257
f 1300/1675/2070 1315/1690/2070 1317/1690/2070
f 1318/1678/1258 1333/1709/1258 1320/1679/1258
f 1321/1694/2071 1323/1682/2071 1308/1667/2071
f 1309/1668/2072 1324/1697/2072 1326/1699/2072
f 1327/1701/2073 1329/1703/2073 1314/1673/2073
f 1330/1705/1242 1332/1706/1242 1317/1690/1242
f 1333/1709/2074 1348/1708/2074 1335/1692/2074
f 1336/1693/1263 1338/1712/1263 1323/1682/1263
f 1339/1696/138 1341/1698/138 1326/1699/138
f 1327/1701/2075 1342/1717/2075 1344/1702/2075
f 1330/1705/2076 1345/1720/2076 1347/1722/2076
f 1348/1708/1266 1363/1723/1266 1350/1725/1266
f 1351/1727/2077 1353/1729/2077 1338/1712/2077
f 1339/1696/2078 1354/1714/2078 1356/1732/2078
f 1357/1734/2079 1359/1718/2079 1344/1702/2079
f 1360/1736/981 1362/1721/981 1347/1722/981
f 1378/1742/1270 1365/1724/1270 1350/1725/1270
f 1366/1743/1271 1368/1728/1271 1353/1729/1271
f 1354/1714/138 1369/1730/138 1371/1731/138
f 1372/1733/1272 1374/1744/1272 1359/1718/1272
f 1360/1736/138 1375/1741/138 1377/1737/138
f 1395/1747/1273 1397/1536/1273 1382/1537/1273
f 1382/1537/1274 1397/1536/1274 1396/1749/1274
f 1384/1751/1275 1398/1766/1275 1400/1752/1275
f 1400/1752/1276 1399/1563/1276 1383/1754/1276
f 1401/1564/1277 1403/1767/1277 1388/1480/1277
f 1403/1755/1278 1402/1769/1278 1386/1756/1278
f 1404/1757/1279 1406/1771/1279 1391/1551/1279
f 1391/1551/1280 1406/1771/1280 1405/1759/1280
f 1407/1554/1281 1409/1774/1281 1394/1555/1281
f 1394/1555/1282 1409/1774/1282 1408/1762/1282
f 1410/1763/1283 1412/1764/1283 1397/1536/1283
f 1412/1764/1284 1411/1776/1284 1396/1749/1284
f 1413/1765/1285 1415/1778/1285 1400/1752/1285
f 1400/1752/1286 1415/1778/1286 1414/1582/1286
f 1401/1564/1287 1416/1781/1287 1418/1466/1287
f 1403/1755/1288 1418/1782/1288 1417/1768/1288
f 1419/1770/1289 1421/1772/1289 1406/1771/1289
f 1421/1772/1290 1420/1784/1290 1405/1759/1290
f 1407/1554/1291 1422/1785/1291 1424/1773/1291
f 1424/1773/1292 1423/1788/1292 1408/1762/1292
f 1410/1763/1293 1425/1789/1293 1427/1575/1293
f 1412/1764/1294 1427/1575/1294 1426/1775/1294
f 1428/1777/2080 1430/1779/2080 1415/1778/2080
f 1430/1779/1296 1429/1793/1296 1414/1582/1296
f 1431/1780/1297 1433/1597/1297 1418/1466/1297
f 1418/1782/1298 1433/1795/1298 1432/1783/1298
f 1419/1770/1299 1434/1797/1299 1436/1587/1299
f 1436/1587/1300 1435/1799/1300 1420/1784/1300
f 1422/1785/1301 1437/1800/1301 1439/1786/1301
f 1424/1773/1302 1439/1786/1302 1438/1787/1302
f 1425/1789/1303 1440/1803/1303 1442/1790/1303
f 1427/1575/2081 1442/1790/2081 1441/1791/2081
f 1428/1777/1305 1443/1805/1305 1445/1792/1305
f 1445/1792/1306 1444/1596/1306 1429/1793/1306
f 1446/1794/1307 1448/1808/1307 1433/1597/1307
f 1448/1598/1308 1447/1810/1308 1432/1783/1308
f 1449/1796/1309 1451/1798/1309 1436/1587/1309
f 1451/1798/1310 1450/1813/1310 1435/1799/1310
f 1437/1800/1311 1452/1603/1311 1454/1801/1311
f 1439/1786/1312 1454/1801/1312 1453/1802/1312
f 1455/1606/1313 1457/1804/1313 1442/1790/1313
f 1457/1804/1314 1456/1818/1314 1441/1791/1314
f 1443/1805/1315 1458/1819/1315 1460/1806/1315
f 1445/1792/1316 1460/1806/1316 1459/1807/1316
f 1461/1628/1317 1463/1630/1317 1448/1808/1317
f 1448/1598/1318 1463/1822/1318 1462/1809/1318
f 1464/1811/1319 1466/1812/1319 1451/1798/1319
f 1466/1812/1320 1465/1823/1320 1450/1813/1320
f 1467/1814/1321 1469/1815/1321 1454/1801/1321
f 1469/1815/1322 1468/1826/1322 1453/1802/1322
f 1455/1606/1323 1470/2016/1323 1472/1816/1323
f 1457/1804/1324 1472/1816/1324 1471/1817/1324
f 1473/1626/1325 1475/2017/1325 1460/1806/1325
f 1460/1806/1326 1475/2017/1326 1474/1820/1326
f 1476/1821/1327 1478/2012/1327 1463/1630/1327
f 1478/1631/1328 1477/2018/1328 1462/1809/1328
f 1464/1811/1329 1479/1920/1329 1481/1634/1329
f 1481/1634/1330 1480/2019/1330 1465/1823/1330
f 1482/1824/2082 1484/1825/2082 1469/1815/2082
f 1484/1825/2083 1483/1919/2083 1468/1826/2083
f 1485/1827/1333 1487/1848/1333 1472/1828/1333
f 1472/1828/1334 1487/1848/1334 1486/1830/1334
f 1473/1832/1335 1488/1850/1335 1490/1833/1335
f 1475/1834/1336 1490/1833/1336 1489/1835/1336
f 1491/1837/1337 1493/1853/1337 1478/1649/1337
f 1493/1839/2084 1492/1855/2084 1477/1840/2084
f 1479/1841/1339 1494/1856/1339 1496/1842/1339
f 1481/1654/1340 1496/1842/1340 1495/1843/1340
f 1482/1844/1341 1497/1858/1341 1499/1845/1341
f 1499/1845/1342 1498/1861/1342 1483/1662/1342
f 1500/1847/1343 1502/1863/1343 1487/1848/1343
f 1487/1848/1344 1502/1863/1344 1501/1849/1344
f 1488/1850/2085 1503/1865/2085 1505/1851/2085
f 1505/1851/1346 1504/1668/1346 1489/1835/1346
f 1491/1837/1347 1506/1868/1347 1508/1852/1347
f 1493/1839/1348 1508/1870/1348 1507/1854/1348
f 1509/1673/1349 1511/1857/1349 1496/1842/1349
f 1511/1857/1350 1510/1873/1350 1495/1843/1350
f 1497/1858/1351 1512/1873/1351 1514/1859/1351
f 1499/1845/1352 1514/1859/1352 1513/1860/1352
f 1515/1862/1353 1517/1876/1353 1502/1863/1353
f 1502/1863/1354 1517/1876/1354 1516/1864/1354
f 1503/1865/1355 1518/1878/1355 1520/1866/1355
f 1520/1866/1356 1519/1879/1356 1504/1668/1356
f 1521/1867/1357 1523/1881/1357 1508/1852/1357
f 1523/1869/1358 1522/1882/1358 1507/1854/1358
f 1524/1871/1359 1526/1884/1359 1511/1857/1359
f 1511/1857/1360 1526/1884/1360 1525/1872/1360
f 1512/1873/2086 1527/1886/2086 1529/1874/2086
f 1529/1874/1362 1528/1709/1362 1513/1860/1362
f 1515/1862/1363 1530/1889/1363 1532/1875/1363
f 1532/1875/1364 1531/1693/1364 1516/1864/1364
f 1533/1877/1365 1535/1695/1365 1520/1866/1365
f 1535/1695/1366 1534/1893/1366 1519/1879/1366
f 1536/1880/1367 1538/1502/1367 1523/1881/1367
f 1538/1700/1368 1537/1895/1368 1522/1882/1368
f 1539/1883/1369 1541/1704/1369 1526/1884/1369
f 1526/1884/1370 1541/1704/1370 1540/1885/1370
f 1527/1886/1371 1542/1897/1371 1544/1887/1371
f 1544/1887/1372 1543/1899/1372 1528/1709/1372
f 1545/1888/1373 1547/1900/1373 1532/1875/1373
f 1532/1875/2087 1547/1900/2087 1546/1890/2087
f 1548/1891/1375 1550/1903/1375 1535/1695/1375
f 1535/1695/1376 1550/1903/1376 1549/1892/1376
f 1551/1714/1377 1553/1715/1377 1538/1502/1377
f 1538/1700/1378 1553/1907/1378 1552/1894/1378
f 1539/1883/1379 1554/1908/1379 1556/1896/1379
f 1556/1896/1380 1555/1721/1380 1540/1885/1380
f 1557/1721/1381 1559/1898/1381 1544/1887/1381
f 1559/1898/1382 1558/1723/1382 1543/1899/1382
f 1560/1724/1383 1562/1911/1383 1547/1900/1383
f 1547/1900/2088 1562/1911/2088 1561/1901/2088
f 1563/1902/1385 1565/1912/1385 1550/1903/1385
f 1550/1903/1386 1565/1912/1386 1564/1904/1386
f 1551/1714/1387 1566/1914/1387 1568/1905/1387
f 1568/1906/1388 1567/1913/1388 1552/1894/1388
f 1554/1908/1389 1569/1917/1389 1571/1909/1389
f 1571/1909/1390 1570/1918/1390 1555/1721/1390
f 1557/1721/1391 1572/1915/1391 1574/1910/1391
f 1574/1910/1392 1573/1916/1392 1558/1723/1392
f 1380/1750/1393 1561/1901/1393 1562/1911/1393
f 1562/1911/1394 1560/1724/1394 1381/1748/1394
f 1383/1754/1395 1564/1904/1395 1565/1912/1395
f 1565/1912/1396 1563/1902/1396 1384/1751/1396
f 1567/1913/1397 1568/1906/1397 1388/1546/1397
f 1388/1480/2089 1568/1905/2089 1566/1914/2089
f 1389/1760/1399 1570/1918/1399 1571/1909/1399
f 1571/1909/2090 1569/1917/2090 1390/1758/2090
f 1392/1558/1401 1573/1916/1401 1574/1910/1401
f 1394/1555/1402 1574/1910/1402 1572/1915/1402
f 1561/1901/2091 1380/1750/2091 1384/1751/2091
f 1396/1749/2092 1398/1766/2092 1384/1751/2092
f 1392/1558/2093 1408/1762/2093 1395/1747/2093
f 1392/1558/2094 1381/1748/2094 1560/1724/2094
f 1383/1754/138 1399/1563/138 1401/1564/138
f 1564/1904/138 1383/1754/138 1387/1543/138
f 1386/1756/1407 1402/1769/1407 1404/1757/1407
f 1386/1756/2095 1390/1758/2095 1569/1917/2095
f 1389/1760/2096 1405/1759/2096 1407/1554/2096
f 1570/1918/138 1389/1760/138 1393/1761/138
f 1408/1762/2097 1423/1788/2097 1410/1763/2097
f 1396/1749/2098 1411/1776/2098 1413/1765/2098
f 1399/1563/2099 1414/1582/2099 1416/1781/2099
f 1402/1769/2100 1417/1768/2100 1419/1770/2100
f 1405/1759/138 1420/1784/138 1422/1785/138
f 1423/1788/2101 1438/1787/2101 1425/1789/2101
f 1426/1775/2102 1428/1777/2102 1413/1765/2102
f 1414/1582/138 1429/1793/138 1431/1780/138
f 1432/1783/1414 1434/1797/1414 1419/1770/1414
f 1420/1784/2103 1435/1799/2103 1437/1800/2103
f 1453/1802/2104 1440/1803/2104 1425/1789/2104
f 1441/1791/2105 1443/1805/2105 1428/1777/2105
f 1429/1793/138 1444/1596/138 1446/1794/138
f 1447/1810/1417 1449/1796/1417 1434/1797/1417
f 1435/1799/138 1450/1813/138 1452/1603/138
f 1468/1826/2106 1455/1606/2106 1440/1803/2106
f 1456/1818/1419 1458/1819/1419 1443/1805/1419
f 1444/1596/138 1459/1807/138 1461/1628/138
f 1447/1810/2107 1462/1809/2107 1464/1811/2107
f 1450/1813/138 1465/1823/138 1467/1814/138
f 1483/1919/2108 1470/2016/2108 1455/1606/2108
f 1471/1817/1422 1473/1626/1422 1458/1819/1422
f 1459/1807/2109 1474/1820/2109 1476/1821/2109
f 1462/1809/2110 1477/2018/2110 1479/1920/2110
f 1465/1823/2111 1480/2019/2111 1482/1824/2111
f 1483/1662/2112 1498/1861/2112 1485/1827/2112
f 1486/1830/2113 1488/1850/2113 1473/1832/2113
f 1474/1836/138 1489/1835/138 1491/1837/138
f 1492/1855/1427 1494/1856/1427 1479/1841/1427
f 1480/1658/138 1495/1843/138 1497/1858/138
f 1513/1860/1428 1500/1847/1428 1485/1827/1428
f 1501/1849/2114 1503/1865/2114 1488/1850/2114
f 1489/1835/138 1504/1668/138 1506/1868/138
f 1507/1854/2115 1509/1673/2115 1494/1856/2115
f 1495/1843/138 1510/1873/138 1512/1873/138
f 1528/1709/1431 1515/1862/1431 1500/1847/1431
f 1516/1864/2116 1518/1878/2116 1503/1865/2116
f 1504/1668/138 1519/1879/138 1521/1867/138
f 1507/1854/2117 1522/1882/2117 1524/1871/2117
f 1510/1873/2118 1525/1872/2118 1527/1886/2118
f 1528/1709/1434 1543/1899/1434 1530/1889/1434
f 1531/1693/2119 1533/1877/2119 1518/1878/2119
f 1519/1879/2120 1534/1893/2120 1536/1880/2120
f 1522/1882/1436 1537/1895/1436 1539/1883/1436
f 1525/1872/138 1540/1885/138 1542/1897/138
f 1543/1899/2121 1558/1723/2121 1545/1888/2121
f 1531/1693/2122 1546/1890/2122 1548/1891/2122
f 1534/1893/138 1549/1892/138 1551/1714/138
f 1552/1894/2123 1554/1908/2123 1539/1883/2123
f 1540/1885/138 1555/1721/138 1557/1721/138
f 1558/1723/2124 1573/1916/2124 1560/1724/2124
f 1561/1901/2125 1563/1902/2125 1548/1891/2125
f 1549/1892/2126 1564/1904/2126 1566/1914/2126
f 1567/1913/1443 1569/1917/1443 1554/1908/1443
f 1555/1721/138 1570/1918/138 1572/1915/138
