# Blender 4.5.10 LTS
# www.blender.org
mtllib lur_scroll.mtl
o lur_scroll
v 0.086000 0.000000 0.000000
v 0.076149 0.000000 0.039966
v 0.048854 0.000000 0.070777
v 0.010366 0.000000 0.085373
v -0.030496 0.000000 0.080411
v -0.064372 0.000000 0.057029
v -0.083501 0.000000 0.020581
v -0.083501 0.000000 -0.020581
v -0.064372 0.000000 -0.057029
v -0.030496 0.000000 -0.080411
v 0.010366 0.000000 -0.085373
v 0.048854 0.000000 -0.070777
v 0.076149 0.000000 -0.039966
v 0.079133 0.042783 0.000000
v 0.069799 0.041304 0.038340
v 0.043937 0.037208 0.067896
v 0.007470 0.031432 0.081898
v -0.031246 0.025300 0.077139
v -0.063343 0.020217 0.054708
v -0.081468 0.017346 0.019744
v -0.081468 0.017346 -0.019744
v -0.063343 0.020217 -0.054708
v -0.031246 0.025300 -0.077139
v 0.007470 0.031432 -0.081898
v 0.043937 0.037208 -0.067896
v 0.069799 0.041304 -0.038340
v 0.065786 0.083430 0.000000
v 0.057180 0.080634 0.036713
v 0.033333 0.072886 0.065016
v -0.000291 0.061960 0.078424
v -0.035990 0.050361 0.073866
v -0.065586 0.040745 0.052387
v -0.082298 0.035315 0.018906
v -0.082298 0.035315 -0.018906
v -0.065586 0.040745 -0.052387
v -0.035990 0.050361 -0.073866
v -0.000291 0.061960 -0.078424
v 0.033333 0.072886 -0.065016
v 0.057180 0.080634 -0.036713
v 0.046455 0.120982 0.000000
v 0.038749 0.117056 0.035087
v 0.017398 0.106177 0.062135
v -0.012708 0.090837 0.074950
v -0.044671 0.074551 0.070594
v -0.071169 0.061050 0.050066
v -0.086132 0.053426 0.018068
v -0.086132 0.053426 -0.018068
v -0.071169 0.061050 -0.050066
v -0.044671 0.074551 -0.070594
v -0.012708 0.090837 -0.074950
v 0.017398 0.106177 -0.062135
v 0.038749 0.117056 -0.035087
v 0.021774 0.154579 0.000000
v 0.015102 0.149732 0.033460
v -0.003386 0.136300 0.059255
v -0.029454 0.117360 0.071475
v -0.057131 0.097252 0.067321
v -0.080075 0.080581 0.047745
v -0.093032 0.071168 0.017231
v -0.093032 0.071168 -0.017231
v -0.080075 0.080581 -0.047745
v -0.057131 0.097252 -0.067321
v -0.029454 0.117360 -0.071475
v -0.003386 0.136300 -0.059255
v 0.015102 0.149732 -0.033460
v -0.007502 0.183484 0.000000
v -0.013050 0.177936 0.031834
v -0.028423 0.162563 0.056374
v -0.050100 0.140886 0.068001
v -0.073114 0.117872 0.064049
v -0.092194 0.098792 0.045424
v -0.102968 0.088018 0.016393
v -0.102968 0.088018 -0.016393
v -0.092194 0.098792 -0.045424
v -0.073114 0.117872 -0.064049
v -0.050100 0.140886 -0.068001
v -0.028423 0.162563 -0.056374
v -0.013050 0.177936 -0.031834
v -0.040521 0.207097 0.000000
v -0.044897 0.201074 0.030207
v -0.057024 0.184383 0.053494
v -0.074122 0.160849 0.064526
v -0.092275 0.135864 0.060776
v -0.107325 0.115150 0.043103
v -0.115823 0.103453 0.015556
v -0.115823 0.103453 -0.015556
v -0.107325 0.115150 -0.043103
v -0.092275 0.135864 -0.060776
v -0.074122 0.160849 -0.064526
v -0.057024 0.184383 -0.053494
v -0.044897 0.201074 -0.030207
v -0.076360 0.224967 0.000000
v -0.079558 0.218690 0.028580
v -0.088420 0.201298 0.050614
v -0.100915 0.176775 0.061052
v -0.114181 0.150738 0.057503
v -0.125179 0.129154 0.040782
v -0.131389 0.116965 0.014718
v -0.131389 0.116965 -0.014718
v -0.125179 0.129154 -0.040782
v -0.114181 0.150738 -0.057503
v -0.100915 0.176775 -0.061052
v -0.088420 0.201298 -0.050614
v -0.079558 0.218690 -0.028580
v -0.114045 0.236800 0.000000
v -0.116098 0.230481 0.026954
v -0.121787 0.212974 0.047733
v -0.129808 0.188287 0.057577
v -0.138324 0.162078 0.054231
v -0.145384 0.140350 0.038461
v -0.149370 0.128080 0.013880
v -0.149370 0.128080 -0.013880
v -0.145384 0.140350 -0.038461
v -0.138324 0.162078 -0.054231
v -0.129808 0.188287 -0.057577
v -0.121787 0.212974 -0.047733
v -0.116098 0.230481 -0.026954
v -0.112809 0.240604 0.000000
v -0.115004 0.233850 0.028813
v -0.121084 0.215135 0.051025
v -0.129659 0.188746 0.061548
v -0.138762 0.160729 0.057971
v -0.146309 0.137502 0.041114
v -0.150570 0.124386 0.014838
v -0.150570 0.124386 -0.014838
v -0.146309 0.137502 -0.041114
v -0.138762 0.160729 -0.057971
v -0.129659 0.188746 -0.061548
v -0.121084 0.215135 -0.051025
v -0.115004 0.233850 -0.028813
v -0.121538 0.243301 0.000000
v -0.123536 0.236485 0.028813
v -0.129070 0.217601 0.051025
v -0.136873 0.190974 0.061548
v -0.145157 0.162705 0.057971
v -0.152025 0.139268 0.041114
v -0.155904 0.126034 0.014838
v -0.155904 0.126034 -0.014838
v -0.152025 0.139268 -0.041114
v -0.145157 0.162705 -0.057971
v -0.136873 0.190974 -0.061548
v -0.129070 0.217601 -0.051025
v -0.123536 0.236485 -0.028813
v -0.130343 0.245742 0.000000
v -0.132141 0.238872 0.028813
v -0.137123 0.219835 0.051025
v -0.144149 0.192992 0.061548
v -0.151607 0.164493 0.057971
v -0.157791 0.140867 0.041114
v -0.161283 0.127526 0.014838
v -0.161283 0.127526 -0.014838
v -0.157791 0.140867 -0.041114
v -0.151607 0.164493 -0.057971
v -0.144149 0.192992 -0.061548
v -0.137123 0.219835 -0.051025
v -0.132141 0.238872 -0.028813
v -0.139214 0.247927 0.000000
v -0.140812 0.241007 0.028813
v -0.145238 0.221833 0.051025
v -0.151480 0.194798 0.061548
v -0.158107 0.166094 0.057971
v -0.163601 0.142298 0.041114
v -0.166703 0.128860 0.014838
v -0.166703 0.128860 -0.014838
v -0.163601 0.142298 -0.041114
v -0.158107 0.166094 -0.057971
v -0.151480 0.194798 -0.061548
v -0.145238 0.221833 -0.051025
v -0.140812 0.241007 -0.028813
v -0.114045 0.236800 0.000000
v -0.116098 0.230481 0.026954
v -0.121787 0.212974 0.047733
v -0.129808 0.188287 0.057577
v -0.138324 0.162078 0.054231
v -0.145384 0.140350 0.038461
v -0.149370 0.128080 0.013880
v -0.149370 0.128080 -0.013880
v -0.145384 0.140350 -0.038461
v -0.138324 0.162078 -0.054231
v -0.129808 0.188287 -0.057577
v -0.121787 0.212974 -0.047733
v -0.116098 0.230481 -0.026954
v -0.144495 0.241846 0.000000
v -0.145413 0.235497 0.026024
v -0.147954 0.217906 0.046087
v -0.151539 0.193102 0.055592
v -0.155344 0.166768 0.052361
v -0.158498 0.144936 0.037135
v -0.160280 0.132608 0.013402
v -0.160280 0.132608 -0.013402
v -0.158498 0.144936 -0.037135
v -0.155344 0.166768 -0.052361
v -0.151539 0.193102 -0.055592
v -0.147954 0.217906 -0.046087
v -0.145413 0.235497 -0.026024
v -0.175020 0.241628 0.000000
v -0.174852 0.235444 0.025095
v -0.174386 0.218312 0.044441
v -0.173730 0.194154 0.053606
v -0.173034 0.168506 0.050491
v -0.172456 0.147243 0.035809
v -0.172130 0.135236 0.012923
v -0.172130 0.135236 -0.012923
v -0.172456 0.147243 -0.035809
v -0.173034 0.168506 -0.050491
v -0.173730 0.194154 -0.053606
v -0.174386 0.218312 -0.044441
v -0.174852 0.235444 -0.025095
v -0.204725 0.236267 0.000000
v -0.203554 0.230427 0.024166
v -0.200311 0.214244 0.042795
v -0.195738 0.191427 0.051621
v -0.190882 0.167201 0.048621
v -0.186857 0.147117 0.034482
v -0.184584 0.135776 0.012444
v -0.184584 0.135776 -0.012444
v -0.186857 0.147117 -0.034482
v -0.190882 0.167201 -0.048621
v -0.195738 0.191427 -0.051621
v -0.200311 0.214244 -0.042795
v -0.203554 0.230427 -0.024166
v -0.232761 0.226034 0.000000
v -0.230698 0.220692 0.023236
v -0.224982 0.205887 0.041149
v -0.216923 0.185013 0.049635
v -0.208366 0.162850 0.046751
v -0.201272 0.144477 0.033156
v -0.197266 0.134102 0.011966
v -0.197266 0.134102 -0.011966
v -0.201272 0.144477 -0.033156
v -0.208366 0.162850 -0.046751
v -0.216923 0.185013 -0.049635
v -0.224982 0.205887 -0.041149
v -0.230698 0.220692 -0.023236
v -0.258345 0.211339 0.000000
v -0.255523 0.206621 0.022307
v -0.247702 0.193547 0.039503
v -0.236674 0.175112 0.047650
v -0.224965 0.155540 0.044881
v -0.215259 0.139314 0.031830
v -0.209778 0.130152 0.011487
v -0.209778 0.130152 -0.011487
v -0.215259 0.139314 -0.031830
v -0.224965 0.155540 -0.044881
v -0.236674 0.175112 -0.047650
v -0.247702 0.193547 -0.039503
v -0.255523 0.206621 -0.022307
v -0.280786 0.192711 0.000000
v -0.277353 0.188715 0.021377
v -0.267838 0.177640 0.037857
v -0.254423 0.162025 0.045665
v -0.240180 0.145447 0.043011
v -0.228372 0.131703 0.030504
v -0.221705 0.123942 0.011009
v -0.221705 0.123942 -0.011009
v -0.228372 0.131703 -0.030504
v -0.240180 0.145447 -0.043011
v -0.254423 0.162025 -0.045665
v -0.267838 0.177640 -0.037857
v -0.277353 0.188715 -0.021377
v -0.299499 0.170786 0.000000
v -0.295613 0.167577 0.020448
v -0.284846 0.158683 0.036211
v -0.269664 0.146143 0.043679
v -0.253545 0.132830 0.041141
v -0.240182 0.121792 0.029177
v -0.232636 0.115560 0.010530
v -0.232636 0.115560 -0.010530
v -0.240182 0.121792 -0.029177
v -0.253545 0.132830 -0.041141
v -0.269664 0.146143 -0.043679
v -0.284846 0.158683 -0.036211
v -0.295613 0.167577 -0.020448
v -0.314022 0.146282 0.000000
v -0.309846 0.143893 0.019518
v -0.298276 0.137273 0.034565
v -0.281962 0.127938 0.041694
v -0.264641 0.118027 0.039271
v -0.250281 0.109811 0.027851
v -0.242173 0.105171 0.010051
v -0.242173 0.105171 -0.010051
v -0.250281 0.109811 -0.027851
v -0.264641 0.118027 -0.039271
v -0.281962 0.127938 -0.041694
v -0.298276 0.137273 -0.034565
v -0.309846 0.143893 -0.019518
v -0.324030 0.119977 0.000000
v -0.319724 0.118410 0.018589
v -0.307794 0.114068 0.032919
v -0.290973 0.107946 0.039708
v -0.273113 0.101445 0.037401
v -0.258307 0.096056 0.026525
v -0.249946 0.093013 0.009573
v -0.249946 0.093013 -0.009573
v -0.258307 0.096056 -0.026525
v -0.273113 0.101445 -0.037401
v -0.290973 0.107946 -0.039708
v -0.307794 0.114068 -0.032919
v -0.319724 0.118410 -0.018589
v -0.324030 0.119977 0.000000
v -0.319724 0.118410 0.018589
v -0.307794 0.114068 0.032919
v -0.290973 0.107946 0.039708
v -0.273113 0.101445 0.037401
v -0.258307 0.096056 0.026525
v -0.249946 0.093013 0.009573
v -0.249946 0.093013 -0.009573
v -0.258307 0.096056 -0.026525
v -0.273113 0.101445 -0.037401
v -0.290973 0.107946 -0.039708
v -0.307794 0.114068 -0.032919
v -0.319724 0.118410 -0.018589
v -0.328271 0.099528 0.000000
v -0.323895 0.098756 0.018031
v -0.311767 0.096618 0.031932
v -0.294667 0.093603 0.038517
v -0.276511 0.090402 0.036279
v -0.261460 0.087748 0.025729
v -0.252961 0.086249 0.009285
v -0.252961 0.086249 -0.009285
v -0.261460 0.087748 -0.025729
v -0.276511 0.090402 -0.036279
v -0.294667 0.093603 -0.038517
v -0.311767 0.096618 -0.031932
v -0.323895 0.098756 -0.018031
v -0.328879 0.078862 0.000000
v -0.324573 0.078862 0.017474
v -0.312639 0.078862 0.030944
v -0.295812 0.078862 0.037326
v -0.277946 0.078862 0.035157
v -0.263135 0.078862 0.024933
v -0.254772 0.078862 0.008998
v -0.254772 0.078862 -0.008998
v -0.263135 0.078862 -0.024933
v -0.277946 0.078862 -0.035157
v -0.295812 0.078862 -0.037326
v -0.312639 0.078862 -0.030944
v -0.324573 0.078862 -0.017474
v -0.325908 0.058612 0.000000
v -0.321802 0.059336 0.016916
v -0.310424 0.061342 0.029957
v -0.294382 0.064171 0.036135
v -0.277349 0.067174 0.034035
v -0.263229 0.069664 0.024138
v -0.255255 0.071070 0.008711
v -0.255255 0.071070 -0.008711
v -0.263229 0.069664 -0.024138
v -0.277349 0.067174 -0.034035
v -0.294382 0.064171 -0.036135
v -0.310424 0.061342 -0.029957
v -0.321802 0.059336 -0.016916
v -0.319519 0.039388 0.000000
v -0.315730 0.040767 0.016358
v -0.305232 0.044588 0.028969
v -0.290429 0.049976 0.034943
v -0.274713 0.055696 0.032913
v -0.261683 0.060438 0.023342
v -0.254326 0.063116 0.008424
v -0.254326 0.063116 -0.008424
v -0.261683 0.060438 -0.023342
v -0.274713 0.055696 -0.032913
v -0.290429 0.049976 -0.034943
v -0.305232 0.044588 -0.028969
v -0.315730 0.040767 -0.016358
v -0.309978 0.021755 0.000000
v -0.306605 0.023702 0.015801
v -0.297259 0.029097 0.027981
v -0.284082 0.036705 0.033752
v -0.270091 0.044783 0.031791
v -0.258493 0.051479 0.022546
v -0.251944 0.055261 0.008137
v -0.251944 0.055261 -0.008137
v -0.258493 0.051479 -0.022546
v -0.270091 0.044783 -0.031791
v -0.284082 0.036705 -0.033752
v -0.297259 0.029097 -0.027981
v -0.306605 0.023702 -0.015801
v -0.297639 0.006218 0.000000
v -0.294761 0.008633 0.015243
v -0.286786 0.015324 0.026994
v -0.275542 0.024760 0.032561
v -0.263603 0.034777 0.030669
v -0.253706 0.043082 0.021750
v -0.248117 0.047772 0.007850
v -0.248117 0.047772 -0.007850
v -0.253706 0.043082 -0.021750
v -0.263603 0.034777 -0.030669
v -0.275542 0.024760 -0.032561
v -0.286786 0.015324 -0.026994
v -0.294761 0.008633 -0.015243
v -0.282938 -0.006793 0.000000
v -0.280611 -0.004020 0.014685
v -0.274165 0.003663 0.026006
v -0.265074 0.014496 0.031370
v -0.255423 0.025998 0.029547
v -0.247422 0.035533 0.020955
v -0.242904 0.040918 0.007562
v -0.242904 0.040918 -0.007562
v -0.247422 0.035533 -0.020955
v -0.255423 0.025998 -0.029547
v -0.265074 0.014496 -0.031370
v -0.274165 0.003663 -0.026006
v -0.280611 -0.004020 -0.014685
v -0.266372 -0.016933 0.000000
v -0.264631 -0.013917 0.014128
v -0.259807 -0.005561 0.025019
v -0.253005 0.006221 0.030178
v -0.245782 0.018730 0.028424
v -0.239795 0.029100 0.020159
v -0.236414 0.034956 0.007275
v -0.236414 0.034956 -0.007275
v -0.239795 0.029100 -0.020159
v -0.245782 0.018730 -0.028424
v -0.253005 0.006221 -0.030178
v -0.259807 -0.005561 -0.025019
v -0.264631 -0.013917 -0.014128
v -0.248487 -0.023954 0.000000
v -0.247343 -0.020811 0.013570
v -0.244173 -0.012102 0.024031
v -0.239704 0.000178 0.028987
v -0.234959 0.013215 0.027302
v -0.231025 0.024023 0.019363
v -0.228803 0.030127 0.006988
v -0.228803 0.030127 -0.006988
v -0.231025 0.024023 -0.019363
v -0.234959 0.013215 -0.027302
v -0.239704 0.000178 -0.028987
v -0.244173 -0.012102 -0.024031
v -0.247343 -0.020811 -0.013570
v -0.229857 -0.027708 0.000000
v -0.229300 -0.024550 0.013012
v -0.227756 -0.015798 0.023044
v -0.225580 -0.003458 0.027796
v -0.223270 0.009644 0.026180
v -0.221355 0.020506 0.018567
v -0.220274 0.026640 0.006701
v -0.220274 0.026640 -0.006701
v -0.221355 0.020506 -0.018567
v -0.223270 0.009644 -0.026180
v -0.225580 -0.003458 -0.027796
v -0.227756 -0.015798 -0.023044
v -0.229300 -0.024550 -0.013012
v -0.230551 -0.031648 0.000000
v -0.229915 -0.028038 0.014871
v -0.228151 -0.018036 0.026335
v -0.225664 -0.003932 0.031767
v -0.223024 0.011041 0.029921
v -0.220835 0.023455 0.021220
v -0.219599 0.030464 0.007658
v -0.219599 0.030464 -0.007658
v -0.220835 0.023455 -0.021220
v -0.223024 0.011041 -0.029921
v -0.225664 -0.003932 -0.031767
v -0.228151 -0.018036 -0.026335
v -0.229915 -0.028038 -0.014871
v -0.222393 -0.032964 0.000000
v -0.221862 -0.029337 0.014871
v -0.220390 -0.019288 0.026335
v -0.218314 -0.005118 0.031767
v -0.216110 0.009926 0.029921
v -0.214283 0.022397 0.021220
v -0.213252 0.029440 0.007658
v -0.213252 0.029440 -0.007658
v -0.214283 0.022397 -0.021220
v -0.216110 0.009926 -0.029921
v -0.218314 -0.005118 -0.031767
v -0.220390 -0.019288 -0.026335
v -0.221862 -0.029337 -0.014871
v -0.214200 -0.034043 0.000000
v -0.213774 -0.030402 0.014871
v -0.212595 -0.020314 0.026335
v -0.210932 -0.006090 0.031767
v -0.209167 0.009011 0.029921
v -0.207704 0.021531 0.021220
v -0.206878 0.028601 0.007658
v -0.206878 0.028601 -0.007658
v -0.207704 0.021531 -0.021220
v -0.209167 0.009011 -0.029921
v -0.210932 -0.006090 -0.031767
v -0.212595 -0.020314 -0.026335
v -0.213774 -0.030402 -0.014871
v -0.205978 -0.034883 0.000000
v -0.205659 -0.031231 0.014871
v -0.204774 -0.021113 0.026335
v -0.203526 -0.006847 0.031767
v -0.202201 0.008300 0.029921
v -0.201102 0.020857 0.021220
v -0.200482 0.027947 0.007658
v -0.200482 0.027947 -0.007658
v -0.201102 0.020857 -0.021220
v -0.202201 0.008300 -0.029921
v -0.203526 -0.006847 -0.031767
v -0.204774 -0.021113 -0.026335
v -0.205659 -0.031231 -0.014871
v -0.229857 -0.027708 0.000000
v -0.229300 -0.024550 0.013012
v -0.227756 -0.015798 0.023044
v -0.225580 -0.003458 0.027796
v -0.223270 0.009644 0.026180
v -0.221355 0.020506 0.018567
v -0.220274 0.026640 0.006701
v -0.220274 0.026640 -0.006701
v -0.221355 0.020506 -0.018567
v -0.223270 0.009644 -0.026180
v -0.225580 -0.003458 -0.027796
v -0.227756 -0.015798 -0.023044
v -0.229300 -0.024550 -0.013012
v -0.216489 -0.028172 0.000000
v -0.216479 -0.025048 0.012674
v -0.216452 -0.016392 0.022445
v -0.216413 -0.004187 0.027074
v -0.216372 0.008772 0.025500
v -0.216338 0.019515 0.018085
v -0.216319 0.025581 0.006527
v -0.216319 0.025581 -0.006527
v -0.216338 0.019515 -0.018085
v -0.216372 0.008772 -0.025500
v -0.216413 -0.004187 -0.027074
v -0.216452 -0.016392 -0.022445
v -0.216479 -0.025048 -0.012674
v -0.203363 -0.026359 0.000000
v -0.203872 -0.023362 0.012336
v -0.205282 -0.015055 0.021846
v -0.207271 -0.003343 0.026352
v -0.209382 0.009092 0.024820
v -0.211132 0.019401 0.017603
v -0.212121 0.025222 0.006353
v -0.212121 0.025222 -0.006353
v -0.211132 0.019401 -0.017603
v -0.209382 0.009092 -0.024820
v -0.207271 -0.003343 -0.026352
v -0.205282 -0.015055 -0.021846
v -0.203872 -0.023362 -0.012336
v -0.190858 -0.022366 0.000000
v -0.191843 -0.019578 0.011998
v -0.194572 -0.011851 0.021248
v -0.198420 -0.000956 0.025630
v -0.202506 0.010611 0.024140
v -0.205893 0.020200 0.017121
v -0.207806 0.025615 0.006179
v -0.207806 0.025615 -0.006179
v -0.205893 0.020200 -0.017121
v -0.202506 0.010611 -0.024140
v -0.198420 -0.000956 -0.025630
v -0.194572 -0.011851 -0.021248
v -0.191843 -0.019578 -0.011998
v -0.179331 -0.016350 0.000000
v -0.180736 -0.013843 0.011660
v -0.184630 -0.006897 0.020649
v -0.190120 0.002898 0.024908
v -0.195950 0.013298 0.023460
v -0.200782 0.021919 0.016638
v -0.203511 0.026787 0.006005
v -0.203511 0.026787 -0.006005
v -0.200782 0.021919 -0.016638
v -0.195950 0.013298 -0.023460
v -0.190120 0.002898 -0.024908
v -0.184630 -0.006897 -0.020649
v -0.180736 -0.013843 -0.011660
v -0.169101 -0.008527 0.000000
v -0.170861 -0.006361 0.011322
v -0.175736 -0.000359 0.020051
v -0.182612 0.008103 0.024186
v -0.189911 0.017088 0.022780
v -0.195962 0.024537 0.016156
v -0.199380 0.028743 0.005831
v -0.199380 0.028743 -0.005831
v -0.195962 0.024537 -0.016156
v -0.189911 0.017088 -0.022780
v -0.182612 0.008103 -0.024186
v -0.175736 -0.000359 -0.020051
v -0.170861 -0.006361 -0.011322
v -0.160445 0.000839 0.000000
v -0.162485 0.002619 0.010984
v -0.168139 0.007550 0.019452
v -0.176111 0.014502 0.023464
v -0.184575 0.021883 0.022100
v -0.191592 0.028003 0.015674
v -0.195555 0.031458 0.005657
v -0.195555 0.031458 -0.005657
v -0.191592 0.028003 -0.015674
v -0.184575 0.021883 -0.022100
v -0.176111 0.014502 -0.023464
v -0.168139 0.007550 -0.019452
v -0.162485 0.002619 -0.010984
v -0.153586 0.011444 0.000000
v -0.155829 0.012807 0.010646
v -0.162043 0.016581 0.018854
v -0.170806 0.021903 0.022742
v -0.180110 0.027554 0.021420
v -0.187823 0.032238 0.015192
v -0.192178 0.034884 0.005483
v -0.192178 0.034884 -0.005483
v -0.187823 0.032238 -0.015192
v -0.180110 0.027554 -0.021420
v -0.170806 0.021903 -0.022742
v -0.162043 0.016581 -0.018854
v -0.155829 0.012807 -0.010646
v -0.148691 0.022952 0.000000
v -0.151056 0.023882 0.010308
v -0.157608 0.026457 0.018255
v -0.166847 0.030088 0.022020
v -0.176657 0.033942 0.020740
v -0.184789 0.037138 0.014709
v -0.189381 0.038943 0.005308
v -0.189381 0.038943 -0.005308
v -0.184789 0.037138 -0.014709
v -0.176657 0.033942 -0.020740
v -0.166847 0.030088 -0.022020
v -0.157608 0.026457 -0.018255
v -0.151056 0.023882 -0.010308
v -0.145866 0.035007 0.000000
v -0.148273 0.035502 0.009970
v -0.154942 0.036876 0.017657
v -0.164347 0.038813 0.021298
v -0.174331 0.040869 0.020060
v -0.182608 0.042573 0.014227
v -0.187282 0.043536 0.005134
v -0.187282 0.043536 -0.005134
v -0.182608 0.042573 -0.014227
v -0.174331 0.040869 -0.020060
v -0.164347 0.038813 -0.021298
v -0.154942 0.036876 -0.017657
v -0.148273 0.035502 -0.009970
v -0.145152 0.047243 0.000000
v -0.147525 0.047318 0.009632
v -0.154100 0.047527 0.017058
v -0.163372 0.047821 0.020576
v -0.173215 0.048134 0.019380
v -0.181376 0.048393 0.013745
v -0.185984 0.048539 0.004960
v -0.185984 0.048539 -0.004960
v -0.181376 0.048393 -0.013745
v -0.173215 0.048134 -0.019380
v -0.163372 0.047821 -0.020576
v -0.154100 0.047527 -0.017058
v -0.147525 0.047318 -0.009632
v -0.146529 0.059297 0.000000
v -0.148797 0.058978 0.009294
v -0.155083 0.058095 0.016460
v -0.163947 0.056849 0.019854
v -0.173357 0.055527 0.018700
v -0.181159 0.054430 0.013262
v -0.185564 0.053811 0.004786
v -0.185564 0.053811 -0.004786
v -0.181159 0.054430 -0.013262
v -0.173357 0.055527 -0.018700
v -0.163947 0.056849 -0.019854
v -0.155083 0.058095 -0.016460
v -0.148797 0.058978 -0.009294
v -0.148722 0.058989 0.004136
v -0.148722 0.058989 -0.004136
v -0.148223 0.059059 0.000000
v -0.153746 0.058283 0.013107
v -0.149307 0.058907 0.006151
v -0.151104 0.058654 0.009895
v -0.162776 0.057014 0.017901
v -0.155311 0.058063 0.014477
v -0.158826 0.057569 0.016642
v -0.172926 0.055587 0.017001
v -0.164818 0.056727 0.018198
v -0.168930 0.056149 0.018100
v -0.180974 0.054456 0.010716
v -0.174806 0.055323 0.016135
v -0.178207 0.054845 0.013812
v -0.184387 0.053977 0.001049
v -0.182095 0.054299 0.008954
v -0.183716 0.054071 0.005147
v -0.182095 0.054299 -0.008954
v -0.184387 0.053977 -0.001049
v -0.183716 0.054071 -0.005147
v -0.174806 0.055323 -0.016135
v -0.180974 0.054456 -0.010716
v -0.178207 0.054845 -0.013812
v -0.164818 0.056727 -0.018198
v -0.172926 0.055587 -0.017001
v -0.168930 0.056149 -0.018100
v -0.155311 0.058063 -0.014477
v -0.162776 0.057014 -0.017901
v -0.158826 0.057569 -0.016642
v -0.149307 0.058907 -0.006151
v -0.153746 0.058283 -0.013107
v -0.151104 0.058654 -0.009895
v -0.151660 0.069467 0.004133
v -0.151660 0.069467 -0.004133
v -0.151178 0.069609 0.000000
v -0.156423 0.068072 0.012742
v -0.152126 0.069331 0.005788
v -0.153866 0.068821 0.009533
v -0.164896 0.065589 0.017293
v -0.157666 0.067707 0.013864
v -0.161073 0.066709 0.016034
v -0.174375 0.062811 0.016347
v -0.166516 0.065114 0.017536
v -0.170507 0.063944 0.017441
v -0.181852 0.060619 0.010220
v -0.175867 0.062373 0.015637
v -0.179170 0.061405 0.013312
v -0.184970 0.059706 0.000861
v -0.182743 0.060358 0.008775
v -0.184318 0.059897 0.004962
v -0.182743 0.060358 -0.008775
v -0.184970 0.059706 -0.000861
v -0.184318 0.059897 -0.004962
v -0.175867 0.062373 -0.015637
v -0.181852 0.060619 -0.010220
v -0.179170 0.061405 -0.013312
v -0.166516 0.065114 -0.017536
v -0.174375 0.062811 -0.016347
v -0.170507 0.063944 -0.017441
v -0.157666 0.067707 -0.013864
v -0.164896 0.065589 -0.017293
v -0.161073 0.066709 -0.016034
v -0.152126 0.069331 -0.005788
v -0.156423 0.068072 -0.012742
v -0.153866 0.068821 -0.009533
v -0.156052 0.079318 0.004131
v -0.156052 0.079318 -0.004131
v -0.155596 0.079528 0.000000
v -0.160462 0.077293 0.012377
v -0.156398 0.079160 0.005425
v -0.158044 0.078403 0.009170
v -0.168224 0.073729 0.016685
v -0.161381 0.076871 0.013253
v -0.164609 0.075389 0.015425
v -0.176862 0.069761 0.015691
v -0.169419 0.073180 0.016874
v -0.173202 0.071442 0.016782
v -0.183637 0.066650 0.009723
v -0.177963 0.069256 0.015138
v -0.181098 0.067816 0.012812
v -0.186409 0.065377 0.000673
v -0.184297 0.066347 0.008594
v -0.185790 0.065661 0.004776
v -0.184297 0.066347 -0.008594
v -0.186409 0.065377 -0.000673
v -0.185790 0.065661 -0.004776
v -0.177963 0.069256 -0.015138
v -0.183637 0.066650 -0.009723
v -0.181098 0.067816 -0.012812
v -0.169419 0.073180 -0.016874
v -0.176862 0.069761 -0.015691
v -0.173202 0.071442 -0.016782
v -0.161381 0.076871 -0.013253
v -0.168224 0.073729 -0.016685
v -0.164609 0.075389 -0.015425
v -0.156398 0.079160 -0.005425
v -0.160462 0.077293 -0.012377
v -0.158044 0.078403 -0.009170
v -0.161779 0.088344 0.004129
v -0.161779 0.088344 -0.004129
v -0.161358 0.088617 0.000000
v -0.165757 0.085761 0.012013
v -0.162009 0.088195 0.005062
v -0.163528 0.087208 0.008808
v -0.172678 0.081266 0.016078
v -0.166366 0.085365 0.012642
v -0.169346 0.083430 0.014817
v -0.180339 0.076291 0.015036
v -0.173468 0.080753 0.016213
v -0.176964 0.078483 0.016122
v -0.186309 0.072414 0.009225
v -0.181067 0.075819 0.014639
v -0.183965 0.073936 0.012311
v -0.188700 0.070861 0.000486
v -0.186747 0.072130 0.008413
v -0.188128 0.071233 0.004590
v -0.186747 0.072130 -0.008413
v -0.188700 0.070861 -0.000486
v -0.188128 0.071233 -0.004590
v -0.181067 0.075819 -0.014639
v -0.186309 0.072414 -0.009225
v -0.183965 0.073936 -0.012311
v -0.173468 0.080753 -0.016213
v -0.180339 0.076291 -0.015036
v -0.176964 0.078483 -0.016122
v -0.166366 0.085365 -0.012642
v -0.172678 0.081266 -0.016078
v -0.169346 0.083430 -0.014817
v -0.162009 0.088195 -0.005062
v -0.165757 0.085761 -0.012013
v -0.163528 0.087208 -0.008808
v -0.168696 0.096367 0.004127
v -0.168696 0.096367 -0.004127
v -0.168319 0.096698 0.000000
v -0.172174 0.093307 0.011648
v -0.168822 0.096256 0.004699
v -0.170181 0.095060 0.008446
v -0.178154 0.088047 0.015470
v -0.172506 0.093015 0.012031
v -0.175175 0.090668 0.014209
v -0.184734 0.082260 0.014380
v -0.178581 0.087672 0.015552
v -0.181715 0.084916 0.015463
v -0.189827 0.077781 0.008727
v -0.185128 0.081914 0.014140
v -0.187728 0.079627 0.011811
v -0.191818 0.076030 0.000298
v -0.190066 0.077571 0.008231
v -0.191305 0.076481 0.004404
v -0.190066 0.077571 -0.008231
v -0.191818 0.076030 -0.000298
v -0.191305 0.076481 -0.004404
v -0.185128 0.081914 -0.014140
v -0.189827 0.077781 -0.008727
v -0.187728 0.079627 -0.011811
v -0.178581 0.087672 -0.015552
v -0.184734 0.082260 -0.014380
v -0.181715 0.084916 -0.015463
v -0.172506 0.093015 -0.012031
v -0.178154 0.088047 -0.015470
v -0.175175 0.090668 -0.014209
v -0.168822 0.096256 -0.004699
v -0.172174 0.093307 -0.011648
v -0.170181 0.095060 -0.008446
v -0.176632 0.103235 0.004124
v -0.176632 0.103235 -0.004124
v -0.176308 0.103618 0.000000
v -0.179559 0.099788 0.011283
v -0.176673 0.103188 0.004336
v -0.177844 0.101809 0.008083
v -0.184527 0.093937 0.014862
v -0.179661 0.099668 0.011420
v -0.181963 0.096957 0.013601
v -0.189958 0.087540 0.013724
v -0.184654 0.093788 0.014890
v -0.187358 0.090603 0.014804
v -0.194131 0.082626 0.008229
v -0.190076 0.087402 0.013642
v -0.192321 0.084758 0.011310
v -0.195718 0.080757 0.000110
v -0.194205 0.082539 0.008051
v -0.195275 0.081279 0.004218
v -0.194205 0.082539 -0.008051
v -0.195718 0.080757 -0.000110
v -0.195275 0.081279 -0.004218
v -0.190076 0.087402 -0.013642
v -0.194131 0.082626 -0.008229
v -0.192321 0.084758 -0.011310
v -0.184654 0.093788 -0.014890
v -0.189958 0.087540 -0.013724
v -0.187358 0.090603 -0.014804
v -0.179661 0.099668 -0.011420
v -0.184527 0.093937 -0.014862
v -0.181963 0.096957 -0.013601
v -0.176673 0.103188 -0.004336
v -0.179559 0.099788 -0.011283
v -0.177844 0.101809 -0.008083
v -0.181777 0.106509 -0.004122
v -0.181777 0.106509 0.004122
v -0.187137 0.106048 0.000000
v -0.181507 0.106931 -0.000000
v -0.183915 0.107771 0.000000
v -0.184755 0.107482 0.002314
v -0.184755 0.107482 -0.002314
v -0.184134 0.102738 0.011069
v -0.188022 0.104632 0.005686
v -0.181773 0.106516 0.004125
v -0.186529 0.104644 0.009041
v -0.185080 0.105911 0.007480
v -0.185196 0.106776 0.005158
v -0.182732 0.104984 0.007872
v -0.188111 0.096387 0.014536
v -0.190395 0.100834 0.009566
v -0.184124 0.102755 0.011089
v -0.189944 0.099183 0.012881
v -0.188204 0.100921 0.012589
v -0.187712 0.102751 0.010987
v -0.186028 0.099752 0.013272
v -0.192470 0.089445 0.013423
v -0.193503 0.095860 0.010410
v -0.188113 0.096388 0.014583
v -0.193912 0.092842 0.012638
v -0.192303 0.094383 0.013712
v -0.191500 0.096695 0.013317
v -0.190375 0.092872 0.014496
v -0.195846 0.084089 0.008047
v -0.196360 0.091289 0.007948
v -0.192508 0.089398 0.013459
v -0.197186 0.087617 0.008405
v -0.196083 0.088362 0.010486
v -0.195355 0.090536 0.011414
v -0.194413 0.086501 0.011120
v -0.197143 0.082043 0.000052
v -0.198057 0.088572 0.002963
v -0.195895 0.084023 0.008001
v -0.198734 0.085148 0.001508
v -0.198342 0.084770 0.003915
v -0.198054 0.086232 0.005885
v -0.196842 0.082681 0.004160
v -0.195895 0.084023 -0.008001
v -0.198057 0.088572 -0.002963
v -0.197143 0.082043 -0.000052
v -0.198054 0.086232 -0.005885
v -0.198342 0.084770 -0.003915
v -0.198734 0.085148 -0.001508
v -0.196842 0.082681 -0.004160
v -0.192508 0.089398 -0.013459
v -0.196360 0.091289 -0.007948
v -0.195846 0.084089 -0.008047
v -0.195355 0.090536 -0.011414
v -0.196083 0.088362 -0.010486
v -0.197186 0.087617 -0.008405
v -0.194413 0.086501 -0.011120
v -0.188113 0.096388 -0.014583
v -0.193503 0.095860 -0.010410
v -0.192470 0.089445 -0.013423
v -0.191500 0.096695 -0.013317
v -0.192303 0.094383 -0.013712
v -0.193912 0.092842 -0.012638
v -0.190375 0.092872 -0.014496
v -0.184124 0.102755 -0.011089
v -0.190395 0.100834 -0.009566
v -0.188111 0.096387 -0.014536
v -0.187712 0.102751 -0.010987
v -0.188204 0.100921 -0.012589
v -0.189944 0.099183 -0.012881
v -0.186028 0.099752 -0.013272
v -0.181773 0.106516 -0.004125
v -0.188022 0.104632 -0.005686
v -0.184134 0.102738 -0.011069
v -0.185196 0.106776 -0.005158
v -0.185080 0.105911 -0.007480
v -0.186529 0.104644 -0.009041
v -0.182732 0.104984 -0.007872
vn -0.9587 -0.1539 -0.2393
vn -0.7356 -0.1392 -0.6630
vn -0.3398 -0.1171 -0.9332
vn 0.1365 -0.0964 -0.9859
vn 0.5799 -0.0876 -0.8100
vn 0.8869 -0.0970 -0.4518
vn 0.9932 -0.1164 -0.0000
vn 0.8785 -0.1252 0.4611
vn 0.5638 -0.1225 0.8168
vn 0.1196 -0.1239 0.9851
vn -0.3514 -0.1348 0.9265
vn -0.7402 -0.1486 0.6558
vn -0.9589 -0.1567 0.2364
vn -0.9225 -0.3029 -0.2393
vn -0.7045 -0.2535 -0.6629
vn -0.3170 -0.1696 -0.9331
vn 0.1499 -0.0741 -0.9859
vn 0.5863 0.0052 -0.8101
vn 0.8908 0.0462 -0.4521
vn 0.9989 0.0461 -0.0000
vn 0.8870 0.0195 0.4614
vn 0.5757 -0.0295 0.8171
vn 0.1374 -0.1026 0.9852
vn -0.3259 -0.1883 0.9265
vn -0.7076 -0.2633 0.6557
vn -0.9223 -0.3057 0.2363
vn -0.8633 -0.4444 -0.2393
vn -0.6557 -0.3614 -0.6629
vn -0.2862 -0.2177 -0.9331
vn 0.1598 -0.0499 -0.9859
vn 0.5779 0.0978 -0.8102
vn 0.8717 0.1880 -0.4525
vn 0.9783 0.2071 -0.0000
vn 0.8719 0.1633 0.4617
vn 0.5725 0.0640 0.8174
vn 0.1514 -0.0789 0.9853
vn -0.2924 -0.2372 0.9264
vn -0.6574 -0.3714 0.6556
vn -0.8627 -0.4471 0.2363
vn -0.7825 -0.5748 -0.2393
vn -0.5905 -0.4603 -0.6629
vn -0.2482 -0.2604 -0.9330
vn 0.1658 -0.0245 -0.9859
vn 0.5550 0.1878 -0.8104
vn 0.8304 0.3248 -0.4528
vn 0.9320 0.3624 -0.0000
vn 0.8338 0.3024 0.4620
vn 0.5542 0.1555 0.8177
vn 0.1615 -0.0534 0.9854
vn -0.2516 -0.2802 0.9264
vn -0.5908 -0.4703 0.6555
vn -0.7816 -0.5774 0.2362
vn -0.6822 -0.6909 -0.2393
vn -0.5105 -0.5477 -0.6629
vn -0.2038 -0.2966 -0.9330
vn 0.1677 0.0016 -0.9858
vn 0.5182 0.2730 -0.8105
vn 0.7677 0.4531 -0.4531
vn 0.8614 0.5079 -0.0000
vn 0.7737 0.4333 0.4622
vn 0.5215 0.2428 0.8180
vn 0.1673 -0.0267 0.9855
vn -0.2045 -0.3163 0.9264
vn -0.5094 -0.5575 0.6555
vn -0.6809 -0.6932 0.2362
vn -0.5648 -0.7898 -0.2393
vn -0.4176 -0.6214 -0.6629
vn -0.1542 -0.3253 -0.9330
vn 0.1656 0.0277 -0.9858
vn 0.4684 0.3514 -0.8107
vn 0.6855 0.5697 -0.4534
vn 0.7684 0.6400 -0.0000
vn 0.6935 0.5525 0.4624
vn 0.4752 0.3235 0.8182
vn 0.1688 0.0005 0.9857
vn -0.1523 -0.3445 0.9263
vn -0.4153 -0.6309 0.6554
vn -0.5632 -0.7918 0.2362
vn -0.4333 -0.8689 -0.2393
vn -0.3143 -0.6796 -0.6629
vn -0.1007 -0.3458 -0.9329
vn 0.1594 0.0531 -0.9858
vn 0.4069 0.4208 -0.8108
vn 0.5858 0.6716 -0.4536
vn 0.6555 0.7552 -0.0000
vn 0.5952 0.6570 0.4626
vn 0.4167 0.3956 0.8185
vn 0.1659 0.0274 0.9858
vn -0.0964 -0.3642 0.9263
vn -0.3108 -0.6885 0.6553
vn -0.4315 -0.8707 0.2361
vn -0.2909 -0.9264 -0.2393
vn -0.2031 -0.7207 -0.6628
vn -0.0446 -0.3575 -0.9328
vn 0.1494 0.0773 -0.9858
vn 0.3352 0.4796 -0.8109
vn 0.4712 0.7563 -0.4539
vn 0.5258 0.8506 -0.0000
vn 0.4816 0.7442 0.4628
vn 0.3474 0.4572 0.8187
vn 0.1587 0.0535 0.9859
vn -0.0380 -0.3749 0.9263
vn -0.1985 -0.7289 0.6552
vn -0.2889 -0.9278 0.2361
vn -0.2866 -0.9277 -0.2393
vn -0.2209 -0.7152 -0.6631
vn -0.1047 -0.3388 -0.9350
vn 0.0356 0.1152 -0.9927
vn 0.1677 0.5428 -0.8230
vn 0.2613 0.8460 -0.4647
vn 0.2952 0.9554 -0.0000
vn 0.2613 0.8460 0.4647
vn 0.1677 0.5428 0.8230
vn 0.0356 0.1152 0.9927
vn -0.1047 -0.3388 0.9350
vn -0.2209 -0.7152 0.6631
vn -0.2866 -0.9277 0.2393
vn -0.2595 -0.9356 -0.2393
vn -0.2000 -0.7213 -0.6631
vn -0.0948 -0.3417 -0.9350
vn 0.0322 0.1162 -0.9927
vn 0.1518 0.5474 -0.8230
vn 0.2366 0.8533 -0.4647
vn 0.2672 0.9636 -0.0000
vn 0.2366 0.8533 0.4647
vn 0.1518 0.5474 0.8230
vn 0.0322 0.1162 0.9927
vn -0.0948 -0.3417 0.9350
vn -0.2000 -0.7213 0.6631
vn -0.2595 -0.9356 0.2393
vn -0.2322 -0.9428 -0.2393
vn -0.1790 -0.7268 -0.6631
vn -0.0848 -0.3444 -0.9350
vn 0.0288 0.1171 -0.9927
vn 0.1358 0.5516 -0.8230
vn 0.2117 0.8598 -0.4647
vn 0.2391 0.9710 -0.0000
vn 0.2117 0.8598 0.4647
vn 0.1358 0.5516 0.8230
vn 0.0288 0.1171 0.9927
vn -0.0848 -0.3444 0.9350
vn -0.1790 -0.7268 0.6631
vn -0.2322 -0.9428 0.2393
vn -0.1587 -0.9579 -0.2393
vn -0.1058 -0.7410 -0.6631
vn -0.0085 -0.3567 -0.9342
vn 0.1135 0.1048 -0.9880
vn 0.2361 0.5327 -0.8127
vn 0.3347 0.8257 -0.4540
vn 0.3833 0.9236 -0.0000
vn 0.3570 0.8113 0.4629
vn 0.2612 0.5100 0.8196
vn 0.1315 0.0834 0.9878
vn 0.0026 -0.3711 0.9286
vn -0.0995 -0.7473 0.6569
vn -0.1566 -0.9589 0.2367
vn 0.0069 -0.9709 -0.2393
vn 0.0223 -0.7482 -0.6631
vn 0.0528 -0.3530 -0.9341
vn 0.0942 0.1226 -0.9880
vn 0.1414 0.5651 -0.8128
vn 0.1871 0.8710 -0.4543
vn 0.2165 0.9763 -0.0000
vn 0.2097 0.8612 0.4631
vn 0.1684 0.5474 0.8198
vn 0.1147 0.1046 0.9879
vn 0.0658 -0.3653 0.9286
vn 0.0293 -0.7534 0.6569
vn 0.0092 -0.9715 0.2367
vn 0.1724 -0.9555 -0.2393
vn 0.1497 -0.7334 -0.6631
vn 0.1125 -0.3388 -0.9341
vn 0.0722 0.1368 -0.9880
vn 0.0427 0.5808 -0.8129
vn 0.0341 0.8901 -0.4545
vn 0.0434 0.9991 -0.0000
vn 0.0562 0.8845 0.4632
vn 0.0706 0.5681 0.8199
vn 0.0945 0.1226 0.9879
vn 0.1270 -0.3488 0.9285
vn 0.1574 -0.7374 0.6568
vn 0.1747 -0.9558 0.2367
vn 0.3329 -0.9121 -0.2393
vn 0.2727 -0.6971 -0.6631
vn 0.1689 -0.3145 -0.9341
vn 0.0480 0.1471 -0.9879
vn -0.0572 0.5794 -0.8130
vn -0.1198 0.8825 -0.4547
vn -0.1309 0.9914 -0.0000
vn -0.0988 0.8806 0.4634
vn -0.0292 0.5715 0.8201
vn 0.0717 0.1367 0.9880
vn 0.1846 -0.3222 0.9285
vn 0.2809 -0.6998 0.6568
vn 0.3352 -0.9120 0.2366
vn 0.4836 -0.8419 -0.2393
vn 0.3877 -0.6403 -0.6631
vn 0.2203 -0.2810 -0.9341
vn 0.0225 0.1532 -0.9879
vn -0.1554 0.5610 -0.8131
vn -0.2701 0.8486 -0.4550
vn -0.3010 0.9536 -0.0000
vn -0.2506 0.8499 0.4635
vn -0.1280 0.5575 0.8203
vn 0.0467 0.1466 0.9881
vn 0.2367 -0.2861 0.9285
vn 0.3961 -0.6417 0.6567
vn 0.4858 -0.8414 0.2366
vn 0.6202 -0.7471 -0.2393
vn 0.4914 -0.5646 -0.6631
vn 0.2652 -0.2391 -0.9341
vn -0.0037 0.1549 -0.9879
vn -0.2490 0.5260 -0.8132
vn -0.4121 0.7893 -0.4552
vn -0.4618 0.8870 -0.0000
vn -0.3945 0.7934 0.4636
vn -0.2227 0.5266 0.8204
vn 0.0205 0.1521 0.9882
vn 0.2820 -0.2416 0.9285
vn 0.4998 -0.5648 0.6567
vn 0.6222 -0.7463 0.2366
vn 0.7385 -0.6303 -0.2393
vn 0.5806 -0.4724 -0.6631
vn 0.3024 -0.1902 -0.9340
vn -0.0299 0.1522 -0.9879
vn -0.3352 0.4756 -0.8133
vn -0.5418 0.7065 -0.4554
vn -0.6085 0.7936 -0.0000
vn -0.5262 0.7128 0.4637
vn -0.3106 0.4799 0.8205
vn -0.0061 0.1529 0.9882
vn 0.3191 -0.1901 0.9285
vn 0.5888 -0.4713 0.6566
vn 0.7404 -0.6292 0.2366
vn 0.8353 -0.4951 -0.2393
vn 0.6528 -0.3663 -0.6631
vn 0.3305 -0.1355 -0.9340
vn -0.0552 0.1450 -0.9879
vn -0.4115 0.4112 -0.8134
vn -0.6552 0.6027 -0.4555
vn -0.7367 0.6763 -0.0000
vn -0.6419 0.6106 0.4638
vn -0.3889 0.4187 0.8207
vn -0.0324 0.1492 0.9883
vn 0.3468 -0.1330 0.9285
vn 0.6606 -0.3639 0.6566
vn 0.8369 -0.4937 0.2365
vn 0.9075 -0.3452 -0.2393
vn 0.7058 -0.2494 -0.6631
vn 0.3490 -0.0769 -0.9340
vn -0.0790 0.1337 -0.9879
vn -0.4757 0.3348 -0.8134
vn -0.7490 0.4810 -0.4557
vn -0.8425 0.5387 -0.0000
vn -0.7380 0.4901 0.4639
vn -0.4554 0.3449 0.8208
vn -0.0576 0.1409 0.9883
vn 0.3644 -0.0721 0.9284
vn 0.7131 -0.2459 0.6565
vn 0.9088 -0.3437 0.2365
vn 0.9507 -0.1972 -0.2392
vn 0.7358 -0.1373 -0.6631
vn 0.3549 -0.0279 -0.9345
vn -0.1028 0.1086 -0.9888
vn -0.5272 0.2449 -0.8137
vn -0.8174 0.3537 -0.4547
vn -0.9134 0.4070 -0.0000
vn -0.8020 0.3770 0.4632
vn -0.5043 0.2699 0.8203
vn -0.0820 0.1257 0.9887
vn 0.3686 -0.0177 0.9294
vn 0.7419 -0.1317 0.6575
vn 0.9517 -0.1952 0.2369
vn 0.9705 -0.0286 -0.2392
vn 0.7485 -0.0069 -0.6631
vn 0.3544 0.0346 -0.9345
vn -0.1201 0.0892 -0.9887
vn -0.5617 0.1490 -0.8138
vn -0.8668 0.2042 -0.4549
vn -0.9712 0.2382 -0.0000
vn -0.8563 0.2280 0.4634
vn -0.5440 0.1761 0.8204
vn -0.1027 0.1089 0.9887
vn 0.3661 0.0467 0.9294
vn 0.7535 -0.0004 0.6575
vn 0.9712 -0.0265 0.2369
vn 0.9607 0.1410 -0.2392
vn 0.7382 0.1237 -0.6631
vn 0.3429 0.0960 -0.9344
vn -0.1337 0.0672 -0.9887
vn -0.5790 0.0486 -0.8139
vn -0.8891 0.0484 -0.4551
vn -0.9981 0.0619 -0.0000
vn -0.8832 0.0719 0.4635
vn -0.5664 0.0767 0.8206
vn -0.1201 0.0888 0.9888
vn 0.3525 0.1097 0.9294
vn 0.7421 0.1309 0.6574
vn 0.9609 0.1431 0.2368
vn 0.9214 0.3062 -0.2392
vn 0.7053 0.2505 -0.6631
vn 0.3209 0.1545 -0.9344
vn -0.1434 0.0430 -0.9887
vn -0.5785 -0.0533 -0.8140
vn -0.8837 -0.1088 -0.4553
vn -0.9932 -0.1161 -0.0000
vn -0.8818 -0.0863 0.4636
vn -0.5708 -0.0248 0.8207
vn -0.1336 0.0660 0.9888
vn 0.3280 0.1693 0.9294
vn 0.7080 0.2582 0.6574
vn 0.9213 0.3084 0.2368
vn 0.8540 0.4621 -0.2392
vn 0.6508 0.3697 -0.6631
vn 0.2889 0.2083 -0.9344
vn -0.1488 0.0176 -0.9887
vn -0.5602 -0.1535 -0.8140
vn -0.8507 -0.2625 -0.4555
vn -0.9570 -0.2902 -0.0000
vn -0.8524 -0.2416 0.4638
vn -0.5572 -0.1255 0.8208
vn -0.1428 0.0412 0.9889
vn 0.2936 0.2239 0.9293
vn 0.6522 0.3776 0.6573
vn 0.8535 0.4642 0.2368
vn 0.7604 0.6038 -0.2392
vn 0.5764 0.4776 -0.6631
vn 0.2481 0.2556 -0.9344
vn -0.1497 -0.0084 -0.9887
vn -0.5247 -0.2489 -0.8141
vn -0.7912 -0.4079 -0.4557
vn -0.8905 -0.4550 -0.0000
vn -0.7960 -0.3889 0.4639
vn -0.5261 -0.2221 0.8209
vn -0.1475 0.0153 0.9889
vn 0.2502 0.2715 0.9293
vn 0.5764 0.4855 0.6573
vn 0.7596 0.6058 0.2368
vn 0.6435 0.7271 -0.2392
vn 0.4842 0.5708 -0.6631
vn 0.1996 0.2951 -0.9344
vn -0.1460 -0.0342 -0.9887
vn -0.4730 -0.3367 -0.8142
vn -0.7071 -0.5405 -0.4559
vn -0.7960 -0.6053 -0.0000
vn -0.7144 -0.5239 0.4639
vn -0.4783 -0.3116 0.8210
vn -0.1475 -0.0110 0.9890
vn 0.1992 0.3110 0.9293
vn 0.4831 0.5785 0.6573
vn 0.6424 0.7289 0.2368
vn 0.5069 0.8281 -0.2392
vn 0.3773 0.6465 -0.6631
vn 0.1449 0.3255 -0.9344
vn -0.1380 -0.0589 -0.9887
vn -0.4069 -0.4140 -0.8142
vn -0.6011 -0.6563 -0.4560
vn -0.6765 -0.7365 -0.0000
vn -0.6103 -0.6421 0.4640
vn -0.4156 -0.3912 0.8211
vn -0.1429 -0.0369 0.9891
vn 0.1420 0.3409 0.9293
vn 0.3749 0.6539 0.6572
vn 0.5056 0.8297 0.2368
vn 0.3548 0.9038 -0.2392
vn 0.2587 0.7024 -0.6631
vn 0.0857 0.3459 -0.9343
vn -0.1258 -0.0820 -0.9887
vn -0.3283 -0.4787 -0.8143
vn -0.4765 -0.7516 -0.4562
vn -0.5358 -0.8443 -0.0000
vn -0.4870 -0.7399 0.4641
vn -0.3398 -0.4583 0.8212
vn -0.1338 -0.0614 0.9891
vn 0.0805 0.3605 0.9293
vn 0.2552 0.7092 0.6572
vn 0.3533 0.9051 0.2367
vn 0.1918 0.9518 -0.2392
vn 0.1322 0.7367 -0.6631
vn 0.0239 0.3556 -0.9343
vn -0.1098 -0.1025 -0.9887
vn -0.2396 -0.5285 -0.8144
vn -0.3371 -0.8235 -0.4563
vn -0.3784 -0.9256 -0.0000
vn -0.3485 -0.8143 0.4642
vn -0.2535 -0.5110 0.8213
vn -0.1206 -0.0839 0.9891
vn 0.0166 0.3690 0.9293
vn 0.1277 0.7429 0.6571
vn 0.1901 0.9528 0.2367
vn 0.1547 0.9585 -0.2393
vn 0.1192 0.7390 -0.6631
vn 0.0565 0.3501 -0.9350
vn -0.0192 -0.1190 -0.9927
vn -0.0905 -0.5608 -0.8230
vn -0.1411 -0.8742 -0.4647
vn -0.1593 -0.9872 -0.0000
vn -0.1411 -0.8742 0.4647
vn -0.0905 -0.5608 0.8230
vn -0.0192 -0.1190 0.9927
vn 0.0565 0.3501 0.9350
vn 0.1192 0.7390 0.6631
vn 0.1547 0.9585 0.2393
vn 0.1267 0.9626 -0.2393
vn 0.0977 0.7421 -0.6631
vn 0.0463 0.3516 -0.9350
vn -0.0157 -0.1195 -0.9927
vn -0.0742 -0.5632 -0.8230
vn -0.1156 -0.8779 -0.4647
vn -0.1305 -0.9914 -0.0000
vn -0.1156 -0.8779 0.4647
vn -0.0742 -0.5632 0.8230
vn -0.0157 -0.1195 0.9927
vn 0.0463 0.3516 0.9350
vn 0.0977 0.7421 0.6631
vn 0.1267 0.9626 0.2393
vn 0.0987 0.9659 -0.2393
vn 0.0761 0.7447 -0.6631
vn 0.0360 0.3528 -0.9350
vn -0.0123 -0.1199 -0.9927
vn -0.0577 -0.5652 -0.8230
vn -0.0900 -0.8809 -0.4647
vn -0.1016 -0.9948 -0.0000
vn -0.0900 -0.8809 0.4647
vn -0.0577 -0.5652 0.8230
vn -0.0123 -0.1199 0.9927
vn 0.0360 0.3528 0.9350
vn 0.0761 0.7447 0.6631
vn 0.0987 0.9659 0.2393
vn 0.0336 0.9704 -0.2392
vn 0.0116 0.7484 -0.6631
vn -0.0309 0.3545 -0.9345
vn -0.0874 -0.1198 -0.9889
vn -0.1512 -0.5612 -0.8137
vn -0.2145 -0.8647 -0.4542
vn -0.2586 -0.9660 -0.0000
vn -0.2482 -0.8511 0.4625
vn -0.1859 -0.5418 0.8197
vn -0.1104 -0.1024 0.9886
vn -0.0441 0.3658 0.9297
vn 0.0047 0.7532 0.6578
vn 0.0315 0.9710 0.2370
vn -0.1328 0.9618 -0.2392
vn -0.1167 0.7394 -0.6631
vn -0.0912 0.3440 -0.9345
vn -0.0658 -0.1330 -0.9889
vn -0.0527 -0.5787 -0.8138
vn -0.0615 -0.8887 -0.4544
vn -0.0852 -0.9964 -0.0000
vn -0.0945 -0.8814 0.4628
vn -0.0883 -0.5657 0.8199
vn -0.0907 -0.1198 0.9887
vn -0.1060 0.3529 0.9296
vn -0.1242 0.7429 0.6578
vn -0.1350 0.9621 0.2370
vn -0.2954 0.9250 -0.2392
vn -0.2415 0.7085 -0.6631
vn -0.1489 0.3233 -0.9345
vn -0.0423 -0.1423 -0.9889
vn 0.0474 -0.5791 -0.8139
vn 0.0932 -0.8858 -0.4546
vn 0.0906 -0.9959 -0.0000
vn 0.0618 -0.8842 0.4630
vn 0.0118 -0.5722 0.8201
vn -0.0683 -0.1334 0.9887
vn -0.1647 0.3296 0.9296
vn -0.2494 0.7107 0.6578
vn -0.2976 0.9248 0.2370
vn -0.4492 0.8608 -0.2392
vn -0.3592 0.6567 -0.6631
vn -0.2022 0.2929 -0.9345
vn -0.0175 -0.1475 -0.9889
vn 0.1460 -0.5623 -0.8140
vn 0.2451 -0.8562 -0.4549
vn 0.2634 -0.9647 -0.0000
vn 0.2159 -0.8596 0.4631
vn 0.1113 -0.5611 0.8202
vn -0.0440 -0.1429 0.9888
vn -0.2186 0.2967 0.9296
vn -0.3673 0.6576 0.6577
vn -0.4514 0.8603 0.2370
vn -0.5898 0.7713 -0.2392
vn -0.4663 0.5855 -0.6631
vn -0.2495 0.2539 -0.9345
vn 0.0078 -0.1484 -0.9889
vn 0.2402 -0.5288 -0.8140
vn 0.3894 -0.8008 -0.4551
vn 0.4278 -0.9039 -0.0000
vn 0.3631 -0.8084 0.4633
vn 0.2074 -0.5329 0.8204
vn -0.0185 -0.1480 0.9888
vn -0.2661 0.2550 0.9296
vn -0.4744 0.5851 0.6577
vn -0.5918 0.7704 0.2370
vn -0.7131 0.6590 -0.2392
vn -0.5597 0.4970 -0.6631
vn -0.2894 0.2073 -0.9345
vn 0.0329 -0.1450 -0.9889
vn 0.3273 -0.4797 -0.8141
vn 0.5219 -0.7214 -0.4553
vn 0.5789 -0.8154 -0.0000
vn 0.4989 -0.7324 0.4634
vn 0.2969 -0.4885 0.8205
vn 0.0075 -0.1486 0.9889
vn -0.3058 0.2058 0.9296
vn -0.5675 0.4954 0.6577
vn -0.7149 0.6579 0.2370
vn -0.8153 0.5273 -0.2392
vn -0.6365 0.3939 -0.6631
vn -0.3208 0.1546 -0.9345
vn 0.0571 -0.1374 -0.9889
vn 0.4047 -0.4163 -0.8142
vn 0.6386 -0.6203 -0.4555
vn 0.7121 -0.7021 -0.0000
vn 0.6191 -0.6339 0.4636
vn 0.3773 -0.4292 0.8206
vn 0.0331 -0.1447 0.9889
vn -0.3365 0.1505 0.9296
vn -0.6439 0.3910 0.6576
vn -0.8169 0.5259 0.2369
vn -0.8935 0.3800 -0.2392
vn -0.6945 0.2791 -0.6631
vn -0.3426 0.0972 -0.9344
vn 0.0796 -0.1257 -0.9889
vn 0.4700 -0.3407 -0.8143
vn 0.7361 -0.5006 -0.4556
vn 0.8234 -0.5674 -0.0000
vn 0.7202 -0.5161 0.4637
vn 0.4460 -0.3569 0.8208
vn 0.0576 -0.1364 0.9890
vn -0.3573 0.0908 0.9296
vn -0.7013 0.2751 0.6576
vn -0.8948 0.3784 0.2369
vn -0.9453 0.2216 -0.2392
vn -0.7321 0.1560 -0.6631
vn -0.3542 0.0370 -0.9344
vn 0.0998 -0.1104 -0.9889
vn 0.5214 -0.2550 -0.8143
vn 0.8114 -0.3660 -0.4558
vn 0.9096 -0.4156 -0.0000
vn 0.7991 -0.3826 0.4638
vn 0.5012 -0.2739 0.8209
vn 0.0803 -0.1241 0.9890
vn -0.3676 0.0284 0.9295
vn -0.7381 0.1511 0.6576
vn -0.9464 0.2197 0.2369
vn -0.9693 0.0565 -0.2392
vn -0.7480 0.0284 -0.6631
vn -0.3553 -0.0244 -0.9344
vn 0.1172 -0.0919 -0.9888
vn 0.5573 -0.1618 -0.8144
vn 0.8623 -0.2204 -0.4560
vn 0.9679 -0.2512 -0.0000
vn 0.8534 -0.2376 0.4639
vn 0.5410 -0.1826 0.8210
vn 0.1004 -0.1080 0.9891
vn -0.3671 -0.0348 0.9295
vn -0.7531 0.0226 0.6575
vn -0.9700 0.0546 0.2369
vn -0.9647 -0.1102 -0.2392
vn -0.7418 -0.1002 -0.6631
vn -0.3459 -0.0851 -0.9344
vn 0.1312 -0.0707 -0.9888
vn 0.5767 -0.0638 -0.8145
vn 0.8873 -0.0683 -0.4562
vn 0.9968 -0.0794 -0.0000
vn 0.8817 -0.0855 0.4640
vn 0.5643 -0.0859 0.8211
vn 0.1173 -0.0887 0.9891
vn -0.3558 -0.0970 0.9295
vn -0.7459 -0.1066 0.6575
vn -0.9650 -0.1122 0.2369
vn -0.2451 -0.9627 0.1147
vn -0.2451 -0.9627 -0.1147
vn 0.4708 -0.8802 0.0609
vn -0.1156 -0.7883 -0.6044
vn 0.4979 -0.8392 -0.2186
vn -0.1924 -0.8901 -0.4132
vn 0.1513 -0.4280 -0.8910
vn 0.6054 -0.6764 -0.4194
vn 0.0236 -0.5976 -0.8014
vn 0.4650 -0.0073 -0.8853
vn 0.7528 -0.4540 -0.4767
vn 0.3289 -0.1885 -0.9253
vn 0.7244 0.3362 -0.6018
vn 0.8900 -0.2479 -0.3828
vn 0.6231 0.2007 -0.7559
vn 0.8529 0.5028 -0.1406
vn 0.9771 -0.1175 -0.1777
vn 0.8158 0.4530 -0.3594
vn 0.8158 0.4530 0.3594
vn 0.9928 -0.0932 0.0758
vn 0.8529 0.5028 0.1406
vn 0.6231 0.2007 0.7559
vn 0.9336 -0.1804 0.3097
vn 0.7244 0.3362 0.6018
vn 0.3289 -0.1885 0.9253
vn 0.8131 -0.3606 0.4569
vn 0.4650 -0.0073 0.8853
vn 0.0236 -0.5976 0.8014
vn 0.6643 -0.5855 0.4647
vn 0.1513 -0.4280 0.8910
vn -0.1924 -0.8901 0.4132
vn 0.5345 -0.7828 0.3187
vn -0.1156 -0.7883 0.6044
vn -0.9558 -0.2681 0.1207
vn -0.9558 -0.2681 -0.1207
vn -0.7399 -0.2237 -0.6345
vn -0.8661 -0.2507 -0.4324
vn -0.2840 -0.1331 -0.9496
vn -0.4977 -0.1789 -0.8487
vn 0.2684 -0.0271 -0.9629
vn 0.0346 -0.0772 -0.9964
vn 0.7408 0.0578 -0.6693
vn 0.5619 0.0195 -0.8270
vn 0.9819 0.0962 -0.1631
vn 0.9152 0.0820 -0.3945
vn 0.9152 0.0820 0.3945
vn 0.9819 0.0962 0.1631
vn 0.5619 0.0195 0.8270
vn 0.7408 0.0578 0.6693
vn 0.0346 -0.0772 0.9964
vn 0.2684 -0.0271 0.9629
vn -0.4977 -0.1789 0.8487
vn -0.2840 -0.1331 0.9496
vn -0.8661 -0.2507 0.4324
vn -0.7399 -0.2237 0.6345
vn -0.9066 -0.4043 0.1207
vn -0.9066 -0.4043 -0.1207
vn -0.6996 -0.3290 -0.6342
vn -0.8206 -0.3741 -0.4321
vn -0.2621 -0.1733 -0.9494
vn -0.4669 -0.2496 -0.8484
vn 0.2688 0.0120 -0.9631
vn 0.0448 -0.0715 -0.9964
vn 0.7239 0.1653 -0.6698
vn 0.5524 0.1015 -0.8274
vn 0.9571 0.2393 -0.1634
vn 0.8932 0.2155 -0.3948
vn 0.8932 0.2155 0.3948
vn 0.9571 0.2393 0.1634
vn 0.5524 0.1015 0.8274
vn 0.7239 0.1653 0.6698
vn 0.0448 -0.0715 0.9964
vn 0.2688 0.0120 0.9631
vn -0.4669 -0.2496 0.8484
vn -0.2621 -0.1733 0.9494
vn -0.8206 -0.3741 0.4321
vn -0.6996 -0.3290 0.6342
vn -0.8382 -0.5319 0.1207
vn -0.8382 -0.5319 -0.1207
vn -0.6445 -0.4275 -0.6340
vn -0.7575 -0.4896 -0.4318
vn -0.2345 -0.2099 -0.9492
vn -0.4260 -0.3151 -0.8481
vn 0.2637 0.0507 -0.9633
vn 0.0540 -0.0644 -0.9965
vn 0.6916 0.2692 -0.6703
vn 0.5311 0.1811 -0.8277
vn 0.9116 0.3770 -0.1636
vn 0.8518 0.3442 -0.3950
vn 0.8518 0.3442 0.3950
vn 0.9116 0.3770 0.1636
vn 0.5311 0.1811 0.8277
vn 0.6916 0.2692 0.6702
vn 0.0540 -0.0644 0.9965
vn 0.2637 0.0507 0.9633
vn -0.4260 -0.3151 0.8481
vn -0.2345 -0.2099 0.9492
vn -0.7575 -0.4896 0.4319
vn -0.6445 -0.4275 0.6340
vn -0.7519 -0.6482 0.1207
vn -0.7519 -0.6482 -0.1207
vn -0.5755 -0.5169 -0.6338
vn -0.6783 -0.5946 -0.4316
vn -0.2017 -0.2422 -0.9490
vn -0.3759 -0.3740 -0.8478
vn 0.2530 0.0881 -0.9634
vn 0.0623 -0.0561 -0.9965
vn 0.6445 0.3671 -0.6707
vn 0.4984 0.2567 -0.8281
vn 0.8465 0.5066 -0.1638
vn 0.7920 0.4654 -0.3953
vn 0.7920 0.4654 0.3953
vn 0.8465 0.5066 0.1638
vn 0.4984 0.2567 0.8281
vn 0.6445 0.3671 0.6707
vn 0.0623 -0.0561 0.9965
vn 0.2530 0.0881 0.9634
vn -0.3759 -0.3740 0.8478
vn -0.2017 -0.2422 0.9490
vn -0.6783 -0.5946 0.4316
vn -0.5755 -0.5169 0.6338
vn -0.6496 -0.7507 0.1207
vn -0.6496 -0.7507 -0.1207
vn -0.4943 -0.5953 -0.6335
vn -0.5847 -0.6871 -0.4314
vn -0.1646 -0.2694 -0.9489
vn -0.3178 -0.4250 -0.8476
vn 0.2371 0.1236 -0.9636
vn 0.0692 -0.0468 -0.9965
vn 0.5837 0.4571 -0.6711
vn 0.4551 0.3266 -0.8284
vn 0.7631 0.6251 -0.1640
vn 0.7151 0.5764 -0.3955
vn 0.7151 0.5764 0.3955
vn 0.7631 0.6251 0.1640
vn 0.4551 0.3266 0.8284
vn 0.5837 0.4571 0.6711
vn 0.0692 -0.0468 0.9965
vn 0.2371 0.1236 0.9636
vn -0.3178 -0.4250 0.8476
vn -0.1646 -0.2694 0.9489
vn -0.5847 -0.6871 0.4314
vn -0.4943 -0.5953 0.6335
vn -0.5328 -0.8376 0.1207
vn -0.5328 -0.8376 -0.1207
vn -0.4021 -0.6613 -0.6333
vn -0.4783 -0.7651 -0.4311
vn 0.5881 -0.8015 -0.1077
vn 0.2143 -0.5063 0.8353
vn -0.1236 -0.2912 -0.9486
vn -0.2528 -0.4672 -0.8473
vn 0.6526 -0.7017 -0.2859
vn -0.0180 -0.7508 0.6603
vn 0.2162 0.1563 -0.9638
vn 0.0746 -0.0365 -0.9966
vn 0.7581 -0.5385 -0.3679
vn -0.0975 -0.9950 0.0192
vn 0.5095 0.5380 -0.6715
vn 0.4009 0.3904 -0.8288
vn 0.8688 -0.3678 -0.3315
vn 0.2157 -0.6939 -0.6870
vn 0.6610 0.7321 -0.1643
vn 0.6204 0.6771 -0.3958
vn 0.9506 -0.2416 -0.1946
vn 0.6929 -0.0137 -0.7209
vn 0.6204 0.6771 0.3958
vn 0.6610 0.7321 0.1643
vn 0.9810 -0.1938 -0.0000
vn 0.8900 0.4559 -0.0000
vn 0.4008 0.3904 0.8288
vn 0.5095 0.5380 0.6715
vn 0.9516 -0.2383 0.1942
vn 0.8068 0.3544 0.4727
vn 0.0745 -0.0365 0.9966
vn 0.2162 0.1563 0.9638
vn 0.8697 -0.3640 0.3333
vn 0.5860 0.0620 0.8079
vn -0.2528 -0.4672 0.8473
vn -0.1236 -0.2912 0.9486
vn 0.7582 -0.5366 0.3705
vn 0.2910 -0.3387 0.8948
vn -0.4783 -0.7651 0.4311
vn -0.4021 -0.6613 0.6333
vn 0.6521 -0.7014 0.2877
vn 0.0134 -0.7206 0.6932
vn 0.5878 -0.8017 0.1082
vn -0.1536 -0.9532 0.2604
vn -0.9244 -0.2597 0.2794
vn -0.9238 -0.2591 -0.2817
vn -0.6240 -0.1989 -0.7557
vn -0.1189 -0.0994 -0.9879
vn 0.4287 0.0041 -0.9034
vn 0.8423 0.0771 -0.5334
vn 0.9949 0.1012 -0.0000
vn 0.8384 0.0737 0.5401
vn 0.4189 -0.0011 0.9080
vn -0.1286 -0.1039 0.9862
vn -0.6289 -0.2012 0.7510
vn -0.8768 -0.3913 0.2794
vn -0.8763 -0.3908 -0.2817
vn -0.5884 -0.2877 -0.7556
vn -0.1031 -0.1159 -0.9879
vn 0.4235 0.0664 -0.9034
vn 0.8220 0.1994 -0.5335
vn 0.9693 0.2460 -0.0000
vn 0.8184 0.1960 0.5402
vn 0.4144 0.0604 0.9081
vn -0.1122 -0.1213 0.9863
vn -0.5930 -0.2905 0.7510
vn -0.8106 -0.5147 0.2794
vn -0.8101 -0.5141 -0.2817
vn -0.5402 -0.3703 -0.7556
vn -0.0850 -0.1299 -0.9879
vn 0.4094 0.1272 -0.9035
vn 0.7840 0.3173 -0.5336
vn 0.9227 0.3854 -0.0000
vn 0.7808 0.3139 0.5402
vn 0.4010 0.1206 0.9081
vn -0.0935 -0.1361 0.9863
vn -0.5445 -0.3736 0.7510
vn -0.7271 -0.6271 0.2793
vn -0.7267 -0.6265 -0.2818
vn -0.4805 -0.4451 -0.7556
vn -0.0651 -0.1411 -0.9879
vn 0.3865 0.1853 -0.9035
vn 0.7292 0.4284 -0.5337
vn 0.8563 0.5165 -0.0000
vn 0.7263 0.4250 0.5402
vn 0.3789 0.1781 0.9081
vn -0.0729 -0.1481 0.9863
vn -0.4844 -0.4488 0.7510
vn -0.6282 -0.7262 0.2793
vn -0.6278 -0.7256 -0.2817
vn -0.4105 -0.5104 -0.7557
vn -0.0437 -0.1492 -0.9878
vn 0.3554 0.2395 -0.9035
vn 0.6587 0.5303 -0.5338
vn 0.7714 0.6364 -0.0000
vn 0.6561 0.5269 0.5402
vn 0.3486 0.2317 0.9082
vn -0.0507 -0.1570 0.9863
vn -0.4141 -0.5144 0.7509
vn -0.2187 -0.2756 -0.9361
vn -0.5153 -0.8102 -0.2793
vn -0.4057 -0.5778 0.7082
vn -0.0236 -0.1659 -0.9859
vn 0.3171 0.2747 -0.9077
vn 0.5786 0.6112 -0.5400
vn 0.6698 0.7425 -0.0000
vn 0.3391 0.3569 0.8704
vn -0.2854 -0.4263 0.8584
vn -0.5998 -0.8000 0.0155
vn -0.4373 -0.5566 -0.7064
vn 0.8480 -0.5299 -0.0000
vn -0.9589 -0.1567 -0.2364
vn -0.7402 -0.1486 -0.6558
vn -0.3514 -0.1348 -0.9265
vn 0.1196 -0.1239 -0.9851
vn 0.5638 -0.1225 -0.8168
vn 0.8785 -0.1252 -0.4611
vn 0.8869 -0.0970 0.4518
vn 0.5799 -0.0876 0.8100
vn 0.1365 -0.0964 0.9859
vn -0.3398 -0.1171 0.9332
vn -0.7356 -0.1392 0.6630
vn -0.9587 -0.1539 0.2393
vn -0.9223 -0.3057 -0.2363
vn -0.7076 -0.2633 -0.6557
vn -0.3259 -0.1883 -0.9265
vn 0.1374 -0.1026 -0.9852
vn 0.5757 -0.0295 -0.8171
vn 0.8870 0.0195 -0.4614
vn 0.8908 0.0462 0.4521
vn 0.5863 0.0052 0.8101
vn 0.1499 -0.0741 0.9859
vn -0.3170 -0.1696 0.9331
vn -0.7045 -0.2535 0.6629
vn -0.9225 -0.3029 0.2393
vn -0.8627 -0.4471 -0.2363
vn -0.6574 -0.3714 -0.6556
vn -0.2924 -0.2372 -0.9264
vn 0.1514 -0.0789 -0.9853
vn 0.5725 0.0640 -0.8174
vn 0.8719 0.1633 -0.4617
vn 0.8717 0.1880 0.4525
vn 0.5779 0.0978 0.8102
vn 0.1598 -0.0499 0.9859
vn -0.2862 -0.2177 0.9331
vn -0.6557 -0.3614 0.6629
vn -0.8633 -0.4444 0.2393
vn -0.7816 -0.5774 -0.2362
vn -0.5908 -0.4703 -0.6555
vn -0.2516 -0.2802 -0.9264
vn 0.1615 -0.0534 -0.9854
vn 0.5542 0.1555 -0.8177
vn 0.8338 0.3024 -0.4620
vn 0.8304 0.3248 0.4528
vn 0.5550 0.1878 0.8104
vn 0.1658 -0.0245 0.9859
vn -0.2482 -0.2604 0.9330
vn -0.5905 -0.4603 0.6629
vn -0.7825 -0.5748 0.2393
vn -0.6809 -0.6932 -0.2362
vn -0.5094 -0.5575 -0.6555
vn -0.2045 -0.3163 -0.9264
vn 0.1673 -0.0267 -0.9855
vn 0.5215 0.2428 -0.8180
vn 0.7737 0.4333 -0.4622
vn 0.7677 0.4531 0.4531
vn 0.5182 0.2730 0.8105
vn 0.1677 0.0016 0.9858
vn -0.2038 -0.2966 0.9330
vn -0.5105 -0.5477 0.6629
vn -0.6822 -0.6909 0.2393
vn -0.5632 -0.7918 -0.2362
vn -0.4153 -0.6309 -0.6554
vn -0.1523 -0.3445 -0.9263
vn 0.1688 0.0005 -0.9857
vn 0.4752 0.3235 -0.8182
vn 0.6935 0.5525 -0.4624
vn 0.6855 0.5697 0.4534
vn 0.4684 0.3514 0.8107
vn 0.1656 0.0277 0.9858
vn -0.1542 -0.3253 0.9330
vn -0.4176 -0.6214 0.6629
vn -0.5648 -0.7898 0.2393
vn -0.4315 -0.8707 -0.2361
vn -0.3108 -0.6885 -0.6553
vn -0.0964 -0.3642 -0.9263
vn 0.1659 0.0274 -0.9858
vn 0.4167 0.3956 -0.8185
vn 0.5952 0.6570 -0.4626
vn 0.5858 0.6716 0.4536
vn 0.4069 0.4208 0.8108
vn 0.1594 0.0531 0.9858
vn -0.1007 -0.3458 0.9329
vn -0.3143 -0.6796 0.6629
vn -0.4333 -0.8689 0.2393
vn -0.2889 -0.9278 -0.2361
vn -0.1985 -0.7289 -0.6552
vn -0.0380 -0.3749 -0.9263
vn 0.1587 0.0535 -0.9859
vn 0.3474 0.4572 -0.8187
vn 0.4816 0.7442 -0.4628
vn 0.4712 0.7563 0.4539
vn 0.3352 0.4796 0.8109
vn 0.1494 0.0773 0.9858
vn -0.0446 -0.3575 0.9328
vn -0.2031 -0.7207 0.6628
vn -0.2909 -0.9264 0.2393
vn 0.2614 0.8460 -0.4647
vn 0.2614 0.8460 0.4647
vn -0.1566 -0.9589 -0.2367
vn -0.0995 -0.7473 -0.6569
vn 0.0026 -0.3711 -0.9286
vn 0.1315 0.0834 -0.9878
vn 0.2612 0.5100 -0.8196
vn 0.3570 0.8113 -0.4629
vn 0.3347 0.8257 0.4540
vn 0.2361 0.5327 0.8127
vn 0.1135 0.1048 0.9880
vn -0.0085 -0.3567 0.9342
vn -0.1058 -0.7410 0.6631
vn -0.1587 -0.9579 0.2393
vn 0.0092 -0.9715 -0.2367
vn 0.0293 -0.7534 -0.6569
vn 0.0658 -0.3653 -0.9286
vn 0.1147 0.1046 -0.9879
vn 0.1684 0.5474 -0.8198
vn 0.2097 0.8612 -0.4631
vn 0.1871 0.8710 0.4543
vn 0.1414 0.5651 0.8128
vn 0.0942 0.1226 0.9880
vn 0.0528 -0.3530 0.9341
vn 0.0223 -0.7482 0.6631
vn 0.0069 -0.9709 0.2393
vn 0.1747 -0.9558 -0.2367
vn 0.1574 -0.7374 -0.6568
vn 0.1270 -0.3488 -0.9285
vn 0.0945 0.1226 -0.9879
vn 0.0706 0.5681 -0.8199
vn 0.0562 0.8845 -0.4632
vn 0.0341 0.8901 0.4545
vn 0.0427 0.5808 0.8129
vn 0.0722 0.1368 0.9880
vn 0.1125 -0.3388 0.9341
vn 0.1497 -0.7334 0.6631
vn 0.1724 -0.9555 0.2393
vn 0.3352 -0.9120 -0.2366
vn 0.2809 -0.6998 -0.6568
vn 0.1846 -0.3222 -0.9285
vn 0.0717 0.1367 -0.9880
vn -0.0292 0.5715 -0.8201
vn -0.0988 0.8806 -0.4634
vn -0.1198 0.8825 0.4547
vn -0.0572 0.5794 0.8130
vn 0.0480 0.1471 0.9879
vn 0.1689 -0.3145 0.9341
vn 0.2727 -0.6971 0.6631
vn 0.3329 -0.9121 0.2393
vn 0.4858 -0.8414 -0.2366
vn 0.3961 -0.6417 -0.6567
vn 0.2367 -0.2861 -0.9285
vn 0.0467 0.1466 -0.9881
vn -0.1280 0.5575 -0.8203
vn -0.2506 0.8499 -0.4635
vn -0.2701 0.8486 0.4550
vn -0.1554 0.5610 0.8131
vn 0.0225 0.1532 0.9879
vn 0.2203 -0.2810 0.9341
vn 0.3877 -0.6403 0.6631
vn 0.4836 -0.8419 0.2393
vn 0.6222 -0.7463 -0.2366
vn 0.4998 -0.5648 -0.6567
vn 0.2820 -0.2416 -0.9285
vn 0.0205 0.1521 -0.9882
vn -0.2227 0.5266 -0.8204
vn -0.3945 0.7934 -0.4636
vn -0.4121 0.7893 0.4552
vn -0.2490 0.5260 0.8132
vn -0.0037 0.1549 0.9879
vn 0.2652 -0.2391 0.9341
vn 0.4914 -0.5646 0.6631
vn 0.6202 -0.7471 0.2393
vn 0.7404 -0.6292 -0.2366
vn 0.5888 -0.4713 -0.6566
vn 0.3191 -0.1901 -0.9285
vn -0.0061 0.1529 -0.9882
vn -0.3106 0.4799 -0.8205
vn -0.5262 0.7128 -0.4637
vn -0.5418 0.7065 0.4554
vn -0.3352 0.4756 0.8133
vn -0.0299 0.1522 0.9879
vn 0.3024 -0.1902 0.9340
vn 0.5806 -0.4724 0.6631
vn 0.7385 -0.6303 0.2393
vn 0.8369 -0.4937 -0.2365
vn 0.6606 -0.3639 -0.6566
vn 0.3468 -0.1330 -0.9285
vn -0.0324 0.1492 -0.9883
vn -0.3889 0.4187 -0.8207
vn -0.6419 0.6106 -0.4638
vn -0.6552 0.6027 0.4555
vn -0.4115 0.4112 0.8134
vn -0.0552 0.1450 0.9879
vn 0.3305 -0.1355 0.9340
vn 0.6528 -0.3663 0.6631
vn 0.8353 -0.4951 0.2393
vn 0.9088 -0.3437 -0.2365
vn 0.7131 -0.2459 -0.6565
vn 0.3644 -0.0721 -0.9284
vn -0.0576 0.1409 -0.9883
vn -0.4554 0.3449 -0.8208
vn -0.7380 0.4901 -0.4639
vn -0.7490 0.4810 0.4557
vn -0.4757 0.3348 0.8134
vn -0.0790 0.1337 0.9879
vn 0.3490 -0.0769 0.9340
vn 0.7058 -0.2494 0.6631
vn 0.9075 -0.3452 0.2393
vn 0.9517 -0.1952 -0.2369
vn 0.7419 -0.1317 -0.6575
vn 0.3686 -0.0177 -0.9294
vn -0.0820 0.1257 -0.9887
vn -0.5043 0.2699 -0.8203
vn -0.8020 0.3770 -0.4632
vn -0.8174 0.3537 0.4547
vn -0.5272 0.2449 0.8137
vn -0.1028 0.1086 0.9888
vn 0.3549 -0.0279 0.9345
vn 0.7358 -0.1373 0.6631
vn 0.9507 -0.1972 0.2392
vn 0.9712 -0.0265 -0.2369
vn 0.7535 -0.0004 -0.6575
vn 0.3661 0.0467 -0.9294
vn -0.1027 0.1089 -0.9887
vn -0.5440 0.1761 -0.8204
vn -0.8563 0.2280 -0.4634
vn -0.8668 0.2042 0.4549
vn -0.5617 0.1490 0.8138
vn -0.1201 0.0892 0.9887
vn 0.3544 0.0346 0.9345
vn 0.7485 -0.0069 0.6631
vn 0.9705 -0.0286 0.2392
vn 0.9609 0.1431 -0.2368
vn 0.7421 0.1309 -0.6574
vn 0.3525 0.1097 -0.9294
vn -0.1201 0.0888 -0.9888
vn -0.5664 0.0767 -0.8206
vn -0.8832 0.0719 -0.4635
vn -0.8891 0.0484 0.4551
vn -0.5790 0.0486 0.8139
vn -0.1337 0.0672 0.9887
vn 0.3429 0.0960 0.9344
vn 0.7382 0.1237 0.6631
vn 0.9607 0.1410 0.2392
vn 0.9213 0.3084 -0.2368
vn 0.7080 0.2582 -0.6574
vn 0.3280 0.1693 -0.9294
vn -0.1336 0.0660 -0.9888
vn -0.5708 -0.0248 -0.8207
vn -0.8818 -0.0863 -0.4636
vn -0.8837 -0.1088 0.4553
vn -0.5785 -0.0533 0.8140
vn -0.1434 0.0430 0.9887
vn 0.3209 0.1545 0.9344
vn 0.7053 0.2505 0.6631
vn 0.9214 0.3062 0.2392
vn 0.8535 0.4642 -0.2368
vn 0.6522 0.3776 -0.6573
vn 0.2936 0.2239 -0.9293
vn -0.1428 0.0412 -0.9889
vn -0.5572 -0.1255 -0.8208
vn -0.8524 -0.2416 -0.4638
vn -0.8507 -0.2625 0.4555
vn -0.5602 -0.1535 0.8140
vn -0.1488 0.0176 0.9887
vn 0.2889 0.2083 0.9344
vn 0.6508 0.3697 0.6631
vn 0.8540 0.4621 0.2392
vn 0.7596 0.6058 -0.2368
vn 0.5764 0.4855 -0.6573
vn 0.2502 0.2715 -0.9293
vn -0.1475 0.0153 -0.9889
vn -0.5261 -0.2221 -0.8209
vn -0.7960 -0.3889 -0.4639
vn -0.7912 -0.4079 0.4557
vn -0.5247 -0.2489 0.8141
vn -0.1497 -0.0084 0.9887
vn 0.2481 0.2556 0.9344
vn 0.5764 0.4776 0.6631
vn 0.7604 0.6038 0.2392
vn 0.6424 0.7289 -0.2368
vn 0.4831 0.5785 -0.6573
vn 0.1992 0.3110 -0.9293
vn -0.1475 -0.0110 -0.9890
vn -0.4783 -0.3116 -0.8210
vn -0.7144 -0.5239 -0.4639
vn -0.7071 -0.5405 0.4559
vn -0.4730 -0.3367 0.8142
vn -0.1460 -0.0342 0.9887
vn 0.1996 0.2951 0.9344
vn 0.4842 0.5708 0.6631
vn 0.6435 0.7271 0.2392
vn 0.5056 0.8297 -0.2368
vn 0.3749 0.6539 -0.6572
vn 0.1420 0.3409 -0.9293
vn -0.1429 -0.0369 -0.9891
vn -0.4156 -0.3912 -0.8211
vn -0.6103 -0.6421 -0.4640
vn -0.6011 -0.6563 0.4560
vn -0.4069 -0.4140 0.8142
vn -0.1380 -0.0589 0.9887
vn 0.1449 0.3255 0.9344
vn 0.3773 0.6465 0.6631
vn 0.5069 0.8281 0.2392
vn 0.3533 0.9051 -0.2367
vn 0.2552 0.7092 -0.6572
vn 0.0805 0.3605 -0.9293
vn -0.1338 -0.0614 -0.9891
vn -0.3398 -0.4583 -0.8212
vn -0.4870 -0.7399 -0.4641
vn -0.4765 -0.7516 0.4562
vn -0.3283 -0.4787 0.8143
vn -0.1258 -0.0820 0.9887
vn 0.0857 0.3459 0.9343
vn 0.2587 0.7024 0.6631
vn 0.3548 0.9038 0.2392
vn 0.1901 0.9528 -0.2367
vn 0.1277 0.7429 -0.6571
vn 0.0166 0.3690 -0.9293
vn -0.1206 -0.0839 -0.9891
vn -0.2535 -0.5110 -0.8213
vn -0.3485 -0.8143 -0.4642
vn -0.3371 -0.8235 0.4563
vn -0.2396 -0.5285 0.8144
vn -0.1098 -0.1025 0.9887
vn 0.0239 0.3556 0.9343
vn 0.1322 0.7367 0.6631
vn 0.1918 0.9518 0.2392
vn 0.0315 0.9710 -0.2370
vn 0.0047 0.7532 -0.6578
vn -0.0441 0.3658 -0.9297
vn -0.1104 -0.1024 -0.9886
vn -0.1859 -0.5418 -0.8197
vn -0.2482 -0.8511 -0.4625
vn -0.2145 -0.8647 0.4542
vn -0.1512 -0.5612 0.8137
vn -0.0874 -0.1198 0.9889
vn -0.0309 0.3545 0.9345
vn 0.0116 0.7484 0.6631
vn 0.0336 0.9704 0.2392
vn -0.1350 0.9621 -0.2370
vn -0.1242 0.7429 -0.6578
vn -0.1060 0.3529 -0.9296
vn -0.0907 -0.1198 -0.9887
vn -0.0883 -0.5657 -0.8199
vn -0.0945 -0.8814 -0.4628
vn -0.0615 -0.8887 0.4544
vn -0.0527 -0.5787 0.8138
vn -0.0658 -0.1330 0.9889
vn -0.0912 0.3440 0.9345
vn -0.1167 0.7394 0.6631
vn -0.1328 0.9618 0.2392
vn -0.2976 0.9248 -0.2370
vn -0.2494 0.7107 -0.6578
vn -0.1647 0.3296 -0.9296
vn -0.0683 -0.1334 -0.9887
vn 0.0118 -0.5722 -0.8201
vn 0.0618 -0.8842 -0.4630
vn 0.0932 -0.8858 0.4546
vn 0.0474 -0.5791 0.8139
vn -0.0423 -0.1423 0.9889
vn -0.1489 0.3233 0.9345
vn -0.2415 0.7085 0.6631
vn -0.2954 0.9250 0.2392
vn -0.4514 0.8603 -0.2370
vn -0.3673 0.6576 -0.6577
vn -0.2186 0.2967 -0.9296
vn -0.0440 -0.1429 -0.9888
vn 0.1113 -0.5611 -0.8202
vn 0.2159 -0.8596 -0.4631
vn 0.2451 -0.8562 0.4549
vn 0.1460 -0.5623 0.8140
vn -0.0175 -0.1475 0.9889
vn -0.2022 0.2929 0.9345
vn -0.3592 0.6567 0.6631
vn -0.4492 0.8608 0.2392
vn -0.5918 0.7704 -0.2370
vn -0.4744 0.5851 -0.6577
vn -0.2661 0.2550 -0.9296
vn -0.0185 -0.1480 -0.9888
vn 0.2074 -0.5329 -0.8204
vn 0.3631 -0.8084 -0.4633
vn 0.3894 -0.8008 0.4551
vn 0.2402 -0.5288 0.8140
vn 0.0078 -0.1484 0.9889
vn -0.2495 0.2539 0.9345
vn -0.4663 0.5855 0.6631
vn -0.5898 0.7713 0.2392
vn -0.7149 0.6579 -0.2370
vn -0.5675 0.4954 -0.6577
vn -0.3058 0.2058 -0.9296
vn 0.0075 -0.1486 -0.9889
vn 0.2969 -0.4885 -0.8205
vn 0.4989 -0.7324 -0.4634
vn 0.5219 -0.7214 0.4553
vn 0.3273 -0.4797 0.8141
vn 0.0329 -0.1450 0.9889
vn -0.2894 0.2073 0.9345
vn -0.5597 0.4970 0.6631
vn -0.7131 0.6590 0.2392
vn -0.8169 0.5259 -0.2369
vn -0.6439 0.3910 -0.6576
vn -0.3365 0.1505 -0.9296
vn 0.0331 -0.1447 -0.9889
vn 0.3773 -0.4292 -0.8206
vn 0.6191 -0.6339 -0.4636
vn 0.6386 -0.6203 0.4555
vn 0.4047 -0.4163 0.8142
vn 0.0571 -0.1374 0.9889
vn -0.3208 0.1546 0.9345
vn -0.6365 0.3939 0.6631
vn -0.8153 0.5273 0.2392
vn -0.8948 0.3784 -0.2369
vn -0.7013 0.2751 -0.6576
vn -0.3573 0.0908 -0.9296
vn 0.0576 -0.1364 -0.9890
vn 0.4460 -0.3569 -0.8208
vn 0.7202 -0.5161 -0.4637
vn 0.7361 -0.5006 0.4556
vn 0.4700 -0.3407 0.8143
vn 0.0796 -0.1257 0.9889
vn -0.3426 0.0972 0.9344
vn -0.6945 0.2791 0.6631
vn -0.8935 0.3800 0.2392
vn -0.9464 0.2197 -0.2369
vn -0.7381 0.1511 -0.6576
vn -0.3676 0.0284 -0.9295
vn 0.0803 -0.1241 -0.9890
vn 0.5012 -0.2739 -0.8209
vn 0.7991 -0.3826 -0.4638
vn 0.8114 -0.3660 0.4558
vn 0.5214 -0.2550 0.8143
vn 0.0998 -0.1104 0.9889
vn -0.3542 0.0370 0.9344
vn -0.7321 0.1560 0.6631
vn -0.9453 0.2216 0.2392
vn -0.9700 0.0546 -0.2369
vn -0.7531 0.0226 -0.6575
vn -0.3671 -0.0348 -0.9295
vn 0.1004 -0.1080 -0.9891
vn 0.5410 -0.1826 -0.8210
vn 0.8534 -0.2376 -0.4639
vn 0.8623 -0.2204 0.4560
vn 0.5573 -0.1618 0.8144
vn 0.1172 -0.0919 0.9888
vn -0.3553 -0.0244 0.9344
vn -0.7480 0.0284 0.6631
vn -0.9693 0.0565 0.2392
vn -0.9650 -0.1122 -0.2369
vn -0.7459 -0.1066 -0.6575
vn -0.3558 -0.0970 -0.9295
vn 0.1173 -0.0887 -0.9891
vn 0.5643 -0.0859 -0.8211
vn 0.8817 -0.0855 -0.4640
vn 0.8873 -0.0683 0.4562
vn 0.5767 -0.0638 0.8145
vn 0.1312 -0.0707 0.9888
vn -0.3459 -0.0851 0.9344
vn -0.7418 -0.1002 0.6631
vn -0.9647 -0.1102 0.2392
vn -0.3205 -0.9186 0.2311
vn -0.3205 -0.9186 -0.2311
vn 0.4708 -0.8802 -0.0609
vn -0.1553 -0.6918 -0.7052
vn 0.5345 -0.7828 -0.3187
vn -0.3013 -0.8983 -0.3198
vn 0.1376 -0.2966 -0.9450
vn 0.6643 -0.5855 -0.4647
vn -0.1040 -0.6392 -0.7620
vn 0.4600 0.1315 -0.8781
vn 0.8131 -0.3606 -0.4569
vn 0.2037 -0.2332 -0.9508
vn 0.7098 0.4541 -0.5384
vn 0.9336 -0.1804 -0.3096
vn 0.5195 0.1823 -0.8348
vn 0.8140 0.5794 -0.0415
vn 0.9928 -0.0932 -0.0758
vn 0.7444 0.4797 -0.4646
vn 0.7444 0.4797 0.4645
vn 0.9771 -0.1175 0.1777
vn 0.8140 0.5794 0.0416
vn 0.5195 0.1823 0.8348
vn 0.8900 -0.2479 0.3828
vn 0.7098 0.4542 0.5384
vn 0.2037 -0.2332 0.9508
vn 0.7528 -0.4540 0.4767
vn 0.4600 0.1315 0.8781
vn -0.1040 -0.6392 0.7619
vn 0.6054 -0.6764 0.4194
vn 0.1376 -0.2966 0.9450
vn -0.3013 -0.8983 0.3198
vn 0.4980 -0.8392 0.2186
vn -0.1553 -0.6918 0.7052
vn -0.9560 -0.2677 0.1197
vn -0.9560 -0.2677 -0.1197
vn -0.7358 -0.2250 -0.6387
vn -0.8649 -0.2491 -0.4357
vn -0.2741 -0.1353 -0.9521
vn -0.4919 -0.1743 -0.8530
vn 0.2803 -0.0307 -0.9594
vn 0.0442 -0.0697 -0.9966
vn 0.7477 0.0533 -0.6619
vn 0.5698 0.0278 -0.8213
vn 0.9825 0.0946 -0.1606
vn 0.9171 0.0866 -0.3891
vn 0.9171 0.0866 0.3891
vn 0.9825 0.0946 0.1606
vn 0.5698 0.0278 0.8213
vn 0.7477 0.0533 0.6619
vn 0.0442 -0.0697 0.9966
vn 0.2803 -0.0307 0.9594
vn -0.4919 -0.1743 0.8530
vn -0.2741 -0.1353 0.9521
vn -0.8649 -0.2491 0.4357
vn -0.7358 -0.2250 0.6387
vn -0.9069 -0.4039 0.1197
vn -0.9069 -0.4039 -0.1197
vn -0.6953 -0.3299 -0.6385
vn -0.8196 -0.3723 -0.4355
vn -0.2519 -0.1741 -0.9520
vn -0.4618 -0.2441 -0.8528
vn 0.2812 0.0101 -0.9596
vn 0.0532 -0.0626 -0.9966
vn 0.7314 0.1619 -0.6625
vn 0.5590 0.1107 -0.8218
vn 0.9579 0.2378 -0.1609
vn 0.8943 0.2202 -0.3894
vn 0.8943 0.2202 0.3894
vn 0.9579 0.2378 0.1609
vn 0.5590 0.1107 0.8218
vn 0.7314 0.1619 0.6625
vn 0.0532 -0.0626 0.9966
vn 0.2812 0.0101 0.9596
vn -0.4618 -0.2441 0.8528
vn -0.2519 -0.1741 0.9520
vn -0.8196 -0.3723 0.4355
vn -0.6953 -0.3299 0.6385
vn -0.8385 -0.5316 0.1197
vn -0.8385 -0.5316 -0.1197
vn -0.6400 -0.4277 -0.6383
vn -0.7569 -0.4876 -0.4353
vn -0.2242 -0.2092 -0.9518
vn -0.4217 -0.3088 -0.8525
vn 0.2762 0.0507 -0.9598
vn 0.0611 -0.0544 -0.9966
vn 0.6994 0.2669 -0.6630
vn 0.5362 0.1911 -0.8221
vn 0.9126 0.3757 -0.1612
vn 0.8523 0.3489 -0.3897
vn 0.8523 0.3489 0.3897
vn 0.9126 0.3757 0.1612
vn 0.5362 0.1911 0.8221
vn 0.6994 0.2669 0.6630
vn 0.0611 -0.0544 0.9966
vn 0.2762 0.0507 0.9598
vn -0.4217 -0.3088 0.8525
vn -0.2242 -0.2092 0.9518
vn -0.7569 -0.4876 0.4353
vn -0.6400 -0.4277 0.6383
vn -0.7522 -0.6479 0.1197
vn -0.7522 -0.6479 -0.1197
vn -0.5710 -0.5164 -0.6382
vn -0.6780 -0.5925 -0.4350
vn -0.1916 -0.2400 -0.9517
vn -0.3726 -0.3671 -0.8523
vn 0.2654 0.0899 -0.9599
vn 0.0678 -0.0452 -0.9967
vn 0.6525 0.3661 -0.6634
vn 0.5021 0.2672 -0.8225
vn 0.8476 0.5054 -0.1614
vn 0.7918 0.4700 -0.3900
vn 0.7918 0.4700 0.3900
vn 0.8476 0.5054 0.1615
vn 0.5021 0.2672 0.8225
vn 0.6525 0.3661 0.6634
vn 0.0678 -0.0452 0.9967
vn 0.2654 0.0899 0.9599
vn -0.3726 -0.3671 0.8523
vn -0.1916 -0.2400 0.9517
vn -0.6780 -0.5925 0.4350
vn -0.5710 -0.5164 0.6382
vn -0.6500 -0.7505 0.1196
vn -0.6500 -0.7505 -0.1196
vn -0.4899 -0.5942 -0.6379
vn -0.5846 -0.6849 -0.4348
vn -0.1549 -0.2658 -0.9515
vn -0.3156 -0.4177 -0.8520
vn 0.2490 0.1272 -0.9601
vn 0.0731 -0.0352 -0.9967
vn 0.5916 0.4573 -0.6639
vn 0.4572 0.3374 -0.8229
vn 0.7643 0.6242 -0.1617
vn 0.7143 0.5809 -0.3903
vn 0.7143 0.5809 0.3903
vn 0.7643 0.6242 0.1617
vn 0.4572 0.3374 0.8229
vn 0.5916 0.4573 0.6639
vn 0.0731 -0.0352 0.9967
vn 0.2490 0.1272 0.9601
vn -0.3156 -0.4177 0.8520
vn -0.1549 -0.2658 0.9515
vn -0.5846 -0.6849 0.4348
vn -0.4899 -0.5942 0.6379
vn -0.5335 -0.8373 0.1196
vn -0.5335 -0.8373 -0.1196
vn -0.3962 -0.6606 -0.6377
vn -0.4795 -0.7624 -0.4345
vn 0.5878 -0.8017 -0.1082
vn -0.1536 -0.9532 -0.2604
vn -0.1106 -0.2885 -0.9511
vn -0.2540 -0.4582 -0.8518
vn 0.6521 -0.7014 -0.2877
vn 0.0134 -0.7206 -0.6932
vn 0.2342 0.1571 -0.9594
vn 0.0722 -0.0216 -0.9972
vn 0.7582 -0.5366 -0.3705
vn 0.2910 -0.3387 -0.8948
vn 0.5251 0.5331 -0.6634
vn 0.3949 0.4060 -0.8242
vn 0.8697 -0.3640 -0.3333
vn 0.5860 0.0620 -0.8079
vn 0.6646 0.7294 -0.1620
vn 0.6138 0.6858 -0.3910
vn 0.9516 -0.2383 -0.1942
vn 0.8068 0.3544 -0.4727
vn 0.6138 0.6858 0.3910
vn 0.6646 0.7294 0.1620
vn 0.8900 0.4559 0.0002
vn 0.3949 0.4060 0.8242
vn 0.5251 0.5331 0.6634
vn 0.9506 -0.2416 0.1946
vn 0.6928 -0.0137 0.7210
vn 0.0722 -0.0216 0.9972
vn 0.2342 0.1571 0.9594
vn 0.8688 -0.3678 0.3316
vn 0.2157 -0.6940 0.6869
vn -0.2540 -0.4582 0.8518
vn -0.1106 -0.2885 0.9511
vn 0.7581 -0.5385 0.3679
vn -0.0975 -0.9950 -0.0192
vn -0.4795 -0.7624 0.4345
vn -0.3962 -0.6606 0.6377
vn 0.6526 -0.7017 0.2859
vn -0.0180 -0.7509 -0.6602
vn 0.5882 -0.8015 0.1077
vn 0.2135 -0.5059 -0.8357
vn -0.9238 -0.2591 0.2817
vn -0.9244 -0.2597 -0.2794
vn -0.6289 -0.2012 -0.7510
vn -0.1286 -0.1039 -0.9862
vn 0.4189 -0.0011 -0.9080
vn 0.8384 0.0737 -0.5401
vn 0.8423 0.0771 0.5334
vn 0.4287 0.0041 0.9034
vn -0.1189 -0.0994 0.9879
vn -0.6240 -0.1989 0.7557
vn -0.8763 -0.3908 0.2817
vn -0.8768 -0.3913 -0.2794
vn -0.5930 -0.2905 -0.7510
vn -0.1122 -0.1213 -0.9863
vn 0.4144 0.0604 -0.9081
vn 0.8184 0.1960 -0.5402
vn 0.8220 0.1994 0.5335
vn 0.4235 0.0664 0.9034
vn -0.1031 -0.1159 0.9879
vn -0.5884 -0.2877 0.7556
vn -0.8101 -0.5141 0.2817
vn -0.8106 -0.5147 -0.2794
vn -0.5445 -0.3736 -0.7510
vn -0.0935 -0.1361 -0.9863
vn 0.4010 0.1206 -0.9081
vn 0.7808 0.3139 -0.5402
vn 0.7840 0.3173 0.5336
vn 0.4094 0.1272 0.9035
vn -0.0850 -0.1299 0.9879
vn -0.5402 -0.3703 0.7556
vn -0.7267 -0.6265 0.2818
vn -0.7271 -0.6271 -0.2793
vn -0.4844 -0.4488 -0.7510
vn -0.0729 -0.1481 -0.9863
vn 0.3789 0.1781 -0.9081
vn 0.7263 0.4250 -0.5402
vn 0.7292 0.4284 0.5337
vn 0.3865 0.1853 0.9035
vn -0.0651 -0.1411 0.9879
vn -0.4805 -0.4451 0.7556
vn -0.6278 -0.7256 0.2817
vn -0.6282 -0.7262 -0.2793
vn -0.4141 -0.5144 -0.7509
vn -0.0507 -0.1570 -0.9863
vn 0.3486 0.2317 -0.9082
vn 0.6561 0.5269 -0.5402
vn 0.7713 0.6364 -0.0000
vn 0.6587 0.5303 0.5338
vn 0.3554 0.2395 0.9035
vn -0.0437 -0.1492 0.9878
vn -0.4105 -0.5104 0.7557
vn -0.5153 -0.8102 0.2793
vn -0.2188 -0.2758 0.9360
vn -0.3371 -0.5676 -0.7511
vn -0.5998 -0.8000 -0.0155
vn -0.2854 -0.4263 -0.8584
vn 0.3391 0.3569 -0.8704
vn 0.6698 0.7425 0.0001
vn 0.5786 0.6112 0.5400
vn 0.3171 0.2746 0.9077
vn -0.0236 -0.1659 0.9859
vn -0.3329 -0.5706 0.7507
vt 0.000000 0.000000
vt 0.076923 0.125000
vt 0.000000 0.125000
vt 0.076923 0.000000
vt 0.153846 0.125000
vt 0.153846 0.000000
vt 0.230769 0.125000
vt 0.230769 0.000000
vt 0.307692 0.125000
vt 0.307692 0.000000
vt 0.384615 0.125000
vt 0.384615 0.000000
vt 0.461538 0.125000
vt 0.538462 0.000000
vt 0.461538 0.000000
vt 0.615385 0.000000
vt 0.538462 0.125000
vt 0.692308 0.000000
vt 0.615385 0.125000
vt 0.769231 0.000000
vt 0.692308 0.125000
vt 0.846154 0.000000
vt 0.769231 0.125000
vt 0.923077 0.000000
vt 0.846154 0.125000
vt 1.000000 0.000000
vt 0.923077 0.125000
vt 0.076923 0.250000
vt 0.000000 0.250000
vt 0.153846 0.250000
vt 0.230769 0.250000
vt 0.307692 0.250000
vt 0.384615 0.250000
vt 0.461538 0.250000
vt 0.538462 0.250000
vt 0.615385 0.250000
vt 0.692308 0.250000
vt 0.769231 0.250000
vt 0.846154 0.250000
vt 1.000000 0.125000
vt 0.923077 0.250000
vt 0.076923 0.375000
vt 0.000000 0.375000
vt 0.153846 0.375000
vt 0.230769 0.375000
vt 0.307692 0.375000
vt 0.384615 0.375000
vt 0.461538 0.375000
vt 0.538462 0.375000
vt 0.615385 0.375000
vt 0.692308 0.375000
vt 0.769231 0.375000
vt 0.846154 0.375000
vt 1.000000 0.250000
vt 0.923077 0.375000
vt 0.076923 0.500000
vt 0.000000 0.500000
vt 0.153846 0.500000
vt 0.230769 0.500000
vt 0.307692 0.500000
vt 0.384615 0.500000
vt 0.461538 0.500000
vt 0.538462 0.500000
vt 0.615385 0.500000
vt 0.692308 0.500000
vt 0.769231 0.500000
vt 0.846154 0.500000
vt 1.000000 0.375000
vt 0.923077 0.500000
vt 0.076923 0.625000
vt 0.000000 0.625000
vt 0.153846 0.625000
vt 0.230769 0.625000
vt 0.307692 0.625000
vt 0.384615 0.625000
vt 0.461538 0.625000
vt 0.538462 0.625000
vt 0.615385 0.625000
vt 0.692308 0.625000
vt 0.769231 0.625000
vt 0.846154 0.625000
vt 1.000000 0.500000
vt 0.923077 0.625000
vt 0.076923 0.750000
vt 0.000000 0.750000
vt 0.153846 0.750000
vt 0.230769 0.750000
vt 0.307692 0.750000
vt 0.384615 0.750000
vt 0.461538 0.750000
vt 0.538462 0.750000
vt 0.615385 0.750000
vt 0.692308 0.750000
vt 0.769231 0.750000
vt 0.846154 0.750000
vt 1.000000 0.625000
vt 0.923077 0.750000
vt 0.076923 0.875000
vt 0.000000 0.875000
vt 0.153846 0.875000
vt 0.230769 0.875000
vt 0.307692 0.875000
vt 0.384615 0.875000
vt 0.461538 0.875000
vt 0.538462 0.875000
vt 0.615385 0.875000
vt 0.692308 0.875000
vt 0.769231 0.875000
vt 0.846154 0.875000
vt 1.000000 0.750000
vt 0.923077 0.875000
vt 0.076923 1.000000
vt 0.000000 1.000000
vt 0.153846 1.000000
vt 0.230769 1.000000
vt 0.307692 1.000000
vt 0.384615 1.000000
vt 0.461538 1.000000
vt 0.538462 1.000000
vt 0.615385 1.000000
vt 0.692308 1.000000
vt 0.769231 1.000000
vt 0.846154 1.000000
vt 1.000000 0.875000
vt 0.923077 1.000000
vt 0.076923 0.333333
vt 0.000000 0.333333
vt 0.153846 0.333333
vt 0.307692 0.333333
vt 0.230769 0.333333
vt 0.461538 0.333333
vt 0.384615 0.333333
vt 0.615385 0.333333
vt 0.538462 0.333333
vt 0.692308 0.333333
vt 0.769231 0.333333
vt 0.846154 0.333333
vt 0.923077 0.333333
vt 0.000000 0.666667
vt 0.076923 0.666667
vt 0.153846 0.666667
vt 0.307692 0.666667
vt 0.230769 0.666667
vt 0.461538 0.666667
vt 0.384615 0.666667
vt 0.538462 0.666667
vt 0.692308 0.666667
vt 0.615385 0.666667
vt 0.846154 0.666667
vt 0.769231 0.666667
vt 1.000000 0.666667
vt 0.923077 0.666667
vt 0.076923 0.111111
vt 0.000000 0.111111
vt 0.153846 0.111111
vt 0.230769 0.111111
vt 0.307692 0.111111
vt 0.384615 0.111111
vt 0.461538 0.111111
vt 0.538462 0.111111
vt 0.615385 0.111111
vt 0.692308 0.111111
vt 0.769231 0.111111
vt 0.846154 0.111111
vt 0.923077 0.111111
vt 0.076923 0.222222
vt 0.000000 0.222222
vt 0.153846 0.222222
vt 0.230769 0.222222
vt 0.307692 0.222222
vt 0.384615 0.222222
vt 0.461538 0.222222
vt 0.538462 0.222222
vt 0.615385 0.222222
vt 0.692308 0.222222
vt 0.769231 0.222222
vt 0.846154 0.222222
vt 1.000000 0.111111
vt 0.923077 0.222222
vt 1.000000 0.222222
vt 0.076923 0.444444
vt 0.000000 0.444444
vt 0.153846 0.444444
vt 0.230769 0.444444
vt 0.307692 0.444444
vt 0.384615 0.444444
vt 0.461538 0.444444
vt 0.538462 0.444444
vt 0.615385 0.444444
vt 0.692308 0.444444
vt 0.769231 0.444444
vt 0.846154 0.444444
vt 1.000000 0.333333
vt 0.923077 0.444444
vt 0.076923 0.555556
vt 0.000000 0.555556
vt 0.153846 0.555556
vt 0.230769 0.555556
vt 0.307692 0.555556
vt 0.384615 0.555556
vt 0.461538 0.555556
vt 0.538462 0.555556
vt 0.615385 0.555556
vt 0.692308 0.555556
vt 0.769231 0.555556
vt 0.846154 0.555556
vt 1.000000 0.444444
vt 0.923077 0.555556
vt 1.000000 0.555556
vt 0.076923 0.777778
vt 0.000000 0.777778
vt 0.153846 0.777778
vt 0.230769 0.777778
vt 0.307692 0.777778
vt 0.384615 0.777778
vt 0.461538 0.777778
vt 0.538462 0.777778
vt 0.615385 0.777778
vt 0.692308 0.777778
vt 0.769231 0.777778
vt 0.846154 0.777778
vt 0.923077 0.777778
vt 0.076923 0.888889
vt 0.000000 0.888889
vt 0.153846 0.888889
vt 0.230769 0.888889
vt 0.307692 0.888889
vt 0.384615 0.888889
vt 0.461538 0.888889
vt 0.538462 0.888889
vt 0.615385 0.888889
vt 0.692308 0.888889
vt 0.769231 0.888889
vt 0.846154 0.888889
vt 1.000000 0.777778
vt 0.923077 0.888889
vt 1.000000 0.888889
vt 0.076923 0.100000
vt 0.000000 0.100000
vt 0.153846 0.100000
vt 0.230769 0.100000
vt 0.307692 0.100000
vt 0.384615 0.100000
vt 0.461538 0.100000
vt 0.538462 0.100000
vt 0.615385 0.100000
vt 0.692308 0.100000
vt 0.769231 0.100000
vt 0.846154 0.100000
vt 0.923077 0.100000
vt 0.076923 0.200000
vt 0.000000 0.200000
vt 0.153846 0.200000
vt 0.230769 0.200000
vt 0.307692 0.200000
vt 0.384615 0.200000
vt 0.461538 0.200000
vt 0.538462 0.200000
vt 0.615385 0.200000
vt 0.692308 0.200000
vt 0.769231 0.200000
vt 0.846154 0.200000
vt 1.000000 0.100000
vt 0.923077 0.200000
vt 0.076923 0.300000
vt 0.000000 0.300000
vt 0.153846 0.300000
vt 0.230769 0.300000
vt 0.307692 0.300000
vt 0.384615 0.300000
vt 0.461538 0.300000
vt 0.538462 0.300000
vt 0.615385 0.300000
vt 0.692308 0.300000
vt 0.769231 0.300000
vt 0.846154 0.300000
vt 1.000000 0.200000
vt 0.923077 0.300000
vt 0.076923 0.400000
vt 0.000000 0.400000
vt 0.153846 0.400000
vt 0.230769 0.400000
vt 0.307692 0.400000
vt 0.384615 0.400000
vt 0.461538 0.400000
vt 0.538462 0.400000
vt 0.615385 0.400000
vt 0.692308 0.400000
vt 0.769231 0.400000
vt 0.846154 0.400000
vt 1.000000 0.300000
vt 0.923077 0.400000
vt 1.000000 0.400000
vt 0.076923 0.600000
vt 0.000000 0.600000
vt 0.153846 0.600000
vt 0.230769 0.600000
vt 0.307692 0.600000
vt 0.384615 0.600000
vt 0.461538 0.600000
vt 0.538462 0.600000
vt 0.615385 0.600000
vt 0.692308 0.600000
vt 0.769231 0.600000
vt 0.846154 0.600000
vt 0.923077 0.600000
vt 0.076923 0.700000
vt 0.000000 0.700000
vt 0.153846 0.700000
vt 0.230769 0.700000
vt 0.307692 0.700000
vt 0.384615 0.700000
vt 0.461538 0.700000
vt 0.538462 0.700000
vt 0.615385 0.700000
vt 0.692308 0.700000
vt 0.769231 0.700000
vt 0.846154 0.700000
vt 1.000000 0.600000
vt 0.923077 0.700000
vt 0.076923 0.800000
vt 0.000000 0.800000
vt 0.153846 0.800000
vt 0.230769 0.800000
vt 0.307692 0.800000
vt 0.384615 0.800000
vt 0.461538 0.800000
vt 0.538462 0.800000
vt 0.615385 0.800000
vt 0.692308 0.800000
vt 0.769231 0.800000
vt 0.846154 0.800000
vt 1.000000 0.700000
vt 0.923077 0.800000
vt 0.076923 0.900000
vt 0.000000 0.900000
vt 0.153846 0.900000
vt 0.230769 0.900000
vt 0.307692 0.900000
vt 0.384615 0.900000
vt 0.461538 0.900000
vt 0.538462 0.900000
vt 0.615385 0.900000
vt 0.692308 0.900000
vt 0.769231 0.900000
vt 0.846154 0.900000
vt 1.000000 0.800000
vt 0.923077 0.900000
vt 1.000000 0.900000
vt 0.076923 0.090909
vt 0.000000 0.090909
vt 0.153846 0.090909
vt 0.230769 0.090909
vt 0.307692 0.090909
vt 0.384615 0.090909
vt 0.461538 0.090909
vt 0.538462 0.090909
vt 0.615385 0.090909
vt 0.692308 0.090909
vt 0.769231 0.090909
vt 0.846154 0.090909
vt 0.923077 0.090909
vt 0.076923 0.181818
vt 0.000000 0.181818
vt 0.153846 0.181818
vt 0.230769 0.181818
vt 0.307692 0.181818
vt 0.384615 0.181818
vt 0.461538 0.181818
vt 0.538462 0.181818
vt 0.615385 0.181818
vt 0.692308 0.181818
vt 0.769231 0.181818
vt 0.846154 0.181818
vt 1.000000 0.090909
vt 0.923077 0.181818
vt 0.076923 0.272727
vt 0.000000 0.272727
vt 0.153846 0.272727
vt 0.230769 0.272727
vt 0.307692 0.272727
vt 0.384615 0.272727
vt 0.461538 0.272727
vt 0.538462 0.272727
vt 0.615385 0.272727
vt 0.692308 0.272727
vt 0.769231 0.272727
vt 0.846154 0.272727
vt 1.000000 0.181818
vt 0.923077 0.272727
vt 0.076923 0.363636
vt 0.000000 0.363636
vt 0.153846 0.363636
vt 0.230769 0.363636
vt 0.307692 0.363636
vt 0.384615 0.363636
vt 0.461538 0.363636
vt 0.538462 0.363636
vt 0.615385 0.363636
vt 0.692308 0.363636
vt 0.769231 0.363636
vt 0.846154 0.363636
vt 1.000000 0.272727
vt 0.923077 0.363636
vt 0.076923 0.454545
vt 0.000000 0.454545
vt 0.153846 0.454545
vt 0.230769 0.454545
vt 0.307692 0.454545
vt 0.384615 0.454545
vt 0.461538 0.454545
vt 0.538462 0.454545
vt 0.615385 0.454545
vt 0.692308 0.454545
vt 0.769231 0.454545
vt 0.846154 0.454545
vt 1.000000 0.363636
vt 0.923077 0.454545
vt 0.076923 0.545455
vt 0.000000 0.545455
vt 0.153846 0.545455
vt 0.230769 0.545455
vt 0.307692 0.545455
vt 0.384615 0.545455
vt 0.461538 0.545455
vt 0.538462 0.545455
vt 0.615385 0.545455
vt 0.692308 0.545455
vt 0.769231 0.545455
vt 0.846154 0.545455
vt 1.000000 0.454545
vt 0.923077 0.545455
vt 0.076923 0.636364
vt 0.000000 0.636364
vt 0.153846 0.636364
vt 0.230769 0.636364
vt 0.307692 0.636364
vt 0.384615 0.636364
vt 0.461538 0.636364
vt 0.538462 0.636364
vt 0.615385 0.636364
vt 0.692308 0.636364
vt 0.769231 0.636364
vt 0.846154 0.636364
vt 1.000000 0.545455
vt 0.923077 0.636364
vt 0.076923 0.727273
vt 0.000000 0.727273
vt 0.153846 0.727273
vt 0.230769 0.727273
vt 0.307692 0.727273
vt 0.384615 0.727273
vt 0.461538 0.727273
vt 0.538462 0.727273
vt 0.615385 0.727273
vt 0.692308 0.727273
vt 0.769231 0.727273
vt 0.846154 0.727273
vt 1.000000 0.636364
vt 0.923077 0.727273
vt 0.076923 0.818182
vt 0.000000 0.818182
vt 0.153846 0.818182
vt 0.230769 0.818182
vt 0.307692 0.818182
vt 0.384615 0.818182
vt 0.461538 0.818182
vt 0.538462 0.818182
vt 0.615385 0.818182
vt 0.692308 0.818182
vt 0.769231 0.818182
vt 0.846154 0.818182
vt 1.000000 0.727273
vt 0.923077 0.818182
vt 0.076923 0.909091
vt 0.000000 0.909091
vt 0.153846 0.909091
vt 0.230769 0.909091
vt 0.307692 0.909091
vt 0.384615 0.909091
vt 0.461538 0.909091
vt 0.538462 0.909091
vt 0.615385 0.909091
vt 0.692308 0.909091
vt 0.769231 0.909091
vt 0.846154 0.909091
vt 1.000000 0.818182
vt 0.923077 0.909091
vt 1.000000 0.909091
vt 1.000000 0.932017
vt 0.970041 1.000000
vt 0.954616 0.931031
vt 0.029959 1.000000
vt 0.000000 0.932017
vt 0.045384 0.931031
vt 0.850558 0.500000
vt 0.996521 0.488153
vt 0.973843 0.589083
vt 0.121610 1.000000
vt 0.090909 0.929896
vt 0.136183 0.926354
vt 0.794908 0.689526
vt 0.923316 0.761163
vt 0.848721 0.832627
vt 0.061831 1.000000
vt 0.045391 0.931031
vt 0.212841 1.000000
vt 0.181818 0.923472
vt 0.226955 0.916981
vt 0.645627 0.818879
vt 0.713169 0.950084
vt 0.612544 0.968499
vt 0.153468 1.000000
vt 0.136162 0.926356
vt 0.303516 1.000000
vt 0.272727 0.912931
vt 0.317684 0.903825
vt 0.450110 0.846990
vt 0.434886 0.994042
vt 0.342048 0.955273
vt 0.244749 1.000000
vt 0.227034 0.916971
vt 0.393737 1.000000
vt 0.363636 0.900106
vt 0.408468 0.890678
vt 0.270433 0.764934
vt 0.178408 0.880541
vt 0.122137 0.799400
vt 0.335599 1.000000
vt 0.318102 0.903756
vt 0.483785 1.000000
vt 0.454545 0.890377
vt 0.499457 0.884752
vt 0.163642 0.598764
vt 0.024565 0.647576
vt 0.020254 0.550251
vt 0.426052 1.000000
vt 0.409337 0.890564
vt 0.573947 1.000000
vt 0.545455 0.890377
vt 0.590663 0.890564
vt 0.163642 0.401236
vt 0.020254 0.369510
vt 0.067993 0.284850
vt 0.516215 1.000000
vt 0.500543 0.884752
vt 0.664402 1.000000
vt 0.636364 0.900106
vt 0.681898 0.903756
vt 0.270433 0.235066
vt 0.165528 0.133082
vt 0.251609 0.086029
vt 0.606263 1.000000
vt 0.591532 0.890678
vt 0.755251 1.000000
vt 0.727273 0.912931
vt 0.772966 0.916971
vt 0.450110 0.153010
vt 0.415141 0.011347
vt 0.514666 0.017429
vt 0.696484 1.000000
vt 0.682316 0.903825
vt 0.846532 1.000000
vt 0.818182 0.923472
vt 0.863838 0.926356
vt 0.645627 0.181121
vt 0.692160 0.042949
vt 0.774107 0.102719
vt 0.787159 1.000000
vt 0.773045 0.916981
vt 0.938169 1.000000
vt 0.909091 0.929896
vt 0.954609 0.931031
vt 0.794908 0.310474
vt 0.909532 0.220066
vt 0.946015 0.316143
vt 0.878390 1.000000
vt 0.863817 0.926354
vt 0.963396 0.000000
vt 1.000000 0.167315
vt 0.962090 0.166667
vt 0.000000 0.167315
vt 0.036604 0.000000
vt 0.037910 0.166667
vt 0.127672 0.000000
vt 0.090909 0.167362
vt 0.090909 0.001384
vt 0.054434 0.000000
vt 0.218705 0.000000
vt 0.181818 0.167305
vt 0.181818 0.001276
vt 0.145426 0.000000
vt 0.309626 0.000000
vt 0.272727 0.167220
vt 0.272727 0.001120
vt 0.236400 0.000000
vt 0.400406 0.000000
vt 0.363636 0.167145
vt 0.363636 0.000987
vt 0.327347 0.000000
vt 0.491091 0.000000
vt 0.454545 0.167116
vt 0.454545 0.000944
vt 0.418194 0.000000
vt 0.581806 0.000000
vt 0.545455 0.167116
vt 0.545455 0.000944
vt 0.508909 0.000000
vt 0.672653 0.000000
vt 0.636364 0.167145
vt 0.636364 0.000987
vt 0.599594 0.000000
vt 0.763600 0.000000
vt 0.727273 0.167220
vt 0.727273 0.001120
vt 0.690374 0.000000
vt 0.854574 0.000000
vt 0.818182 0.167305
vt 0.818182 0.001276
vt 0.781295 0.000000
vt 0.945566 0.000000
vt 0.909091 0.167362
vt 0.909091 0.001384
vt 0.872328 0.000000
vt 1.000000 0.333992
vt 0.960681 0.333333
vt 0.000000 0.333992
vt 0.039319 0.333333
vt 0.128942 0.166667
vt 0.090909 0.334036
vt 0.053082 0.166667
vt 0.219946 0.166667
vt 0.181818 0.333973
vt 0.144027 0.166667
vt 0.310857 0.166667
vt 0.272727 0.333880
vt 0.234961 0.166667
vt 0.401664 0.166667
vt 0.363636 0.333795
vt 0.325898 0.166667
vt 0.492420 0.166667
vt 0.454545 0.333758
vt 0.416784 0.166667
vt 0.583216 0.166667
vt 0.545455 0.333758
vt 0.507580 0.166667
vt 0.674102 0.166667
vt 0.636364 0.333795
vt 0.598336 0.166667
vt 0.765039 0.166667
vt 0.727273 0.333880
vt 0.689143 0.166667
vt 0.855973 0.166667
vt 0.818182 0.333973
vt 0.780054 0.166667
vt 0.946918 0.166667
vt 0.909091 0.334036
vt 0.871058 0.166667
vt 1.000000 0.500670
vt 0.959160 0.500000
vt 0.000000 0.500670
vt 0.040840 0.500000
vt 0.130316 0.333333
vt 0.090909 0.500710
vt 0.051632 0.333333
vt 0.221295 0.333333
vt 0.181818 0.500641
vt 0.142532 0.333333
vt 0.312198 0.333333
vt 0.272727 0.500540
vt 0.233430 0.333333
vt 0.403029 0.333333
vt 0.363636 0.500446
vt 0.324358 0.333333
vt 0.493849 0.333333
vt 0.454545 0.500401
vt 0.415282 0.333333
vt 0.584718 0.333333
vt 0.545455 0.500401
vt 0.506151 0.333333
vt 0.675642 0.333333
vt 0.636364 0.500446
vt 0.596971 0.333333
vt 0.766570 0.333333
vt 0.727273 0.500540
vt 0.687802 0.333333
vt 0.857468 0.333333
vt 0.818182 0.500641
vt 0.778705 0.333333
vt 0.948368 0.333333
vt 0.909091 0.500710
vt 0.869684 0.333333
vt 1.000000 0.667349
vt 0.957515 0.666667
vt 0.000000 0.667349
vt 0.042485 0.666667
vt 0.131802 0.500000
vt 0.090909 0.667384
vt 0.050069 0.500000
vt 0.222757 0.500000
vt 0.181818 0.667310
vt 0.140925 0.500000
vt 0.313651 0.500000
vt 0.272727 0.667201
vt 0.231787 0.500000
vt 0.404507 0.500000
vt 0.363636 0.667097
vt 0.322707 0.500000
vt 0.495391 0.500000
vt 0.454545 0.667045
vt 0.413668 0.500000
vt 0.586332 0.500000
vt 0.545455 0.667045
vt 0.504609 0.500000
vt 0.677293 0.500000
vt 0.636364 0.667097
vt 0.595493 0.500000
vt 0.768213 0.500000
vt 0.727273 0.667201
vt 0.686349 0.500000
vt 0.859075 0.500000
vt 0.818182 0.667310
vt 0.777243 0.500000
vt 0.949931 0.500000
vt 0.909091 0.667384
vt 0.868198 0.500000
vt 1.000000 0.833817
vt 0.955733 0.833333
vt 0.000000 0.833817
vt 0.044267 0.833333
vt 0.133410 0.666667
vt 0.090909 0.833862
vt 0.048379 0.666667
vt 0.224337 0.666667
vt 0.181818 0.833782
vt 0.139186 0.666667
vt 0.315223 0.666667
vt 0.272727 0.833670
vt 0.230009 0.666667
vt 0.406106 0.666667
vt 0.363636 0.833567
vt 0.320922 0.666667
vt 0.497058 0.666667
vt 0.454545 0.833511
vt 0.411924 0.666667
vt 0.588076 0.666667
vt 0.545455 0.833511
vt 0.502942 0.666667
vt 0.679078 0.666667
vt 0.636364 0.833567
vt 0.593894 0.666667
vt 0.769991 0.666667
vt 0.727273 0.833670
vt 0.684776 0.666667
vt 0.860814 0.666667
vt 0.818182 0.833782
vt 0.775663 0.666667
vt 0.951621 0.666667
vt 0.909091 0.833862
vt 0.866590 0.666667
vt 0.135148 0.833333
vt 0.046543 0.833333
vt 0.946015 0.683857
vt 0.226044 0.833333
vt 0.137292 0.833333
vt 0.774107 0.897281
vt 0.316922 0.833333
vt 0.228072 0.833333
vt 0.514666 0.982571
vt 0.407837 0.833333
vt 0.318977 0.833333
vt 0.251608 0.913971
vt 0.498867 0.833333
vt 0.410026 0.833333
vt 0.067993 0.715150
vt 0.589974 0.833333
vt 0.501134 0.833333
vt 0.020254 0.449749
vt 0.681023 0.833333
vt 0.592163 0.833333
vt 0.122137 0.200600
vt 0.771928 0.833333
vt 0.683078 0.833333
vt 0.342048 0.044727
vt 0.862708 0.833333
vt 0.773956 0.833333
vt 0.612543 0.031501
vt 0.953457 0.833333
vt 0.864852 0.833333
vt 0.848721 0.167373
vt 0.973843 0.410917
vt 1.000000 1.000000
vt 1.000000 0.971130
vt 0.003984 1.000000
vt 0.093285 0.985257
vt 0.184365 0.984229
vt 0.275170 0.982531
vt 0.365745 0.980485
vt 0.456221 0.978941
vt 0.546740 0.978894
vt 0.637396 0.980354
vt 0.728253 0.982358
vt 0.819342 0.984071
vt 0.910626 0.985165
vt 1.000000 0.001421
vt 0.000000 0.001421
s 0
usemtl bone
f 1/1/1 15/2/1 14/3/1
f 2/4/2 16/5/2 15/2/2
f 3/6/3 17/7/3 16/5/3
f 4/8/4 18/9/4 17/7/4
f 5/10/5 19/11/5 18/9/5
f 6/12/6 20/13/6 19/11/6
f 8/14/7 20/13/7 7/15/7
f 9/16/8 21/17/8 8/14/8
f 10/18/9 22/19/9 9/16/9
f 11/20/10 23/21/10 10/18/10
f 12/22/11 24/23/11 11/20/11
f 13/24/12 25/25/12 12/22/12
f 1/26/13 26/27/13 13/24/13
f 14/3/14 28/28/14 27/29/14
f 15/2/15 29/30/15 28/28/15
f 16/5/16 30/31/16 29/30/16
f 17/7/17 31/32/17 30/31/17
f 18/9/18 32/33/18 31/32/18
f 19/11/19 33/34/19 32/33/19
f 21/17/20 33/34/20 20/13/20
f 22/19/21 34/35/21 21/17/21
f 23/21/22 35/36/22 22/19/22
f 24/23/23 36/37/23 23/21/23
f 25/25/24 37/38/24 24/23/24
f 26/27/25 38/39/25 25/25/25
f 14/40/26 39/41/26 26/27/26
f 27/29/27 41/42/27 40/43/27
f 28/28/28 42/44/28 41/42/28
f 29/30/29 43/45/29 42/44/29
f 30/31/30 44/46/30 43/45/30
f 31/32/31 45/47/31 44/46/31
f 32/33/32 46/48/32 45/47/32
f 34/35/33 46/48/33 33/34/33
f 35/36/34 47/49/34 34/35/34
f 36/37/35 48/50/35 35/36/35
f 37/38/36 49/51/36 36/37/36
f 38/39/37 50/52/37 37/38/37
f 39/41/38 51/53/38 38/39/38
f 27/54/39 52/55/39 39/41/39
f 40/43/40 54/56/40 53/57/40
f 41/42/41 55/58/41 54/56/41
f 42/44/42 56/59/42 55/58/42
f 43/45/43 57/60/43 56/59/43
f 44/46/44 58/61/44 57/60/44
f 45/47/45 59/62/45 58/61/45
f 47/49/46 59/62/46 46/48/46
f 48/50/47 60/63/47 47/49/47
f 49/51/48 61/64/48 48/50/48
f 50/52/49 62/65/49 49/51/49
f 51/53/50 63/66/50 50/52/50
f 52/55/51 64/67/51 51/53/51
f 40/68/52 65/69/52 52/55/52
f 53/57/53 67/70/53 66/71/53
f 54/56/54 68/72/54 67/70/54
f 55/58/55 69/73/55 68/72/55
f 56/59/56 70/74/56 69/73/56
f 57/60/57 71/75/57 70/74/57
f 58/61/58 72/76/58 71/75/58
f 60/63/59 72/76/59 59/62/59
f 61/64/60 73/77/60 60/63/60
f 62/65/61 74/78/61 61/64/61
f 63/66/62 75/79/62 62/65/62
f 64/67/63 76/80/63 63/66/63
f 65/69/64 77/81/64 64/67/64
f 53/82/65 78/83/65 65/69/65
f 66/71/66 80/84/66 79/85/66
f 67/70/67 81/86/67 80/84/67
f 68/72/68 82/87/68 81/86/68
f 69/73/69 83/88/69 82/87/69
f 70/74/70 84/89/70 83/88/70
f 71/75/71 85/90/71 84/89/71
f 73/77/72 85/90/72 72/76/72
f 74/78/73 86/91/73 73/77/73
f 75/79/74 87/92/74 74/78/74
f 76/80/75 88/93/75 75/79/75
f 77/81/76 89/94/76 76/80/76
f 78/83/77 90/95/77 77/81/77
f 66/96/78 91/97/78 78/83/78
f 79/85/79 93/98/79 92/99/79
f 80/84/80 94/100/80 93/98/80
f 81/86/81 95/101/81 94/100/81
f 82/87/82 96/102/82 95/101/82
f 83/88/83 97/103/83 96/102/83
f 84/89/84 98/104/84 97/103/84
f 86/91/85 98/104/85 85/90/85
f 87/92/86 99/105/86 86/91/86
f 88/93/87 100/106/87 87/92/87
f 89/94/88 101/107/88 88/93/88
f 90/95/89 102/108/89 89/94/89
f 91/97/90 103/109/90 90/95/90
f 79/110/91 104/111/91 91/97/91
f 92/99/92 106/112/92 105/113/92
f 93/98/93 107/114/93 106/112/93
f 94/100/94 108/115/94 107/114/94
f 95/101/95 109/116/95 108/115/95
f 96/102/96 110/117/96 109/116/96
f 97/103/97 111/118/97 110/117/97
f 99/105/98 111/118/98 98/104/98
f 100/106/99 112/119/99 99/105/99
f 101/107/100 113/120/100 100/106/100
f 102/108/101 114/121/101 101/107/101
f 103/109/102 115/122/102 102/108/102
f 104/111/103 116/123/103 103/109/103
f 92/124/104 117/125/104 104/111/104
f 170/1/144 184/153/144 183/154/144
f 171/4/145 185/155/145 184/153/145
f 172/6/146 186/156/146 185/155/146
f 173/8/147 187/157/147 186/156/147
f 174/10/148 188/158/148 187/157/148
f 175/12/149 189/159/149 188/158/149
f 177/14/150 189/159/150 176/15/150
f 178/16/151 190/160/151 177/14/151
f 179/18/152 191/161/152 178/16/152
f 180/20/153 192/162/153 179/18/153
f 181/22/154 193/163/154 180/20/154
f 182/24/155 194/164/155 181/22/155
f 170/26/156 195/165/156 182/24/156
f 183/154/157 197/166/157 196/167/157
f 184/153/158 198/168/158 197/166/158
f 185/155/159 199/169/159 198/168/159
f 186/156/160 200/170/160 199/169/160
f 187/157/161 201/171/161 200/170/161
f 188/158/162 202/172/162 201/171/162
f 190/160/163 202/172/163 189/159/163
f 191/161/164 203/173/164 190/160/164
f 192/162/165 204/174/165 191/161/165
f 193/163/166 205/175/166 192/162/166
f 194/164/167 206/176/167 193/163/167
f 195/165/168 207/177/168 194/164/168
f 183/178/169 208/179/169 195/165/169
f 196/167/170 210/126/170 209/127/170
f 197/166/171 211/128/171 210/126/171
f 198/168/172 212/130/172 211/128/172
f 199/169/173 213/129/173 212/130/173
f 200/170/174 214/132/174 213/129/174
f 201/171/175 215/131/175 214/132/175
f 203/173/176 215/131/176 202/172/176
f 204/174/177 216/134/177 203/173/177
f 205/175/178 217/133/178 204/174/178
f 206/176/179 218/135/179 205/175/179
f 207/177/180 219/136/180 206/176/180
f 208/179/181 220/137/181 207/177/181
f 196/180/182 221/138/182 208/179/182
f 209/127/183 223/181/183 222/182/183
f 210/126/184 224/183/184 223/181/184
f 211/128/185 225/184/185 224/183/185
f 212/130/186 226/185/186 225/184/186
f 213/129/187 227/186/187 226/185/187
f 214/132/188 228/187/188 227/186/188
f 216/134/189 228/187/189 215/131/189
f 217/133/190 229/188/190 216/134/190
f 218/135/191 230/189/191 217/133/191
f 219/136/192 231/190/192 218/135/192
f 220/137/193 232/191/193 219/136/193
f 221/138/194 233/192/194 220/137/194
f 209/193/195 234/194/195 221/138/195
f 222/182/196 236/195/196 235/196/196
f 223/181/197 237/197/197 236/195/197
f 224/183/198 238/198/198 237/197/198
f 225/184/199 239/199/199 238/198/199
f 226/185/200 240/200/200 239/199/200
f 227/186/201 241/201/201 240/200/201
f 229/188/202 241/201/202 228/187/202
f 230/189/203 242/202/203 229/188/203
f 231/190/204 243/203/204 230/189/204
f 232/191/205 244/204/205 231/190/205
f 233/192/206 245/205/206 232/191/206
f 234/194/207 246/206/207 233/192/207
f 222/207/208 247/208/208 234/194/208
f 235/196/209 249/140/209 248/139/209
f 236/195/210 250/141/210 249/140/210
f 237/197/211 251/143/211 250/141/211
f 238/198/212 252/142/212 251/143/212
f 239/199/213 253/145/213 252/142/213
f 240/200/214 254/144/214 253/145/214
f 242/202/215 254/144/215 241/201/215
f 243/203/216 255/146/216 242/202/216
f 244/204/217 256/148/217 243/203/217
f 245/205/218 257/147/218 244/204/218
f 246/206/219 258/150/219 245/205/219
f 247/208/220 259/149/220 246/206/220
f 235/209/221 260/152/221 247/208/221
f 248/139/222 262/210/222 261/211/222
f 249/140/223 263/212/223 262/210/223
f 250/141/224 264/213/224 263/212/224
f 251/143/225 265/214/225 264/213/225
f 252/142/226 266/215/226 265/214/226
f 253/145/227 267/216/227 266/215/227
f 255/146/228 267/216/228 254/144/228
f 256/148/229 268/217/229 255/146/229
f 257/147/230 269/218/230 256/148/230
f 258/150/231 270/219/231 257/147/231
f 259/149/232 271/220/232 258/150/232
f 260/152/233 272/221/233 259/149/233
f 248/151/234 273/222/234 260/152/234
f 261/211/235 275/223/235 274/224/235
f 262/210/236 276/225/236 275/223/236
f 263/212/237 277/226/237 276/225/237
f 264/213/238 278/227/238 277/226/238
f 265/214/239 279/228/239 278/227/239
f 266/215/240 280/229/240 279/228/240
f 268/217/241 280/229/241 267/216/241
f 269/218/242 281/230/242 268/217/242
f 270/219/243 282/231/243 269/218/243
f 271/220/244 283/232/244 270/219/244
f 272/221/245 284/233/245 271/220/245
f 273/222/246 285/234/246 272/221/246
f 261/235/247 286/236/247 273/222/247
f 274/224/248 288/112/248 287/113/248
f 275/223/249 289/114/249 288/112/249
f 276/225/250 290/115/250 289/114/250
f 277/226/251 291/116/251 290/115/251
f 278/227/252 292/117/252 291/116/252
f 279/228/253 293/118/253 292/117/253
f 281/230/254 293/118/254 280/229/254
f 282/231/255 294/119/255 281/230/255
f 283/232/256 295/120/256 282/231/256
f 284/233/257 296/121/257 283/232/257
f 285/234/258 297/122/258 284/233/258
f 286/236/259 298/123/259 285/234/259
f 274/237/260 299/125/260 286/236/260
f 300/1/261 314/238/261 313/239/261
f 301/4/262 315/240/262 314/238/262
f 302/6/263 316/241/263 315/240/263
f 303/8/264 317/242/264 316/241/264
f 304/10/265 318/243/265 317/242/265
f 305/12/266 319/244/266 318/243/266
f 307/14/267 319/244/267 306/15/267
f 308/16/268 320/245/268 307/14/268
f 309/18/269 321/246/269 308/16/269
f 310/20/270 322/247/270 309/18/270
f 311/22/271 323/248/271 310/20/271
f 312/24/272 324/249/272 311/22/272
f 300/26/273 325/250/273 312/24/273
f 313/239/274 327/251/274 326/252/274
f 314/238/275 328/253/275 327/251/275
f 315/240/276 329/254/276 328/253/276
f 316/241/277 330/255/277 329/254/277
f 317/242/278 331/256/278 330/255/278
f 318/243/279 332/257/279 331/256/279
f 320/245/280 332/257/280 319/244/280
f 321/246/281 333/258/281 320/245/281
f 322/247/282 334/259/282 321/246/282
f 323/248/283 335/260/283 322/247/283
f 324/249/284 336/261/284 323/248/284
f 325/250/285 337/262/285 324/249/285
f 313/263/286 338/264/286 325/250/286
f 326/252/287 340/265/287 339/266/287
f 327/251/288 341/267/288 340/265/288
f 328/253/289 342/268/289 341/267/289
f 329/254/290 343/269/290 342/268/290
f 330/255/291 344/270/291 343/269/291
f 331/256/292 345/271/292 344/270/292
f 333/258/293 345/271/293 332/257/293
f 334/259/294 346/272/294 333/258/294
f 335/260/295 347/273/295 334/259/295
f 336/261/296 348/274/296 335/260/296
f 337/262/297 349/275/297 336/261/297
f 338/264/298 350/276/298 337/262/298
f 326/277/299 351/278/299 338/264/299
f 339/266/300 353/279/300 352/280/300
f 340/265/301 354/281/301 353/279/301
f 341/267/302 355/282/302 354/281/302
f 342/268/303 356/283/303 355/282/303
f 343/269/304 357/284/304 356/283/304
f 344/270/305 358/285/305 357/284/305
f 346/272/306 358/285/306 345/271/306
f 347/273/307 359/286/307 346/272/307
f 348/274/308 360/287/308 347/273/308
f 349/275/309 361/288/309 348/274/309
f 350/276/310 362/289/310 349/275/310
f 351/278/311 363/290/311 350/276/311
f 339/291/312 364/292/312 351/278/312
f 352/280/313 366/56/313 365/57/313
f 353/279/314 367/58/314 366/56/314
f 354/281/315 368/59/315 367/58/315
f 355/282/316 369/60/316 368/59/316
f 356/283/317 370/61/317 369/60/317
f 357/284/318 371/62/318 370/61/318
f 359/286/319 371/62/319 358/285/319
f 360/287/320 372/63/320 359/286/320
f 361/288/321 373/64/321 360/287/321
f 362/289/322 374/65/322 361/288/322
f 363/290/323 375/66/323 362/289/323
f 364/292/324 376/67/324 363/290/324
f 352/293/325 377/69/325 364/292/325
f 365/57/326 379/294/326 378/295/326
f 366/56/327 380/296/327 379/294/327
f 367/58/328 381/297/328 380/296/328
f 368/59/329 382/298/329 381/297/329
f 369/60/330 383/299/330 382/298/330
f 370/61/331 384/300/331 383/299/331
f 372/63/332 384/300/332 371/62/332
f 373/64/333 385/301/333 372/63/333
f 374/65/334 386/302/334 373/64/334
f 375/66/335 387/303/335 374/65/335
f 376/67/336 388/304/336 375/66/336
f 377/69/337 389/305/337 376/67/337
f 365/82/338 390/306/338 377/69/338
f 378/295/339 392/307/339 391/308/339
f 379/294/340 393/309/340 392/307/340
f 380/296/341 394/310/341 393/309/341
f 381/297/342 395/311/342 394/310/342
f 382/298/343 396/312/343 395/311/343
f 383/299/344 397/313/344 396/312/344
f 385/301/345 397/313/345 384/300/345
f 386/302/346 398/314/346 385/301/346
f 387/303/347 399/315/347 386/302/347
f 388/304/348 400/316/348 387/303/348
f 389/305/349 401/317/349 388/304/349
f 390/306/350 402/318/350 389/305/350
f 378/319/351 403/320/351 390/306/351
f 391/308/352 405/321/352 404/322/352
f 392/307/353 406/323/353 405/321/353
f 393/309/354 407/324/354 406/323/354
f 394/310/355 408/325/355 407/324/355
f 395/311/356 409/326/356 408/325/356
f 396/312/357 410/327/357 409/326/357
f 398/314/358 410/327/358 397/313/358
f 399/315/359 411/328/359 398/314/359
f 400/316/360 412/329/360 399/315/360
f 401/317/361 413/330/361 400/316/361
f 402/318/362 414/331/362 401/317/362
f 403/320/363 415/332/363 402/318/363
f 391/333/364 416/334/364 403/320/364
f 404/322/365 418/335/365 417/336/365
f 405/321/366 419/337/366 418/335/366
f 406/323/367 420/338/367 419/337/367
f 407/324/368 421/339/368 420/338/368
f 408/325/369 422/340/369 421/339/369
f 409/326/370 423/341/370 422/340/370
f 411/328/371 423/341/371 410/327/371
f 412/329/372 424/342/372 411/328/372
f 413/330/373 425/343/373 412/329/373
f 414/331/374 426/344/374 413/330/374
f 415/332/375 427/345/375 414/331/375
f 416/334/376 428/346/376 415/332/376
f 404/347/377 429/348/377 416/334/377
f 417/336/378 431/112/378 430/113/378
f 418/335/379 432/114/379 431/112/379
f 419/337/380 433/115/380 432/114/380
f 420/338/381 434/116/381 433/115/381
f 421/339/382 435/117/382 434/116/382
f 422/340/383 436/118/383 435/117/383
f 424/342/384 436/118/384 423/341/384
f 425/343/385 437/119/385 424/342/385
f 426/344/386 438/120/386 425/343/386
f 427/345/387 439/121/387 426/344/387
f 428/346/388 440/122/388 427/345/388
f 429/348/389 441/123/389 428/346/389
f 417/349/390 442/125/390 429/348/390
f 495/1/430 509/350/430 508/351/430
f 496/4/431 510/352/431 509/350/431
f 497/6/432 511/353/432 510/352/432
f 498/8/433 512/354/433 511/353/433
f 499/10/434 513/355/434 512/354/434
f 500/12/435 514/356/435 513/355/435
f 502/14/436 514/356/436 501/15/436
f 503/16/437 515/357/437 502/14/437
f 504/18/438 516/358/438 503/16/438
f 505/20/439 517/359/439 504/18/439
f 506/22/440 518/360/440 505/20/440
f 507/24/441 519/361/441 506/22/441
f 495/26/442 520/362/442 507/24/442
f 508/351/443 522/363/443 521/364/443
f 509/350/444 523/365/444 522/363/444
f 510/352/445 524/366/445 523/365/445
f 511/353/446 525/367/446 524/366/446
f 512/354/447 526/368/447 525/367/447
f 513/355/448 527/369/448 526/368/448
f 514/356/449 528/370/449 527/369/449
f 516/358/450 528/370/450 515/357/450
f 517/359/451 529/371/451 516/358/451
f 518/360/452 530/372/452 517/359/452
f 519/361/453 531/373/453 518/360/453
f 520/362/454 532/374/454 519/361/454
f 508/375/455 533/376/455 520/362/455
f 521/364/456 535/377/456 534/378/456
f 522/363/457 536/379/457 535/377/457
f 523/365/458 537/380/458 536/379/458
f 524/366/459 538/381/459 537/380/459
f 525/367/460 539/382/460 538/381/460
f 526/368/461 540/383/461 539/382/461
f 528/370/462 540/383/462 527/369/462
f 529/371/463 541/384/463 528/370/463
f 530/372/464 542/385/464 529/371/464
f 531/373/465 543/386/465 530/372/465
f 532/374/466 544/387/466 531/373/466
f 533/376/467 545/388/467 532/374/467
f 521/389/468 546/390/468 533/376/468
f 534/378/469 548/391/469 547/392/469
f 535/377/470 549/393/470 548/391/470
f 536/379/471 550/394/471 549/393/471
f 537/380/472 551/395/472 550/394/472
f 538/381/473 552/396/473 551/395/473
f 539/382/474 553/397/474 552/396/474
f 541/384/475 553/397/475 540/383/475
f 542/385/476 554/398/476 541/384/476
f 543/386/477 555/399/477 542/385/477
f 544/387/478 556/400/478 543/386/478
f 545/388/479 557/401/479 544/387/479
f 546/390/480 558/402/480 545/388/480
f 534/403/481 559/404/481 546/390/481
f 547/392/482 561/405/482 560/406/482
f 548/391/483 562/407/483 561/405/483
f 549/393/484 563/408/484 562/407/484
f 550/394/485 564/409/485 563/408/485
f 551/395/486 565/410/486 564/409/486
f 552/396/487 566/411/487 565/410/487
f 554/398/488 566/411/488 553/397/488
f 555/399/489 567/412/489 554/398/489
f 556/400/490 568/413/490 555/399/490
f 557/401/491 569/414/491 556/400/491
f 558/402/492 570/415/492 557/401/492
f 559/404/493 571/416/493 558/402/493
f 547/417/494 572/418/494 559/404/494
f 560/406/495 574/419/495 573/420/495
f 561/405/496 575/421/496 574/419/496
f 562/407/497 576/422/497 575/421/497
f 563/408/498 577/423/498 576/422/498
f 564/409/499 578/424/499 577/423/499
f 565/410/500 579/425/500 578/424/500
f 567/412/501 579/425/501 566/411/501
f 568/413/502 580/426/502 567/412/502
f 569/414/503 581/427/503 568/413/503
f 570/415/504 582/428/504 569/414/504
f 571/416/505 583/429/505 570/415/505
f 572/418/506 584/430/506 571/416/506
f 560/431/507 585/432/507 572/418/507
f 573/420/508 587/433/508 586/434/508
f 574/419/509 588/435/509 587/433/509
f 575/421/510 589/436/510 588/435/510
f 576/422/511 590/437/511 589/436/511
f 577/423/512 591/438/512 590/437/512
f 578/424/513 592/439/513 591/438/513
f 580/426/514 592/439/514 579/425/514
f 581/427/515 593/440/515 580/426/515
f 582/428/516 594/441/516 581/427/516
f 583/429/517 595/442/517 582/428/517
f 584/430/518 596/443/518 583/429/518
f 585/432/519 597/444/519 584/430/519
f 573/445/520 598/446/520 585/432/520
f 586/434/521 600/447/521 599/448/521
f 587/433/522 601/449/522 600/447/522
f 588/435/523 602/450/523 601/449/523
f 589/436/524 603/451/524 602/450/524
f 590/437/525 604/452/525 603/451/525
f 591/438/526 605/453/526 604/452/526
f 593/440/527 605/453/527 592/439/527
f 594/441/528 606/454/528 593/440/528
f 595/442/529 607/455/529 594/441/529
f 596/443/530 608/456/530 595/442/530
f 597/444/531 609/457/531 596/443/531
f 598/446/532 610/458/532 597/444/532
f 586/459/533 611/460/533 598/446/533
f 599/448/534 613/461/534 612/462/534
f 600/447/535 614/463/535 613/461/535
f 601/449/536 615/464/536 614/463/536
f 602/450/537 616/465/537 615/464/537
f 603/451/538 617/466/538 616/465/538
f 604/452/539 618/467/539 617/466/539
f 606/454/540 618/467/540 605/453/540
f 607/455/541 619/468/541 606/454/541
f 608/456/542 620/469/542 607/455/542
f 609/457/543 621/470/543 608/456/543
f 610/458/544 622/471/544 609/457/544
f 611/460/545 623/472/545 610/458/545
f 599/473/546 624/474/546 611/460/546
f 612/462/547 626/475/547 625/476/547
f 613/461/548 627/477/548 626/475/548
f 614/463/549 628/478/549 627/477/549
f 615/464/550 629/479/550 628/478/550
f 616/465/551 630/480/551 629/479/551
f 617/466/552 631/481/552 630/480/552
f 619/468/553 631/481/553 618/467/553
f 620/469/554 632/482/554 619/468/554
f 621/470/555 633/483/555 620/469/555
f 622/471/556 634/484/556 621/470/556
f 623/472/557 635/485/557 622/471/557
f 624/474/558 636/486/558 623/472/558
f 612/487/559 637/488/559 624/474/559
f 625/476/560 639/112/560 638/113/560
f 626/475/561 640/114/561 639/112/561
f 627/477/562 641/115/562 640/114/562
f 628/478/563 642/116/563 641/115/563
f 629/479/564 643/117/564 642/116/564
f 630/480/565 644/118/565 643/117/565
f 632/482/566 644/118/566 631/481/566
f 633/483/567 645/119/567 632/482/567
f 634/484/568 646/120/568 633/483/568
f 635/485/569 647/121/569 634/484/569
f 636/486/570 648/122/570 635/485/570
f 637/488/571 649/123/571 636/486/571
f 625/489/572 650/125/572 637/488/572
f 1/1/827 2/4/827 15/2/827
f 2/4/828 3/6/828 16/5/828
f 3/6/829 4/8/829 17/7/829
f 4/8/830 5/10/830 18/9/830
f 5/10/831 6/12/831 19/11/831
f 6/12/832 7/15/832 20/13/832
f 8/14/7 21/17/7 20/13/7
f 9/16/833 22/19/833 21/17/833
f 10/18/834 23/21/834 22/19/834
f 11/20/835 24/23/835 23/21/835
f 12/22/836 25/25/836 24/23/836
f 13/24/837 26/27/837 25/25/837
f 1/26/838 14/40/838 26/27/838
f 14/3/839 15/2/839 28/28/839
f 15/2/840 16/5/840 29/30/840
f 16/5/841 17/7/841 30/31/841
f 17/7/842 18/9/842 31/32/842
f 18/9/843 19/11/843 32/33/843
f 19/11/844 20/13/844 33/34/844
f 21/17/20 34/35/20 33/34/20
f 22/19/845 35/36/845 34/35/845
f 23/21/846 36/37/846 35/36/846
f 24/23/847 37/38/847 36/37/847
f 25/25/848 38/39/848 37/38/848
f 26/27/849 39/41/849 38/39/849
f 14/40/850 27/54/850 39/41/850
f 27/29/851 28/28/851 41/42/851
f 28/28/852 29/30/852 42/44/852
f 29/30/853 30/31/853 43/45/853
f 30/31/854 31/32/854 44/46/854
f 31/32/855 32/33/855 45/47/855
f 32/33/856 33/34/856 46/48/856
f 34/35/33 47/49/33 46/48/33
f 35/36/857 48/50/857 47/49/857
f 36/37/858 49/51/858 48/50/858
f 37/38/859 50/52/859 49/51/859
f 38/39/860 51/53/860 50/52/860
f 39/41/861 52/55/861 51/53/861
f 27/54/862 40/68/862 52/55/862
f 40/43/863 41/42/863 54/56/863
f 41/42/864 42/44/864 55/58/864
f 42/44/865 43/45/865 56/59/865
f 43/45/866 44/46/866 57/60/866
f 44/46/867 45/47/867 58/61/867
f 45/47/868 46/48/868 59/62/868
f 47/49/46 60/63/46 59/62/46
f 48/50/869 61/64/869 60/63/869
f 49/51/870 62/65/870 61/64/870
f 50/52/871 63/66/871 62/65/871
f 51/53/872 64/67/872 63/66/872
f 52/55/873 65/69/873 64/67/873
f 40/68/874 53/82/874 65/69/874
f 53/57/875 54/56/875 67/70/875
f 54/56/876 55/58/876 68/72/876
f 55/58/877 56/59/877 69/73/877
f 56/59/878 57/60/878 70/74/878
f 57/60/879 58/61/879 71/75/879
f 58/61/880 59/62/880 72/76/880
f 60/63/59 73/77/59 72/76/59
f 61/64/881 74/78/881 73/77/881
f 62/65/882 75/79/882 74/78/882
f 63/66/883 76/80/883 75/79/883
f 64/67/884 77/81/884 76/80/884
f 65/69/885 78/83/885 77/81/885
f 53/82/886 66/96/886 78/83/886
f 66/71/887 67/70/887 80/84/887
f 67/70/888 68/72/888 81/86/888
f 68/72/889 69/73/889 82/87/889
f 69/73/890 70/74/890 83/88/890
f 70/74/891 71/75/891 84/89/891
f 71/75/892 72/76/892 85/90/892
f 73/77/72 86/91/72 85/90/72
f 74/78/893 87/92/893 86/91/893
f 75/79/894 88/93/894 87/92/894
f 76/80/895 89/94/895 88/93/895
f 77/81/896 90/95/896 89/94/896
f 78/83/897 91/97/897 90/95/897
f 66/96/898 79/110/898 91/97/898
f 79/85/899 80/84/899 93/98/899
f 80/84/900 81/86/900 94/100/900
f 81/86/901 82/87/901 95/101/901
f 82/87/902 83/88/902 96/102/902
f 83/88/903 84/89/903 97/103/903
f 84/89/904 85/90/904 98/104/904
f 86/91/85 99/105/85 98/104/85
f 87/92/905 100/106/905 99/105/905
f 88/93/906 101/107/906 100/106/906
f 89/94/907 102/108/907 101/107/907
f 90/95/908 103/109/908 102/108/908
f 91/97/909 104/111/909 103/109/909
f 79/110/910 92/124/910 104/111/910
f 92/99/911 93/98/911 106/112/911
f 93/98/912 94/100/912 107/114/912
f 94/100/913 95/101/913 108/115/913
f 95/101/914 96/102/914 109/116/914
f 96/102/915 97/103/915 110/117/915
f 97/103/916 98/104/916 111/118/916
f 99/105/98 112/119/98 111/118/98
f 100/106/917 113/120/917 112/119/917
f 101/107/918 114/121/918 113/120/918
f 102/108/919 115/122/919 114/121/919
f 103/109/920 116/123/920 115/122/920
f 104/111/921 117/125/921 116/123/921
f 92/124/922 105/792/922 117/125/922
f 170/1/925 171/4/925 184/153/925
f 171/4/926 172/6/926 185/155/926
f 172/6/927 173/8/927 186/156/927
f 173/8/928 174/10/928 187/157/928
f 174/10/929 175/12/929 188/158/929
f 175/12/930 176/15/930 189/159/930
f 177/14/150 190/160/150 189/159/150
f 178/16/931 191/161/931 190/160/931
f 179/18/932 192/162/932 191/161/932
f 180/20/933 193/163/933 192/162/933
f 181/22/934 194/164/934 193/163/934
f 182/24/935 195/165/935 194/164/935
f 170/26/936 183/178/936 195/165/936
f 183/154/937 184/153/937 197/166/937
f 184/153/938 185/155/938 198/168/938
f 185/155/939 186/156/939 199/169/939
f 186/156/940 187/157/940 200/170/940
f 187/157/941 188/158/941 201/171/941
f 188/158/942 189/159/942 202/172/942
f 190/160/163 203/173/163 202/172/163
f 191/161/943 204/174/943 203/173/943
f 192/162/944 205/175/944 204/174/944
f 193/163/945 206/176/945 205/175/945
f 194/164/946 207/177/946 206/176/946
f 195/165/947 208/179/947 207/177/947
f 183/178/948 196/180/948 208/179/948
f 196/167/949 197/166/949 210/126/949
f 197/166/950 198/168/950 211/128/950
f 198/168/951 199/169/951 212/130/951
f 199/169/952 200/170/952 213/129/952
f 200/170/953 201/171/953 214/132/953
f 201/171/954 202/172/954 215/131/954
f 203/173/176 216/134/176 215/131/176
f 204/174/955 217/133/955 216/134/955
f 205/175/956 218/135/956 217/133/956
f 206/176/957 219/136/957 218/135/957
f 207/177/958 220/137/958 219/136/958
f 208/179/959 221/138/959 220/137/959
f 196/180/960 209/193/960 221/138/960
f 209/127/961 210/126/961 223/181/961
f 210/126/962 211/128/962 224/183/962
f 211/128/963 212/130/963 225/184/963
f 212/130/964 213/129/964 226/185/964
f 213/129/965 214/132/965 227/186/965
f 214/132/966 215/131/966 228/187/966
f 216/134/189 229/188/189 228/187/189
f 217/133/967 230/189/967 229/188/967
f 218/135/968 231/190/968 230/189/968
f 219/136/969 232/191/969 231/190/969
f 220/137/970 233/192/970 232/191/970
f 221/138/971 234/194/971 233/192/971
f 209/193/972 222/207/972 234/194/972
f 222/182/973 223/181/973 236/195/973
f 223/181/974 224/183/974 237/197/974
f 224/183/975 225/184/975 238/198/975
f 225/184/976 226/185/976 239/199/976
f 226/185/977 227/186/977 240/200/977
f 227/186/978 228/187/978 241/201/978
f 229/188/202 242/202/202 241/201/202
f 230/189/979 243/203/979 242/202/979
f 231/190/980 244/204/980 243/203/980
f 232/191/981 245/205/981 244/204/981
f 233/192/982 246/206/982 245/205/982
f 234/194/983 247/208/983 246/206/983
f 222/207/984 235/209/984 247/208/984
f 235/196/985 236/195/985 249/140/985
f 236/195/986 237/197/986 250/141/986
f 237/197/987 238/198/987 251/143/987
f 238/198/988 239/199/988 252/142/988
f 239/199/989 240/200/989 253/145/989
f 240/200/990 241/201/990 254/144/990
f 242/202/215 255/146/215 254/144/215
f 243/203/991 256/148/991 255/146/991
f 244/204/992 257/147/992 256/148/992
f 245/205/993 258/150/993 257/147/993
f 246/206/994 259/149/994 258/150/994
f 247/208/995 260/152/995 259/149/995
f 235/209/996 248/151/996 260/152/996
f 248/139/997 249/140/997 262/210/997
f 249/140/998 250/141/998 263/212/998
f 250/141/999 251/143/999 264/213/999
f 251/143/1000 252/142/1000 265/214/1000
f 252/142/1001 253/145/1001 266/215/1001
f 253/145/1002 254/144/1002 267/216/1002
f 255/146/228 268/217/228 267/216/228
f 256/148/1003 269/218/1003 268/217/1003
f 257/147/1004 270/219/1004 269/218/1004
f 258/150/1005 271/220/1005 270/219/1005
f 259/149/1006 272/221/1006 271/220/1006
f 260/152/1007 273/222/1007 272/221/1007
f 248/151/1008 261/235/1008 273/222/1008
f 261/211/1009 262/210/1009 275/223/1009
f 262/210/1010 263/212/1010 276/225/1010
f 263/212/1011 264/213/1011 277/226/1011
f 264/213/1012 265/214/1012 278/227/1012
f 265/214/1013 266/215/1013 279/228/1013
f 266/215/1014 267/216/1014 280/229/1014
f 268/217/241 281/230/241 280/229/241
f 269/218/1015 282/231/1015 281/230/1015
f 270/219/1016 283/232/1016 282/231/1016
f 271/220/1017 284/233/1017 283/232/1017
f 272/221/1018 285/234/1018 284/233/1018
f 273/222/1019 286/236/1019 285/234/1019
f 261/235/1020 274/237/1020 286/236/1020
f 274/224/1021 275/223/1021 288/112/1021
f 275/223/1022 276/225/1022 289/114/1022
f 276/225/1023 277/226/1023 290/115/1023
f 277/226/1024 278/227/1024 291/116/1024
f 278/227/1025 279/228/1025 292/117/1025
f 279/228/1026 280/229/1026 293/118/1026
f 281/230/254 294/119/254 293/118/254
f 282/231/1027 295/120/1027 294/119/1027
f 283/232/1028 296/121/1028 295/120/1028
f 284/233/1029 297/122/1029 296/121/1029
f 285/234/1030 298/123/1030 297/122/1030
f 286/236/1031 299/125/1031 298/123/1031
f 274/237/1032 287/792/1032 299/125/1032
f 300/1/1033 301/4/1033 314/238/1033
f 301/4/1034 302/6/1034 315/240/1034
f 302/6/1035 303/8/1035 316/241/1035
f 303/8/1036 304/10/1036 317/242/1036
f 304/10/1037 305/12/1037 318/243/1037
f 305/12/1038 306/15/1038 319/244/1038
f 307/14/267 320/245/267 319/244/267
f 308/16/1039 321/246/1039 320/245/1039
f 309/18/1040 322/247/1040 321/246/1040
f 310/20/1041 323/248/1041 322/247/1041
f 311/22/1042 324/249/1042 323/248/1042
f 312/24/1043 325/250/1043 324/249/1043
f 300/26/1044 313/263/1044 325/250/1044
f 313/239/1045 314/238/1045 327/251/1045
f 314/238/1046 315/240/1046 328/253/1046
f 315/240/1047 316/241/1047 329/254/1047
f 316/241/1048 317/242/1048 330/255/1048
f 317/242/1049 318/243/1049 331/256/1049
f 318/243/1050 319/244/1050 332/257/1050
f 320/245/280 333/258/280 332/257/280
f 321/246/1051 334/259/1051 333/258/1051
f 322/247/1052 335/260/1052 334/259/1052
f 323/248/1053 336/261/1053 335/260/1053
f 324/249/1054 337/262/1054 336/261/1054
f 325/250/1055 338/264/1055 337/262/1055
f 313/263/1056 326/277/1056 338/264/1056
f 326/252/1057 327/251/1057 340/265/1057
f 327/251/1058 328/253/1058 341/267/1058
f 328/253/1059 329/254/1059 342/268/1059
f 329/254/1060 330/255/1060 343/269/1060
f 330/255/1061 331/256/1061 344/270/1061
f 331/256/1062 332/257/1062 345/271/1062
f 333/258/293 346/272/293 345/271/293
f 334/259/1063 347/273/1063 346/272/1063
f 335/260/1064 348/274/1064 347/273/1064
f 336/261/1065 349/275/1065 348/274/1065
f 337/262/1066 350/276/1066 349/275/1066
f 338/264/1067 351/278/1067 350/276/1067
f 326/277/1068 339/291/1068 351/278/1068
f 339/266/1069 340/265/1069 353/279/1069
f 340/265/1070 341/267/1070 354/281/1070
f 341/267/1071 342/268/1071 355/282/1071
f 342/268/1072 343/269/1072 356/283/1072
f 343/269/1073 344/270/1073 357/284/1073
f 344/270/1074 345/271/1074 358/285/1074
f 346/272/306 359/286/306 358/285/306
f 347/273/1075 360/287/1075 359/286/1075
f 348/274/1076 361/288/1076 360/287/1076
f 349/275/1077 362/289/1077 361/288/1077
f 350/276/1078 363/290/1078 362/289/1078
f 351/278/1079 364/292/1079 363/290/1079
f 339/291/1080 352/293/1080 364/292/1080
f 352/280/1081 353/279/1081 366/56/1081
f 353/279/1082 354/281/1082 367/58/1082
f 354/281/1083 355/282/1083 368/59/1083
f 355/282/1084 356/283/1084 369/60/1084
f 356/283/1085 357/284/1085 370/61/1085
f 357/284/1086 358/285/1086 371/62/1086
f 359/286/319 372/63/319 371/62/319
f 360/287/1087 373/64/1087 372/63/1087
f 361/288/1088 374/65/1088 373/64/1088
f 362/289/1089 375/66/1089 374/65/1089
f 363/290/1090 376/67/1090 375/66/1090
f 364/292/1091 377/69/1091 376/67/1091
f 352/293/1092 365/82/1092 377/69/1092
f 365/57/1093 366/56/1093 379/294/1093
f 366/56/1094 367/58/1094 380/296/1094
f 367/58/1095 368/59/1095 381/297/1095
f 368/59/1096 369/60/1096 382/298/1096
f 369/60/1097 370/61/1097 383/299/1097
f 370/61/1098 371/62/1098 384/300/1098
f 372/63/332 385/301/332 384/300/332
f 373/64/1099 386/302/1099 385/301/1099
f 374/65/1100 387/303/1100 386/302/1100
f 375/66/1101 388/304/1101 387/303/1101
f 376/67/1102 389/305/1102 388/304/1102
f 377/69/1103 390/306/1103 389/305/1103
f 365/82/1104 378/319/1104 390/306/1104
f 378/295/1105 379/294/1105 392/307/1105
f 379/294/1106 380/296/1106 393/309/1106
f 380/296/1107 381/297/1107 394/310/1107
f 381/297/1108 382/298/1108 395/311/1108
f 382/298/1109 383/299/1109 396/312/1109
f 383/299/1110 384/300/1110 397/313/1110
f 385/301/345 398/314/345 397/313/345
f 386/302/1111 399/315/1111 398/314/1111
f 387/303/1112 400/316/1112 399/315/1112
f 388/304/1113 401/317/1113 400/316/1113
f 389/305/1114 402/318/1114 401/317/1114
f 390/306/1115 403/320/1115 402/318/1115
f 378/319/1116 391/333/1116 403/320/1116
f 391/308/1117 392/307/1117 405/321/1117
f 392/307/1118 393/309/1118 406/323/1118
f 393/309/1119 394/310/1119 407/324/1119
f 394/310/1120 395/311/1120 408/325/1120
f 395/311/1121 396/312/1121 409/326/1121
f 396/312/1122 397/313/1122 410/327/1122
f 398/314/358 411/328/358 410/327/358
f 399/315/1123 412/329/1123 411/328/1123
f 400/316/1124 413/330/1124 412/329/1124
f 401/317/1125 414/331/1125 413/330/1125
f 402/318/1126 415/332/1126 414/331/1126
f 403/320/1127 416/334/1127 415/332/1127
f 391/333/1128 404/347/1128 416/334/1128
f 404/322/1129 405/321/1129 418/335/1129
f 405/321/1130 406/323/1130 419/337/1130
f 406/323/1131 407/324/1131 420/338/1131
f 407/324/1132 408/325/1132 421/339/1132
f 408/325/1133 409/326/1133 422/340/1133
f 409/326/1134 410/327/1134 423/341/1134
f 411/328/371 424/342/371 423/341/371
f 412/329/1135 425/343/1135 424/342/1135
f 413/330/1136 426/344/1136 425/343/1136
f 414/331/1137 427/345/1137 426/344/1137
f 415/332/1138 428/346/1138 427/345/1138
f 416/334/1139 429/348/1139 428/346/1139
f 404/347/1140 417/349/1140 429/348/1140
f 417/336/1141 418/335/1141 431/112/1141
f 418/335/1142 419/337/1142 432/114/1142
f 419/337/1143 420/338/1143 433/115/1143
f 420/338/1144 421/339/1144 434/116/1144
f 421/339/1145 422/340/1145 435/117/1145
f 422/340/1146 423/341/1146 436/118/1146
f 424/342/384 437/119/384 436/118/384
f 425/343/1147 438/120/1147 437/119/1147
f 426/344/1148 439/121/1148 438/120/1148
f 427/345/1149 440/122/1149 439/121/1149
f 428/346/1150 441/123/1150 440/122/1150
f 429/348/1151 442/125/1151 441/123/1151
f 417/349/1152 430/792/1152 442/125/1152
f 495/1/1153 496/4/1153 509/350/1153
f 496/4/1154 497/6/1154 510/352/1154
f 497/6/1155 498/8/1155 511/353/1155
f 498/8/1156 499/10/1156 512/354/1156
f 499/10/1157 500/12/1157 513/355/1157
f 500/12/1158 501/15/1158 514/356/1158
f 502/14/436 515/357/436 514/356/436
f 503/16/1159 516/358/1159 515/357/1159
f 504/18/1160 517/359/1160 516/358/1160
f 505/20/1161 518/360/1161 517/359/1161
f 506/22/1162 519/361/1162 518/360/1162
f 507/24/1163 520/362/1163 519/361/1163
f 495/26/1164 508/375/1164 520/362/1164
f 508/351/1165 509/350/1165 522/363/1165
f 509/350/1166 510/352/1166 523/365/1166
f 510/352/1167 511/353/1167 524/366/1167
f 511/353/1168 512/354/1168 525/367/1168
f 512/354/1169 513/355/1169 526/368/1169
f 513/355/1170 514/356/1170 527/369/1170
f 514/356/449 515/357/449 528/370/449
f 516/358/1171 529/371/1171 528/370/1171
f 517/359/1172 530/372/1172 529/371/1172
f 518/360/1173 531/373/1173 530/372/1173
f 519/361/1174 532/374/1174 531/373/1174
f 520/362/1175 533/376/1175 532/374/1175
f 508/375/1176 521/389/1176 533/376/1176
f 521/364/1177 522/363/1177 535/377/1177
f 522/363/1178 523/365/1178 536/379/1178
f 523/365/1179 524/366/1179 537/380/1179
f 524/366/1180 525/367/1180 538/381/1180
f 525/367/1181 526/368/1181 539/382/1181
f 526/368/1182 527/369/1182 540/383/1182
f 528/370/462 541/384/462 540/383/462
f 529/371/1183 542/385/1183 541/384/1183
f 530/372/1184 543/386/1184 542/385/1184
f 531/373/1185 544/387/1185 543/386/1185
f 532/374/1186 545/388/1186 544/387/1186
f 533/376/1187 546/390/1187 545/388/1187
f 521/389/1188 534/403/1188 546/390/1188
f 534/378/1189 535/377/1189 548/391/1189
f 535/377/1190 536/379/1190 549/393/1190
f 536/379/1191 537/380/1191 550/394/1191
f 537/380/1192 538/381/1192 551/395/1192
f 538/381/1193 539/382/1193 552/396/1193
f 539/382/1194 540/383/1194 553/397/1194
f 541/384/475 554/398/475 553/397/475
f 542/385/1195 555/399/1195 554/398/1195
f 543/386/1196 556/400/1196 555/399/1196
f 544/387/1197 557/401/1197 556/400/1197
f 545/388/1198 558/402/1198 557/401/1198
f 546/390/1199 559/404/1199 558/402/1199
f 534/403/1200 547/417/1200 559/404/1200
f 547/392/1201 548/391/1201 561/405/1201
f 548/391/1202 549/393/1202 562/407/1202
f 549/393/1203 550/394/1203 563/408/1203
f 550/394/1204 551/395/1204 564/409/1204
f 551/395/1205 552/396/1205 565/410/1205
f 552/396/1206 553/397/1206 566/411/1206
f 554/398/488 567/412/488 566/411/488
f 555/399/1207 568/413/1207 567/412/1207
f 556/400/1208 569/414/1208 568/413/1208
f 557/401/1209 570/415/1209 569/414/1209
f 558/402/1210 571/416/1210 570/415/1210
f 559/404/1211 572/418/1211 571/416/1211
f 547/417/1212 560/431/1212 572/418/1212
f 560/406/1213 561/405/1213 574/419/1213
f 561/405/1214 562/407/1214 575/421/1214
f 562/407/1215 563/408/1215 576/422/1215
f 563/408/1216 564/409/1216 577/423/1216
f 564/409/1217 565/410/1217 578/424/1217
f 565/410/1218 566/411/1218 579/425/1218
f 567/412/501 580/426/501 579/425/501
f 568/413/1219 581/427/1219 580/426/1219
f 569/414/1220 582/428/1220 581/427/1220
f 570/415/1221 583/429/1221 582/428/1221
f 571/416/1222 584/430/1222 583/429/1222
f 572/418/1223 585/432/1223 584/430/1223
f 560/431/1224 573/445/1224 585/432/1224
f 573/420/1225 574/419/1225 587/433/1225
f 574/419/1226 575/421/1226 588/435/1226
f 575/421/1227 576/422/1227 589/436/1227
f 576/422/1228 577/423/1228 590/437/1228
f 577/423/1229 578/424/1229 591/438/1229
f 578/424/1230 579/425/1230 592/439/1230
f 580/426/514 593/440/514 592/439/514
f 581/427/1231 594/441/1231 593/440/1231
f 582/428/1232 595/442/1232 594/441/1232
f 583/429/1233 596/443/1233 595/442/1233
f 584/430/1234 597/444/1234 596/443/1234
f 585/432/1235 598/446/1235 597/444/1235
f 573/445/1236 586/459/1236 598/446/1236
f 586/434/1237 587/433/1237 600/447/1237
f 587/433/1238 588/435/1238 601/449/1238
f 588/435/1239 589/436/1239 602/450/1239
f 589/436/1240 590/437/1240 603/451/1240
f 590/437/1241 591/438/1241 604/452/1241
f 591/438/1242 592/439/1242 605/453/1242
f 593/440/527 606/454/527 605/453/527
f 594/441/1243 607/455/1243 606/454/1243
f 595/442/1244 608/456/1244 607/455/1244
f 596/443/1245 609/457/1245 608/456/1245
f 597/444/1246 610/458/1246 609/457/1246
f 598/446/1247 611/460/1247 610/458/1247
f 586/459/1248 599/473/1248 611/460/1248
f 599/448/1249 600/447/1249 613/461/1249
f 600/447/1250 601/449/1250 614/463/1250
f 601/449/1251 602/450/1251 615/464/1251
f 602/450/1252 603/451/1252 616/465/1252
f 603/451/1253 604/452/1253 617/466/1253
f 604/452/1254 605/453/1254 618/467/1254
f 606/454/540 619/468/540 618/467/540
f 607/455/1255 620/469/1255 619/468/1255
f 608/456/1256 621/470/1256 620/469/1256
f 609/457/1257 622/471/1257 621/470/1257
f 610/458/1258 623/472/1258 622/471/1258
f 611/460/1259 624/474/1259 623/472/1259
f 599/473/1260 612/487/1260 624/474/1260
f 612/462/1261 613/461/1261 626/475/1261
f 613/461/1262 614/463/1262 627/477/1262
f 614/463/1263 615/464/1263 628/478/1263
f 615/464/1264 616/465/1264 629/479/1264
f 616/465/1265 617/466/1265 630/480/1265
f 617/466/1266 618/467/1266 631/481/1266
f 619/468/553 632/482/553 631/481/553
f 620/469/1267 633/483/1267 632/482/1267
f 621/470/1268 634/484/1268 633/483/1268
f 622/471/1269 635/485/1269 634/484/1269
f 623/472/1270 636/486/1270 635/485/1270
f 624/474/1271 637/488/1271 636/486/1271
f 612/487/1272 625/489/1272 637/488/1272
f 625/476/1273 626/475/1273 639/112/1273
f 626/475/1274 627/477/1274 640/114/1274
f 627/477/1275 628/478/1275 641/115/1275
f 628/478/1276 629/479/1276 642/116/1276
f 629/479/1277 630/480/1277 643/117/1277
f 630/480/1278 631/481/1278 644/118/1278
f 632/482/566 645/119/566 644/118/566
f 633/483/1279 646/120/1279 645/119/1279
f 634/484/1280 647/121/1280 646/120/1280
f 635/485/1281 648/122/1281 647/121/1281
f 636/486/1282 649/123/1282 648/122/1282
f 637/488/1283 650/125/1283 649/123/1283
f 625/489/1284 638/792/1284 650/125/1284
usemtl iron
f 118/1/105 132/126/105 131/127/105
f 119/4/106 133/128/106 132/126/106
f 121/8/107 133/128/107 120/6/107
f 121/8/108 135/129/108 134/130/108
f 123/12/109 135/129/109 122/10/109
f 123/12/110 137/131/110 136/132/110
f 125/14/111 137/131/111 124/15/111
f 125/14/112 139/133/112 138/134/112
f 126/16/113 140/135/113 139/133/113
f 128/20/114 140/135/114 127/18/114
f 129/22/115 141/136/115 128/20/115
f 130/24/116 142/137/116 129/22/116
f 118/26/117 143/138/117 130/24/117
f 132/126/118 144/139/118 131/127/118
f 133/128/119 145/140/119 132/126/119
f 134/130/120 146/141/120 133/128/120
f 134/130/121 148/142/121 147/143/121
f 136/132/122 148/142/122 135/129/122
f 136/132/123 150/144/123 149/145/123
f 138/134/124 150/144/124 137/131/124
f 139/133/125 151/146/125 138/134/125
f 139/133/126 153/147/126 152/148/126
f 141/136/127 153/147/127 140/135/127
f 141/136/128 155/149/128 154/150/128
f 143/138/129 155/149/129 142/137/129
f 143/138/130 144/151/130 156/152/130
f 145/140/131 157/113/131 144/139/131
f 146/141/132 158/112/132 145/140/132
f 146/141/133 160/115/133 159/114/133
f 148/142/134 160/115/134 147/143/134
f 148/142/135 162/117/135 161/116/135
f 150/144/136 162/117/136 149/145/136
f 151/146/137 163/118/137 150/144/137
f 152/148/138 164/119/138 151/146/138
f 152/148/139 166/121/139 165/120/139
f 154/150/140 166/121/140 153/147/140
f 155/149/141 167/122/141 154/150/141
f 156/152/142 168/123/142 155/149/142
f 144/151/143 169/125/143 156/152/143
f 443/1/391 457/126/391 456/127/391
f 444/4/392 458/128/392 457/126/392
f 446/8/393 458/128/393 445/6/393
f 446/8/394 460/129/394 459/130/394
f 448/12/395 460/129/395 447/10/395
f 448/12/396 462/131/396 461/132/396
f 450/14/397 462/131/397 449/15/397
f 451/16/398 463/134/398 450/14/398
f 451/16/399 465/135/399 464/133/399
f 453/20/400 465/135/400 452/18/400
f 454/22/401 466/136/401 453/20/401
f 455/24/402 467/137/402 454/22/402
f 443/26/403 468/138/403 455/24/403
f 457/126/404 469/139/404 456/127/404
f 458/128/405 470/140/405 457/126/405
f 459/130/406 471/141/406 458/128/406
f 460/129/407 472/143/407 459/130/407
f 461/132/408 473/142/408 460/129/408
f 462/131/409 474/145/409 461/132/409
f 463/134/410 475/144/410 462/131/410
f 463/134/411 477/148/411 476/146/411
f 465/135/412 477/148/412 464/133/412
f 465/135/413 479/150/413 478/147/413
f 467/137/414 479/150/414 466/136/414
f 468/138/415 480/149/415 467/137/415
f 468/138/416 469/151/416 481/152/416
f 469/139/417 483/112/417 482/113/417
f 471/141/418 483/112/418 470/140/418
f 472/143/419 484/114/419 471/141/419
f 472/143/420 486/116/420 485/115/420
f 473/142/421 487/117/421 486/116/421
f 475/144/422 487/117/422 474/145/422
f 476/146/423 488/118/423 475/144/423
f 477/148/424 489/119/424 476/146/424
f 478/147/425 490/120/425 477/148/425
f 479/150/426 491/121/426 478/147/426
f 479/150/427 493/123/427 492/122/427
f 480/149/428 494/125/428 493/123/428
f 469/151/429 494/125/429 481/152/429
f 852/490/573 855/491/573 849/492/573
f 854/493/574 852/494/574 850/495/574
f 851/496/575 853/497/575 854/498/575
f 859/499/576 862/500/576 856/501/576
f 857/502/577 860/503/577 859/504/577
f 862/500/578 861/505/578 858/506/578
f 866/507/579 869/508/579 863/509/579
f 864/510/580 867/511/580 866/512/580
f 869/508/581 868/513/581 865/514/581
f 873/515/582 876/516/582 870/517/582
f 871/518/583 874/519/583 873/520/583
f 876/516/584 875/521/584 872/522/584
f 880/523/585 883/524/585 877/525/585
f 878/526/586 881/527/586 880/528/586
f 883/524/587 882/529/587 879/530/587
f 887/531/588 890/532/588 884/533/588
f 885/534/589 888/535/589 887/536/589
f 890/532/590 889/537/590 886/538/590
f 894/539/591 897/540/591 891/541/591
f 892/542/592 895/543/592 894/544/592
f 897/540/593 896/545/593 893/546/593
f 901/547/594 904/548/594 898/549/594
f 899/550/595 902/551/595 901/552/595
f 904/548/596 903/553/596 900/554/596
f 908/555/597 911/556/597 905/557/597
f 906/558/598 909/559/598 908/560/598
f 911/556/599 910/561/599 907/562/599
f 915/563/600 918/564/600 912/565/600
f 913/566/601 916/567/601 915/568/601
f 918/564/602 917/569/602 914/570/602
f 922/571/603 925/572/603 919/573/603
f 920/574/604 923/575/604 922/576/604
f 925/572/605 924/577/605 921/578/605
f 652/579/606 686/580/606 685/581/606
f 686/582/607 651/583/607 684/584/607
f 654/585/608 689/586/608 656/587/608
f 689/586/609 655/588/609 656/587/609
f 657/589/610 692/590/610 659/591/610
f 692/590/611 658/592/611 659/591/611
f 660/593/612 695/594/612 662/595/612
f 695/594/613 661/596/613 662/595/613
f 663/597/614 698/598/614 665/599/614
f 698/598/615 664/600/615 665/599/615
f 666/601/616 701/602/616 668/603/616
f 701/602/617 667/604/617 668/603/617
f 669/605/618 704/606/618 671/607/618
f 704/606/619 670/608/619 671/607/619
f 672/609/620 707/610/620 674/611/620
f 707/610/621 673/612/621 674/611/621
f 675/613/622 710/614/622 677/615/622
f 710/614/623 676/616/623 677/615/623
f 678/617/624 713/618/624 680/619/624
f 713/618/625 679/620/625 680/619/625
f 681/621/626 716/622/626 683/623/626
f 716/622/627 682/624/627 683/623/627
f 685/581/628 719/625/628 718/626/628
f 719/627/629 684/584/629 717/628/629
f 687/629/630 722/630/630 689/586/630
f 722/630/631 688/631/631 689/586/631
f 690/632/632 725/633/632 692/590/632
f 725/633/633 691/634/633 692/590/633
f 693/635/634 728/636/634 695/594/634
f 728/636/635 694/637/635 695/594/635
f 696/638/636 731/639/636 698/598/636
f 731/639/637 697/640/637 698/598/637
f 699/641/638 734/642/638 701/602/638
f 734/642/639 700/643/639 701/602/639
f 702/644/640 737/645/640 704/606/640
f 737/645/641 703/646/641 704/606/641
f 705/647/642 740/648/642 707/610/642
f 740/648/643 706/649/643 707/610/643
f 708/650/644 743/651/644 710/614/644
f 743/651/645 709/652/645 710/614/645
f 711/653/646 746/654/646 713/618/646
f 746/654/647 712/655/647 713/618/647
f 714/656/648 749/657/648 716/622/648
f 749/657/649 715/658/649 716/622/649
f 718/626/650 752/659/650 751/660/650
f 752/661/651 717/628/651 750/662/651
f 720/663/652 755/664/652 722/630/652
f 755/664/653 721/665/653 722/630/653
f 723/666/654 758/667/654 725/633/654
f 758/667/655 724/668/655 725/633/655
f 726/669/656 761/670/656 728/636/656
f 761/670/657 727/671/657 728/636/657
f 729/672/658 764/673/658 731/639/658
f 764/673/659 730/674/659 731/639/659
f 732/675/660 767/676/660 734/642/660
f 767/676/661 733/677/661 734/642/661
f 735/678/662 770/679/662 737/645/662
f 770/679/663 736/680/663 737/645/663
f 738/681/664 773/682/664 740/648/664
f 773/682/665 739/683/665 740/648/665
f 741/684/666 776/685/666 743/651/666
f 776/685/667 742/686/667 743/651/667
f 744/687/668 779/688/668 746/654/668
f 779/688/669 745/689/669 746/654/669
f 747/690/670 782/691/670 749/657/670
f 782/691/671 748/692/671 749/657/671
f 751/660/672 785/693/672 784/694/672
f 785/695/673 750/662/673 783/696/673
f 753/697/674 788/698/674 755/664/674
f 788/698/675 754/699/675 755/664/675
f 756/700/676 791/701/676 758/667/676
f 791/701/677 757/702/677 758/667/677
f 759/703/678 794/704/678 761/670/678
f 794/704/679 760/705/679 761/670/679
f 762/706/680 797/707/680 764/673/680
f 797/707/681 763/708/681 764/673/681
f 765/709/682 800/710/682 767/676/682
f 800/710/683 766/711/683 767/676/683
f 768/712/684 803/713/684 770/679/684
f 803/713/685 769/714/685 770/679/685
f 771/715/686 806/716/686 773/682/686
f 806/716/687 772/717/687 773/682/687
f 774/718/688 809/719/688 776/685/688
f 809/719/689 775/720/689 776/685/689
f 777/721/690 812/722/690 779/688/690
f 812/722/691 778/723/691 779/688/691
f 780/724/692 815/725/692 782/691/692
f 815/725/693 781/726/693 782/691/693
f 784/694/694 818/727/694 817/728/694
f 818/729/695 783/696/695 816/730/695
f 786/731/696 821/732/696 788/698/696
f 821/732/697 787/733/697 788/698/697
f 789/734/698 824/735/698 791/701/698
f 824/735/699 790/736/699 791/701/699
f 792/737/700 827/738/700 794/704/700
f 827/738/701 793/739/701 794/704/701
f 795/740/702 830/741/702 797/707/702
f 830/741/703 796/742/703 797/707/703
f 798/743/704 833/744/704 800/710/704
f 833/744/705 799/745/705 800/710/705
f 801/746/706 836/747/706 803/713/706
f 836/747/707 802/748/707 803/713/707
f 804/749/708 839/750/708 806/716/708
f 839/750/709 805/751/709 806/716/709
f 807/752/710 842/753/710 809/719/710
f 842/753/711 808/754/711 809/719/711
f 810/755/712 845/756/712 812/722/712
f 845/756/713 811/757/713 812/722/713
f 813/758/714 848/759/714 815/725/714
f 848/759/715 814/760/715 815/725/715
f 817/728/716 852/490/716 849/492/716
f 852/494/717 816/730/717 850/495/717
f 819/761/718 862/500/718 821/732/718
f 862/500/719 820/762/719 821/732/719
f 857/502/720 854/498/720 861/763/720
f 861/505/721 850/495/721 858/506/721
f 822/764/722 869/508/722 824/735/722
f 869/508/723 823/765/723 824/735/723
f 864/510/724 859/504/724 868/766/724
f 868/513/725 856/501/725 865/514/725
f 825/767/726 876/516/726 827/738/726
f 876/516/727 826/768/727 827/738/727
f 871/518/728 866/512/728 875/769/728
f 875/521/729 863/509/729 872/522/729
f 828/770/730 883/524/730 830/741/730
f 883/524/731 829/771/731 830/741/731
f 878/526/732 873/520/732 882/772/732
f 882/529/733 870/517/733 879/530/733
f 831/773/734 890/532/734 833/744/734
f 890/532/735 832/774/735 833/744/735
f 885/534/736 880/528/736 889/775/736
f 889/537/737 877/525/737 886/538/737
f 834/776/738 897/540/738 836/747/738
f 897/540/739 835/777/739 836/747/739
f 892/542/740 887/536/740 896/778/740
f 887/531/741 893/546/741 896/545/741
f 837/779/742 904/548/742 839/750/742
f 904/548/743 838/780/743 839/750/743
f 892/542/744 903/781/744 899/550/744
f 894/539/745 900/554/745 903/553/745
f 840/782/746 911/556/746 842/753/746
f 911/556/747 841/783/747 842/753/747
f 899/550/748 910/784/748 906/558/748
f 901/547/749 907/562/749 910/561/749
f 843/785/750 918/564/750 845/756/750
f 918/564/751 844/786/751 845/756/751
f 906/558/752 917/787/752 913/566/752
f 908/555/753 914/570/753 917/569/753
f 846/788/754 925/572/754 848/759/754
f 925/572/755 847/789/755 848/759/755
f 913/566/756 924/790/756 920/574/756
f 915/563/757 921/578/757 924/577/757
f 920/574/758 855/791/758 851/496/758
f 922/571/759 849/492/759 855/491/759
f 652/579/760 714/656/760 681/621/760
f 651/583/761 688/631/761 684/584/761
f 654/585/762 691/634/762 687/629/762
f 657/589/763 694/637/763 690/632/763
f 660/593/764 697/640/764 693/635/764
f 663/597/765 700/643/765 696/638/765
f 670/608/766 699/641/766 666/601/766
f 673/612/767 702/644/767 669/605/767
f 676/616/768 705/647/768 672/609/768
f 679/620/769 708/650/769 675/613/769
f 682/624/770 711/653/770 678/617/770
f 685/581/771 747/690/771 714/656/771
f 684/584/772 721/665/772 717/628/772
f 687/629/773 724/668/773 720/663/773
f 690/632/774 727/671/774 723/666/774
f 693/635/775 730/674/775 726/669/775
f 696/638/776 733/677/776 729/672/776
f 703/646/777 732/675/777 699/641/777
f 706/649/778 735/678/778 702/644/778
f 709/652/779 738/681/779 705/647/779
f 712/655/780 741/684/780 708/650/780
f 715/658/781 744/687/781 711/653/781
f 718/626/782 780/724/782 747/690/782
f 717/628/783 754/699/783 750/662/783
f 720/663/784 757/702/784 753/697/784
f 723/666/785 760/705/785 756/700/785
f 726/669/786 763/708/786 759/703/786
f 729/672/787 766/711/787 762/706/787
f 732/675/788 769/714/788 765/709/788
f 739/683/789 768/712/789 735/678/789
f 742/686/790 771/715/790 738/681/790
f 745/689/791 774/718/791 741/684/791
f 748/692/792 777/721/792 744/687/792
f 751/660/793 813/758/793 780/724/793
f 750/662/794 787/733/794 783/696/794
f 753/697/795 790/736/795 786/731/795
f 756/700/796 793/739/796 789/734/796
f 759/703/797 796/742/797 792/737/797
f 762/706/798 799/745/798 795/740/798
f 769/714/799 798/743/799 765/709/799
f 772/717/800 801/746/800 768/712/800
f 775/720/801 804/749/801 771/715/801
f 778/723/802 807/752/802 774/718/802
f 781/726/803 810/755/803 777/721/803
f 784/694/804 846/788/804 813/758/804
f 783/696/805 820/762/805 816/730/805
f 786/731/806 823/765/806 819/761/806
f 789/734/807 826/768/807 822/764/807
f 792/737/808 829/771/808 825/767/808
f 795/740/809 832/774/809 828/770/809
f 802/748/810 831/773/810 798/743/810
f 805/751/811 834/776/811 801/746/811
f 808/754/812 837/779/812 804/749/812
f 811/757/813 840/782/813 807/752/813
f 814/760/814 843/785/814 810/755/814
f 846/788/815 849/492/815 919/573/815
f 820/762/816 850/495/816 816/730/816
f 819/761/817 865/514/817 856/501/817
f 826/768/818 863/509/818 822/764/818
f 829/771/819 870/517/819 825/767/819
f 832/774/820 877/525/820 828/770/820
f 835/777/821 884/533/821 831/773/821
f 834/776/822 900/554/822 891/541/822
f 837/779/823 907/562/823 898/549/823
f 840/782/824 914/570/824 905/557/824
f 843/785/825 921/578/825 912/565/825
f 857/502/826 885/534/826 913/566/826
f 118/1/105 119/4/105 132/126/105
f 119/4/106 120/6/106 133/128/106
f 121/8/107 134/130/107 133/128/107
f 121/8/108 122/10/108 135/129/108
f 123/12/109 136/132/109 135/129/109
f 123/12/923 124/15/923 137/131/923
f 125/14/111 138/134/111 137/131/111
f 125/14/924 126/16/924 139/133/924
f 126/16/113 127/18/113 140/135/113
f 128/20/114 141/136/114 140/135/114
f 129/22/115 142/137/115 141/136/115
f 130/24/116 143/138/116 142/137/116
f 118/26/117 131/193/117 143/138/117
f 132/126/118 145/140/118 144/139/118
f 133/128/119 146/141/119 145/140/119
f 134/130/120 147/143/120 146/141/120
f 134/130/121 135/129/121 148/142/121
f 136/132/122 149/145/122 148/142/122
f 136/132/123 137/131/123 150/144/123
f 138/134/124 151/146/124 150/144/124
f 139/133/125 152/148/125 151/146/125
f 139/133/126 140/135/126 153/147/126
f 141/136/127 154/150/127 153/147/127
f 141/136/128 142/137/128 155/149/128
f 143/138/129 156/152/129 155/149/129
f 143/138/130 131/193/130 144/151/130
f 145/140/131 158/112/131 157/113/131
f 146/141/132 159/114/132 158/112/132
f 146/141/133 147/143/133 160/115/133
f 148/142/134 161/116/134 160/115/134
f 148/142/135 149/145/135 162/117/135
f 150/144/136 163/118/136 162/117/136
f 151/146/137 164/119/137 163/118/137
f 152/148/138 165/120/138 164/119/138
f 152/148/139 153/147/139 166/121/139
f 154/150/140 167/122/140 166/121/140
f 155/149/141 168/123/141 167/122/141
f 156/152/142 169/125/142 168/123/142
f 144/151/143 157/792/143 169/125/143
f 443/1/391 444/4/391 457/126/391
f 444/4/392 445/6/392 458/128/392
f 446/8/393 459/130/393 458/128/393
f 446/8/394 447/10/394 460/129/394
f 448/12/395 461/132/395 460/129/395
f 448/12/396 449/15/396 462/131/396
f 450/14/397 463/134/397 462/131/397
f 451/16/398 464/133/398 463/134/398
f 451/16/399 452/18/399 465/135/399
f 453/20/400 466/136/400 465/135/400
f 454/22/401 467/137/401 466/136/401
f 455/24/402 468/138/402 467/137/402
f 443/26/403 456/193/403 468/138/403
f 457/126/404 470/140/404 469/139/404
f 458/128/405 471/141/405 470/140/405
f 459/130/406 472/143/406 471/141/406
f 460/129/407 473/142/407 472/143/407
f 461/132/408 474/145/408 473/142/408
f 462/131/409 475/144/409 474/145/409
f 463/134/410 476/146/410 475/144/410
f 463/134/411 464/133/411 477/148/411
f 465/135/412 478/147/412 477/148/412
f 465/135/413 466/136/413 479/150/413
f 467/137/414 480/149/414 479/150/414
f 468/138/415 481/152/415 480/149/415
f 468/138/416 456/193/416 469/151/416
f 469/139/417 470/140/417 483/112/417
f 471/141/418 484/114/418 483/112/418
f 472/143/419 485/115/419 484/114/419
f 472/143/420 473/142/420 486/116/420
f 473/142/421 474/145/421 487/117/421
f 475/144/422 488/118/422 487/117/422
f 476/146/423 489/119/423 488/118/423
f 477/148/424 490/120/424 489/119/424
f 478/147/425 491/121/425 490/120/425
f 479/150/426 492/122/426 491/121/426
f 479/150/427 480/149/427 493/123/427
f 480/149/428 481/152/428 494/125/428
f 469/151/429 482/792/429 494/125/429
f 852/490/1285 853/793/1285 855/491/1285
f 854/493/1286 853/794/1286 852/494/1286
f 851/496/1287 855/791/1287 853/497/1287
f 859/499/1288 860/795/1288 862/500/1288
f 857/502/1289 861/763/1289 860/503/1289
f 862/500/1290 860/795/1290 861/505/1290
f 866/507/1291 867/796/1291 869/508/1291
f 864/510/1292 868/766/1292 867/511/1292
f 869/508/1293 867/796/1293 868/513/1293
f 873/515/1294 874/797/1294 876/516/1294
f 871/518/1295 875/769/1295 874/519/1295
f 876/516/1296 874/797/1296 875/521/1296
f 880/523/1297 881/798/1297 883/524/1297
f 878/526/1298 882/772/1298 881/527/1298
f 883/524/1299 881/798/1299 882/529/1299
f 887/531/1300 888/799/1300 890/532/1300
f 885/534/1301 889/775/1301 888/535/1301
f 890/532/1302 888/799/1302 889/537/1302
f 894/539/1303 895/800/1303 897/540/1303
f 892/542/1304 896/778/1304 895/543/1304
f 897/540/1305 895/800/1305 896/545/1305
f 901/547/1306 902/801/1306 904/548/1306
f 899/550/1307 903/781/1307 902/551/1307
f 904/548/1308 902/801/1308 903/553/1308
f 908/555/1309 909/802/1309 911/556/1309
f 906/558/1310 910/784/1310 909/559/1310
f 911/556/1311 909/802/1311 910/561/1311
f 915/563/1312 916/803/1312 918/564/1312
f 913/566/1313 917/787/1313 916/567/1313
f 918/564/1314 916/803/1314 917/569/1314
f 922/571/1315 923/804/1315 925/572/1315
f 920/574/1316 924/790/1316 923/575/1316
f 925/572/1317 923/804/1317 924/577/1317
f 652/579/1318 653/805/1318 686/580/1318
f 686/582/1319 653/806/1319 651/583/1319
f 654/585/1320 687/629/1320 689/586/1320
f 689/586/1321 688/631/1321 655/588/1321
f 657/589/1322 690/632/1322 692/590/1322
f 692/590/1323 691/634/1323 658/592/1323
f 660/593/1324 693/635/1324 695/594/1324
f 695/594/1325 694/637/1325 661/596/1325
f 663/597/1326 696/638/1326 698/598/1326
f 698/598/1327 697/640/1327 664/600/1327
f 666/601/1328 699/641/1328 701/602/1328
f 701/602/1329 700/643/1329 667/604/1329
f 669/605/1330 702/644/1330 704/606/1330
f 704/606/1331 703/646/1331 670/608/1331
f 672/609/1332 705/647/1332 707/610/1332
f 707/610/1333 706/649/1333 673/612/1333
f 675/613/1334 708/650/1334 710/614/1334
f 710/614/1335 709/652/1335 676/616/1335
f 678/617/1336 711/653/1336 713/618/1336
f 713/618/1337 712/655/1337 679/620/1337
f 681/621/1338 714/656/1338 716/622/1338
f 716/622/1339 715/658/1339 682/624/1339
f 685/581/1340 686/580/1340 719/625/1340
f 719/627/1341 686/582/1341 684/584/1341
f 687/629/1342 720/663/1342 722/630/1342
f 722/630/1343 721/665/1343 688/631/1343
f 690/632/1344 723/666/1344 725/633/1344
f 725/633/1345 724/668/1345 691/634/1345
f 693/635/1346 726/669/1346 728/636/1346
f 728/636/1347 727/671/1347 694/637/1347
f 696/638/1348 729/672/1348 731/639/1348
f 731/639/1349 730/674/1349 697/640/1349
f 699/641/1350 732/675/1350 734/642/1350
f 734/642/1351 733/677/1351 700/643/1351
f 702/644/1352 735/678/1352 737/645/1352
f 737/645/1353 736/680/1353 703/646/1353
f 705/647/1354 738/681/1354 740/648/1354
f 740/648/1355 739/683/1355 706/649/1355
f 708/650/1356 741/684/1356 743/651/1356
f 743/651/1357 742/686/1357 709/652/1357
f 711/653/1358 744/687/1358 746/654/1358
f 746/654/1359 745/689/1359 712/655/1359
f 714/656/1360 747/690/1360 749/657/1360
f 749/657/1361 748/692/1361 715/658/1361
f 718/626/1362 719/625/1362 752/659/1362
f 752/661/1363 719/627/1363 717/628/1363
f 720/663/1364 753/697/1364 755/664/1364
f 755/664/1365 754/699/1365 721/665/1365
f 723/666/1366 756/700/1366 758/667/1366
f 758/667/1367 757/702/1367 724/668/1367
f 726/669/1368 759/703/1368 761/670/1368
f 761/670/1369 760/705/1369 727/671/1369
f 729/672/1370 762/706/1370 764/673/1370
f 764/673/1371 763/708/1371 730/674/1371
f 732/675/1372 765/709/1372 767/676/1372
f 767/676/1373 766/711/1373 733/677/1373
f 735/678/1374 768/712/1374 770/679/1374
f 770/679/1375 769/714/1375 736/680/1375
f 738/681/1376 771/715/1376 773/682/1376
f 773/682/1377 772/717/1377 739/683/1377
f 741/684/1378 774/718/1378 776/685/1378
f 776/685/1379 775/720/1379 742/686/1379
f 744/687/1380 777/721/1380 779/688/1380
f 779/688/1381 778/723/1381 745/689/1381
f 747/690/1382 780/724/1382 782/691/1382
f 782/691/1383 781/726/1383 748/692/1383
f 751/660/1384 752/659/1384 785/693/1384
f 785/695/1385 752/661/1385 750/662/1385
f 753/697/1386 786/731/1386 788/698/1386
f 788/698/1387 787/733/1387 754/699/1387
f 756/700/1388 789/734/1388 791/701/1388
f 791/701/1389 790/736/1389 757/702/1389
f 759/703/1390 792/737/1390 794/704/1390
f 794/704/1391 793/739/1391 760/705/1391
f 762/706/1392 795/740/1392 797/707/1392
f 797/707/1393 796/742/1393 763/708/1393
f 765/709/1394 798/743/1394 800/710/1394
f 800/710/1395 799/745/1395 766/711/1395
f 768/712/1396 801/746/1396 803/713/1396
f 803/713/1397 802/748/1397 769/714/1397
f 771/715/1398 804/749/1398 806/716/1398
f 806/716/1399 805/751/1399 772/717/1399
f 774/718/1400 807/752/1400 809/719/1400
f 809/719/1401 808/754/1401 775/720/1401
f 777/721/1402 810/755/1402 812/722/1402
f 812/722/1403 811/757/1403 778/723/1403
f 780/724/1404 813/758/1404 815/725/1404
f 815/725/1405 814/760/1405 781/726/1405
f 784/694/1406 785/693/1406 818/727/1406
f 818/729/1407 785/695/1407 783/696/1407
f 786/731/1408 819/761/1408 821/732/1408
f 821/732/1409 820/762/1409 787/733/1409
f 789/734/1410 822/764/1410 824/735/1410
f 824/735/1411 823/765/1411 790/736/1411
f 792/737/1412 825/767/1412 827/738/1412
f 827/738/1413 826/768/1413 793/739/1413
f 795/740/1414 828/770/1414 830/741/1414
f 830/741/1415 829/771/1415 796/742/1415
f 798/743/1416 831/773/1416 833/744/1416
f 833/744/1417 832/774/1417 799/745/1417
f 801/746/1418 834/776/1418 836/747/1418
f 836/747/1419 835/777/1419 802/748/1419
f 804/749/1420 837/779/1420 839/750/1420
f 839/750/1421 838/780/1421 805/751/1421
f 807/752/1422 840/782/1422 842/753/1422
f 842/753/1423 841/783/1423 808/754/1423
f 810/755/1424 843/785/1424 845/756/1424
f 845/756/1425 844/786/1425 811/757/1425
f 813/758/1426 846/788/1426 848/759/1426
f 848/759/1427 847/789/1427 814/760/1427
f 817/728/1428 818/727/1428 852/490/1428
f 852/494/1429 818/729/1429 816/730/1429
f 819/761/1430 856/501/1430 862/500/1430
f 862/500/1431 858/506/1431 820/762/1431
f 857/502/1432 851/496/1432 854/498/1432
f 861/505/1433 854/493/1433 850/495/1433
f 822/764/1434 863/509/1434 869/508/1434
f 869/508/1435 865/514/1435 823/765/1435
f 864/510/1436 857/502/1436 859/504/1436
f 868/513/1437 859/499/1437 856/501/1437
f 825/767/1438 870/517/1438 876/516/1438
f 876/516/1439 872/522/1439 826/768/1439
f 871/518/1440 864/510/1440 866/512/1440
f 875/521/1441 866/507/1441 863/509/1441
f 828/770/1442 877/525/1442 883/524/1442
f 883/524/1443 879/530/1443 829/771/1443
f 878/526/1444 871/518/1444 873/520/1444
f 882/529/1445 873/515/1445 870/517/1445
f 831/773/1446 884/533/1446 890/532/1446
f 890/532/1447 886/538/1447 832/774/1447
f 885/534/1448 878/526/1448 880/528/1448
f 889/537/1449 880/523/1449 877/525/1449
f 834/776/1450 891/541/1450 897/540/1450
f 897/540/1451 893/546/1451 835/777/1451
f 892/542/740 885/534/740 887/536/740
f 887/531/1452 884/533/1452 893/546/1452
f 837/779/1453 898/549/1453 904/548/1453
f 904/548/1454 900/554/1454 838/780/1454
f 892/542/1455 894/544/1455 903/781/1455
f 894/539/1456 891/541/1456 900/554/1456
f 840/782/1457 905/557/1457 911/556/1457
f 911/556/1458 907/562/1458 841/783/1458
f 899/550/1459 901/552/1459 910/784/1459
f 901/547/1460 898/549/1460 907/562/1460
f 843/785/1461 912/565/1461 918/564/1461
f 918/564/1462 914/570/1462 844/786/1462
f 906/558/1463 908/560/1463 917/787/1463
f 908/555/1464 905/557/1464 914/570/1464
f 846/788/1465 919/573/1465 925/572/1465
f 925/572/1466 921/578/1466 847/789/1466
f 913/566/1467 915/568/1467 924/790/1467
f 915/563/1468 912/565/1468 921/578/1468
f 920/574/1469 922/576/1469 855/791/1469
f 922/571/1470 919/573/1470 849/492/1470
f 652/579/1471 685/581/1471 714/656/1471
f 651/583/1472 655/588/1472 688/631/1472
f 654/585/1473 658/592/1473 691/634/1473
f 657/589/1474 661/596/1474 694/637/1474
f 660/593/1475 664/600/1475 697/640/1475
f 663/597/1476 667/604/1476 700/643/1476
f 670/608/766 703/646/766 699/641/766
f 673/612/1477 706/649/1477 702/644/1477
f 676/616/1478 709/652/1478 705/647/1478
f 679/620/1479 712/655/1479 708/650/1479
f 682/624/1480 715/658/1480 711/653/1480
f 685/581/1481 718/626/1481 747/690/1481
f 684/584/1482 688/631/1482 721/665/1482
f 687/629/1483 691/634/1483 724/668/1483
f 690/632/1484 694/637/1484 727/671/1484
f 693/635/1485 697/640/1485 730/674/1485
f 696/638/1486 700/643/1486 733/677/1486
f 703/646/777 736/680/777 732/675/777
f 706/649/1487 739/683/1487 735/678/1487
f 709/652/1488 742/686/1488 738/681/1488
f 712/655/1489 745/689/1489 741/684/1489
f 715/658/1490 748/692/1490 744/687/1490
f 718/626/1491 751/660/1491 780/724/1491
f 717/628/1492 721/665/1492 754/699/1492
f 720/663/1493 724/668/1493 757/702/1493
f 723/666/1494 727/671/1494 760/705/1494
f 726/669/1495 730/674/1495 763/708/1495
f 729/672/1496 733/677/1496 766/711/1496
f 732/675/788 736/680/788 769/714/788
f 739/683/1497 772/717/1497 768/712/1497
f 742/686/1498 775/720/1498 771/715/1498
f 745/689/1499 778/723/1499 774/718/1499
f 748/692/1500 781/726/1500 777/721/1500
f 751/660/1501 784/694/1501 813/758/1501
f 750/662/1502 754/699/1502 787/733/1502
f 753/697/1503 757/702/1503 790/736/1503
f 756/700/1504 760/705/1504 793/739/1504
f 759/703/1505 763/708/1505 796/742/1505
f 762/706/1506 766/711/1506 799/745/1506
f 769/714/799 802/748/799 798/743/799
f 772/717/1507 805/751/1507 801/746/1507
f 775/720/1508 808/754/1508 804/749/1508
f 778/723/1509 811/757/1509 807/752/1509
f 781/726/1510 814/760/1510 810/755/1510
f 784/694/1511 817/728/1511 846/788/1511
f 783/696/1512 787/733/1512 820/762/1512
f 786/731/1513 790/736/1513 823/765/1513
f 789/734/1514 793/739/1514 826/768/1514
f 792/737/1515 796/742/1515 829/771/1515
f 795/740/1516 799/745/1516 832/774/1516
f 802/748/1517 835/777/1517 831/773/1517
f 805/751/1518 838/780/1518 834/776/1518
f 808/754/1519 841/783/1519 837/779/1519
f 811/757/1520 844/786/1520 840/782/1520
f 814/760/1521 847/789/1521 843/785/1521
f 846/788/1522 817/728/1522 849/492/1522
f 820/762/1523 858/506/1523 850/495/1523
f 819/761/1524 823/765/1524 865/514/1524
f 826/768/1525 872/522/1525 863/509/1525
f 829/771/1526 879/530/1526 870/517/1526
f 832/774/1527 886/538/1527 877/525/1527
f 835/777/1528 893/546/1528 884/533/1528
f 834/776/1529 838/780/1529 900/554/1529
f 837/779/1530 841/783/1530 907/562/1530
f 840/782/1531 844/786/1531 914/570/1531
f 843/785/1532 847/789/1532 921/578/1532
f 920/574/826 851/496/826 857/502/826
f 857/502/826 864/510/826 871/518/826
f 871/518/826 878/526/826 885/534/826
f 885/534/826 892/542/826 899/550/826
f 899/550/826 906/558/826 913/566/826
f 913/566/826 920/574/826 857/502/826
f 857/502/826 871/518/826 885/534/826
f 885/534/826 899/550/826 913/566/826
