# Blender 4.5.10 LTS
# www.blender.org
mtllib lur_coil.mtl
o lur_coil
v -0.168778 0.013120 0.004490
v -0.168585 -0.006905 0.006759
v -0.170691 0.003089 0.005626
v -0.152966 0.025951 0.003041
v -0.168696 0.013294 0.004471
v -0.162118 0.021167 0.003581
v -0.133139 0.021672 0.003532
v -0.152966 0.025951 0.003041
v -0.142613 0.025775 0.003064
v -0.124112 0.003652 0.005575
v -0.133071 0.021619 0.003538
v -0.126780 0.013508 0.004458
v -0.132722 -0.014722 0.007654
v -0.124110 0.003414 0.005602
v -0.126588 -0.006492 0.006724
v -0.152529 -0.019432 0.008182
v -0.132789 -0.014776 0.007660
v -0.142182 -0.019058 0.008143
v -0.168500 -0.007076 0.006778
v -0.152529 -0.019432 0.008182
v -0.161772 -0.014823 0.007658
v -0.160774 -0.000986 0.058343
v -0.160967 0.019039 0.056074
v -0.162791 0.009075 0.057799
v -0.160889 0.019210 0.056030
v -0.145862 0.031335 0.049959
v -0.154606 0.026860 0.053192
v -0.145862 0.031335 0.049959
v -0.126913 0.026391 0.044655
v -0.135968 0.030810 0.046951
v -0.126848 0.026336 0.044642
v -0.118278 0.008073 0.044107
v -0.120832 0.018015 0.043743
v -0.118276 0.007835 0.044134
v -0.126498 -0.010005 0.048759
v -0.120640 -0.001984 0.046009
v -0.126562 -0.010057 0.048784
v -0.145425 -0.014049 0.055100
v -0.135537 -0.014022 0.052030
v -0.145425 -0.014049 0.055100
v -0.160693 -0.001160 0.058338
v -0.154260 -0.009131 0.057269
v -0.138007 0.004556 0.105331
v -0.138199 0.024581 0.103062
v -0.139764 0.014680 0.105323
v -0.138132 0.024749 0.102996
v -0.125154 0.036375 0.092696
v -0.132710 0.032190 0.098383
v -0.125154 0.036375 0.092696
v -0.108762 0.030809 0.082115
v -0.116598 0.035525 0.086927
v -0.108706 0.030752 0.082084
v -0.101271 0.012212 0.079205
v -0.103493 0.022236 0.079528
v -0.101269 0.011974 0.079232
v -0.108356 -0.005589 0.086200
v -0.103301 0.002236 0.081793
v -0.108411 -0.005639 0.086244
v -0.124717 -0.009008 0.097838
v -0.116167 -0.009307 0.092006
v -0.124717 -0.009008 0.097838
v -0.137936 0.004379 0.105304
v -0.132363 -0.003801 0.102460
v -0.102305 0.009229 0.143548
v -0.102498 0.029254 0.141280
v -0.103655 0.019406 0.143976
v -0.102448 0.029419 0.141195
v -0.092682 0.040625 0.127456
v -0.098374 0.036684 0.135139
v -0.092682 0.040625 0.127456
v -0.080300 0.034534 0.112583
v -0.086224 0.039501 0.119442
v -0.080257 0.034475 0.112537
v -0.074604 0.015703 0.107752
v -0.076304 0.025795 0.108633
v -0.074602 0.015465 0.107779
v -0.079908 -0.001866 0.116653
v -0.076112 0.005795 0.110898
v -0.079949 -0.001914 0.116712
v -0.092245 -0.004758 0.132597
v -0.085793 -0.005332 0.124520
v -0.092245 -0.004758 0.132597
v -0.102252 0.009049 0.143503
v -0.098027 0.000693 0.139216
v -0.056843 0.012617 0.169598
v -0.057035 0.032642 0.167330
v -0.057674 0.022833 0.170324
v -0.057007 0.032806 0.167233
v -0.051332 0.043707 0.151150
v -0.054650 0.039943 0.160193
v -0.051332 0.043707 0.151150
v -0.044056 0.037236 0.133351
v -0.047545 0.042383 0.141605
v -0.044031 0.037175 0.133294
v -0.040645 0.018234 0.127210
v -0.041681 0.028375 0.128472
v -0.040643 0.017996 0.127237
v -0.043681 0.000834 0.137411
v -0.041489 0.008376 0.130737
v -0.043706 0.000787 0.137480
v -0.050895 -0.001676 0.156291
v -0.047114 -0.002449 0.146683
v -0.050895 -0.001676 0.156291
v -0.056811 0.012436 0.169540
v -0.054303 0.003952 0.164270
v -0.005658 0.014420 0.181167
v -0.005851 0.034445 0.178899
v -0.005905 0.024657 0.182025
v -0.005846 0.034608 0.178796
v -0.004778 0.045347 0.161672
v -0.005422 0.041677 0.171319
v -0.004778 0.045347 0.161672
v -0.003251 0.038673 0.142574
v -0.003999 0.043917 0.151447
v -0.003245 0.038612 0.142513
v -0.002412 0.019580 0.135852
v -0.002700 0.029748 0.137282
v -0.002410 0.019342 0.135878
v -0.002895 0.002271 0.146630
v -0.002508 0.009749 0.139548
v -0.002900 0.002225 0.146703
v -0.004341 -0.000036 0.166813
v -0.003567 -0.000915 0.156526
v -0.004341 -0.000036 0.166813
v -0.005650 0.014238 0.181104
v -0.005076 0.005686 0.175396
v 0.046701 0.014477 0.177226
v 0.046508 0.034503 0.174958
v 0.047051 0.024715 0.178039
v 0.046488 0.034666 0.174858
v 0.042845 0.045399 0.158088
v 0.044934 0.041732 0.167529
v 0.042845 0.045399 0.158088
v 0.038491 0.038719 0.139432
v 0.040547 0.043966 0.148095
v 0.038476 0.038658 0.139373
v 0.036697 0.019623 0.132908
v 0.037174 0.029792 0.134281
v 0.036700 0.019385 0.132935
v 0.038826 0.002316 0.143490
v 0.037367 0.009792 0.136547
v 0.038841 0.002271 0.143561
v 0.043281 0.000016 0.163229
v 0.040978 -0.000866 0.153173
v 0.043281 0.000016 0.163229
v 0.046684 0.014296 0.177165
v 0.045280 0.005741 0.171606
v 0.095581 0.012784 0.158127
v 0.095388 0.032809 0.155858
v 0.096489 0.023002 0.158721
v 0.095345 0.032973 0.155767
v 0.087303 0.043859 0.140716
v 0.091945 0.040103 0.149160
v 0.087303 0.043859 0.140716
v 0.077459 0.037369 0.124205
v 0.082133 0.042525 0.131845
v 0.077426 0.037308 0.124153
v 0.073209 0.018358 0.118641
v 0.074400 0.028502 0.119735
v 0.073211 0.018120 0.118668
v 0.077776 0.000967 0.128270
v 0.074592 0.008503 0.122001
v 0.077810 0.000921 0.128334
v 0.087740 -0.001524 0.145857
v 0.082565 -0.002307 0.136924
v 0.087740 -0.001524 0.145857
v 0.095541 0.012603 0.158074
v 0.092291 0.004112 0.153237
v 0.136640 0.009490 0.125565
v 0.136447 0.029515 0.123296
v 0.138016 0.019671 0.125788
v 0.136384 0.029681 0.123220
v 0.124648 0.040863 0.111100
v 0.131434 0.036936 0.117843
v 0.124648 0.040863 0.111100
v 0.110192 0.034743 0.098246
v 0.117065 0.039723 0.104142
v 0.110143 0.034684 0.098207
v 0.103878 0.015898 0.094319
v 0.105669 0.025994 0.094937
v 0.103881 0.015660 0.094346
v 0.110493 -0.001657 0.102323
v 0.105861 0.005994 0.097203
v 0.110543 -0.001705 0.102375
v 0.125084 -0.004520 0.116241
v 0.117497 -0.005109 0.109220
v 0.125084 -0.004520 0.116241
v 0.136580 0.009311 0.125528
v 0.131780 0.000945 0.121920
v 0.166229 0.004889 0.082434
v 0.166036 0.024914 0.080165
v 0.167943 0.015017 0.082164
v 0.165959 0.025082 0.080110
v 0.151560 0.036678 0.071870
v 0.159891 0.032510 0.076361
v 0.151560 0.036678 0.071870
v 0.133781 0.031075 0.063861
v 0.142239 0.035809 0.067447
v 0.133721 0.031017 0.063838
v 0.125980 0.012461 0.062102
v 0.128203 0.022490 0.062090
v 0.125982 0.012223 0.062128
v 0.134071 -0.005324 0.067955
v 0.128395 0.002490 0.064355
v 0.134132 -0.005374 0.067990
v 0.151997 -0.008705 0.077012
v 0.142670 -0.009024 0.072525
v 0.151997 -0.008705 0.077012
v 0.166155 0.004712 0.082417
v 0.160237 -0.003481 0.080439
v 0.181719 -0.000611 0.032566
v 0.181526 0.019414 0.030298
v 0.183610 0.009454 0.031728
v 0.181442 0.019584 0.030266
v 0.165649 0.031676 0.026514
v 0.174789 0.027221 0.028401
v 0.165649 0.031676 0.026514
v 0.146130 0.026690 0.024106
v 0.155418 0.031129 0.025021
v 0.146064 0.026635 0.024102
v 0.137550 0.008353 0.024852
v 0.140000 0.018301 0.024112
v 0.137553 0.008115 0.024879
v 0.146414 -0.009707 0.028219
v 0.140192 -0.001698 0.026378
v 0.146481 -0.009758 0.028235
v 0.166085 -0.013708 0.031655
v 0.155849 -0.013703 0.030099
v 0.166085 -0.013708 0.031655
v 0.181638 -0.000786 0.032573
v 0.175135 -0.008770 0.032478
v 0.181733 -0.006521 -0.019607
v 0.181541 0.013504 -0.021875
v 0.183625 0.003477 -0.021040
v 0.181456 0.013677 -0.021883
v 0.165662 0.026300 -0.020939
v 0.174803 0.021536 -0.021777
v 0.165662 0.026300 -0.020939
v 0.146142 0.021978 -0.017488
v 0.155430 0.026101 -0.019367
v 0.146076 0.021925 -0.017472
v 0.137561 0.003938 -0.014119
v 0.140011 0.013800 -0.015621
v 0.137564 0.003700 -0.014092
v 0.146425 -0.014416 -0.013355
v 0.140203 -0.006199 -0.013355
v 0.146493 -0.014470 -0.013359
v 0.166099 -0.019083 -0.015798
v 0.155861 -0.018732 -0.014288
v 0.166099 -0.019083 -0.015798
v 0.181652 -0.006693 -0.019575
v 0.175149 -0.014454 -0.017700
v 0.166271 -0.012316 -0.069450
v 0.166079 0.007709 -0.071718
v 0.167986 -0.002384 -0.071452
v 0.166002 0.007885 -0.071702
v 0.151599 0.021030 -0.066273
v 0.159932 0.015963 -0.069714
v 0.151599 0.021030 -0.066273
v 0.133815 0.017358 -0.057224
v 0.142276 0.021171 -0.061772
v 0.133755 0.017307 -0.057188
v 0.126012 -0.000390 -0.051349
v 0.128236 0.009387 -0.053580
v 0.126014 -0.000628 -0.051322
v 0.134105 -0.019034 -0.053072
v 0.128428 -0.010613 -0.051314
v 0.134166 -0.019090 -0.053095
v 0.152036 -0.024354 -0.061132
v 0.142707 -0.023662 -0.056694
v 0.152036 -0.024354 -0.061132
v 0.166198 -0.012485 -0.069394
v 0.160279 -0.020028 -0.065636
v 0.136707 -0.017481 -0.112534
v 0.136514 0.002544 -0.114802
v 0.138084 -0.007608 -0.115028
v 0.136451 0.002722 -0.114765
v 0.124709 0.016332 -0.105460
v 0.131498 0.010995 -0.111150
v 0.124709 0.016332 -0.105460
v 0.110246 0.013241 -0.091571
v 0.117123 0.016776 -0.098427
v 0.110197 0.013192 -0.091519
v 0.103929 -0.004249 -0.083531
v 0.105720 0.005453 -0.086391
v 0.103931 -0.004487 -0.083504
v 0.110547 -0.023149 -0.087402
v 0.105913 -0.014546 -0.084126
v 0.110597 -0.023208 -0.087442
v 0.125146 -0.029052 -0.100319
v 0.117554 -0.028056 -0.093349
v 0.125146 -0.029052 -0.100319
v 0.136647 -0.017648 -0.112458
v 0.131845 -0.024995 -0.107073
v 0.095667 -0.021557 -0.145030
v 0.095474 -0.001532 -0.147299
v 0.096576 -0.011731 -0.147895
v 0.095430 -0.001352 -0.147246
v 0.087381 0.012624 -0.135017
v 0.092027 0.007075 -0.142404
v 0.087381 0.012624 -0.135017
v 0.077528 0.009991 -0.117478
v 0.082206 0.013309 -0.126075
v 0.077494 0.009944 -0.117414
v 0.073273 -0.007293 -0.107805
v 0.074465 0.002349 -0.111140
v 0.073275 -0.007531 -0.107778
v 0.077844 -0.026397 -0.113297
v 0.074658 -0.017651 -0.108874
v 0.077878 -0.026457 -0.113349
v 0.087818 -0.032759 -0.129876
v 0.082638 -0.031524 -0.120996
v 0.087818 -0.032759 -0.129876
v 0.095626 -0.021722 -0.144939
v 0.092374 -0.028916 -0.138327
v 0.046797 -0.024182 -0.164052
v 0.046604 -0.004157 -0.166321
v 0.047149 -0.014386 -0.167134
v 0.046584 -0.003976 -0.166259
v 0.042932 0.010237 -0.152318
v 0.045027 0.004551 -0.160698
v 0.042932 0.010237 -0.152318
v 0.038568 0.007898 -0.132643
v 0.040629 0.011075 -0.142258
v 0.038553 0.007852 -0.132571
v 0.036770 -0.009254 -0.122013
v 0.037248 0.000350 -0.125626
v 0.036772 -0.009492 -0.121987
v 0.038903 -0.028489 -0.128454
v 0.037440 -0.019650 -0.123361
v 0.038918 -0.028550 -0.128514
v 0.043369 -0.035147 -0.147177
v 0.041061 -0.033757 -0.137180
v 0.043369 -0.035147 -0.147177
v 0.046780 -0.024346 -0.163952
v 0.045373 -0.031440 -0.156621
v -0.005559 -0.025123 -0.167910
v -0.005752 -0.005098 -0.170178
v -0.005805 -0.015337 -0.171035
v -0.005747 -0.004916 -0.170115
v -0.004688 0.009381 -0.155826
v -0.005327 0.003646 -0.164408
v -0.004688 0.009381 -0.155826
v -0.003172 0.007148 -0.135718
v -0.003915 0.010275 -0.145540
v -0.003166 0.007102 -0.135645
v -0.002339 -0.009957 -0.124895
v -0.002625 -0.000367 -0.128564
v -0.002336 -0.010195 -0.124868
v -0.002817 -0.029239 -0.131528
v -0.002433 -0.020366 -0.126298
v -0.002821 -0.029300 -0.131589
v -0.004251 -0.036002 -0.150685
v -0.003483 -0.034558 -0.140461
v -0.004251 -0.036002 -0.150685
v -0.005551 -0.025286 -0.167807
v -0.004981 -0.032345 -0.160331
v -0.056751 -0.024296 -0.156259
v -0.056943 -0.004271 -0.158528
v -0.057581 -0.014501 -0.159252
v -0.056914 -0.004089 -0.158470
v -0.051248 0.010134 -0.145230
v -0.054561 0.004442 -0.153203
v -0.051248 0.010134 -0.145230
v -0.043983 0.007808 -0.126430
v -0.047467 0.010979 -0.135628
v -0.043957 0.007762 -0.126361
v -0.040576 -0.009339 -0.116192
v -0.041611 0.000263 -0.119691
v -0.040574 -0.009577 -0.116165
v -0.043608 -0.028580 -0.122245
v -0.041418 -0.019736 -0.117426
v -0.043632 -0.028640 -0.122301
v -0.050811 -0.035250 -0.140089
v -0.047036 -0.033854 -0.130549
v -0.050811 -0.035250 -0.140089
v -0.056718 -0.024459 -0.156162
v -0.054215 -0.031549 -0.149126
v -0.102228 -0.021774 -0.130136
v -0.102421 -0.001749 -0.132405
v -0.103577 -0.011950 -0.132831
v -0.102370 -0.001569 -0.132360
v -0.092612 0.012427 -0.121470
v -0.098299 0.006867 -0.128079
v -0.092612 0.012427 -0.121470
v -0.080238 0.009818 -0.105604
v -0.086158 0.013124 -0.113403
v -0.080196 0.009771 -0.105546
v -0.074546 -0.007455 -0.096680
v -0.076245 0.002184 -0.099797
v -0.074544 -0.007693 -0.096653
v -0.079846 -0.026570 -0.101429
v -0.076053 -0.017816 -0.097531
v -0.079888 -0.026630 -0.101475
v -0.092175 -0.032956 -0.116329
v -0.085727 -0.031708 -0.108325
v -0.092175 -0.032956 -0.116329
v -0.102174 -0.021939 -0.130052
v -0.097953 -0.029124 -0.124002
v -0.137951 -0.017782 -0.091862
v -0.138144 0.002243 -0.094131
v -0.139708 -0.007913 -0.094120
v -0.138076 0.002422 -0.094104
v -0.125103 0.016058 -0.086658
v -0.132656 0.010706 -0.091269
v -0.125103 0.016058 -0.086658
v -0.108717 0.013001 -0.075091
v -0.116551 0.016521 -0.080841
v -0.108661 0.012952 -0.075047
v -0.101230 -0.004473 -0.068090
v -0.103451 0.005224 -0.070648
v -0.101227 -0.004711 -0.068063
v -0.108311 -0.023389 -0.070931
v -0.103258 -0.014775 -0.068383
v -0.108367 -0.023447 -0.070962
v -0.124666 -0.029325 -0.081517
v -0.116119 -0.028312 -0.075762
v -0.124666 -0.029325 -0.081517
v -0.137880 -0.017948 -0.091796
v -0.132310 -0.025285 -0.087192
v -0.160745 -0.012674 -0.044838
v -0.160938 0.007351 -0.047106
v -0.162762 -0.002747 -0.046559
v -0.160859 0.007527 -0.047101
v -0.145835 0.020704 -0.043888
v -0.154578 0.015619 -0.046043
v -0.145835 0.020704 -0.043888
v -0.126889 0.017073 -0.037602
v -0.135943 0.020866 -0.040833
v -0.126824 0.017022 -0.037577
v -0.118256 -0.000658 -0.032965
v -0.120810 0.009114 -0.034836
v -0.118254 -0.000896 -0.032938
v -0.126475 -0.019319 -0.033460
v -0.120617 -0.010885 -0.032571
v -0.126539 -0.019375 -0.033473
v -0.145398 -0.024680 -0.038747
v -0.135512 -0.023967 -0.035754
v -0.145398 -0.024680 -0.038747
v -0.160663 -0.012843 -0.044794
v -0.154232 -0.020372 -0.041966
v -0.126501 0.044629 -0.027576
v -0.114705 0.043804 -0.010972
v -0.136471 0.038990 -0.010715
v -0.119557 0.041854 -0.020134
v -0.125227 0.039410 -0.017468
v -0.125263 0.039947 -0.010425
v -0.131457 0.039222 -0.019994
v -0.133513 0.083881 0.113842
v -0.142352 0.071904 0.107870
v -0.120586 0.076718 0.107613
v -0.138787 0.076655 0.114601
v -0.131778 0.076055 0.114241
v -0.131143 0.072861 0.108160
v -0.125669 0.079556 0.114446
v -0.138194 0.045301 -0.030021
v -0.136471 0.038990 -0.010715
v -0.155652 0.046157 -0.019532
v -0.137304 0.039558 -0.021216
v -0.143963 0.040487 -0.021385
v -0.146684 0.041178 -0.014903
v -0.147791 0.043476 -0.026037
v -0.183980 0.086781 0.103291
v -0.194045 0.080939 0.092255
v -0.174865 0.073772 0.101072
v -0.191836 0.083358 0.100613
v -0.186578 0.079204 0.102784
v -0.185078 0.075960 0.096884
v -0.180277 0.079039 0.105927
v -0.145848 0.051858 -0.036470
v -0.155652 0.046157 -0.019532
v -0.163272 0.061950 -0.033298
v -0.151618 0.046755 -0.029261
v -0.156226 0.050993 -0.031718
v -0.160706 0.053190 -0.026718
v -0.155784 0.055390 -0.036788
v -0.217012 0.115079 0.075457
v -0.222946 0.114963 0.060557
v -0.215326 0.099170 0.074323
v -0.223585 0.116141 0.069434
v -0.222446 0.109932 0.072560
v -0.220379 0.106203 0.067137
v -0.218992 0.106623 0.077730
v -0.145881 0.061232 -0.043906
v -0.163272 0.061950 -0.033298
v -0.155767 0.078981 -0.045571
v -0.155800 0.060077 -0.040506
v -0.156278 0.066012 -0.043632
v -0.160765 0.070362 -0.040340
v -0.151697 0.069388 -0.047216
v -0.217154 0.155535 0.043364
v -0.215531 0.158057 0.027608
v -0.223037 0.141027 0.039881
v -0.219177 0.159664 0.035653
v -0.222600 0.153861 0.037711
v -0.220530 0.149438 0.032839
v -0.223701 0.149400 0.043050
v -0.138277 0.069037 -0.048850
v -0.155767 0.078981 -0.045571
v -0.136647 0.089279 -0.050609
v -0.147895 0.073290 -0.049688
v -0.144096 0.078517 -0.051553
v -0.146836 0.084659 -0.049396
v -0.137442 0.078921 -0.052442
v -0.184338 0.189218 0.022029
v -0.175270 0.190056 0.008826
v -0.194390 0.179757 0.013863
v -0.180676 0.193562 0.015077
v -0.186966 0.190437 0.014544
v -0.185460 0.185436 0.010038
v -0.192199 0.187355 0.018113
v -0.126595 0.071620 -0.048988
v -0.136647 0.089279 -0.050609
v -0.114860 0.088027 -0.046054
v -0.131600 0.080212 -0.052511
v -0.125378 0.082656 -0.051774
v -0.125435 0.089392 -0.049649
v -0.119689 0.079528 -0.050020
v -0.133920 0.200369 0.021434
v -0.121002 0.195987 0.012998
v -0.142789 0.197239 0.008443
v -0.126096 0.201974 0.017333
v -0.132219 0.202544 0.013898
v -0.131578 0.197352 0.009402
v -0.139227 0.202729 0.014588
v -0.116300 0.067774 -0.044255
v -0.114860 0.088027 -0.046054
v -0.100599 0.075811 -0.034037
v -0.114541 0.077605 -0.047654
v -0.108884 0.076493 -0.044191
v -0.106577 0.082346 -0.040979
v -0.106745 0.070926 -0.041084
v -0.089491 0.183768 0.041858
v -0.078119 0.173076 0.038172
v -0.092379 0.185293 0.026156
v -0.080976 0.180964 0.041366
v -0.083976 0.184519 0.036076
v -0.084096 0.179612 0.031230
v -0.089570 0.188327 0.034125
v -0.112210 0.059297 -0.036867
v -0.100599 0.075811 -0.034037
v -0.100538 0.058345 -0.020182
v -0.104700 0.066687 -0.037390
v -0.102331 0.062912 -0.032354
v -0.099084 0.066817 -0.027445
v -0.104667 0.057138 -0.029815
v -0.071840 0.147185 0.073745
v -0.066686 0.132042 0.072570
v -0.066747 0.149508 0.058715
v -0.066428 0.140363 0.075931
v -0.064809 0.144794 0.070700
v -0.065232 0.140515 0.065307
v -0.066465 0.150889 0.067581
v -0.116239 0.050157 -0.030280
v -0.100538 0.058345 -0.020182
v -0.114705 0.043804 -0.010972
v -0.106681 0.052568 -0.026522
v -0.108786 0.048267 -0.021800
v -0.106464 0.050073 -0.015378
v -0.114426 0.044618 -0.021486
v -0.089225 0.107736 0.102174
v -0.092054 0.092086 0.100095
v -0.077887 0.106628 0.090885
v -0.089259 0.099168 0.104853
v -0.083687 0.101959 0.101570
v -0.083812 0.098355 0.095689
v -0.080722 0.107932 0.099302
v 0.141255 -0.087394 0.014025
v 0.149747 -0.078050 0.013916
v 0.134085 -0.077040 0.013115
v 0.146968 -0.083806 0.015857
v 0.141502 -0.081357 0.016810
v 0.141898 -0.076484 0.015214
v 0.135892 -0.083091 0.015290
v 0.145803 -0.044589 -0.020919
v 0.137202 -0.047701 -0.010835
v 0.152865 -0.048711 -0.010033
v 0.140944 -0.043822 -0.015636
v 0.145446 -0.044065 -0.013278
v 0.145035 -0.047223 -0.009229
v 0.150158 -0.044417 -0.015165
v 0.128584 -0.089831 0.008158
v 0.130363 -0.077755 0.011392
v 0.120711 -0.083635 0.000472
v 0.129533 -0.084315 0.012345
v 0.124519 -0.084623 0.008947
v 0.123965 -0.079933 0.006911
v 0.122707 -0.088472 0.004624
v 0.138562 -0.045982 -0.024271
v 0.127550 -0.053581 -0.021755
v 0.137202 -0.047701 -0.010835
v 0.131646 -0.047977 -0.023736
v 0.132960 -0.046466 -0.019059
v 0.131181 -0.049888 -0.015644
v 0.137324 -0.044519 -0.017312
v 0.125568 -0.096949 -0.003723
v 0.119825 -0.085726 -0.003018
v 0.123451 -0.094067 -0.015833
v 0.121194 -0.092045 -0.001339
v 0.120476 -0.094164 -0.006977
v 0.119697 -0.090007 -0.009903
v 0.123758 -0.097943 -0.010401
v 0.136838 -0.050049 -0.031061
v 0.131176 -0.061923 -0.034570
v 0.127550 -0.053581 -0.021755
v 0.132917 -0.054918 -0.034669
v 0.129988 -0.053480 -0.030766
v 0.127883 -0.057671 -0.028634
v 0.130784 -0.050011 -0.027130
v 0.134478 -0.103388 -0.012671
v 0.126068 -0.095959 -0.018462
v 0.140243 -0.100481 -0.023523
v 0.128230 -0.101175 -0.014893
v 0.132418 -0.102794 -0.018969
v 0.132306 -0.099120 -0.022566
v 0.138253 -0.104373 -0.018471
v 0.141930 -0.053729 -0.036174
v 0.145350 -0.066445 -0.039632
v 0.131176 -0.061923 -0.034570
v 0.143801 -0.059418 -0.040203
v 0.138768 -0.059825 -0.039583
v 0.137625 -0.064711 -0.038417
v 0.135463 -0.056758 -0.037226
v 0.148604 -0.104299 -0.011948
v 0.144392 -0.100749 -0.023311
v 0.158441 -0.098047 -0.016806
v 0.145343 -0.104830 -0.018109
v 0.151352 -0.104015 -0.018001
v 0.152299 -0.100409 -0.021543
v 0.155277 -0.102920 -0.013509
v 0.150003 -0.054250 -0.035761
v 0.159399 -0.063743 -0.033127
v 0.145350 -0.066445 -0.039632
v 0.156101 -0.058089 -0.036170
v 0.152688 -0.060723 -0.038871
v 0.153071 -0.065707 -0.037627
v 0.147837 -0.059679 -0.039997
v 0.157310 -0.098997 -0.002099
v 0.160998 -0.096489 -0.013913
v 0.164342 -0.088597 -0.000740
v 0.159647 -0.100258 -0.008566
v 0.163020 -0.096908 -0.004800
v 0.164619 -0.092904 -0.007605
v 0.162011 -0.094677 0.000749
v 0.154978 -0.051219 -0.030133
v 0.162743 -0.055851 -0.019954
v 0.159399 -0.063743 -0.033127
v 0.160556 -0.051931 -0.025608
v 0.161266 -0.055498 -0.029166
v 0.162589 -0.059909 -0.026859
v 0.158589 -0.056574 -0.033356
v 0.154039 -0.091473 0.009460
v 0.163381 -0.086387 0.002655
v 0.153502 -0.079248 0.012576
v 0.160370 -0.090901 0.006550
v 0.158636 -0.086824 0.010692
v 0.159990 -0.082257 0.008753
v 0.153384 -0.085853 0.013565
v 0.153109 -0.046920 -0.023527
v 0.152865 -0.048711 -0.010033
v 0.162743 -0.055851 -0.019954
v 0.153810 -0.045582 -0.016469
v 0.158043 -0.048084 -0.017776
v 0.159013 -0.051683 -0.014220
v 0.159622 -0.049782 -0.022305
v -0.158114 0.084751 0.015483
v -0.158104 0.079533 0.008876
v -0.159376 0.082142 0.012178
v -0.149925 0.086434 0.017625
v -0.158012 0.084838 0.015594
v -0.154378 0.086386 0.017559
v -0.144886 0.082229 0.012307
v -0.149925 0.086434 0.017625
v -0.146365 0.084783 0.015539
v -0.149909 0.077850 0.006757
v -0.144886 0.082057 0.012089
v -0.146355 0.079502 0.008853
v -0.158002 0.079445 0.008766
v -0.149909 0.077850 0.006757
v -0.154363 0.077898 0.006811
v -0.153316 0.064237 0.020964
v -0.153325 0.069455 0.027570
v -0.154443 0.066384 0.024631
v -0.153235 0.069580 0.027652
v -0.146072 0.074126 0.027352
v -0.150017 0.072454 0.028569
v -0.146072 0.074126 0.027352
v -0.141608 0.071756 0.020584
v -0.142918 0.073773 0.024241
v -0.141607 0.071583 0.020366
v -0.146056 0.065542 0.016484
v -0.142908 0.068492 0.017554
v -0.146056 0.065542 0.016484
v -0.153225 0.064187 0.020824
v -0.150001 0.063966 0.017821
v -0.140016 0.052447 0.030296
v -0.140026 0.057665 0.036902
v -0.140741 0.054238 0.034244
v -0.139967 0.057818 0.036961
v -0.135370 0.064639 0.034861
v -0.137902 0.061715 0.037069
v -0.135370 0.064639 0.034861
v -0.132501 0.063682 0.026974
v -0.133343 0.065285 0.030958
v -0.132500 0.063510 0.026756
v -0.135354 0.056054 0.023993
v -0.133334 0.060004 0.024272
v -0.135354 0.056054 0.023993
v -0.139958 0.052426 0.030133
v -0.137887 0.053226 0.026321
v -0.121252 0.046862 0.034734
v -0.121261 0.052080 0.041341
v -0.121410 0.048484 0.038817
v -0.121249 0.052247 0.041388
v -0.120270 0.060145 0.038433
v -0.120811 0.056628 0.041112
v -0.120270 0.060145 0.038433
v -0.119652 0.059858 0.030013
v -0.119836 0.061264 0.034153
v -0.119652 0.059686 0.029795
v -0.120255 0.051560 0.027564
v -0.119826 0.055984 0.027467
v -0.120255 0.051560 0.027564
v -0.121239 0.046854 0.034561
v -0.120795 0.048139 0.030364
v -0.101321 0.048762 0.033262
v -0.101331 0.053980 0.039869
v -0.100878 0.050442 0.037300
v -0.101367 0.054143 0.039920
v -0.104233 0.061674 0.037248
v -0.102657 0.058359 0.039771
v -0.104233 0.061674 0.037248
v -0.106005 0.061159 0.029005
v -0.105489 0.062633 0.033094
v -0.106005 0.060987 0.028787
v -0.104217 0.053090 0.026380
v -0.105479 0.057352 0.026407
v -0.104217 0.053090 0.026380
v -0.101357 0.048750 0.033092
v -0.102641 0.049870 0.029023
v -0.084791 0.057713 0.026217
v -0.084801 0.062930 0.032824
v -0.083848 0.059662 0.030042
v -0.084877 0.063071 0.032892
v -0.090931 0.068876 0.031579
v -0.087600 0.066511 0.033354
v -0.090931 0.068876 0.031579
v -0.094686 0.067288 0.024181
v -0.093589 0.069075 0.028022
v -0.094686 0.067116 0.023963
v -0.090915 0.060292 0.020711
v -0.093579 0.063795 0.021336
v -0.090915 0.060292 0.020711
v -0.084868 0.057678 0.026064
v -0.087584 0.058022 0.022606
v -0.075448 0.071662 0.015213
v -0.075457 0.076880 0.021819
v -0.074223 0.074033 0.018706
v -0.075557 0.076987 0.021914
v -0.083412 0.080101 0.022724
v -0.079089 0.079217 0.023330
v -0.083412 0.080101 0.022724
v -0.088289 0.076840 0.016646
v -0.086863 0.079117 0.020100
v -0.088288 0.076668 0.016428
v -0.083397 0.071517 0.011856
v -0.086853 0.073836 0.013414
v -0.083397 0.071517 0.011856
v -0.075547 0.071594 0.015087
v -0.079074 0.070729 0.012583
v -0.075431 0.087416 0.002770
v -0.075441 0.092634 0.009377
v -0.074206 0.090263 0.005887
v -0.075541 0.092702 0.009502
v -0.083400 0.092778 0.012712
v -0.079075 0.093567 0.011997
v -0.083400 0.092778 0.012712
v -0.088278 0.087627 0.008126
v -0.086851 0.090458 0.011143
v -0.088277 0.087454 0.007908
v -0.083384 0.084194 0.001843
v -0.086842 0.085177 0.004457
v -0.083384 0.084194 0.001843
v -0.075531 0.087309 0.002675
v -0.079059 0.085078 0.001249
v -0.084746 0.101364 -0.008260
v -0.084756 0.106582 -0.001654
v -0.083802 0.104632 -0.005476
v -0.084833 0.106616 -0.001501
v -0.090895 0.104002 0.003836
v -0.087559 0.106272 0.001949
v -0.090895 0.104002 0.003836
v -0.094656 0.097177 0.000573
v -0.093557 0.100499 0.003203
v -0.094656 0.097005 0.000355
v -0.090879 0.095418 -0.007033
v -0.093547 0.095218 -0.003483
v -0.090879 0.095418 -0.007033
v -0.084823 0.101223 -0.008329
v -0.087544 0.097783 -0.008798
v -0.101258 0.110312 -0.015351
v -0.101268 0.115530 -0.008745
v -0.100813 0.113850 -0.012782
v -0.101304 0.115542 -0.008575
v -0.104182 0.111202 -0.001871
v -0.102599 0.114422 -0.004510
v -0.104182 0.111202 -0.001871
v -0.105962 0.103304 -0.004283
v -0.105443 0.106940 -0.001902
v -0.105962 0.103132 -0.004500
v -0.104166 0.102618 -0.012739
v -0.105433 0.101659 -0.008588
v -0.104166 0.102618 -0.012739
v -0.101295 0.110149 -0.015403
v -0.102584 0.105933 -0.015257
v -0.121185 0.112209 -0.016879
v -0.121194 0.117427 -0.010273
v -0.121341 0.115805 -0.014355
v -0.121182 0.117435 -0.010099
v -0.120216 0.112729 -0.003100
v -0.120750 0.116150 -0.005901
v -0.120216 0.112729 -0.003100
v -0.119606 0.104603 -0.005329
v -0.119787 0.108306 -0.003001
v -0.119606 0.104431 -0.005546
v -0.120201 0.104145 -0.013968
v -0.119778 0.103025 -0.009688
v -0.120201 0.104145 -0.013968
v -0.121172 0.112042 -0.016927
v -0.120734 0.107661 -0.016649
v -0.139960 0.106622 -0.012493
v -0.139970 0.111840 -0.005886
v -0.140684 0.110049 -0.009837
v -0.139912 0.111861 -0.005724
v -0.135325 0.108232 0.000430
v -0.137852 0.111061 -0.001906
v -0.135325 0.108232 0.000430
v -0.132463 0.100777 -0.002325
v -0.133303 0.104283 0.000156
v -0.132462 0.100605 -0.002543
v -0.135309 0.099648 -0.010439
v -0.133294 0.099002 -0.006530
v -0.135309 0.099648 -0.010439
v -0.139902 0.106468 -0.012551
v -0.137836 0.102572 -0.012654
v -0.153284 0.094829 -0.003198
v -0.153294 0.100047 0.003408
v -0.154410 0.097900 -0.000261
v -0.153204 0.100097 0.003549
v -0.146047 0.098743 0.007909
v -0.149988 0.100319 0.006560
v -0.146047 0.098743 0.007909
v -0.141586 0.092703 0.004039
v -0.142895 0.095794 0.006847
v -0.141586 0.092530 0.003821
v -0.146031 0.090159 -0.002959
v -0.142885 0.090513 0.000161
v -0.146031 0.090159 -0.002959
v -0.153194 0.094704 -0.003279
v -0.149973 0.091830 -0.004187
v 0.108255 -0.050454 -0.015215
v 0.108303 -0.056588 -0.010928
v 0.107153 -0.053533 -0.013077
v 0.115521 -0.048396 -0.016565
v 0.108346 -0.050350 -0.015287
v 0.111563 -0.048495 -0.016544
v 0.120031 -0.053291 -0.013089
v 0.115521 -0.048396 -0.016565
v 0.118698 -0.050303 -0.015193
v 0.115599 -0.058486 -0.009512
v 0.120033 -0.053493 -0.012947
v 0.118746 -0.056510 -0.010855
v 0.108395 -0.056689 -0.010856
v 0.115599 -0.058486 -0.009512
v 0.111641 -0.058473 -0.009570
v 0.112289 -0.046884 0.002910
v 0.112242 -0.040751 -0.001376
v 0.111263 -0.043529 0.001191
v 0.112322 -0.040671 -0.001482
v 0.118707 -0.040640 -0.005503
v 0.115184 -0.039681 -0.003972
v 0.118707 -0.040640 -0.005503
v 0.122726 -0.046731 -0.003733
v 0.121537 -0.043392 -0.005338
v 0.122728 -0.046933 -0.003592
v 0.118786 -0.050730 0.001549
v 0.121585 -0.049600 -0.000999
v 0.118786 -0.050730 0.001549
v 0.112371 -0.047010 0.002948
v 0.115262 -0.049659 0.003002
v 0.123673 -0.039312 0.013617
v 0.123626 -0.033179 0.009330
v 0.123000 -0.035722 0.012230
v 0.123677 -0.033119 0.009197
v 0.127807 -0.034588 0.003055
v 0.125526 -0.032802 0.005754
v 0.127807 -0.034588 0.003055
v 0.130422 -0.041612 0.003505
v 0.129644 -0.038000 0.002287
v 0.130424 -0.041814 0.003647
v 0.127885 -0.044678 0.010107
v 0.129692 -0.044208 0.006625
v 0.127885 -0.044678 0.010107
v 0.123726 -0.039457 0.013628
v 0.125603 -0.042781 0.012728
v 0.139847 -0.035607 0.018739
v 0.139800 -0.029474 0.014452
v 0.139676 -0.031902 0.017511
v 0.139811 -0.029423 0.014306
v 0.140735 -0.031626 0.007149
v 0.140218 -0.029437 0.010406
v 0.140735 -0.031626 0.007149
v 0.141357 -0.039107 0.006968
v 0.141162 -0.035361 0.005934
v 0.141358 -0.039309 0.007109
v 0.140813 -0.041716 0.014201
v 0.141210 -0.041569 0.010273
v 0.140813 -0.041716 0.014201
v 0.139860 -0.035761 0.018737
v 0.140296 -0.039415 0.017380
v 0.157106 -0.036617 0.017102
v 0.157058 -0.030483 0.012816
v 0.157471 -0.032943 0.015824
v 0.157026 -0.030430 0.012674
v 0.154529 -0.032433 0.005840
v 0.155896 -0.030354 0.008920
v 0.154529 -0.032433 0.005840
v 0.153024 -0.039790 0.005861
v 0.153453 -0.036081 0.004769
v 0.153026 -0.039992 0.006003
v 0.154608 -0.042523 0.012893
v 0.153501 -0.042288 0.009107
v 0.154608 -0.042523 0.012893
v 0.157075 -0.036769 0.017104
v 0.155974 -0.040332 0.015894
v 0.171496 -0.042111 0.009082
v 0.171448 -0.035977 0.004796
v 0.172307 -0.038607 0.007555
v 0.171380 -0.035910 0.004674
v 0.166031 -0.036824 -0.000570
v 0.168968 -0.035344 0.001634
v 0.166031 -0.036824 -0.000570
v 0.162752 -0.043504 0.000440
v 0.163700 -0.039993 -0.000943
v 0.162754 -0.043706 0.000581
v 0.166109 -0.046915 0.006483
v 0.163749 -0.046200 0.003396
v 0.166109 -0.046915 0.006483
v 0.171429 -0.042249 0.009104
v 0.169045 -0.045322 0.008608
v 0.179720 -0.050830 -0.003484
v 0.179672 -0.044696 -0.007770
v 0.180786 -0.047597 -0.005401
v 0.179583 -0.044607 -0.007860
v 0.172605 -0.043794 -0.010614
v 0.176439 -0.043265 -0.009781
v 0.172605 -0.043794 -0.010614
v 0.168312 -0.049398 -0.008056
v 0.169557 -0.046202 -0.009891
v 0.168313 -0.049600 -0.007914
v 0.172683 -0.053884 -0.003561
v 0.169605 -0.052410 -0.005553
v 0.172683 -0.053884 -0.003561
v 0.179632 -0.050946 -0.003430
v 0.176516 -0.053243 -0.002807
v 0.179894 -0.060777 -0.017717
v 0.179846 -0.054643 -0.022004
v 0.180966 -0.057852 -0.020076
v 0.179757 -0.054529 -0.022058
v 0.172744 -0.051744 -0.021991
v 0.176597 -0.052301 -0.022710
v 0.172744 -0.051744 -0.021991
v 0.168430 -0.056123 -0.017678
v 0.169681 -0.053286 -0.020028
v 0.168431 -0.056325 -0.017536
v 0.172822 -0.061834 -0.014938
v 0.169730 -0.059493 -0.015689
v 0.172822 -0.061834 -0.014938
v 0.179806 -0.060868 -0.017628
v 0.176675 -0.062279 -0.015736
v 0.171979 -0.069673 -0.030357
v 0.171931 -0.063539 -0.034644
v 0.172805 -0.067024 -0.033109
v 0.171862 -0.063403 -0.034666
v 0.166418 -0.058855 -0.032094
v 0.169407 -0.060382 -0.034193
v 0.166418 -0.058855 -0.032094
v 0.163079 -0.062137 -0.026223
v 0.164045 -0.059621 -0.029029
v 0.163080 -0.062339 -0.026082
v 0.166496 -0.068945 -0.025042
v 0.164093 -0.065828 -0.024691
v 0.166496 -0.068945 -0.025042
v 0.171911 -0.069741 -0.030236
v 0.169485 -0.070360 -0.027219
v 0.157788 -0.075480 -0.038508
v 0.157740 -0.069347 -0.042795
v 0.158174 -0.073012 -0.041513
v 0.157706 -0.069195 -0.042797
v 0.155074 -0.063497 -0.038609
v 0.156516 -0.065657 -0.041597
v 0.155074 -0.063497 -0.038609
v 0.153485 -0.066063 -0.031734
v 0.153938 -0.063757 -0.034834
v 0.153486 -0.066265 -0.031592
v 0.155153 -0.073587 -0.031557
v 0.153987 -0.069964 -0.030495
v 0.155153 -0.073587 -0.031557
v 0.157755 -0.075534 -0.038367
v 0.156593 -0.075635 -0.034623
v 0.140571 -0.076868 -0.040303
v 0.140523 -0.070735 -0.044590
v 0.140423 -0.074443 -0.043363
v 0.140533 -0.070580 -0.044587
v 0.141313 -0.064606 -0.040044
v 0.140876 -0.066918 -0.043228
v 0.141313 -0.064606 -0.040044
v 0.141846 -0.067001 -0.032947
v 0.141678 -0.064745 -0.036112
v 0.141847 -0.067203 -0.032806
v 0.141391 -0.074696 -0.032991
v 0.141726 -0.070953 -0.031773
v 0.141391 -0.074696 -0.032991
v 0.140582 -0.076919 -0.040157
v 0.140953 -0.076896 -0.036253
v 0.124273 -0.073519 -0.035330
v 0.124226 -0.067386 -0.039617
v 0.123619 -0.070990 -0.038236
v 0.124276 -0.067239 -0.039627
v 0.128286 -0.061929 -0.036069
v 0.126071 -0.063876 -0.038710
v 0.128286 -0.061929 -0.036069
v 0.130828 -0.064737 -0.029585
v 0.130071 -0.062360 -0.032571
v 0.130829 -0.064939 -0.029444
v 0.128364 -0.072019 -0.029017
v 0.130120 -0.068568 -0.028232
v 0.128364 -0.072019 -0.029017
v 0.124325 -0.073578 -0.035197
v 0.126148 -0.073854 -0.031736
v 0.112628 -0.066200 -0.024729
v 0.112580 -0.060066 -0.029016
v 0.111612 -0.063444 -0.027306
v 0.112660 -0.059939 -0.029053
v 0.118978 -0.056079 -0.027596
v 0.115492 -0.057227 -0.029080
v 0.118978 -0.056079 -0.027596
v 0.122955 -0.059789 -0.022418
v 0.121778 -0.057148 -0.025021
v 0.122957 -0.059991 -0.022277
v 0.119056 -0.066169 -0.020543
v 0.121826 -0.063355 -0.020683
v 0.119056 -0.066169 -0.020543
v 0.112709 -0.066277 -0.024622
v 0.115570 -0.067205 -0.022106
vn -0.9683 -0.1851 0.1679
vn -0.9720 0.1995 0.1243
vn -0.7645 0.6433 0.0419
vn -0.4644 0.8851 -0.0312
vn 0.0172 0.9930 -0.1165
vn 0.3988 0.9023 -0.1639
vn 0.7865 0.5888 -0.1866
vn 0.9556 0.2392 -0.1721
vn 0.9603 -0.2534 -0.1163
vn 0.7979 -0.6005 -0.0519
vn 0.4162 -0.9083 0.0412
vn 0.0363 -0.9934 0.1085
vn -0.4475 -0.8783 0.1685
vn -0.7522 -0.6320 0.1864
vn -0.8822 -0.1528 0.4455
vn -0.8859 0.2318 0.4019
vn -0.6971 0.6685 0.2589
vn -0.4240 0.9002 0.0993
vn 0.0148 0.9921 -0.1242
vn 0.3626 0.8887 -0.2805
vn 0.7161 0.5624 -0.4133
vn 0.8706 0.2073 -0.4463
vn 0.8753 -0.2853 -0.3905
vn 0.7276 -0.6269 -0.2786
vn 0.3800 -0.9219 -0.0754
vn 0.0339 -0.9943 0.1008
vn -0.4070 -0.8631 0.2990
vn -0.6849 -0.6068 0.4034
vn -0.7175 -0.1240 0.6854
vn -0.7212 0.2605 0.6419
vn -0.5684 0.6910 0.4465
vn -0.3466 0.9137 0.2120
vn 0.0103 0.9914 -0.1308
vn 0.2934 0.8766 -0.3813
vn 0.5817 0.5389 -0.6093
vn 0.7080 0.1789 -0.6832
vn 0.7127 -0.3137 -0.6274
vn 0.5931 -0.6504 -0.4746
vn 0.3109 -0.9340 -0.1762
vn 0.0294 -0.9951 0.0942
vn -0.3296 -0.8496 0.4118
vn -0.5562 -0.5843 0.5910
vn -0.4889 -0.1013 0.8664
vn -0.4926 0.2832 0.8229
vn -0.3897 0.7088 0.5880
vn -0.2391 0.9244 0.2971
vn 0.0040 0.9907 -0.1358
vn 0.1974 0.8671 -0.4573
vn 0.3950 0.5204 -0.7571
vn 0.4822 0.1565 -0.8620
vn 0.4870 -0.3361 -0.8061
vn 0.4065 -0.6689 -0.6224
vn 0.2148 -0.9435 -0.2522
vn 0.0231 -0.9957 0.0892
vn -0.2222 -0.8389 0.4969
vn -0.3775 -0.5666 0.7325
vn -0.2167 -0.0867 0.9724
vn -0.2204 0.2979 0.9288
vn -0.1770 0.7202 0.6708
vn -0.1112 0.9313 0.3469
vn -0.0035 0.9903 -0.1387
vn 0.0831 0.8610 -0.5018
vn 0.1728 0.5084 -0.8436
vn 0.2135 0.1421 -0.9666
vn 0.2182 -0.3506 -0.9108
vn 0.1842 -0.6809 -0.7089
vn 0.1005 -0.9497 -0.2967
vn 0.0156 -0.9961 0.0863
vn -0.0942 -0.8320 0.5467
vn -0.1647 -0.5551 0.8153
vn 0.0749 -0.0815 0.9939
vn 0.0712 0.3031 0.9503
vn 0.0510 0.7243 0.6876
vn 0.0258 0.9337 0.3570
vn -0.0116 0.9902 -0.1393
vn -0.0394 0.8588 -0.5109
vn -0.0654 0.5042 -0.8611
vn -0.0745 0.1369 -0.9878
vn -0.0698 -0.3557 -0.9320
vn -0.0539 -0.6851 -0.7264
vn -0.0220 -0.9519 -0.3058
vn 0.0075 -0.9963 0.0857
vn 0.0428 -0.8296 0.5567
vn 0.0632 -0.5511 0.8321
vn 0.3600 -0.0861 0.9290
vn 0.3563 0.2985 0.8854
vn 0.2738 0.7207 0.6369
vn 0.1599 0.9316 0.3265
vn -0.0194 0.9903 -0.1375
vn -0.1592 0.8607 -0.4836
vn -0.2982 0.5079 -0.8081
vn -0.3560 0.1414 -0.9237
vn -0.3513 -0.3512 -0.8679
vn -0.2867 -0.6814 -0.6734
vn -0.1417 -0.9499 -0.2785
vn -0.0003 -0.9962 0.0875
vn 0.1768 -0.8317 0.5263
vn 0.2861 -0.5547 0.7814
vn 0.6133 -0.1001 0.7835
vn 0.6096 0.2844 0.7399
vn 0.4718 0.7097 0.5231
vn 0.2789 0.9250 0.2581
vn -0.0264 0.9907 -0.1335
vn -0.2655 0.8666 -0.4225
vn -0.5050 0.5194 -0.6893
vn -0.6062 0.1553 -0.7800
vn -0.6014 -0.3373 -0.7242
vn -0.4936 -0.6699 -0.5546
vn -0.2481 -0.9440 -0.2174
vn -0.0073 -0.9958 0.0915
vn 0.2959 -0.8383 0.4579
vn 0.4841 -0.5656 0.6676
vn 0.8123 -0.1223 0.5703
vn 0.8086 0.2622 0.5267
vn 0.6273 0.6923 0.3565
vn 0.3724 0.9145 0.1579
vn -0.0319 0.9913 -0.1277
vn -0.3491 0.8759 -0.3330
vn -0.6675 0.5375 -0.5153
vn -0.8026 0.1773 -0.5695
vn -0.7979 -0.3154 -0.5137
vn -0.6561 -0.6518 -0.3805
vn -0.3317 -0.9347 -0.1278
vn -0.0128 -0.9952 0.0974
vn 0.3894 -0.8488 0.3577
vn 0.6396 -0.5830 0.5010
vn 0.9392 -0.1508 0.3084
vn 0.9355 0.2338 0.2648
vn 0.7266 0.6701 0.1518
vn 0.4321 0.9012 0.0348
vn -0.0354 0.9921 -0.1204
vn -0.4024 0.8879 -0.2229
vn -0.7712 0.5608 -0.3014
vn -0.9280 0.2053 -0.3109
vn -0.9233 -0.2873 -0.2551
vn -0.7597 -0.6285 -0.1667
vn -0.3850 -0.9227 -0.0178
vn -0.0163 -0.9944 0.1046
vn 0.4490 -0.8622 0.2346
vn 0.7389 -0.6052 0.2963
vn 0.9829 -0.1829 0.0210
vn 0.9792 0.2016 -0.0226
vn 0.7607 0.6450 -0.0728
vn 0.4526 0.8861 -0.1002
vn -0.0366 0.9930 -0.1125
vn -0.4208 0.9014 -0.1022
vn -0.8068 0.5870 -0.0667
vn -0.9711 0.2371 -0.0271
vn -0.9664 -0.2555 0.0287
vn -0.7954 -0.6023 0.0680
vn -0.4034 -0.9092 0.1029
vn -0.0175 -0.9935 0.1125
vn 0.4696 -0.8773 0.0995
vn 0.7730 -0.6304 0.0716
vn 0.9394 -0.2159 -0.2663
vn 0.9357 0.1687 -0.3099
vn 0.7267 0.6192 -0.2974
vn 0.4322 0.8706 -0.2353
vn -0.0354 0.9939 -0.1046
vn -0.4025 0.9152 0.0185
vn -0.7713 0.6139 0.1679
vn -0.9282 0.2696 0.2566
vn -0.9234 -0.2230 0.3124
vn -0.7599 -0.5754 0.3026
vn -0.3851 -0.8954 0.2236
vn -0.0163 -0.9926 0.1205
vn 0.4491 -0.8928 -0.0355
vn 0.7390 -0.6561 -0.1530
vn 0.8126 -0.2468 -0.5280
vn 0.8089 0.1378 -0.5716
vn 0.6276 0.5951 -0.5020
vn 0.3726 0.8561 -0.3583
vn -0.0319 0.9947 -0.0973
vn -0.3493 0.9282 0.1284
vn -0.6677 0.6391 0.3816
vn -0.8029 0.3001 0.5150
vn -0.7982 -0.1925 0.5708
vn -0.6563 -0.5502 0.5163
vn -0.3318 -0.8824 0.3335
vn -0.0128 -0.9917 0.1277
vn 0.3895 -0.9073 -0.1585
vn 0.6399 -0.6803 -0.3575
vn 0.6137 -0.2728 -0.7409
vn 0.6100 0.1118 -0.7844
vn 0.4722 0.5747 -0.6684
vn 0.2791 0.8438 -0.4583
vn -0.0264 0.9955 -0.0915
vn -0.2657 0.9391 0.2178
vn -0.5054 0.6604 0.5554
vn -0.6066 0.3258 0.7252
vn -0.6018 -0.1668 0.7810
vn -0.4939 -0.5289 0.6901
vn -0.2483 -0.8715 0.4229
vn -0.0073 -0.9910 0.1336
vn 0.2961 -0.9195 -0.2586
vn 0.4844 -0.7006 -0.5239
vn 0.3605 -0.2917 -0.8860
vn 0.3568 0.0929 -0.9295
vn 0.2742 0.5600 -0.7818
vn 0.1601 0.8350 -0.5265
vn -0.0195 0.9960 -0.0875
vn -0.1594 0.9471 0.2787
vn -0.2986 0.6758 0.6739
vn -0.3565 0.3444 0.8685
vn -0.3518 -0.1482 0.9243
vn -0.2872 -0.5135 0.8086
vn -0.1419 -0.8636 0.4838
vn -0.0003 -0.9905 0.1376
vn 0.1771 -0.9284 -0.3268
vn 0.2865 -0.7154 -0.6373
vn 0.0754 -0.3017 -0.9504
vn 0.0717 0.0829 -0.9940
vn 0.0514 0.5521 -0.8322
vn 0.0261 0.8302 -0.5568
vn -0.0116 0.9963 -0.0857
vn -0.0396 0.9513 0.3058
vn -0.0658 0.6840 0.7265
vn -0.0750 0.3544 0.9321
vn -0.0703 -0.1383 0.9879
vn -0.0544 -0.5053 0.8612
vn -0.0222 -0.8593 0.5109
vn 0.0075 -0.9902 0.1393
vn 0.0431 -0.9331 -0.3571
vn 0.0637 -0.7232 -0.6877
vn -0.2162 -0.3020 -0.9285
vn -0.2199 0.0825 -0.9720
vn -0.1766 0.5519 -0.8150
vn -0.1110 0.8301 -0.5465
vn -0.0035 0.9963 -0.0863
vn 0.0829 0.9514 0.2966
vn 0.1723 0.6843 0.7086
vn 0.2129 0.3547 0.9104
vn 0.2177 -0.1379 0.9662
vn 0.1838 -0.5050 0.8433
vn 0.1003 -0.8592 0.5017
vn 0.0156 -0.9902 0.1387
vn -0.0940 -0.9332 -0.3467
vn -0.1643 -0.7235 -0.6705
vn -0.4884 -0.2926 -0.8221
vn -0.4921 0.0920 -0.8656
vn -0.3894 0.5593 -0.7319
vn -0.2389 0.8345 -0.4965
vn 0.0040 0.9960 -0.0892
vn 0.1972 0.9474 0.2519
vn 0.3946 0.6766 0.6217
vn 0.4818 0.3454 0.8054
vn 0.4865 -0.1473 0.8612
vn 0.4061 -0.5127 0.7564
vn 0.2146 -0.8632 0.4570
vn 0.0231 -0.9905 0.1358
vn -0.2219 -0.9288 -0.2967
vn -0.3771 -0.7161 -0.5874
vn -0.7171 -0.2742 -0.6407
vn -0.7208 0.1103 -0.6843
vn -0.5681 0.5736 -0.5901
vn -0.3464 0.8431 -0.4112
vn 0.0103 0.9955 -0.0942
vn 0.2933 0.9397 0.1757
vn 0.5814 0.6616 0.4736
vn 0.7076 0.3272 0.6263
vn 0.7123 -0.1654 0.6821
vn 0.5928 -0.5277 0.6083
vn 0.3107 -0.8709 0.3808
vn 0.0294 -0.9910 0.1308
vn -0.3294 -0.9202 -0.2115
vn -0.5559 -0.7017 -0.4456
vn -0.8819 -0.2486 -0.4005
vn -0.8856 0.1359 -0.4441
vn -0.6969 0.5936 -0.4023
vn -0.4239 0.8552 -0.2983
vn 0.0148 0.9948 -0.1009
vn 0.3625 0.9290 0.0748
vn 0.7159 0.6407 0.2775
vn 0.8703 0.3019 0.3891
vn 0.8751 -0.1907 0.4449
vn 0.7274 -0.5486 0.4122
vn 0.3799 -0.8816 0.2799
vn 0.0339 -0.9917 0.1242
vn -0.4069 -0.9081 -0.0986
vn -0.6847 -0.6817 -0.2578
vn -0.9719 0.1666 -0.1663
vn -0.9682 -0.2180 -0.1227
vn -0.4644 0.8696 -0.1678
vn -0.7644 0.6176 -0.1852
vn 0.3987 0.9161 -0.0419
vn 0.0172 0.9939 -0.1085
vn 0.9555 0.2717 0.1148
vn 0.7864 0.6156 0.0506
vn 0.7978 -0.5737 0.1854
vn 0.9603 -0.2209 0.1706
vn 0.0363 -0.9925 0.1165
vn 0.4162 -0.8945 0.1633
vn -0.7521 -0.6578 -0.0407
vn -0.4474 -0.8937 0.0320
vn -0.8968 0.4036 -0.1814
vn -0.8968 0.4339 0.0860
vn -0.8886 -0.4206 0.1828
vn -0.8886 -0.4508 -0.0846
vn -0.0000 0.9864 0.1644
vn -1.0000 -0.0000 -0.0000
vn 0.6134 0.7688 -0.1811
vn 0.6135 0.7897 0.0049
vn 0.9888 -0.0073 -0.1489
vn 0.9887 0.0262 0.1473
vn 0.6281 -0.7781 -0.0058
vn 0.6283 -0.7569 0.1801
vn -0.1622 -0.9733 0.1622
vn -0.0000 -0.0000 1.0000
vn -0.8094 -0.3908 0.4383
vn -0.8176 0.4635 0.3415
vn -0.0000 1.0000 -0.0000
vn 0.5583 0.7480 -0.3587
vn 0.9011 -0.0403 -0.4318
vn 0.5731 -0.7987 -0.1835
vn -0.6579 -0.3643 0.6591
vn -0.6661 0.4900 0.5623
vn 0.4529 0.7297 -0.5122
vn 0.7332 -0.0695 -0.6764
vn 0.4677 -0.8171 -0.3370
vn -0.6000 -0.0000 0.8000
vn -0.4475 -0.3433 0.8257
vn -0.4558 0.5108 0.7290
vn 0.3066 0.7151 -0.6281
vn 0.5002 -0.0927 -0.8609
vn 0.3215 -0.8316 -0.4529
vn -0.4472 -0.0000 0.8944
vn -0.1970 -0.3299 0.9232
vn -0.2052 0.5244 0.8263
vn -0.0000 0.9999 -0.0134
vn 0.1324 0.7059 -0.6958
vn 0.2228 -0.1076 -0.9689
vn 0.1473 -0.8409 -0.5207
vn -0.1927 -0.0000 0.9812
vn 0.0713 -0.3250 0.9430
vn 0.0631 0.5291 0.8462
vn -0.0030 1.0000 -0.0000
vn -0.0542 0.7026 -0.7095
vn -0.0744 -0.1129 -0.9908
vn -0.0393 -0.8443 -0.5344
vn 0.0794 -0.0000 0.9968
vn 0.3337 -0.3295 0.8832
vn 0.3254 0.5252 0.7863
vn 1.0000 -0.0000 -0.0000
vn -0.2366 0.7055 -0.6680
vn -0.3651 -0.1083 -0.9247
vn -0.2218 -0.8413 -0.4930
vn 0.2334 -0.0000 0.9724
vn 0.5668 -0.3423 0.7493
vn 0.5586 0.5120 0.6525
vn 0.2148 0.9478 -0.2356
vn -0.3987 0.7144 -0.5750
vn -0.6232 -0.0940 -0.7764
vn -0.3838 -0.8324 -0.3998
vn 0.3834 -0.6184 0.6860
vn 0.7499 -0.3627 0.5532
vn 0.7417 0.4915 0.4564
vn 0.3365 0.9385 0.0771
vn -0.5260 0.7286 -0.4386
vn -0.8260 -0.0713 -0.5591
vn -0.5111 -0.8182 -0.2634
vn 0.3180 -0.8480 0.4240
vn 0.8667 -0.3891 0.3121
vn 0.8585 0.4654 0.2153
vn 0.1801 0.9587 -0.2203
vn -0.6072 0.7469 -0.2710
vn -0.9554 -0.0423 -0.2921
vn -0.5924 -0.7999 -0.0958
vn 0.4324 -0.8237 0.3667
vn 0.9069 -0.4186 0.0477
vn 0.8987 0.4358 -0.0491
vn -0.0000 0.9867 -0.1624
vn -0.6352 0.7674 -0.0872
vn -1.0000 -0.0096 0.0008
vn -0.6204 -0.7793 0.0881
vn 0.3124 -0.9487 -0.0492
vn 0.8669 -0.4490 -0.2167
vn 0.8587 0.4054 -0.3135
vn -0.0000 0.9888 -0.1489
vn -0.6073 0.7886 0.0967
vn -0.9556 0.0241 0.2937
vn -0.5925 -0.7582 0.2720
vn 0.3162 -0.9487 -0.0000
vn 0.7502 -0.4773 -0.4576
vn 0.7420 0.3770 -0.5544
vn 0.4773 0.8561 -0.1982
vn -0.5263 0.8082 0.2642
vn -0.8264 0.0555 0.5604
vn -0.5114 -0.7385 0.4395
vn 0.1044 -0.9875 0.1183
vn 0.5672 -0.5013 -0.6534
vn 0.5590 0.3532 -0.7502
vn 0.4951 0.6191 -0.6096
vn -0.3989 0.8250 0.4004
vn -0.6237 0.0821 0.7774
vn -0.3841 -0.7219 0.5756
vn 0.2408 -0.9631 -0.1204
vn 0.3342 -0.5185 -0.7870
vn 0.3260 0.3356 -0.8838
vn 0.0519 0.9718 -0.2299
vn -0.2369 0.8371 0.4931
vn -0.3656 0.1013 0.9253
vn -0.2221 -0.7099 0.6684
vn 0.0624 -0.9981 -0.0000
vn 0.0718 -0.5281 -0.8461
vn 0.0636 0.3264 -0.9431
vn 0.0005 0.9822 -0.1877
vn -0.0545 0.8435 0.5344
vn -0.0750 0.1115 0.9909
vn -0.0396 -0.7035 0.7096
vn 0.0156 -0.9999 -0.0000
vn -0.1965 -0.5281 -0.8261
vn -0.2048 0.3262 -0.9229
vn -0.0484 -0.9639 -0.2620
vn 0.1321 0.8437 0.5204
vn 0.2222 0.1118 0.9686
vn 0.1469 -0.7033 0.6955
vn -0.0680 0.9977 -0.0000
vn -0.4471 -0.5195 -0.7282
vn -0.4553 0.3349 -0.8250
vn -0.0316 0.8692 -0.4935
vn 0.3063 0.8376 0.4523
vn 0.4997 0.1023 0.8601
vn 0.3210 -0.7094 0.6274
vn -0.0000 -1.0000 -0.0000
vn -0.6575 -0.5027 -0.5613
vn -0.6657 0.3518 -0.6581
vn -0.2684 0.9525 -0.1440
vn 0.4526 0.8259 0.3363
vn 0.7328 0.0836 0.6753
vn 0.4675 -0.7209 0.5116
vn -0.8092 -0.4789 -0.3402
vn -0.8175 0.3752 -0.4370
vn -0.0000 0.9701 -0.2425
vn 0.5580 0.8095 0.1826
vn 0.9008 0.0574 0.4304
vn 0.5729 -0.7374 0.3578
vn 0.2161 -0.8562 -0.4693
vn 0.3439 -0.9388 0.0177
vn 0.0845 -0.9962 0.0207
vn -0.0556 0.0385 0.9977
vn 0.0564 -0.8295 0.5556
vn 0.3111 -0.7732 0.5526
vn -0.0490 -0.8581 -0.5111
vn -0.1945 -0.9802 -0.0376
vn -0.4231 -0.8948 -0.1427
vn -0.4425 0.0920 0.8920
vn -0.5887 -0.7215 0.3644
vn -0.3643 -0.8054 0.4676
vn -0.2365 -0.7237 -0.6483
vn -0.6058 -0.7383 -0.2966
vn -0.6966 -0.5501 -0.4606
vn -0.6703 0.3349 0.6622
vn -0.9533 -0.3008 -0.0287
vn -0.8641 -0.4856 0.1324
vn -0.2587 -0.5158 -0.8167
vn -0.6974 -0.3264 -0.6381
vn -0.6079 -0.1234 -0.7844
vn -0.6324 0.6536 0.4158
vn -0.8666 0.2357 -0.4398
vn -0.9544 0.0364 -0.2962
vn -0.1051 -0.3318 -0.9375
vn -0.4265 0.0628 -0.9023
vn -0.1986 0.1855 -0.9624
vn -0.3465 0.8989 0.2680
vn -0.3693 0.6370 -0.6766
vn -0.5930 0.5165 -0.6177
vn 0.1524 -0.2577 -0.9541
vn 0.0802 0.2472 -0.9656
vn 0.3398 0.2323 -0.9114
vn 0.0535 0.9561 0.2881
vn 0.3059 0.7153 -0.6283
vn 0.0510 0.7300 -0.6816
vn 0.3933 -0.3282 -0.8589
vn 0.5855 0.1405 -0.7984
vn 0.7554 -0.0051 -0.6552
vn 0.3806 0.7983 0.4667
vn 0.8432 0.4340 -0.3174
vn 0.6763 0.5769 -0.4580
vn 0.5048 -0.5103 -0.6962
vn 0.8530 -0.2074 -0.4789
vn 0.8537 -0.4155 -0.3138
vn 0.4816 0.4995 0.7201
vn 0.9910 -0.0753 0.1105
vn 0.9903 0.1290 -0.0516
vn 0.4348 -0.7188 -0.5424
vn 0.7576 -0.6336 -0.1566
vn 0.5888 -0.8069 -0.0468
vn 0.3094 0.1994 0.9298
vn 0.6803 -0.5744 0.4553
vn 0.8461 -0.4042 0.3475
vn -0.0468 -0.9976 -0.0503
vn 0.0671 -0.8326 -0.5498
vn -0.1748 -0.7584 0.6279
vn -0.1859 0.2358 0.9539
vn 0.3429 -0.9006 0.2670
vn 0.0749 -0.9599 0.2701
vn -0.5176 -0.8512 0.0871
vn -0.2815 -0.9394 0.1956
vn -0.4951 -0.8301 -0.2564
vn -0.1186 -0.7632 -0.6352
vn -0.7628 -0.5387 0.3576
vn -0.4294 0.3268 0.8419
vn -0.8446 -0.4570 -0.2789
vn -0.7508 -0.6514 -0.1095
vn -0.6733 -0.4610 -0.5781
vn -0.1924 -0.6103 -0.7685
vn -0.9964 -0.0546 -0.0644
vn -0.5262 0.5274 0.6671
vn -0.7532 0.0384 -0.6566
vn -0.8456 -0.1713 -0.5056
vn -0.4978 -0.0629 -0.8650
vn -0.1197 -0.4454 -0.8873
vn -0.7663 0.4675 -0.4407
vn -0.4309 0.7436 0.5113
vn -0.2861 0.4030 -0.8693
vn -0.5215 0.2763 -0.8073
vn -0.0509 0.1778 -0.9827
vn 0.0654 -0.3457 -0.9361
vn -0.1802 0.7832 -0.5951
vn -0.1881 0.8744 0.4473
vn 0.3381 0.4664 -0.8174
vn 0.0699 0.4818 -0.8735
vn 0.4583 0.1486 -0.8763
vn 0.2764 -0.3578 -0.8920
vn 0.4877 0.7448 -0.4554
vn 0.0886 0.8585 0.5051
vn 0.8274 0.1987 -0.5253
vn 0.6519 0.3491 -0.6732
vn 0.7917 -0.1370 -0.5954
vn 0.4144 -0.4761 -0.7756
vn 0.9248 0.3703 -0.0871
vn 0.2696 0.7034 0.6577
vn 0.9528 -0.2746 -0.1296
vn 0.9520 -0.0596 -0.3001
vn 0.7931 -0.5452 -0.2716
vn 0.4150 -0.6452 -0.6415
vn 0.9267 -0.1651 0.3376
vn 0.2704 0.4816 0.8336
vn 0.6556 -0.7322 0.1846
vn 0.8300 -0.5532 0.0712
vn 0.4619 -0.8851 -0.0563
vn 0.2778 -0.7860 -0.5523
vn 0.4924 -0.6109 0.6200
vn 0.0905 0.2969 0.9506
vn 0.1271 -0.6162 -0.7773
vn -0.1271 0.6162 0.7773
vn 0.9363 0.3511 -0.0000
vn -0.9981 0.0624 -0.0000
vn -0.1174 -0.4121 0.9035
vn 0.2022 0.2237 0.9535
vn -0.2677 0.2540 0.9294
vn 0.0479 0.9967 -0.0661
vn -0.1613 0.8253 0.5411
vn 0.2099 0.8014 0.5601
vn -0.5263 -0.5135 0.6777
vn -0.6057 0.1890 0.7729
vn -0.8953 0.0126 0.4453
vn -0.3103 0.9177 -0.2481
vn -0.7864 0.6098 0.0988
vn -0.5577 0.7491 0.3576
vn -0.5901 -0.7597 0.2730
vn -0.9758 -0.1773 0.1283
vn -0.8670 -0.4275 -0.2561
vn -0.3808 0.7091 -0.5934
vn -0.7948 0.1894 -0.5765
vn -0.8807 0.3871 -0.2729
vn -0.2608 -0.9654 -0.0058
vn -0.6293 -0.5993 -0.4948
vn -0.2041 -0.7350 -0.6467
vn -0.1104 0.5281 -0.8420
vn -0.1802 -0.1192 -0.9764
vn -0.5161 -0.0120 -0.8565
vn 0.2137 -0.9756 0.0512
vn 0.1728 -0.7593 -0.6274
vn 0.5943 -0.6782 -0.4323
vn 0.2973 0.5108 -0.8067
vn 0.5946 -0.0836 -0.7997
vn 0.2617 -0.1477 -0.9538
vn 0.4760 -0.7826 0.4011
vn 0.8266 -0.5367 -0.1695
vn 0.9269 -0.3000 0.2257
vn 0.5352 0.6704 -0.5140
vn 0.9462 0.2693 -0.1794
vn 0.8670 0.0823 -0.4915
vn 0.3287 -0.5319 0.7804
vn 0.8396 -0.0993 0.5341
vn 0.5433 0.1149 0.8317
vn 0.4242 0.8866 -0.1844
vn 0.6098 0.6738 0.4173
vn 0.8439 0.5046 0.1822
vn -0.4419 0.1836 0.8781
vn -0.2591 -0.5553 0.7902
vn -0.3509 0.8431 0.4076
vn -0.0853 0.9719 -0.2195
vn 0.2459 0.6058 0.7567
vn -0.2418 0.6372 0.7318
vn -0.8730 0.4025 0.2756
vn -0.6345 0.5477 0.5453
vn -0.9423 -0.1213 0.3119
vn -0.4829 -0.6917 0.5370
vn -0.0000 0.2425 -0.9701
vn -0.2803 0.8531 -0.4400
vn -0.8886 -0.0520 -0.4556
vn -0.9782 0.1540 -0.1390
vn -0.7543 -0.5538 -0.3526
vn -0.3988 -0.8851 0.2398
vn -0.6447 0.1497 -0.7497
vn -0.2070 0.6847 -0.6988
vn -0.2276 -0.3885 -0.8929
vn -0.5777 -0.2767 -0.7679
vn -0.0194 -0.7883 -0.6150
vn -0.0701 -0.9900 0.1225
vn 0.0464 -0.0708 -0.9964
vn 0.0792 0.5933 -0.8010
vn 0.6125 -0.3535 -0.7070
vn 0.2654 -0.4203 -0.8677
vn 0.7090 -0.6482 -0.2777
vn 0.2557 -0.9273 0.2733
vn 0.7314 0.0609 -0.6793
vn 0.3630 0.6479 -0.6697
vn 0.9989 0.0265 -0.0379
vn 0.9163 -0.1684 -0.3633
vn 0.8824 -0.2390 0.4052
vn 0.3332 -0.7443 0.5788
vn 0.8944 0.4472 -0.0000
vn 0.4305 0.8073 -0.4037
vn 0.6407 0.4655 0.6106
vn 0.8848 0.2891 0.3655
vn 0.3702 0.1312 0.9196
vn 0.1041 -0.5788 0.8088
vn 0.2310 0.9515 -0.2033
vn -0.0815 -0.8457 0.5274
vn -0.4286 0.5983 0.6771
vn 0.4306 0.5428 0.7210
vn 0.0815 0.8457 -0.5274
vn -0.9581 0.2757 0.0780
vn -0.7591 -0.1819 -0.6250
vn 0.0184 -0.4300 -0.9027
vn 0.7891 -0.2817 -0.5458
vn 0.9726 0.1512 0.1768
vn -0.9318 -0.3542 -0.0790
vn -0.9325 -0.0065 0.3612
vn -0.5618 0.3975 0.7255
vn -0.0184 0.6164 0.7872
vn 0.5923 0.6055 0.5316
vn 0.9170 0.3808 0.1185
vn 0.9178 -0.0258 -0.3962
vn 0.5941 -0.3760 -0.7111
vn -0.0161 -0.6231 -0.7820
vn -0.5599 -0.6145 -0.5557
vn -0.7187 -0.6734 0.1734
vn -0.7193 -0.3257 0.6136
vn -0.4335 0.2054 0.8774
vn -0.0145 0.6105 0.7919
vn 0.4566 0.8086 0.3709
vn 0.7072 0.6949 -0.1299
vn 0.7080 0.2884 -0.6447
vn 0.4584 -0.1729 -0.8718
vn -0.0122 -0.6290 -0.7773
vn -0.4317 -0.8066 -0.4039
vn -0.3408 -0.8782 0.3357
vn -0.3414 -0.5305 0.7759
vn -0.2062 0.0822 0.9751
vn -0.0075 0.6067 0.7949
vn 0.2162 0.9390 0.2677
vn 0.3353 0.8965 -0.2896
vn 0.3361 0.4899 -0.8044
vn 0.2180 -0.0426 -0.9750
vn -0.0052 -0.6328 -0.7743
vn -0.2043 -0.9298 -0.3062
vn 0.1153 -0.9216 0.3707
vn 0.1146 -0.5739 0.8109
vn 0.0682 0.0561 0.9961
vn 0.0010 0.6059 0.7956
vn -0.0740 0.9666 0.2454
vn -0.1135 0.9392 -0.3241
vn -0.1127 0.5326 -0.8388
vn -0.0722 -0.0149 -0.9973
vn 0.0033 -0.6336 -0.7737
vn 0.0701 -0.9559 -0.2852
vn 0.5449 -0.7937 0.2703
vn 0.5443 -0.4460 0.7105
vn 0.3268 0.1330 0.9357
vn 0.0090 0.6082 0.7937
vn -0.3475 0.8852 0.3093
vn -0.5364 0.8133 -0.2253
vn -0.5356 0.4068 -0.7400
vn -0.3457 -0.0963 -0.9334
vn 0.0112 -0.6312 -0.7755
vn 0.3286 -0.8790 -0.3456
vn 0.8499 -0.5238 0.0576
vn 0.8492 -0.1761 0.4978
vn 0.5102 0.2954 0.8077
vn 0.0146 0.6132 0.7898
vn -0.5415 0.7135 0.4447
vn -0.8365 0.5477 -0.0159
vn -0.8358 0.1412 -0.5306
vn -0.5397 -0.2680 -0.7980
vn 0.0169 -0.6262 -0.7795
vn 0.5121 -0.7166 -0.4736
vn 0.9602 -0.1738 -0.2188
vn 0.9595 0.1739 0.2214
vn 0.5766 0.5060 0.6414
vn 0.0167 0.6197 0.7846
vn -0.6117 0.4907 0.6205
vn -0.9451 0.2032 0.2561
vn -0.9443 -0.2034 -0.2587
vn -0.6099 -0.4908 -0.6222
vn 0.0189 -0.6197 -0.7846
vn 0.5785 -0.5060 -0.6398
vn 0.8506 0.1763 -0.4954
vn 0.8500 0.5240 -0.0552
vn 0.5107 0.7167 0.4750
vn 0.0146 0.6262 0.7795
vn -0.5420 0.2680 0.7965
vn -0.8372 -0.1413 0.5283
vn -0.8365 -0.5479 0.0136
vn -0.5402 -0.7136 -0.4462
vn 0.0169 -0.6132 -0.7897
vn 0.5125 -0.2953 -0.8063
vn 0.5462 0.4461 -0.7090
vn 0.5456 0.7938 -0.2688
vn 0.3275 0.8790 0.3465
vn 0.0090 0.6312 0.7756
vn -0.3483 0.0963 0.9324
vn -0.5376 -0.4069 0.7385
vn -0.5369 -0.8134 0.2238
vn -0.3465 -0.8853 -0.3103
vn 0.0113 -0.6082 -0.7937
vn 0.3294 -0.1330 -0.9348
vn 0.1168 0.5739 -0.8105
vn 0.1161 0.9216 -0.3703
vn 0.0691 0.9559 0.2854
vn 0.0010 0.6336 0.7737
vn -0.0750 0.0149 0.9971
vn -0.1150 -0.5327 0.8385
vn -0.1142 -0.9392 0.3237
vn -0.0732 -0.9666 -0.2456
vn 0.0033 -0.6059 -0.7956
vn 0.0710 -0.0561 -0.9959
vn -0.3393 0.5304 -0.7768
vn -0.3400 0.8781 -0.3367
vn -0.2053 0.9298 0.3056
vn -0.0074 0.6328 0.7743
vn 0.2152 0.0426 0.9756
vn 0.3339 -0.4899 0.8053
vn 0.3347 -0.8964 0.2906
vn 0.2170 -0.9389 -0.2671
vn -0.0052 -0.6067 -0.7949
vn -0.2034 -0.0822 -0.9756
vn -0.7176 0.3256 -0.6156
vn -0.7183 0.6733 -0.1754
vn -0.4329 0.8065 0.4027
vn -0.0144 0.6290 0.7773
vn 0.4560 0.1729 0.8730
vn 0.7062 -0.2883 0.6466
vn 0.7070 -0.6948 0.1319
vn 0.4578 -0.8086 -0.3697
vn -0.0122 -0.6105 -0.7920
vn -0.4311 -0.2055 -0.8786
vn -0.9321 0.3540 0.0764
vn -0.9315 0.0064 -0.3638
vn -0.0184 0.6231 0.7820
vn -0.5616 0.6144 0.5542
vn 0.9167 0.0259 0.3988
vn 0.5920 0.3761 0.7128
vn 0.5938 -0.6054 -0.5299
vn 0.9174 -0.3806 -0.1160
vn -0.5597 -0.3976 -0.7271
vn -0.0161 -0.6164 -0.7873
vn -0.7939 0.5107 0.3301
vn -0.7943 0.2037 0.5724
vn -0.7929 -0.5108 -0.3323
vn -0.7925 -0.2039 -0.5747
vn 0.9711 0.1879 -0.1469
vn 0.9707 -0.1877 0.1497
vn -0.0000 0.2829 0.9592
vn -0.6114 -0.7826 -0.1173
vn -0.6127 -0.0680 0.7874
vn 0.7491 0.5205 -0.4099
vn -0.2897 -0.9569 0.0208
vn -0.2910 -0.2423 0.9255
vn 0.3554 0.7338 -0.5790
vn -0.0000 -0.4472 -0.8944
vn 0.0985 -0.9939 0.0505
vn 0.0972 -0.2793 0.9553
vn -0.0000 0.8944 0.4472
vn -0.1197 0.7790 -0.6155
vn -0.1240 -0.0000 -0.9923
vn 0.4643 -0.8850 -0.0349
vn 0.4630 -0.1704 0.8698
vn -0.5674 0.6458 -0.5109
vn 0.7239 -0.6552 -0.2160
vn 0.7226 0.0594 0.6887
vn -0.8851 0.3646 -0.2893
vn 0.8178 -0.3572 -0.4513
vn 0.8165 0.3574 0.4535
vn -1.0000 -0.0001 -0.0014
vn 0.7245 -0.0593 -0.6868
vn 0.7231 0.6554 0.2180
vn -0.8858 -0.3648 0.2868
vn 0.4654 0.1705 -0.8685
vn 0.4641 0.8851 0.0362
vn -0.0000 0.1991 0.9800
vn -0.5687 -0.6459 0.5093
vn 0.0998 0.2793 -0.9550
vn 0.0985 0.9939 -0.0502
vn -0.1213 -0.7790 0.6151
vn -0.2885 0.2423 -0.9263
vn -0.2898 0.9569 -0.0215
vn 0.3538 -0.7337 0.5801
vn -0.6106 0.0679 -0.7891
vn -0.6119 0.7825 0.1156
vn 0.7480 -0.5203 0.4121
vn -0.9324 -0.1085 0.3447
vn -0.9360 0.3512 0.0233
vn -0.5673 0.7421 -0.3570
vn -0.0237 0.8217 -0.5694
vn 0.5894 0.5717 -0.5707
vn 0.9174 0.1494 -0.3690
vn 0.9215 -0.3882 0.0068
vn 0.5995 -0.7262 0.3365
vn -0.0110 -0.8172 0.5762
vn -0.5569 -0.5961 0.5784
vn -0.7230 0.1268 0.6791
vn -0.7266 0.5866 0.3577
vn -0.4413 0.8837 -0.1557
vn -0.0198 0.8261 -0.5632
vn 0.4562 0.4220 -0.7835
vn 0.7113 -0.0823 -0.6981
vn 0.7154 -0.6199 -0.3223
vn 0.4663 -0.8760 0.1237
vn -0.0071 -0.8129 0.5824
vn -0.4309 -0.4545 0.7796
vn -0.3476 0.2805 0.8947
vn -0.3511 0.7402 0.5734
vn -0.2154 0.9762 -0.0260
vn -0.0128 0.8290 -0.5592
vn 0.2173 0.3242 -0.9207
vn 0.3418 -0.2335 -0.9103
vn 0.3459 -0.7711 -0.5346
vn 0.2274 -0.9737 -0.0135
vn -0.0001 -0.8100 0.5864
vn -0.2050 -0.3620 0.9093
vn 0.1079 0.3172 0.9422
vn 0.1043 0.7769 0.6209
vn 0.0587 0.9983 0.0026
vn -0.0044 0.8296 -0.5583
vn -0.0726 0.3008 -0.9509
vn -0.1065 -0.2696 -0.9571
vn -0.1024 -0.8072 -0.5813
vn -0.0625 -0.9971 -0.0437
vn 0.0083 -0.8094 0.5873
vn 0.0690 -0.3399 0.9379
vn 0.5391 0.2286 0.8106
vn 0.5355 0.6883 0.4893
vn 0.3181 0.9450 -0.0766
vn 0.0036 0.8280 -0.5607
vn -0.3469 0.3572 -0.8672
vn -0.5309 -0.1824 -0.8276
vn -0.5267 -0.7200 -0.4518
vn -0.3369 -0.9407 0.0400
vn 0.0163 -0.8110 0.5848
vn 0.3285 -0.3933 0.8588
vn 0.8472 0.0350 0.5302
vn 0.8436 0.4947 0.2088
vn 0.5035 0.8285 -0.2453
vn 0.0093 0.8244 -0.5659
vn -0.5430 0.4804 -0.6887
vn -0.8341 0.0082 -0.5516
vn -0.8299 -0.5295 -0.1758
vn -0.5329 -0.8175 0.2184
vn 0.0220 -0.8146 0.5796
vn 0.5138 -0.5098 0.6900
vn 0.9616 -0.2194 0.1651
vn 0.9580 0.2404 -0.1563
vn 0.5723 0.6754 -0.4650
vn 0.0114 0.8197 -0.5727
vn -0.6158 0.6423 -0.4564
vn -0.9467 0.2584 -0.1922
vn -0.9425 -0.2792 0.1835
vn -0.6057 -0.6557 0.4508
vn 0.0242 -0.8193 0.5729
vn 0.5827 -0.6628 0.4703
vn 0.8561 -0.4761 -0.2010
vn 0.8526 -0.0163 -0.5224
vn 0.5089 0.5210 -0.6853
vn 0.0095 0.8149 -0.5795
vn -0.5487 0.8056 -0.2234
vn -0.8429 0.5111 0.1681
vn -0.8387 -0.0265 0.5439
vn -0.5386 -0.4923 0.6838
vn 0.0222 -0.8241 0.5661
vn 0.5192 -0.8172 0.2500
vn 0.5549 -0.6764 -0.4843
vn 0.5514 -0.2166 -0.8056
vn 0.3276 0.4005 -0.8557
vn 0.0039 0.8112 -0.5847
vn -0.3570 0.9331 -0.0432
vn -0.5465 0.7083 0.4469
vn -0.5423 0.1706 0.8227
vn -0.3470 -0.3648 0.8640
vn 0.0166 -0.8278 0.5608
vn 0.3380 -0.9378 0.0796
vn 0.1270 -0.7744 -0.6198
vn 0.1235 -0.3146 -0.9411
vn 0.0702 0.3415 -0.9373
vn -0.0040 0.8094 -0.5872
vn -0.0847 0.9955 0.0431
vn -0.1254 0.8047 0.5803
vn -0.1212 0.2671 0.9560
vn -0.0747 -0.3024 0.9502
vn 0.0087 -0.8296 0.5583
vn 0.0806 -0.9967 -0.0019
vn -0.3295 -0.7477 -0.5765
vn -0.3331 -0.2879 -0.8978
vn -0.2046 0.3576 -0.9112
vn -0.0125 0.8099 -0.5864
vn 0.2058 0.9785 0.0155
vn 0.3240 0.7784 0.5376
vn 0.3282 0.2408 0.9134
vn 0.2159 -0.3195 0.9227
vn 0.0002 -0.8291 0.5591
vn -0.1942 -0.9807 0.0241
vn -0.7102 -0.6024 -0.3643
vn -0.7138 -0.1426 -0.6857
vn -0.4336 0.4450 -0.7836
vn -0.0196 0.8126 -0.5825
vn 0.4481 0.8860 -0.1195
vn 0.6987 0.6354 0.3288
vn 0.7029 0.0978 0.7046
vn 0.4581 -0.4119 0.7877
vn -0.0068 -0.8264 0.5630
vn -0.4232 -0.8932 0.1518
vn -0.9314 0.0881 -0.3532
vn -0.9278 -0.3717 -0.0319
vn -0.0236 0.8169 -0.5763
vn -0.5645 0.5838 -0.5835
vn 0.9128 0.4084 0.0016
vn 0.5865 0.7392 -0.3311
vn 0.5966 -0.5587 0.5761
vn 0.9170 -0.1292 0.3774
vn -0.5541 -0.7544 0.3518
vn -0.0109 -0.8221 0.5692
vn -0.7950 0.3518 -0.4942
vn -0.7990 0.5758 -0.1736
vn -0.7917 -0.3691 0.4868
vn -0.7877 -0.5931 0.1663
vn 0.9733 -0.1264 -0.1917
vn 0.9685 0.1477 0.2006
vn -0.6134 -0.1688 0.7716
vn -0.6207 0.7761 0.1111
vn 0.7551 -0.3716 -0.5401
vn -0.9839 -0.1787 -0.0000
vn -0.2938 -0.0380 0.9551
vn -0.3011 0.9069 0.2947
vn -0.0000 -0.0000 -1.0000
vn 0.3640 -0.5317 -0.7647
vn 0.0940 -0.0067 0.9955
vn 0.0867 0.9382 0.3351
vn -0.2425 -0.9701 -0.0000
vn -0.1106 -0.5699 -0.8142
vn 0.4610 -0.0823 0.8836
vn 0.4538 0.8627 0.2231
vn -0.8581 0.3853 -0.3394
vn -0.5598 -0.4777 -0.6771
vn -0.4866 -0.8736 -0.0000
vn 0.7233 -0.2471 0.6448
vn 0.7160 0.6979 -0.0156
vn 0.9701 0.2425 -0.0000
vn -0.8807 -0.2759 -0.3850
vn -0.9800 -0.1991 -0.0000
vn 0.8207 -0.4635 0.3340
vn 0.8134 0.4814 -0.3265
vn -0.9999 -0.0109 -0.0046
vn 0.7310 -0.6820 0.0223
vn 0.7236 0.2629 -0.6381
vn -0.9701 0.2425 -0.0000
vn -0.8901 0.2565 0.3768
vn 0.4746 -0.8525 -0.2189
vn 0.4673 0.0923 -0.8793
vn -0.5763 0.4651 0.6720
vn 0.1103 -0.9360 -0.3342
vn 0.1030 0.0089 -0.9946
vn -0.1240 0.9923 -0.0000
vn -0.1305 0.5673 0.8131
vn -0.2784 -0.9133 -0.2973
vn -0.2857 0.0316 -0.9578
vn 0.3452 0.5395 0.7680
vn -0.6025 -0.7896 -0.1167
vn -0.6098 0.1554 -0.7772
vn 0.7418 0.3880 0.5470
vn 0.4822 0.1565 -0.8619
vn 0.4491 -0.8622 0.2346
vn -0.2220 -0.9288 -0.2967
vn 0.7076 0.3273 0.6263
vn -0.8969 0.4338 0.0860
vn -0.8887 -0.4205 0.1828
vn -0.8886 -0.4509 -0.0846
vn -0.3406 0.9300 -0.1381
vn 0.6134 0.7687 -0.1811
vn 0.6133 0.7898 0.0049
vn 0.6282 -0.7780 -0.0059
vn 0.6281 -0.7570 0.1801
vn -0.9505 -0.0000 -0.3106
vn -0.0000 -0.9836 0.1806
vn -0.8177 0.4635 0.3415
vn 0.5582 0.7482 -0.3587
vn 0.9010 -0.0402 -0.4318
vn 0.5731 -0.7987 -0.1834
vn -0.4570 -0.7927 0.4035
vn -0.6578 -0.3645 0.6591
vn -0.8944 -0.0000 0.4472
vn 0.4528 0.7298 -0.5123
vn 0.7332 -0.0696 -0.6764
vn -0.6739 -0.0000 0.7388
vn -0.4475 -0.3436 0.8256
vn -0.4557 0.5109 0.7289
vn 0.3065 0.7153 -0.6280
vn -0.0924 0.9839 0.1530
vn -0.1970 -0.3301 0.9232
vn -0.2053 0.5242 0.8265
vn -0.0156 0.9999 -0.0000
vn 0.1324 0.7059 -0.6959
vn 0.2228 -0.1075 -0.9689
vn 0.1473 -0.8410 -0.5207
vn -0.0086 -0.9948 0.1020
vn 0.0713 -0.3253 0.9429
vn 0.0631 0.5293 0.8461
vn -0.0542 0.7025 -0.7096
vn -0.0393 -0.8442 -0.5345
vn 0.3337 -0.3294 0.8832
vn 0.3255 0.5248 0.7865
vn -0.0326 0.9995 -0.0000
vn -0.2366 0.7054 -0.6681
vn -0.3651 -0.1082 -0.9247
vn -0.2217 -0.8414 -0.4929
vn 0.0609 -0.9751 0.2133
vn 0.5668 -0.3423 0.7494
vn 0.5586 0.5119 0.6526
vn 0.1238 0.9904 0.0619
vn -0.6232 -0.0939 -0.7764
vn 0.5450 -0.0000 0.8384
vn 0.7499 -0.3629 0.5531
vn -0.5259 0.7288 -0.4385
vn -0.8260 -0.0714 -0.5591
vn 0.5525 -0.7892 0.2681
vn 0.8585 0.4654 0.2154
vn -0.0000 0.9864 -0.1644
vn -0.5925 -0.7999 -0.0958
vn 0.1622 -0.9733 0.1622
vn -0.6351 0.7675 -0.0871
vn -0.6204 -0.7794 0.0881
vn 0.1545 -0.9384 0.3090
vn 0.8669 -0.4489 -0.2167
vn 0.5963 0.7454 -0.2981
vn -0.6074 0.7885 0.0967
vn -0.9556 0.0240 0.2936
vn -0.1261 -0.9500 0.2857
vn 0.5547 -0.0000 -0.8321
vn -0.5262 0.8083 0.2642
vn -0.5113 -0.7386 0.4394
vn 0.2425 -0.9701 -0.0000
vn 0.5672 -0.5012 -0.6535
vn 0.5590 0.3530 -0.7503
vn 0.1693 0.9029 -0.3950
vn -0.3990 0.8249 0.4004
vn -0.6237 0.0820 0.7774
vn -0.3841 -0.7218 0.5757
vn 0.0891 -0.9944 0.0576
vn 0.3342 -0.5187 -0.7869
vn 0.3259 0.3359 -0.8837
vn 0.0307 0.9824 -0.1842
vn -0.2370 0.8369 0.4933
vn -0.3656 0.1012 0.9253
vn -0.2220 -0.7099 0.6684
vn -0.0003 -1.0000 -0.0000
vn 0.0718 -0.5278 -0.8463
vn 0.0636 0.3266 -0.9430
vn -0.0000 0.9351 -0.3543
vn -0.0750 0.1116 0.9909
vn -0.0396 -0.7036 0.7095
vn -0.0105 -0.9999 -0.0098
vn -0.2048 0.3261 -0.9229
vn -0.0078 0.9954 -0.0953
vn 0.1320 0.8437 0.5203
vn 0.2222 0.1119 0.9686
vn 0.1469 -0.7034 0.6954
vn -0.4470 -0.5196 -0.7281
vn -0.5547 -0.0000 -0.8321
vn 0.4997 0.1022 0.8601
vn 0.3211 -0.7093 0.6275
vn -0.4199 -0.8275 0.3728
vn -0.6576 -0.5025 -0.5613
vn -0.6658 0.3517 -0.6581
vn -0.1204 0.9631 -0.2408
vn 0.4525 0.8259 0.3362
vn 0.7328 0.0835 0.6753
vn 0.4675 -0.7210 0.5115
vn -0.0663 -0.9978 -0.0000
vn -0.8092 -0.4790 -0.3402
vn -0.8174 0.3754 -0.4370
vn -0.9487 -0.0000 0.3162
vn 0.5582 0.8093 0.1827
vn 0.9008 0.0575 0.4304
vn 0.5730 -0.7373 0.3578
vn -0.9853 -0.0000 0.1711
vn 0.1545 -0.8698 -0.4685
vn 0.4227 -0.9035 0.0709
vn -0.0007 -0.9971 0.0759
vn 0.0567 0.0633 0.9964
vn -0.0522 -0.8863 0.4601
vn 0.4314 -0.7794 0.4544
vn -0.1033 -0.8379 -0.5360
vn -0.1392 -0.9892 0.0470
vn -0.5123 -0.8497 -0.1245
vn -0.3436 0.0550 0.9375
vn -0.6597 -0.7167 0.2263
vn -0.2335 -0.8759 0.4222
vn -0.2581 -0.6790 -0.6872
vn -0.6029 -0.7721 -0.2009
vn -0.7511 -0.4649 -0.4687
vn -0.6310 0.2534 0.7332
vn -0.9476 -0.2641 -0.1795
vn -0.7783 -0.6150 0.1263
vn -0.2374 -0.4677 -0.8514
vn -0.7515 -0.3539 -0.5568
vn -0.6055 -0.0226 -0.7955
vn -0.6711 0.5657 0.4791
vn -0.7814 0.2596 -0.5675
vn -0.9481 -0.1188 -0.2948
vn -0.0510 -0.3027 -0.9517
vn -0.5155 0.0699 -0.8541
vn -0.1436 0.2702 -0.9520
vn -0.4452 0.8458 0.2940
vn -0.2387 0.6094 -0.7561
vn -0.6635 0.3806 -0.6442
vn 0.2140 -0.2612 -0.9412
vn -0.0052 0.3008 -0.9537
vn 0.4186 0.2764 -0.8651
vn -0.0589 0.9625 0.2646
vn 0.4265 0.6216 -0.6570
vn -0.0576 0.6495 -0.7582
vn 0.4336 -0.3627 -0.8249
vn 0.5405 0.2309 -0.8090
vn 0.8179 -0.0068 -0.5753
vn 0.3070 0.8614 0.4047
vn 0.9029 0.2906 -0.3167
vn 0.5861 0.5620 -0.5836
vn 0.5050 -0.5597 -0.6571
vn 0.8664 -0.1071 -0.4878
vn 0.8676 -0.4469 -0.2183
vn 0.4813 0.5896 0.6486
vn 0.9677 -0.2289 0.1057
vn 0.9663 0.1592 -0.2021
vn 0.3948 -0.7600 -0.5163
vn 0.8198 -0.5551 -0.1402
vn 0.5443 -0.8380 0.0389
vn 0.3824 0.2744 0.8823
vn 0.5905 -0.6937 0.4125
vn 0.9052 -0.3706 0.2078
vn -0.5215 0.2762 -0.8073
vn -0.1096 -0.9592 0.2608
vn 0.5097 -0.8222 0.2535
vn -0.6554 -0.7552 0.0099
vn -0.8722 -0.3059 -0.3818
vn -0.6586 0.1787 -0.7310
vn -0.1146 0.4717 -0.8743
vn 0.5053 0.4361 -0.7447
vn 0.9110 0.0885 -0.4028
vn 0.9127 -0.4085 -0.0086
vn -0.0288 -0.4178 0.9081
vn 0.2844 0.2775 0.9177
vn -0.3383 0.3177 0.8858
vn 0.0871 0.9941 -0.0641
vn -0.2607 0.7738 0.5773
vn 0.2977 0.7378 0.6058
vn -0.4717 -0.4802 0.7395
vn -0.5508 0.2768 0.7874
vn -0.9345 0.0431 0.3533
vn -0.2861 0.9324 -0.2208
vn -0.8532 0.5165 0.0729
vn -0.5091 0.7261 0.4622
vn -0.6107 -0.7125 0.3455
vn -0.9851 -0.0763 0.1540
vn -0.8409 -0.4080 -0.3555
vn -0.3898 0.7300 -0.5613
vn -0.7831 0.0795 -0.6168
vn -0.9123 0.3769 -0.1600
vn -0.3410 -0.9398 0.0228
vn -0.6915 -0.5159 -0.5056
vn -0.1280 -0.6957 -0.7068
vn -0.1458 0.5394 -0.8293
vn -0.1031 -0.2079 -0.9727
vn -0.6084 -0.0467 -0.7923
vn 0.1342 -0.9908 0.0144
vn 0.1089 -0.7110 -0.6947
vn 0.6675 -0.6036 -0.4361
vn 0.2621 0.5040 -0.8230
vn 0.6747 -0.1295 -0.7266
vn 0.1739 -0.2258 -0.9585
vn 0.4571 -0.8273 0.3266
vn 0.8135 -0.5147 -0.2709
vn 0.9464 -0.2009 0.2528
vn 0.5268 0.6506 -0.5470
vn 0.9646 0.2558 -0.0640
vn 0.8454 -0.0255 -0.5335
vn 0.3846 -0.5723 0.7243
vn 0.8916 -0.0747 0.4467
vn 0.4988 0.2091 0.8411
vn 0.4489 0.8687 -0.2093
vn 0.5483 0.6579 0.5163
vn 0.9005 0.4034 0.1626
vn 0.1946 0.6078 0.7699
vn -0.1923 0.6328 0.7501
vn -0.8933 0.3866 0.2293
vn -0.5927 0.5697 0.5693
vn -0.8215 0.5564 -0.1248
vn -0.8639 -0.0702 -0.4988
vn -0.9768 0.1895 -0.0997
vn -0.1758 -0.3893 -0.9042
vn -0.6171 -0.2485 -0.7466
vn -0.0701 -0.9900 0.1224
vn -0.0000 -0.0624 -0.9981
vn 0.6529 -0.3304 -0.6816
vn 0.2154 -0.4146 -0.8841
vn 0.9981 0.0621 0.0013
vn 0.8939 -0.1836 -0.4089
vn 0.8944 0.4457 -0.0370
vn 0.5999 0.4928 0.6303
vn 0.9075 0.2705 0.3214
vn 0.4128 0.7938 0.4467
vn -0.9943 0.1066 -0.0000
vn 0.9998 0.0221 -0.0000
vn -0.9409 0.2060 -0.2689
vn -0.0000 -0.2567 -0.9665
vn -0.5364 0.8134 -0.2253
vn -0.3393 0.5304 -0.7769
vn -0.7940 0.5107 0.3299
vn -0.7942 0.2038 0.5724
vn -0.7929 -0.5108 -0.3322
vn -0.7927 -0.2039 -0.5746
vn 0.9708 -0.1877 0.1496
vn -0.6114 -0.7825 -0.1174
vn 0.7490 0.5204 -0.4100
vn -0.2411 -0.5845 0.7747
vn 0.0216 0.8377 0.5457
vn 0.3553 0.7338 -0.5791
vn 0.1872 -0.6243 -0.7584
vn -0.3629 -0.0000 -0.9318
vn 0.7239 -0.6553 -0.2160
vn 0.7226 0.0594 0.6888
vn 0.8178 -0.3573 -0.4513
vn -1.0000 -0.0001 -0.0013
vn 0.7245 -0.0592 -0.6867
vn 0.7232 0.6553 0.2180
vn 0.1946 0.1483 0.9696
vn 0.4640 0.8851 0.0362
vn -0.3945 -0.9189 -0.0000
vn -0.1213 -0.7790 0.6152
vn -0.2898 0.9568 -0.0216
vn 0.3539 -0.7337 0.5800
vn -0.6105 0.0679 -0.7891
vn -0.6118 0.7825 0.1157
vn 0.7480 -0.5203 0.4120
vn 0.1530 0.9882 -0.0000
vn -0.4413 0.8837 -0.1558
vn 0.8472 0.0349 0.5302
vn 0.9616 -0.2193 0.1651
vn -0.0747 -0.3025 0.9502
vn -0.2046 0.3575 -0.9112
vn -0.7950 0.3518 -0.4941
vn -0.7916 -0.3692 0.4868
vn -0.7878 -0.5932 0.1662
vn -0.6134 -0.1688 0.7715
vn -0.6207 0.7761 0.1112
vn 0.9831 0.0729 -0.1676
vn -0.2937 -0.0380 0.9551
vn -0.0481 -0.9988 -0.0000
vn -0.0595 0.4360 -0.8980
vn -0.0263 -0.9997 -0.0000
vn 0.4611 -0.0822 0.8835
vn 0.4537 0.8627 0.2232
vn 0.7234 -0.2470 0.6448
vn 0.7160 0.6979 -0.0158
vn -0.8807 -0.2758 -0.3850
vn 0.8134 0.4815 -0.3264
vn -0.9999 -0.0125 -0.0000
vn -0.9999 -0.0110 -0.0047
vn 0.7236 0.2628 -0.6382
vn 0.3174 0.3401 0.8852
vn -0.8900 0.2564 0.3769
vn 0.4746 -0.8526 -0.2189
vn 0.4672 0.0924 -0.8793
vn -0.5316 0.8470 -0.0000
vn -0.5763 0.4652 0.6719
vn -0.0610 0.9981 -0.0000
vn -0.2857 0.0317 -0.9578
vn -0.6025 -0.7895 -0.1167
vn 0.7418 0.3881 0.5470
vt 0.571429 0.500610
vt 0.523810 0.571429
vt 0.523810 0.500610
vt 0.571429 0.571429
vt 0.523810 0.642247
vt 0.571429 0.643467
vt 0.523810 0.714286
vt 0.523810 0.643467
vt 0.571429 0.714286
vt 0.523810 0.785714
vt 0.571429 0.785714
vt 0.523810 0.857143
vt 0.523810 0.785714
vt 0.571429 0.857143
vt 0.523809 0.928298
vt 0.523810 0.928845
vt 0.571429 1.000000
vt 0.523810 1.000000
vt 0.571429 -0.000000
vt 0.523809 0.070670
vt 0.523809 -0.000000
vt 0.571429 0.072187
vt 0.523810 0.142857
vt 0.523809 0.072187
vt 0.571429 0.142857
vt 0.523810 0.214012
vt 0.523810 0.214559
vt 0.571429 0.285714
vt 0.523810 0.285714
vt 0.523810 0.357143
vt 0.571429 0.357143
vt 0.523810 0.428571
vt 0.523810 0.357143
vt 0.571429 0.428571
vt 0.523810 0.499390
vt 0.619048 0.500610
vt 0.619048 0.642247
vt 0.571429 0.642247
vt 0.619048 0.714286
vt 0.571429 0.785714
vt 0.619048 0.857143
vt 0.571429 0.928298
vt 0.571429 0.928845
vt 0.619048 1.000000
vt 0.619048 -0.000000
vt 0.571429 0.070670
vt 0.619048 0.142857
vt 0.571429 0.214012
vt 0.571429 0.214559
vt 0.619048 0.285714
vt 0.619048 0.357143
vt 0.571429 0.357143
vt 0.619048 0.357143
vt 0.619048 0.428571
vt 0.571429 0.499390
vt 0.666667 0.500610
vt 0.619048 0.571429
vt 0.666667 0.571429
vt 0.619048 0.643467
vt 0.666667 0.714286
vt 0.666667 0.785714
vt 0.619048 0.785714
vt 0.666667 0.785714
vt 0.619048 0.785714
vt 0.666667 0.928298
vt 0.619048 0.928298
vt 0.666667 0.928845
vt 0.619048 0.928845
vt 0.666667 -0.000000
vt 0.619048 0.070670
vt 0.619048 0.072187
vt 0.666667 0.142857
vt 0.666667 0.214012
vt 0.619048 0.214012
vt 0.666667 0.214559
vt 0.619048 0.214559
vt 0.666667 0.357143
vt 0.666667 0.357143
vt 0.666667 0.428571
vt 0.619048 0.499390
vt 0.714286 0.500610
vt 0.714286 0.571429
vt 0.666667 0.642247
vt 0.714286 0.643467
vt 0.666667 0.643467
vt 0.714286 0.714286
vt 0.714286 0.785714
vt 0.666667 0.857143
vt 0.714286 0.857143
vt 0.714286 0.928845
vt 0.666667 1.000000
vt 0.714286 -0.000000
vt 0.666667 0.070670
vt 0.714286 0.072187
vt 0.666667 0.072187
vt 0.714286 0.142857
vt 0.714286 0.214559
vt 0.666667 0.285714
vt 0.714286 0.285714
vt 0.714286 0.428571
vt 0.666667 0.499390
vt 0.761905 0.500610
vt 0.761905 0.571429
vt 0.714286 0.642247
vt 0.761905 0.714286
vt 0.714286 0.785714
vt 0.761905 0.785714
vt 0.761905 0.857143
vt 0.714286 0.928298
vt 0.761905 0.928845
vt 0.714286 1.000000
vt 0.761905 -0.000000
vt 0.714286 0.070670
vt 0.761905 0.072187
vt 0.761905 0.142857
vt 0.714286 0.214012
vt 0.761905 0.214559
vt 0.761905 0.357143
vt 0.714286 0.357143
vt 0.761905 0.357143
vt 0.761905 0.428571
vt 0.714286 0.499390
vt 0.809524 0.571429
vt 0.761905 0.642247
vt 0.809524 0.643467
vt 0.761905 0.643467
vt 0.809524 0.785714
vt 0.761905 0.785714
vt 0.809524 0.785714
vt 0.809524 0.928298
vt 0.761905 0.928298
vt 0.809524 0.928845
vt 0.761905 1.000000
vt 0.809524 -0.000000
vt 0.761905 0.070670
vt 0.809524 0.072187
vt 0.809524 0.142857
vt 0.761905 0.214012
vt 0.809524 0.214559
vt 0.761905 0.285714
vt 0.809524 0.285714
vt 0.809524 0.428571
vt 0.761905 0.499390
vt 0.809524 0.500610
vt 0.857143 0.571429
vt 0.809524 0.642247
vt 0.857143 0.714286
vt 0.809524 0.714286
vt 0.857143 0.785714
vt 0.857143 0.785714
vt 0.809524 0.857143
vt 0.857143 0.857143
vt 0.857143 0.928845
vt 0.809524 1.000000
vt 0.857143 -0.000000
vt 0.809524 0.070670
vt 0.857143 0.142857
vt 0.809524 0.214012
vt 0.857143 0.285714
vt 0.809524 0.357143
vt 0.857143 0.357143
vt 0.809524 0.357143
vt 0.857143 0.428571
vt 0.809524 0.499390
vt 0.857143 0.500610
vt 0.904762 0.571429
vt 0.904762 0.642247
vt 0.857143 0.642247
vt 0.904762 0.643467
vt 0.857143 0.643467
vt 0.904762 0.785714
vt 0.904762 0.785714
vt 0.904762 0.928298
vt 0.857143 0.928298
vt 0.904762 0.928845
vt 0.857143 1.000000
vt 0.904762 0.070670
vt 0.857143 0.070670
vt 0.904762 0.072187
vt 0.857143 0.072187
vt 0.904762 0.142857
vt 0.857143 0.214012
vt 0.904762 0.214559
vt 0.857143 0.214559
vt 0.904762 0.285714
vt 0.857143 0.357143
vt 0.904762 0.357143
vt 0.904762 0.428571
vt 0.857143 0.499390
vt 0.904762 0.500610
vt 0.952381 0.571429
vt 0.952381 0.643467
vt 0.904762 0.714286
vt 0.952381 0.785714
vt 0.952381 0.857143
vt 0.904762 0.857143
vt 0.952381 0.928845
vt 0.904762 1.000000
vt 0.952381 -0.000000
vt 0.904762 -0.000000
vt 0.952381 0.072187
vt 0.952381 0.142857
vt 0.904762 0.214012
vt 0.952381 0.214559
vt 0.952381 0.285714
vt 0.952381 0.357143
vt 0.952381 0.428571
vt 0.904762 0.499390
vt 1.000000 0.500610
vt 0.952381 0.500610
vt 0.999626 0.571429
vt 0.952381 0.642247
vt 1.000000 0.643467
vt 0.952381 0.714286
vt 0.999750 0.714286
vt 0.952381 0.785714
vt 1.000000 0.857143
vt 0.952381 0.928298
vt 1.000000 0.928845
vt 0.952381 1.000000
vt 1.000000 0.070670
vt 0.952381 0.070670
vt 1.000000 0.072187
vt 1.000000 0.142857
vt 0.952381 0.214012
vt 1.000000 0.214559
vt 1.000000 0.357143
vt 0.952381 0.357143
vt 1.000000 0.357143
vt 1.000000 0.499390
vt 0.952381 0.499390
vt 0.047619 0.500610
vt 0.000374 0.571429
vt 0.000000 0.500610
vt 0.047619 0.571429
vt 0.000000 0.642247
vt 0.047619 0.643467
vt 0.000250 0.714286
vt 0.000000 0.643467
vt 0.047619 0.714286
vt 0.000000 0.785714
vt 0.047619 0.785714
vt 0.000000 0.857143
vt 0.000000 0.785714
vt 0.047619 0.857143
vt 0.000000 0.928298
vt 0.047619 0.928845
vt 0.000000 1.000000
vt 0.000000 0.928845
vt 0.047619 -0.000000
vt 0.000000 0.070670
vt 0.000000 -0.000000
vt 0.000000 0.072187
vt 0.047619 0.142857
vt 0.000000 0.142857
vt 0.000000 0.214012
vt 0.047619 0.214559
vt 0.000000 0.285714
vt 0.000000 0.214559
vt 0.047619 0.357143
vt 0.000000 0.357143
vt 0.047619 0.357143
vt 0.000250 0.428571
vt 0.000000 0.357143
vt 0.047619 0.428571
vt 0.000000 0.499390
vt 0.095238 0.571429
vt 0.047619 0.642247
vt 0.095238 0.643467
vt 0.095238 0.785714
vt 0.047619 0.785714
vt 0.095238 0.857143
vt 0.095238 0.928298
vt 0.047619 0.928298
vt 0.095238 0.928845
vt 0.047619 1.000000
vt 0.095238 -0.000000
vt 0.047619 0.070670
vt 0.095238 0.072187
vt 0.047619 0.072187
vt 0.095238 0.214012
vt 0.047619 0.214012
vt 0.095238 0.214559
vt 0.047619 0.285714
vt 0.095238 0.285714
vt 0.095238 0.357143
vt 0.095238 0.428571
vt 0.047619 0.499390
vt 0.142857 0.500610
vt 0.095238 0.500610
vt 0.142857 0.571429
vt 0.095238 0.642247
vt 0.142857 0.643467
vt 0.095238 0.714286
vt 0.142857 0.785714
vt 0.142857 0.785714
vt 0.095238 0.785714
vt 0.142857 0.857143
vt 0.142857 0.928845
vt 0.095238 1.000000
vt 0.142857 0.070670
vt 0.095238 0.070670
vt 0.142857 0.072187
vt 0.095238 0.142857
vt 0.142857 0.214012
vt 0.142857 0.214559
vt 0.142857 0.357143
vt 0.095238 0.357143
vt 0.142857 0.357143
vt 0.142857 0.428571
vt 0.095238 0.499390
vt 0.190476 0.500610
vt 0.190476 0.642247
vt 0.142857 0.642247
vt 0.190476 0.643467
vt 0.142857 0.714286
vt 0.190476 0.714286
vt 0.190476 0.857143
vt 0.142857 0.928298
vt 0.190476 0.928845
vt 0.142857 1.000000
vt 0.190476 -0.000000
vt 0.142857 -0.000000
vt 0.190476 0.072187
vt 0.142857 0.142857
vt 0.190476 0.142857
vt 0.190476 0.214559
vt 0.142857 0.285714
vt 0.190476 0.357143
vt 0.190476 0.357143
vt 0.190476 0.499390
vt 0.142857 0.499390
vt 0.238095 0.500610
vt 0.190476 0.571429
vt 0.238095 0.642247
vt 0.238095 0.643467
vt 0.238095 0.714286
vt 0.190476 0.785714
vt 0.238095 0.785714
vt 0.190476 0.785714
vt 0.238095 0.928298
vt 0.190476 0.928298
vt 0.238095 1.000000
vt 0.190476 1.000000
vt 0.238095 0.070670
vt 0.190476 0.070670
vt 0.238095 0.142857
vt 0.190476 0.214012
vt 0.238095 0.285714
vt 0.190476 0.285714
vt 0.238095 0.357143
vt 0.190476 0.428571
vt 0.238095 0.499390
vt 0.285714 0.500610
vt 0.238095 0.571429
vt 0.285714 0.642247
vt 0.285714 0.643467
vt 0.285714 0.714286
vt 0.238095 0.785714
vt 0.285714 0.785714
vt 0.238095 0.857143
vt 0.285714 0.857143
vt 0.285714 0.928845
vt 0.238095 0.928845
vt 0.285714 -0.000000
vt 0.238095 -0.000000
vt 0.285714 0.072187
vt 0.238095 0.072187
vt 0.285714 0.142857
vt 0.238095 0.214012
vt 0.285714 0.214559
vt 0.238095 0.214559
vt 0.285714 0.357143
vt 0.238095 0.357143
vt 0.285714 0.357143
vt 0.238095 0.428571
vt 0.285714 0.428571
vt 0.333333 0.500610
vt 0.285714 0.571429
vt 0.333333 0.642247
vt 0.333333 0.643467
vt 0.333333 0.714286
vt 0.285714 0.785714
vt 0.333333 0.785714
vt 0.333333 0.857143
vt 0.285714 0.928298
vt 0.333333 0.928845
vt 0.285714 1.000000
vt 0.333333 -0.000000
vt 0.285714 0.070670
vt 0.333333 0.072187
vt 0.333333 0.142857
vt 0.285714 0.214012
vt 0.333333 0.214559
vt 0.285714 0.285714
vt 0.333333 0.357143
vt 0.333333 0.357143
vt 0.333333 0.428571
vt 0.285714 0.499390
vt 0.380952 0.500610
vt 0.333333 0.571429
vt 0.380952 0.642247
vt 0.380952 0.643467
vt 0.380952 0.714286
vt 0.333333 0.785714
vt 0.380952 0.785714
vt 0.380952 0.857143
vt 0.333333 0.928298
vt 0.380952 0.928845
vt 0.333333 1.000000
vt 0.380952 0.070670
vt 0.333333 0.070670
vt 0.380952 0.072187
vt 0.380952 0.142857
vt 0.333333 0.214012
vt 0.380952 0.214559
vt 0.333333 0.285714
vt 0.380952 0.357143
vt 0.380952 0.357143
vt 0.380952 0.499390
vt 0.333333 0.499390
vt 0.428571 0.500610
vt 0.380952 0.571429
vt 0.428571 0.571429
vt 0.428571 0.714286
vt 0.380952 0.785714
vt 0.428571 0.785714
vt 0.428571 0.857143
vt 0.380952 0.928298
vt 0.428571 0.928845
vt 0.380952 1.000000
vt 0.380952 -0.000000
vt 0.428571 0.070670
vt 0.428571 0.072187
vt 0.428571 0.142857
vt 0.380952 0.214012
vt 0.428571 0.214559
vt 0.380952 0.285714
vt 0.428571 0.357143
vt 0.428571 0.357143
vt 0.380952 0.428571
vt 0.428571 0.499390
vt 0.476190 0.500610
vt 0.476190 0.571429
vt 0.428571 0.642247
vt 0.428571 0.643467
vt 0.476190 0.714286
vt 0.428571 0.785714
vt 0.476190 0.785714
vt 0.476191 0.928298
vt 0.428571 0.928298
vt 0.476191 1.000000
vt 0.428571 1.000000
vt 0.476190 -0.000000
vt 0.428571 -0.000000
vt 0.476191 0.072187
vt 0.476190 0.142857
vt 0.428571 0.214012
vt 0.476190 0.214559
vt 0.428571 0.285714
vt 0.476190 0.285714
vt 0.476190 0.428571
vt 0.428571 0.428571
vt 0.476190 0.642247
vt 0.476190 0.857143
vt 0.476191 0.070670
vt 0.476190 0.499390
vt 0.476191 0.643467
vt 0.476191 0.785714
vt 0.476191 0.928845
vt 0.476190 0.214012
vt 0.476190 0.357143
vt 0.476191 0.357143
vt 1.000000 0.785714
vt 1.000000 0.928298
vt 0.750000 0.389938
vt 0.744925 0.488153
vt 0.804647 0.470110
vt 0.000000 0.534916
vt 0.039359 0.500000
vt 0.055556 0.540366
vt 0.960641 0.500000
vt 1.000000 0.534916
vt 0.944444 0.540366
vt 0.250000 0.455888
vt 0.255282 0.488077
vt 0.227266 0.481726
vt 1.000000 0.954184
vt 0.983626 1.000000
vt 0.976254 0.959634
vt 0.016374 1.000000
vt 0.000000 0.954184
vt 0.023746 0.959634
vt 0.839950 0.357198
vt 0.899194 0.435698
vt 0.933346 0.383488
vt 0.888889 0.534916
vt 0.928248 0.500000
vt 0.944444 0.540366
vt 0.849530 0.500000
vt 0.833333 0.540366
vt 0.382342 0.407719
vt 0.407080 0.428983
vt 0.381535 0.442125
vt 0.888889 0.954184
vt 0.872515 1.000000
vt 0.865143 0.959634
vt 0.905263 1.000000
vt 0.912635 0.959634
vt 0.887812 0.274300
vt 0.983653 0.296353
vt 0.976255 0.234405
vt 0.777778 0.534916
vt 0.817137 0.500000
vt 0.833333 0.540366
vt 0.738419 0.500000
vt 0.722222 0.540366
vt 0.452760 0.285752
vt 0.485378 0.286140
vt 0.474257 0.312627
vt 0.777778 0.954184
vt 0.761404 1.000000
vt 0.754031 0.959634
vt 0.794152 1.000000
vt 0.801524 0.959634
vt 0.871189 0.180031
vt 0.958784 0.135319
vt 0.913298 0.092619
vt 0.666667 0.534916
vt 0.706026 0.500000
vt 0.722222 0.540366
vt 0.627308 0.500000
vt 0.611111 0.540366
vt 0.428304 0.147056
vt 0.453540 0.126387
vt 0.462047 0.153825
vt 0.666667 0.954184
vt 0.650293 1.000000
vt 0.642920 0.959634
vt 0.683041 1.000000
vt 0.690413 0.959634
vt 0.797862 0.118502
vt 0.836222 0.027945
vt 0.773931 0.024474
vt 0.555556 0.534916
vt 0.594915 0.500000
vt 0.611111 0.540366
vt 0.516196 0.500000
vt 0.500000 0.540366
vt 0.320418 0.056529
vt 0.326464 0.024474
vt 0.350618 0.040025
vt 0.555556 0.954184
vt 0.539182 1.000000
vt 0.531809 0.959634
vt 0.571930 1.000000
vt 0.579302 0.959634
vt 0.702138 0.118502
vt 0.673316 0.024474
vt 0.623367 0.061855
vt 0.444444 0.534916
vt 0.483804 0.500000
vt 0.500000 0.540366
vt 0.405085 0.500000
vt 0.388889 0.540366
vt 0.179582 0.056529
vt 0.163609 0.028087
vt 0.192108 0.024474
vt 0.444444 0.954184
vt 0.428071 1.000000
vt 0.420698 0.959634
vt 0.460818 1.000000
vt 0.468191 0.959634
vt 0.628810 0.180031
vt 0.546291 0.126528
vt 0.532055 0.187271
vt 0.333333 0.534916
vt 0.372692 0.500000
vt 0.388889 0.540366
vt 0.293974 0.500000
vt 0.277778 0.540366
vt 0.071696 0.147056
vt 0.041178 0.135536
vt 0.060687 0.114449
vt 0.333333 0.954184
vt 0.316959 1.000000
vt 0.309587 0.959634
vt 0.349707 1.000000
vt 0.357080 0.959634
vt 0.612188 0.274300
vt 0.514584 0.286357
vt 0.542723 0.342039
vt 0.222222 0.534916
vt 0.261581 0.500000
vt 0.182863 0.500000
vt 0.166667 0.540366
vt 0.047240 0.285752
vt 0.016457 0.296544
vt 0.017847 0.267850
vt 0.222222 0.954184
vt 0.205848 1.000000
vt 0.198476 0.959634
vt 0.238596 1.000000
vt 0.245969 0.959634
vt 0.660050 0.357198
vt 0.593031 0.429173
vt 0.650378 0.453741
vt 0.111111 0.534916
vt 0.150470 0.500000
vt 0.166667 0.540366
vt 0.071752 0.500000
vt 0.055556 0.540366
vt 0.117658 0.407719
vt 0.101013 0.435773
vt 0.083634 0.412899
vt 0.111111 0.954184
vt 0.094737 1.000000
vt 0.087365 0.959634
vt 0.127485 1.000000
vt 0.134857 0.959634
vt 0.272734 0.481726
vt 0.967944 0.187271
vt 0.439313 0.114449
vt 0.586703 0.092619
vt 0.523744 0.234405
vt 0.566654 0.383488
vt 0.025743 0.312627
vt 0.750000 0.400779
vt 0.735179 0.482863
vt 0.814236 0.459065
vt 0.000000 0.580682
vt 0.048905 0.500000
vt 0.057811 0.578652
vt 0.951095 0.500000
vt 1.000000 0.580682
vt 0.942189 0.578652
vt 0.250000 0.367908
vt 0.264342 0.483093
vt 0.179226 0.455917
vt 1.000000 0.925656
vt 0.946117 1.000000
vt 0.928572 0.921348
vt 0.053883 1.000000
vt 0.000000 0.925656
vt 0.071429 0.921348
vt 0.867883 0.344009
vt 0.922818 0.406775
vt 0.953505 0.330128
vt 0.857143 0.580682
vt 0.906048 0.500000
vt 0.914954 0.578652
vt 0.808238 0.500000
vt 0.799332 0.578652
vt 0.342184 0.323514
vt 0.441182 0.384118
vt 0.366866 0.433720
vt 0.857143 0.925656
vt 0.803260 1.000000
vt 0.785714 0.921348
vt 0.911026 1.000000
vt 0.928571 0.921347
vt 0.896998 0.216449
vt 0.980322 0.212633
vt 0.939530 0.140853
vt 0.714286 0.580682
vt 0.763191 0.500000
vt 0.772097 0.578652
vt 0.665380 0.500000
vt 0.656474 0.578652
vt 0.364951 0.223763
vt 0.474057 0.184149
vt 0.466503 0.273179
vt 0.714286 0.925656
vt 0.660403 1.000000
vt 0.642857 0.921348
vt 0.768169 1.000000
vt 0.785714 0.921348
vt 0.815420 0.114153
vt 0.864389 0.046629
vt 0.782836 0.033767
vt 0.571429 0.580682
vt 0.620334 0.500000
vt 0.629240 0.578652
vt 0.522523 0.500000
vt 0.513617 0.578652
vt 0.301158 0.143769
vt 0.338213 0.033767
vt 0.403109 0.095183
vt 0.571429 0.925656
vt 0.517546 1.000000
vt 0.500000 0.921348
vt 0.625311 1.000000
vt 0.642857 0.921348
vt 0.684580 0.114153
vt 0.662318 0.033767
vt 0.601415 0.089509
vt 0.428572 0.580682
vt 0.477477 0.500000
vt 0.486383 0.578652
vt 0.379666 0.500000
vt 0.370760 0.578652
vt 0.198842 0.143769
vt 0.135943 0.046213
vt 0.224421 0.033767
vt 0.428572 0.925656
vt 0.374689 1.000000
vt 0.357143 0.921348
vt 0.482454 1.000000
vt 0.500000 0.921348
vt 0.603002 0.216449
vt 0.526274 0.183734
vt 0.531882 0.266104
vt 0.285714 0.580682
vt 0.334620 0.500000
vt 0.343526 0.578652
vt 0.236809 0.500000
vt 0.227903 0.578652
vt 0.135049 0.223763
vt 0.019560 0.212115
vt 0.064994 0.135180
vt 0.285714 0.925656
vt 0.231832 1.000000
vt 0.214286 0.921348
vt 0.339597 1.000000
vt 0.357143 0.921348
vt 0.632117 0.344009
vt 0.558700 0.383600
vt 0.626597 0.430572
vt 0.142857 0.580682
vt 0.191763 0.500000
vt 0.200668 0.578652
vt 0.093952 0.500000
vt 0.085046 0.578652
vt 0.157816 0.323514
vt 0.076703 0.406545
vt 0.044881 0.323054
vt 0.142857 0.925656
vt 0.088974 1.000000
vt 0.071429 0.921347
vt 0.196740 1.000000
vt 0.214286 0.921347
vt 0.968118 0.266104
vt 0.717164 0.033767
vt 0.560470 0.140853
vt 0.096891 0.095183
vt 0.033497 0.273178
vt 0.685764 0.459066
vt 0.538462 0.501647
vt 0.615385 0.600000
vt 0.538462 0.600000
vt 0.615385 0.698353
vt 0.538462 0.698353
vt 0.615385 0.701647
vt 0.538462 0.800000
vt 0.538462 0.701647
vt 0.615385 0.900000
vt 0.538462 0.900000
vt 0.538462 0.900000
vt 0.615385 1.000000
vt 0.538462 1.000000
vt 0.615385 0.000000
vt 0.538462 0.097375
vt 0.538462 0.000000
vt 0.615385 0.102625
vt 0.538462 0.200000
vt 0.538462 0.102625
vt 0.615385 0.200000
vt 0.538462 0.300000
vt 0.615385 0.300000
vt 0.538462 0.400000
vt 0.538462 0.300000
vt 0.615385 0.400000
vt 0.538462 0.498353
vt 0.615385 0.501647
vt 0.692308 0.600000
vt 0.692308 0.800000
vt 0.615385 0.800000
vt 0.692308 0.900000
vt 0.615385 0.900000
vt 0.692308 0.000000
vt 0.615385 0.097375
vt 0.692308 0.200000
vt 0.692308 0.300000
vt 0.615385 0.300000
vt 0.692308 0.400000
vt 0.692308 0.498353
vt 0.615385 0.498353
vt 0.692308 0.501647
vt 0.769231 0.600000
vt 0.692308 0.698353
vt 0.692308 0.701647
vt 0.769231 0.800000
vt 0.769231 0.900000
vt 0.692308 0.900000
vt 0.769231 0.900000
vt 0.692308 1.000000
vt 0.769231 0.000000
vt 0.692308 0.097375
vt 0.692308 0.102625
vt 0.769231 0.200000
vt 0.692308 0.300000
vt 0.769231 0.400000
vt 0.846154 0.501647
vt 0.769231 0.501647
vt 0.846154 0.600000
vt 0.769231 0.698353
vt 0.846154 0.701647
vt 0.769231 0.701647
vt 0.846154 0.900000
vt 0.846154 0.900000
vt 0.769231 1.000000
vt 0.846154 0.097375
vt 0.769231 0.097375
vt 0.846154 0.102625
vt 0.769231 0.102625
vt 0.846154 0.300000
vt 0.769231 0.300000
vt 0.846154 0.300000
vt 0.769231 0.300000
vt 0.846154 0.498353
vt 0.769231 0.498353
vt 0.923077 0.501647
vt 0.923077 0.600000
vt 0.846154 0.698353
vt 0.923077 0.701647
vt 0.846154 0.800000
vt 0.923077 0.800000
vt 0.923077 0.900000
vt 0.846154 1.000000
vt 0.923077 0.000000
vt 0.846154 0.000000
vt 0.923077 0.102625
vt 0.846154 0.200000
vt 0.923077 0.300000
vt 0.923077 0.300000
vt 0.846154 0.400000
vt 0.923077 0.400000
vt 1.000000 0.501647
vt 0.998469 0.600000
vt 0.923077 0.698354
vt 1.000000 0.701647
vt 1.000000 0.900000
vt 0.923077 0.900000
vt 0.923077 1.000000
vt 1.000000 0.097375
vt 0.923077 0.097375
vt 1.000000 0.102625
vt 0.923077 0.200000
vt 1.000000 0.300000
vt 1.000000 0.498353
vt 0.923077 0.498353
vt -0.000000 0.501647
vt 0.076923 0.600000
vt 0.001531 0.600000
vt -0.000000 0.698353
vt -0.000000 0.701647
vt 0.076923 0.800000
vt 0.000573 0.800000
vt -0.000000 0.900000
vt -0.000000 0.900000
vt 0.076923 1.000000
vt -0.000000 1.000000
vt -0.000000 0.000000
vt 0.076923 0.097375
vt -0.000000 0.097375
vt 0.076923 0.102625
vt -0.000000 0.200000
vt -0.000000 0.102625
vt 0.076923 0.200000
vt -0.000000 0.300000
vt 0.076923 0.300000
vt 0.000573 0.400000
vt -0.000000 0.300000
vt 0.076923 0.400000
vt -0.000000 0.498353
vt 0.153846 0.501647
vt 0.076923 0.501647
vt 0.153846 0.600000
vt 0.076923 0.698353
vt 0.076923 0.701647
vt 0.153846 0.800000
vt 0.076923 0.900000
vt 0.153846 0.900000
vt 0.076923 0.000000
vt 0.153846 0.097375
vt 0.153846 0.200000
vt 0.153846 0.300000
vt 0.153846 0.498353
vt 0.076923 0.498353
vt 0.230769 0.501647
vt 0.230769 0.698353
vt 0.153846 0.698353
vt 0.230769 0.701647
vt 0.153846 0.701647
vt 0.230769 0.800000
vt 0.153846 0.900000
vt 0.230769 0.900000
vt 0.153846 1.000000
vt 0.153846 0.000000
vt 0.230769 0.097375
vt 0.230769 0.102625
vt 0.153846 0.102625
vt 0.230769 0.200000
vt 0.153846 0.300000
vt 0.230769 0.300000
vt 0.153846 0.400000
vt 0.230769 0.498353
vt 0.307692 0.501647
vt 0.230769 0.600000
vt 0.307692 0.698353
vt 0.307692 0.701647
vt 0.307692 0.900000
vt 0.230769 0.900000
vt 0.307692 0.900000
vt 0.230769 1.000000
vt 0.230769 0.000000
vt 0.307692 0.097375
vt 0.307692 0.102625
vt 0.307692 0.300000
vt 0.230769 0.300000
vt 0.307692 0.300000
vt 0.230769 0.400000
vt 0.307692 0.400000
vt 0.384615 0.501647
vt 0.307692 0.600000
vt 0.384615 0.698353
vt 0.384615 0.701647
vt 0.307692 0.800000
vt 0.384615 0.900000
vt 0.384615 1.000000
vt 0.307692 1.000000
vt 0.384615 0.000000
vt 0.307692 0.000000
vt 0.384615 0.200000
vt 0.307692 0.200000
vt 0.384615 0.300000
vt 0.384615 0.400000
vt 0.307692 0.498353
vt 0.461538 0.501647
vt 0.384615 0.600000
vt 0.461539 0.600000
vt 0.461538 0.701647
vt 0.384615 0.800000
vt 0.461538 0.800000
vt 0.461538 0.900000
vt 0.384615 0.900000
vt 0.461539 0.000000
vt 0.384615 0.097375
vt 0.384615 0.102625
vt 0.461538 0.200000
vt 0.384615 0.300000
vt 0.461538 0.400000
vt 0.384615 0.498353
vt 0.461538 0.900000
vt 0.461539 0.097375
vt 0.461538 0.300000
vt 0.461539 0.102625
vt 0.461538 0.498353
vt 0.461538 0.698353
vt 0.461538 0.300000
vt 0.615385 0.501647
vt 0.538462 0.600000
vt 0.538462 0.501647
vt 0.615385 0.698353
vt 0.538462 0.698353
vt 0.538462 0.701647
vt 0.615385 0.800000
vt 0.538462 0.800000
vt 0.615385 0.900000
vt 0.538462 0.900000
vt 0.615385 0.900000
vt 0.538462 1.000000
vt 0.615385 0.097375
vt 0.538462 0.097375
vt 0.538462 0.102625
vt 0.615385 0.200000
vt 0.538462 0.200000
vt 0.615385 0.300000
vt 0.538462 0.400000
vt 0.538462 0.300000
vt 0.615385 0.498353
vt 0.538462 0.498353
vt 0.692308 0.600000
vt 0.615385 0.600000
vt 0.615385 0.701647
vt 0.692308 0.800000
vt 0.692308 0.900000
vt 0.615385 1.000000
vt 0.615385 0.000000
vt 0.692308 0.097375
vt 0.615385 0.102625
vt 0.692308 0.200000
vt 0.692308 0.300000
vt 0.615385 0.300000
vt 0.615385 0.400000
vt 0.692308 0.498353
vt 0.692308 0.501647
vt 0.769231 0.600000
vt 0.692308 0.698353
vt 0.769231 0.701647
vt 0.692308 0.701647
vt 0.769231 0.800000
vt 0.692308 0.900000
vt 0.769231 0.900000
vt 0.692308 1.000000
vt 0.769231 0.000000
vt 0.692308 0.102625
vt 0.769231 0.200000
vt 0.769231 0.300000
vt 0.692308 0.300000
vt 0.769231 0.498353
vt 0.769231 0.501647
vt 0.846154 0.600000
vt 0.846154 0.698353
vt 0.769231 0.698353
vt 0.846154 0.701647
vt 0.846154 0.900000
vt 0.769231 0.900000
vt 0.769231 1.000000
vt 0.769231 0.097375
vt 0.769231 0.102625
vt 0.846154 0.200000
vt 0.846154 0.300000
vt 0.769231 0.300000
vt 0.846154 0.400000
vt 0.769231 0.400000
vt 0.846154 0.498353
vt 0.923077 0.600000
vt 0.923077 0.698353
vt 0.923077 0.701647
vt 0.846154 0.800000
vt 0.923077 0.800000
vt 0.846154 1.000000
vt 0.846154 0.097375
vt 0.846154 0.102625
vt 0.923077 0.200000
vt 0.923077 0.300000
vt 0.923077 0.300000
vt 0.846154 0.300000
vt 0.923077 0.400000
vt 1.000000 0.501647
vt 0.923077 0.501647
vt 1.000000 0.698353
vt 1.000000 0.701647
vt 0.999410 0.800000
vt 0.923077 0.900000
vt 0.923077 0.900000
vt 1.000000 1.000000
vt 1.000000 0.000000
vt 0.923077 0.097375
vt 0.923077 0.102625
vt 1.000000 0.200000
vt 1.000000 0.300000
vt 1.000000 0.498353
vt 0.923077 0.498353
vt -0.000000 0.501647
vt 0.076923 0.600000
vt 0.001570 0.600000
vt -0.000000 0.698353
vt -0.000000 0.701647
vt 0.076923 0.800000
vt 0.000590 0.800000
vt 0.076923 0.900000
vt -0.000000 0.900000
vt 0.076923 0.900000
vt -0.000000 0.900000
vt -0.000000 0.097375
vt 0.076923 0.200000
vt -0.000000 0.200000
vt -0.000000 0.300000
vt 0.000590 0.400000
vt 0.076923 0.400000
vt 0.076923 0.501647
vt 0.153846 0.600000
vt 0.076923 0.698353
vt 0.153846 0.701647
vt 0.076923 0.701647
vt 0.153846 0.900000
vt 0.153846 0.900000
vt 0.076923 1.000000
vt 0.153846 0.097375
vt 0.076923 0.097375
vt 0.153846 0.102625
vt 0.076923 0.102625
vt 0.153846 0.200000
vt 0.076923 0.300000
vt 0.153846 0.400000
vt 0.076923 0.498353
vt 0.230769 0.501647
vt 0.230769 0.600000
vt 0.153846 0.698353
vt 0.230769 0.800000
vt 0.153846 0.800000
vt 0.230769 1.000000
vt 0.153846 1.000000
vt 0.230769 0.000000
vt 0.230769 0.200000
vt 0.153846 0.300000
vt 0.230769 0.400000
vt 0.153846 0.498353
vt 0.307692 0.501647
vt 0.307692 0.698353
vt 0.230769 0.698353
vt 0.230769 0.701647
vt 0.307692 0.800000
vt 0.230769 0.900000
vt 0.230769 0.900000
vt 0.307692 1.000000
vt 0.307692 0.097375
vt 0.230769 0.097375
vt 0.230769 0.102625
vt 0.307692 0.200000
vt 0.230769 0.300000
vt 0.307692 0.400000
vt 0.307692 0.498353
vt 0.230769 0.498353
vt 0.384615 0.501647
vt 0.307692 0.600000
vt 0.384615 0.698353
vt 0.384615 0.800000
vt 0.307692 0.900000
vt 0.384615 1.000000
vt 0.384615 0.000000
vt 0.307692 0.000000
vt 0.384615 0.102625
vt 0.307692 0.102625
vt 0.384615 0.200000
vt 0.307692 0.300000
vt 0.307692 0.300000
vt 0.384615 0.400000
vt 0.384615 0.498353
vt 0.384615 0.600000
vt 0.461538 0.600000
vt 0.461539 0.701647
vt 0.384615 0.701647
vt 0.461538 0.800000
vt 0.384615 0.900000
vt 0.461538 1.000000
vt 0.461538 0.097375
vt 0.384615 0.097375
vt 0.384615 0.300000
vt 0.461538 0.400000
vt 0.461538 0.698353
vt 0.461538 0.900000
vt 0.461538 0.900000
vt 0.461538 0.102625
vt 0.461538 0.300000
vt 0.461538 0.498353
vt 0.461538 0.300000
vt 1.000000 0.900000
vt 1.000000 0.102625
vt 1.000000 0.642247
vt 1.000000 0.785714
vt 1.000000 -0.000000
vt 1.000000 0.214012
vt 1.000000 0.285714
vt 0.999750 0.428571
vt 0.695353 0.470110
vt 0.000000 0.511355
vt 0.996345 0.500000
vt 1.000000 0.977107
vt 0.003804 1.000000
vt 0.849622 0.453741
vt 0.887061 0.505677
vt 0.416366 0.412899
vt 0.890791 0.988554
vt 0.957277 0.342038
vt 0.775950 0.505677
vt 0.482153 0.267850
vt 0.779680 0.988554
vt 0.664839 0.505677
vt 0.668569 0.988554
vt 0.876633 0.061855
vt 0.553728 0.505677
vt 0.307892 0.024474
vt 0.557458 0.988554
vt 0.726069 0.024474
vt 0.442617 0.505677
vt 0.149382 0.040025
vt 0.446347 0.988554
vt 0.331506 0.505677
vt 0.037953 0.153825
vt 0.335236 0.988554
vt 0.220395 0.505677
vt 0.224124 0.988554
vt 0.109283 0.505677
vt 0.118465 0.442125
vt 0.113013 0.988554
vt 0.000000 0.537389
vt 0.988716 0.500000
vt 0.320774 0.455917
vt 1.000000 0.970960
vt 0.010919 1.000000
vt 0.873403 0.430572
vt 0.851501 0.518695
vt 0.455119 0.323054
vt 0.862603 0.985480
vt 0.708644 0.518695
vt 0.435006 0.135180
vt 0.719745 0.985480
vt 0.898585 0.089509
vt 0.565787 0.518695
vt 0.275579 0.033767
vt 0.576888 0.985480
vt 0.422929 0.518695
vt 0.434031 0.985480
vt 0.280072 0.518695
vt 0.291174 0.985480
vt 0.546495 0.330129
vt 0.137215 0.518695
vt 0.133134 0.433720
vt 0.148317 0.985480
vt 0.999427 0.800000
vt 0.999427 0.400000
vt 0.461538 1.000000
vt 0.998429 0.600000
vt 1.000000 0.097375
vt 0.999410 0.400000
vt 0.461538 0.000000
s 0
usemtl bone
f 22/1/1 3/2/1 2/3/1
f 24/4/2 1/5/2 3/2/2
f 25/6/3 6/7/3 5/8/3
f 27/9/4 4/10/4 6/7/4
f 28/11/5 9/12/5 8/13/5
f 30/14/6 7/15/6 9/12/6
f 11/16/7 33/17/7 12/18/7
f 33/19/8 10/20/8 12/21/8
f 34/22/9 15/23/9 14/24/9
f 36/25/10 13/26/10 15/23/10
f 17/27/11 39/28/11 18/29/11
f 39/28/12 16/30/12 18/29/12
f 40/31/13 21/32/13 20/33/13
f 42/34/14 19/35/14 21/32/14
f 43/36/15 24/4/15 22/1/15
f 24/4/16 44/37/16 23/38/16
f 25/6/17 48/39/17 27/9/17
f 48/39/18 26/40/18 27/9/18
f 28/11/19 51/41/19 30/14/19
f 51/41/20 29/42/20 30/14/20
f 31/43/21 54/44/21 33/17/21
f 54/45/22 32/46/22 33/19/22
f 34/22/23 57/47/23 36/25/23
f 57/47/24 35/48/24 36/25/24
f 37/49/25 60/50/25 39/28/25
f 39/28/26 59/51/26 38/52/26
f 61/53/27 42/34/27 40/31/27
f 63/54/28 41/55/28 42/34/28
f 64/56/29 45/57/29 43/36/29
f 66/58/30 44/37/30 45/57/30
f 46/59/31 69/60/31 48/39/31
f 48/39/32 68/61/32 47/62/32
f 70/63/33 51/41/33 49/64/33
f 51/41/34 71/65/34 50/66/34
f 73/67/35 54/44/35 52/68/35
f 75/69/36 53/70/36 54/45/36
f 55/71/37 78/72/37 57/47/37
f 57/47/38 77/73/38 56/74/38
f 79/75/39 60/50/39 58/76/39
f 60/50/40 80/77/40 59/51/40
f 82/78/41 63/54/41 61/53/41
f 84/79/42 62/80/42 63/54/42
f 85/81/43 66/58/43 64/56/43
f 87/82/44 65/83/44 66/58/44
f 88/84/45 69/60/45 67/85/45
f 90/86/46 68/61/46 69/60/46
f 91/87/47 72/88/47 70/63/47
f 93/89/48 71/65/48 72/88/48
f 94/90/49 75/91/49 73/67/49
f 96/92/50 74/93/50 75/69/50
f 97/94/51 78/72/51 76/95/51
f 99/96/52 77/73/52 78/72/52
f 100/97/53 81/98/53 79/75/53
f 102/99/54 80/77/54 81/98/54
f 82/78/55 105/100/55 84/79/55
f 105/100/56 83/101/56 84/79/56
f 106/102/57 87/82/57 85/81/57
f 108/103/58 86/104/58 87/82/58
f 88/84/59 111/105/59 90/86/59
f 111/105/60 89/106/60 90/86/60
f 112/107/61 93/89/61 91/87/61
f 114/108/62 92/109/62 93/89/62
f 115/110/63 96/111/63 94/90/63
f 117/112/64 95/113/64 96/92/64
f 118/114/65 99/96/65 97/94/65
f 120/115/66 98/116/66 99/96/66
f 121/117/67 102/99/67 100/97/67
f 102/99/68 122/118/68 101/119/68
f 124/120/69 105/100/69 103/119/69
f 126/121/70 104/122/70 105/100/70
f 106/102/71 129/123/71 108/103/71
f 129/123/72 107/124/72 108/103/72
f 130/125/73 111/105/73 109/126/73
f 111/105/74 131/127/74 110/128/74
f 133/129/75 114/108/75 112/107/75
f 114/108/76 134/130/76 113/131/76
f 136/132/77 117/133/77 115/110/77
f 138/134/78 116/135/78 117/112/78
f 139/136/79 120/115/79 118/114/79
f 141/137/80 119/138/80 120/115/80
f 142/139/81 123/140/81 121/117/81
f 144/141/82 122/118/82 123/140/82
f 124/120/83 147/142/83 126/121/83
f 147/142/84 125/143/84 126/121/84
f 127/144/85 150/145/85 129/123/85
f 150/145/86 128/146/86 129/123/86
f 130/125/87 153/147/87 132/148/87
f 132/148/88 152/149/88 131/127/88
f 154/150/89 135/151/89 133/129/89
f 156/152/90 134/130/90 135/151/90
f 157/153/91 138/154/91 136/132/91
f 159/155/92 137/156/92 138/134/92
f 139/136/93 162/157/93 141/137/93
f 162/157/94 140/158/94 141/137/94
f 142/139/95 165/159/95 144/141/95
f 165/159/96 143/160/96 144/141/96
f 166/161/97 147/142/97 145/162/97
f 168/163/98 146/164/98 147/142/98
f 148/165/99 171/166/99 150/145/99
f 150/145/100 170/167/100 149/168/100
f 172/169/101 153/147/101 151/170/101
f 153/147/102 173/171/102 152/149/102
f 175/172/103 156/152/103 154/150/103
f 156/152/104 176/173/104 155/174/104
f 178/175/105 159/176/105 157/153/105
f 159/155/106 179/177/106 158/178/106
f 181/179/107 162/157/107 160/180/107
f 183/181/108 161/182/108 162/157/108
f 184/183/109 165/159/109 163/184/109
f 186/185/110 164/186/110 165/159/110
f 187/187/111 168/163/111 166/161/111
f 189/188/112 167/189/112 168/163/112
f 169/190/113 192/191/113 171/166/113
f 192/191/114 170/167/114 171/166/114
f 193/192/115 174/193/115 172/169/115
f 174/193/116 194/194/116 173/171/116
f 175/172/117 198/195/117 177/196/117
f 198/195/118 176/173/118 177/196/118
f 199/197/119 180/198/119 178/175/119
f 201/199/120 179/177/120 180/200/120
f 202/201/121 183/181/121 181/179/121
f 204/202/122 182/203/122 183/181/122
f 205/204/123 186/185/123 184/183/123
f 207/205/124 185/187/124 186/185/124
f 208/206/125 189/188/125 187/187/125
f 210/207/126 188/208/126 189/188/126
f 211/209/127 192/191/127 190/210/127
f 213/211/128 191/212/128 192/191/128
f 214/213/129 195/214/129 193/192/129
f 216/215/130 194/194/130 195/214/130
f 196/216/131 219/217/131 198/195/131
f 219/217/132 197/218/132 198/195/132
f 220/219/133 201/220/133 199/197/133
f 201/199/134 221/221/134 200/222/134
f 223/223/135 204/202/135 202/201/135
f 225/224/136 203/225/136 204/202/136
f 226/226/137 207/205/137 205/204/137
f 207/205/138 227/227/138 206/228/138
f 229/229/139 210/207/139 208/206/139
f 210/207/140 230/230/140 209/231/140
f 232/232/141 213/233/141 211/234/141
f 234/235/142 212/236/142 213/233/142
f 235/237/143 216/238/143 214/239/143
f 237/240/144 215/241/144 216/238/144
f 238/242/145 219/243/145 217/244/145
f 240/245/146 218/246/146 219/243/146
f 241/247/147 222/248/147 220/249/147
f 243/250/148 221/251/148 222/252/148
f 223/253/149 246/254/149 225/255/149
f 246/254/150 224/256/150 225/255/150
f 247/257/151 228/258/151 226/259/151
f 228/258/152 248/260/152 227/261/152
f 250/262/153 231/263/153 229/264/153
f 252/265/154 230/266/154 231/263/154
f 232/232/155 255/267/155 234/235/155
f 255/267/156 233/268/156 234/235/156
f 256/269/157 237/240/157 235/237/157
f 237/240/158 257/270/158 236/271/158
f 238/242/159 261/272/159 240/245/159
f 240/245/160 260/273/160 239/274/160
f 262/275/161 243/276/161 241/247/161
f 264/277/162 242/278/162 243/250/162
f 265/279/163 246/254/163 244/280/163
f 246/254/164 266/281/164 245/282/164
f 268/283/165 249/284/165 247/257/165
f 270/285/166 248/260/166 249/284/166
f 271/286/167 252/265/167 250/262/167
f 273/287/168 251/288/168 252/265/168
f 274/289/169 255/267/169 253/290/169
f 276/291/170 254/292/170 255/267/170
f 277/293/171 258/294/171 256/269/171
f 258/294/172 278/295/172 257/270/172
f 280/296/173 261/272/173 259/297/173
f 282/298/174 260/273/174 261/272/174
f 283/299/175 264/300/175 262/275/175
f 264/277/176 284/301/176 263/302/176
f 286/303/177 267/304/177 265/279/177
f 267/304/178 287/305/178 266/281/178
f 289/306/179 270/285/179 268/283/179
f 270/285/180 290/307/180 269/308/180
f 292/309/181 273/287/181 271/286/181
f 294/310/182 272/311/182 273/287/182
f 295/312/183 276/291/183 274/289/183
f 276/291/184 296/313/184 275/314/184
f 298/315/185 279/316/185 277/293/185
f 300/317/186 278/295/186 279/316/186
f 280/296/187 303/318/187 282/298/187
f 303/318/188 281/319/188 282/298/188
f 304/320/189 285/321/189 283/299/189
f 306/322/190 284/301/190 285/323/190
f 307/324/191 288/325/191 286/303/191
f 309/326/192 287/305/192 288/325/192
f 310/327/193 291/328/193 289/306/193
f 291/328/194 311/329/194 290/307/194
f 313/330/195 294/310/195 292/309/195
f 294/310/196 314/331/196 293/332/196
f 316/333/197 297/334/197 295/312/197
f 297/334/198 317/335/198 296/313/198
f 319/336/199 300/317/199 298/315/199
f 321/337/200 299/338/200 300/317/200
f 322/339/201 303/318/201 301/340/201
f 303/318/202 323/341/202 302/342/202
f 304/320/203 327/343/203 306/344/203
f 306/322/204 326/345/204 305/346/204
f 307/324/205 330/347/205 309/326/205
f 330/347/206 308/348/206 309/326/206
f 310/327/207 333/349/207 312/350/207
f 333/349/208 311/329/208 312/350/208
f 334/351/209 315/352/209 313/330/209
f 315/352/210 335/353/210 314/331/210
f 337/354/211 318/355/211 316/333/211
f 318/355/212 338/356/212 317/335/212
f 340/357/213 321/337/213 319/336/213
f 342/358/214 320/359/214 321/337/214
f 343/360/215 324/361/215 322/339/215
f 345/362/216 323/341/216 324/361/216
f 346/363/217 327/343/217 325/364/217
f 348/365/218 326/345/218 327/366/218
f 349/367/219 330/347/219 328/368/219
f 351/369/220 329/370/220 330/347/220
f 352/371/221 333/349/221 331/372/221
f 333/349/222 353/373/222 332/374/222
f 355/375/223 336/376/223 334/351/223
f 357/377/224 335/353/224 336/376/224
f 358/378/225 339/379/225 337/354/225
f 339/379/226 359/380/226 338/356/226
f 361/381/227 342/358/227 340/357/227
f 363/382/228 341/383/228 342/358/228
f 364/384/229 345/362/229 343/360/229
f 366/385/230 344/386/230 345/362/230
f 367/387/231 348/388/231 346/363/231
f 369/389/232 347/390/232 348/365/232
f 370/391/233 351/369/233 349/367/233
f 372/392/234 350/393/234 351/369/234
f 373/394/235 354/395/235 352/371/235
f 354/395/236 374/396/236 353/373/236
f 376/397/237 357/377/237 355/375/237
f 378/398/238 356/399/238 357/377/238
f 379/400/239 360/401/239 358/378/239
f 360/401/240 380/402/240 359/380/240
f 382/403/241 363/382/241 361/381/241
f 384/404/242 362/405/242 363/382/242
f 385/406/243 366/385/243 364/384/243
f 387/407/244 365/408/244 366/385/244
f 388/409/245 369/410/245 367/387/245
f 369/389/246 389/411/246 368/412/246
f 391/413/247 372/392/247 370/391/247
f 393/414/248 371/415/248 372/392/248
f 394/416/249 375/417/249 373/394/249
f 375/417/250 395/418/250 374/396/250
f 397/419/251 378/398/251 376/397/251
f 378/398/252 398/420/252 377/421/252
f 400/422/253 381/423/253 379/400/253
f 402/424/254 380/402/254 381/423/254
f 382/403/255 405/425/255 384/404/255
f 405/425/256 383/426/256 384/404/256
f 406/427/257 387/407/257 385/406/257
f 408/428/258 386/429/258 387/407/258
f 409/430/259 390/431/259 388/409/259
f 390/432/260 410/433/260 389/411/260
f 412/434/261 393/414/261 391/413/261
f 414/435/262 392/436/262 393/414/262
f 415/437/263 396/438/263 394/416/263
f 396/438/264 416/439/264 395/418/264
f 418/440/265 399/441/265 397/419/265
f 399/441/266 419/442/266 398/420/266
f 421/443/267 402/424/267 400/422/267
f 423/444/268 401/445/268 402/424/268
f 403/446/269 426/447/269 405/425/269
f 426/447/270 404/448/270 405/425/270
f 427/449/271 408/428/271 406/427/271
f 408/428/272 428/450/272 407/451/272
f 409/430/273 432/452/273 411/453/273
f 432/454/274 410/433/274 411/455/274
f 433/456/275 414/435/275 412/434/275
f 435/457/276 413/458/276 414/435/276
f 436/459/277 417/460/277 415/437/277
f 438/461/278 416/439/278 417/460/278
f 418/440/279 441/462/279 420/463/279
f 441/462/280 419/442/280 420/463/280
f 422/464/281 3/2/281 1/5/281
f 423/444/282 2/3/282 3/2/282
f 4/10/283 426/447/283 6/7/283
f 426/447/284 5/8/284 6/7/284
f 7/15/285 429/465/285 9/12/285
f 429/465/286 8/13/286 9/12/286
f 431/466/287 12/21/287 10/20/287
f 432/452/288 11/16/288 12/18/288
f 13/26/289 435/457/289 15/23/289
f 435/457/290 14/24/290 15/23/290
f 16/30/291 438/461/291 18/29/291
f 438/461/292 17/27/292 18/29/292
f 440/467/293 21/32/293 19/35/293
f 441/462/294 20/33/294 21/32/294
f 422/464/295 5/8/295 424/468/295
f 1/5/296 25/6/296 5/8/296
f 41/55/297 2/3/297 19/35/297
f 440/467/298 2/3/298 421/443/298
f 4/10/299 28/11/299 8/13/299
f 425/469/300 8/13/300 427/449/300
f 29/42/301 11/16/301 7/15/301
f 428/450/302 11/16/302 430/470/302
f 10/20/303 34/22/303 14/24/303
f 431/466/304 14/24/304 433/456/304
f 13/26/305 37/49/305 17/27/305
f 434/471/306 17/27/306 436/459/306
f 16/30/307 40/31/307 20/33/307
f 437/472/308 20/33/308 439/473/308
f 41/55/309 43/36/309 22/1/309
f 44/37/310 25/6/310 23/38/310
f 26/40/311 49/64/311 28/11/311
f 50/66/312 31/43/312 29/42/312
f 53/70/313 34/22/313 32/46/313
f 56/74/314 37/49/314 35/48/314
f 38/52/300 61/53/300 40/31/300
f 62/80/315 64/56/315 43/36/315
f 65/83/316 46/59/316 44/37/316
f 68/61/308 49/64/308 47/62/308
f 71/65/317 52/68/317 50/66/317
f 74/93/318 55/71/318 53/70/318
f 77/73/319 58/76/319 56/74/319
f 59/51/320 82/78/320 61/53/320
f 83/101/321 85/81/321 64/56/321
f 86/104/322 67/85/322 65/83/322
f 68/61/308 91/87/308 70/63/308
f 92/109/323 73/67/323 71/65/323
f 74/93/324 97/94/324 76/95/324
f 98/116/325 79/75/325 77/73/325
f 80/77/326 103/119/326 82/78/326
f 104/122/327 106/102/327 85/81/327
f 107/124/328 88/84/328 86/104/328
f 110/128/329 91/87/329 89/106/329
f 113/131/330 94/90/330 92/109/330
f 95/113/331 118/114/331 97/94/331
f 119/138/332 100/97/332 98/116/332
f 101/119/333 124/120/333 103/119/333
f 146/164/334 106/102/334 125/143/334
f 128/146/335 109/126/335 107/124/335
f 131/127/336 112/107/336 110/128/336
f 134/130/337 115/110/337 113/131/337
f 116/135/338 139/136/338 118/114/338
f 140/158/339 121/117/339 119/138/339
f 122/118/340 145/162/340 124/120/340
f 167/189/341 127/144/341 146/164/341
f 149/168/342 130/125/342 128/146/342
f 131/127/343 154/150/343 133/129/343
f 134/130/344 157/153/344 136/132/344
f 158/178/345 139/136/345 137/156/345
f 140/158/346 163/184/346 142/139/346
f 164/186/347 145/162/347 143/160/347
f 167/189/348 169/190/348 148/165/348
f 170/167/349 151/170/349 149/168/349
f 173/171/350 154/150/350 152/149/350
f 176/173/351 157/153/351 155/174/351
f 158/178/352 181/179/352 160/180/352
f 161/182/353 184/183/353 163/184/353
f 185/187/354 166/161/354 164/186/354
f 209/231/355 169/190/355 188/208/355
f 170/167/356 193/192/356 172/169/356
f 194/194/357 175/172/357 173/171/357
f 197/218/358 178/175/358 176/173/358
f 200/222/359 181/179/359 179/177/359
f 203/225/360 184/183/360 182/203/360
f 185/187/361 208/206/361 187/187/361
f 230/230/362 190/210/362 209/231/362
f 191/212/363 214/213/363 193/192/363
f 215/474/364 196/216/364 194/194/364
f 218/475/365 199/197/365 197/218/365
f 200/222/366 223/223/366 202/201/366
f 203/225/367 226/226/367 205/204/367
f 227/227/368 208/206/368 206/228/368
f 230/266/369 232/232/369 211/234/369
f 233/268/370 214/239/370 212/236/370
f 236/271/371 217/244/371 215/241/371
f 218/246/372 241/247/372 220/249/372
f 242/278/373 223/253/373 221/251/373
f 224/256/374 247/257/374 226/259/374
f 248/260/375 229/264/375 227/261/375
f 251/288/376 253/290/376 232/232/376
f 233/268/377 256/269/377 235/237/377
f 257/270/378 238/242/378 236/271/378
f 239/274/379 262/275/379 241/247/379
f 242/278/380 265/279/380 244/280/380
f 266/281/381 247/257/381 245/282/381
f 248/260/382 271/286/382 250/262/382
f 293/332/383 253/290/383 272/311/383
f 275/314/384 256/269/384 254/292/384
f 278/295/385 259/297/385 257/270/385
f 281/319/386 262/275/386 260/273/386
f 263/302/387 286/303/387 265/279/387
f 287/305/388 268/283/388 266/281/388
f 290/307/389 271/286/389 269/308/389
f 314/331/390 274/289/390 293/332/390
f 275/314/391 298/315/391 277/293/391
f 299/338/392 280/296/392 278/295/392
f 302/342/393 283/299/393 281/319/393
f 284/301/394 307/324/394 286/303/394
f 308/348/395 289/306/395 287/305/395
f 290/307/396 313/330/396 292/309/396
f 335/353/397 295/312/397 314/331/397
f 317/335/398 298/315/398 296/313/398
f 320/359/399 301/340/399 299/338/399
f 302/342/400 325/364/400 304/320/400
f 326/345/401 307/324/401 305/346/401
f 308/348/402 331/372/402 310/327/402
f 311/329/403 334/351/403 313/330/403
f 356/399/404 316/333/404 335/353/404
f 338/356/405 319/336/405 317/335/405
f 341/383/406 322/339/406 320/359/406
f 323/341/407 346/363/407 325/364/407
f 347/390/408 328/368/408 326/345/408
f 350/393/409 331/372/409 329/370/409
f 332/374/410 355/375/410 334/351/410
f 377/421/411 337/354/411 356/399/411
f 359/380/412 340/357/412 338/356/412
f 362/405/413 343/360/413 341/383/413
f 344/386/414 367/387/414 346/363/414
f 368/412/415 349/367/415 347/390/415
f 371/415/416 352/371/416 350/393/416
f 374/396/417 355/375/417 353/373/417
f 398/420/418 358/378/418 377/421/418
f 359/380/419 382/403/419 361/381/419
f 383/426/420 364/384/420 362/405/420
f 365/408/421 388/409/421 367/387/421
f 389/411/422 370/391/422 368/412/422
f 371/415/423 394/416/423 373/394/423
f 374/396/424 397/419/424 376/397/424
f 398/420/425 400/422/425 379/400/425
f 401/445/426 382/403/426 380/402/426
f 404/448/427 385/406/427 383/426/427
f 386/429/428 409/430/428 388/409/428
f 410/433/429 391/413/429 389/411/429
f 413/458/430 394/416/430 392/436/430
f 395/418/424 418/440/424 397/419/424
f 440/467/431 400/422/431 419/442/431
f 422/464/432 403/446/432 401/445/432
f 404/448/433 427/449/433 406/427/433
f 407/451/434 430/470/434 409/430/434
f 431/466/435 412/434/435 410/433/435
f 434/471/436 415/437/436 413/458/436
f 416/439/424 439/473/424 418/440/424
f 442/476/437 446/477/437 448/478/437
f 447/479/438 445/480/438 443/481/438
f 448/482/439 447/483/439 444/484/439
f 449/485/440 453/486/440 455/487/440
f 454/488/441 452/489/441 450/490/441
f 455/491/442 454/492/442 451/493/442
f 456/494/443 460/495/443 462/496/443
f 461/497/444 459/498/444 457/499/444
f 462/500/445 461/497/445 458/501/445
f 463/502/446 467/503/446 469/504/446
f 468/505/447 466/506/447 464/507/447
f 469/508/448 468/505/448 465/509/448
f 470/510/449 474/511/449 476/512/449
f 475/513/450 473/514/450 471/515/450
f 476/516/451 475/513/451 472/517/451
f 477/518/452 481/519/452 483/520/452
f 482/521/453 480/522/453 478/523/453
f 483/524/454 482/521/454 479/525/454
f 484/526/455 488/527/455 490/528/455
f 489/529/456 487/530/456 485/531/456
f 490/532/457 489/529/457 486/533/457
f 491/534/458 495/535/458 497/536/458
f 496/537/459 494/538/459 492/539/459
f 497/540/460 496/537/460 493/541/460
f 498/542/461 502/543/461 504/544/461
f 503/545/462 501/546/462 499/547/462
f 504/548/463 503/545/463 500/549/463
f 505/550/464 509/551/464 511/552/464
f 510/553/465 508/554/465 506/555/465
f 511/556/466 510/553/466 507/557/466
f 512/558/467 516/559/467 518/560/467
f 517/561/468 515/562/468 513/563/468
f 518/564/469 517/561/469 514/565/469
f 519/566/470 523/567/470 525/568/470
f 524/569/471 522/570/471 520/571/471
f 525/572/472 524/569/472 521/573/472
f 526/574/473 530/575/473 532/576/473
f 531/577/474 529/578/474 527/579/474
f 532/580/475 531/577/475 528/581/475
f 533/582/476 537/583/476 539/584/476
f 538/585/477 536/586/477 534/587/477
f 539/588/478 538/585/478 535/589/478
f 540/590/479 544/591/479 546/592/479
f 545/593/480 543/594/480 541/581/480
f 546/595/481 545/593/481 542/596/481
f 547/597/482 551/598/482 553/599/482
f 552/600/483 550/601/483 548/602/483
f 553/603/484 552/600/484 549/604/484
f 554/605/485 558/606/485 560/607/485
f 559/608/486 557/609/486 555/610/486
f 560/611/487 559/608/487 556/612/487
f 561/613/488 565/614/488 567/615/488
f 566/616/489 564/617/489 562/618/489
f 567/619/490 566/616/490 563/620/490
f 444/484/491 459/498/491 448/482/491
f 448/478/492 456/494/492 442/476/492
f 465/509/493 452/489/493 469/508/493
f 452/621/494 463/502/494 469/504/494
f 451/493/495 447/479/495 443/481/495
f 454/488/496 444/484/496 447/483/496
f 464/507/497 461/497/497 468/505/497
f 461/497/498 465/509/498 468/505/498
f 458/501/499 473/514/499 462/500/499
f 462/496/500 470/510/500 456/494/500
f 464/507/501 483/524/501 479/525/501
f 483/520/502 463/502/502 477/518/502
f 472/517/503 482/521/503 478/523/503
f 475/513/504 479/525/504 482/521/504
f 472/517/505 487/530/505 476/516/505
f 487/622/506 470/510/506 476/512/506
f 478/523/507 497/540/507 493/541/507
f 497/536/508 477/518/508 491/534/508
f 486/533/509 496/537/509 492/539/509
f 496/537/510 485/531/510 493/541/510
f 486/533/511 501/546/511 490/532/511
f 490/528/512 498/542/512 484/526/512
f 507/557/513 494/538/513 511/556/513
f 494/623/514 505/550/514 511/552/514
f 500/549/515 510/553/515 506/555/515
f 510/553/516 499/547/516 507/557/516
f 500/549/517 515/562/517 504/548/517
f 504/544/518 512/558/518 498/542/518
f 506/555/519 525/572/519 521/573/519
f 525/568/520 505/550/520 519/566/520
f 514/565/521 524/569/521 520/571/521
f 517/561/522 521/573/522 524/569/522
f 514/565/523 529/578/523 518/564/523
f 529/624/524 512/558/524 518/560/524
f 535/589/525 522/570/525 539/588/525
f 539/584/526 519/566/526 533/582/526
f 528/581/527 538/585/527 534/587/527
f 538/585/528 527/579/528 535/589/528
f 528/581/529 543/594/529 532/580/529
f 543/625/530 526/574/530 532/576/530
f 534/587/531 553/603/531 549/604/531
f 553/599/532 533/582/532 547/597/532
f 548/602/533 545/593/533 552/600/533
f 552/600/534 541/581/534 549/604/534
f 542/596/535 557/609/535 546/595/535
f 557/626/536 540/590/536 546/592/536
f 563/620/537 550/601/537 567/619/537
f 550/627/538 561/613/538 567/615/538
f 562/618/539 559/608/539 566/616/539
f 559/608/540 563/620/540 566/616/540
f 556/612/541 445/480/541 560/611/541
f 560/607/542 442/476/542 554/605/542
f 451/493/543 564/617/543 455/491/543
f 455/487/544 561/613/544 449/485/544
f 456/494/545 512/558/545 540/590/545
f 444/484/311 465/509/311 457/499/311
f 556/612/311 451/493/311 443/481/311
f 449/485/546 519/566/546 491/534/546
f 458/501/308 479/525/308 471/515/308
f 472/517/311 493/541/311 485/531/311
f 486/533/547 507/557/547 499/547/547
f 500/549/311 521/573/311 513/563/311
f 514/565/424 535/589/424 527/579/424
f 528/581/311 549/604/311 541/581/311
f 542/596/548 563/620/548 555/610/548
f 568/628/549 572/629/549 574/630/549
f 573/631/550 571/632/550 569/633/550
f 574/634/551 573/635/551 570/636/551
f 575/637/552 579/638/552 581/639/552
f 580/640/553 578/641/553 576/642/553
f 581/643/554 580/644/554 577/645/554
f 582/646/555 586/647/555 588/648/555
f 587/649/556 585/650/556 583/651/556
f 588/652/557 587/649/557 584/653/557
f 589/654/558 593/655/558 595/656/558
f 594/657/559 592/658/559 590/659/559
f 595/660/560 594/657/560 591/661/560
f 596/662/561 600/663/561 602/664/561
f 601/665/562 599/666/562 597/667/562
f 602/668/563 601/665/563 598/669/563
f 603/670/564 607/671/564 609/672/564
f 608/673/565 606/674/565 604/675/565
f 609/676/566 608/673/566 605/677/566
f 610/678/567 614/679/567 616/680/567
f 615/681/568 613/682/568 611/683/568
f 616/684/569 615/681/569 612/685/569
f 617/686/570 621/687/570 623/688/570
f 622/689/571 620/690/571 618/691/571
f 623/692/572 622/689/572 619/693/572
f 624/694/573 628/695/573 630/696/573
f 629/697/574 627/698/574 625/699/574
f 630/700/575 629/697/575 626/701/575
f 631/702/576 635/703/576 637/704/576
f 636/705/577 634/706/577 632/707/577
f 637/708/578 636/705/578 633/709/578
f 638/710/579 642/711/579 644/712/579
f 643/713/580 641/714/580 639/715/580
f 644/716/581 643/713/581 640/717/581
f 645/718/582 649/719/582 651/720/582
f 650/721/583 648/722/583 646/723/583
f 651/724/584 650/721/584 647/725/584
f 652/726/585 656/727/585 658/728/585
f 657/729/586 655/730/586 653/731/586
f 658/732/587 657/729/587 654/733/587
f 659/734/588 663/735/588 665/736/588
f 664/737/589 662/738/589 660/739/589
f 665/740/590 664/737/590 661/741/590
f 583/651/591 574/634/591 570/636/591
f 574/630/592 582/646/592 568/628/592
f 591/661/593 578/641/593 595/660/593
f 595/656/594 575/637/594 589/654/594
f 569/633/595 580/644/595 573/631/595
f 580/640/596 570/636/596 573/635/596
f 584/653/597 594/657/597 590/659/597
f 594/657/598 583/651/598 591/661/598
f 584/653/599 599/666/599 588/652/599
f 599/742/600 582/646/600 588/648/600
f 590/659/601 609/676/601 605/677/601
f 609/672/602 589/654/602 603/670/602
f 598/669/603 608/673/603 604/675/603
f 608/673/604 597/667/604 605/677/604
f 611/683/605 602/668/605 598/669/605
f 602/664/606 610/678/606 596/662/606
f 619/693/607 606/674/607 623/692/607
f 623/688/608 603/670/608 617/686/608
f 612/685/609 622/689/609 618/691/609
f 622/689/610 611/683/610 619/693/610
f 612/685/611 627/698/611 616/684/611
f 627/743/612 610/678/612 616/680/612
f 633/709/613 620/690/613 637/708/613
f 637/704/614 617/686/614 631/702/614
f 626/701/615 636/705/615 632/707/615
f 636/705/616 625/699/616 633/709/616
f 639/715/617 630/700/617 626/701/617
f 641/744/618 624/694/618 630/696/618
f 647/725/619 634/706/619 651/724/619
f 634/745/620 645/718/620 651/720/620
f 640/717/621 650/721/621 646/723/621
f 650/721/622 639/715/622 647/725/622
f 653/731/623 644/716/623 640/717/623
f 644/712/624 652/726/624 638/710/624
f 646/723/625 665/740/625 661/741/625
f 648/746/626 659/734/626 665/736/626
f 654/733/627 664/737/627 660/739/627
f 664/737/628 653/731/628 661/741/628
f 654/733/629 571/632/629 658/732/629
f 571/747/630 652/726/630 658/728/630
f 660/739/311 581/643/311 577/645/311
f 581/639/631 659/734/631 575/637/631
f 582/646/632 610/678/632 638/710/632
f 570/636/633 591/661/633 583/651/633
f 654/733/634 577/645/634 569/633/634
f 575/637/635 645/718/635 617/686/635
f 584/653/636 605/677/636 597/667/636
f 598/669/637 619/693/637 611/683/637
f 618/691/638 625/699/638 612/685/638
f 626/701/639 647/725/639 639/715/639
f 646/723/640 653/731/640 640/717/640
f 22/1/1 24/4/1 3/2/1
f 24/4/2 23/38/2 1/5/2
f 25/6/3 27/9/3 6/7/3
f 27/9/4 26/40/4 4/10/4
f 28/11/5 30/14/5 9/12/5
f 30/14/6 29/42/6 7/15/6
f 11/16/7 31/43/7 33/17/7
f 33/19/8 32/46/8 10/20/8
f 34/22/9 36/25/9 15/23/9
f 36/25/10 35/48/10 13/26/10
f 17/27/11 37/49/11 39/28/11
f 39/28/12 38/52/12 16/30/12
f 40/31/13 42/34/13 21/32/13
f 42/34/14 41/55/14 19/35/14
f 43/36/15 45/57/15 24/4/15
f 24/4/16 45/57/16 44/37/16
f 25/6/17 46/59/17 48/39/17
f 48/39/18 47/62/18 26/40/18
f 28/11/19 49/64/19 51/41/19
f 51/41/20 50/66/20 29/42/20
f 31/43/21 52/68/21 54/44/21
f 54/45/22 53/70/22 32/46/22
f 34/22/23 55/71/23 57/47/23
f 57/47/24 56/74/24 35/48/24
f 37/49/25 58/76/25 60/50/25
f 39/28/26 60/50/26 59/51/26
f 61/53/27 63/54/27 42/34/27
f 63/54/28 62/80/28 41/55/28
f 64/56/29 66/58/29 45/57/29
f 66/58/30 65/83/30 44/37/30
f 46/59/31 67/85/31 69/60/31
f 48/39/32 69/60/32 68/61/32
f 70/63/33 72/88/33 51/41/33
f 51/41/34 72/88/34 71/65/34
f 73/67/35 75/91/35 54/44/35
f 75/69/36 74/93/36 53/70/36
f 55/71/37 76/95/37 78/72/37
f 57/47/38 78/72/38 77/73/38
f 79/75/39 81/98/39 60/50/39
f 60/50/40 81/98/40 80/77/40
f 82/78/41 84/79/41 63/54/41
f 84/79/42 83/101/42 62/80/42
f 85/81/43 87/82/43 66/58/43
f 87/82/44 86/104/44 65/83/44
f 88/84/45 90/86/45 69/60/45
f 90/86/46 89/106/46 68/61/46
f 91/87/47 93/89/47 72/88/47
f 93/89/48 92/109/48 71/65/48
f 94/90/49 96/111/49 75/91/49
f 96/92/993 95/113/993 74/93/993
f 97/94/51 99/96/51 78/72/51
f 99/96/52 98/116/52 77/73/52
f 100/97/53 102/99/53 81/98/53
f 102/99/54 101/119/54 80/77/54
f 82/78/55 103/119/55 105/100/55
f 105/100/56 104/122/56 83/101/56
f 106/102/57 108/103/57 87/82/57
f 108/103/58 107/124/58 86/104/58
f 88/84/59 109/126/59 111/105/59
f 111/105/60 110/128/60 89/106/60
f 112/107/61 114/108/61 93/89/61
f 114/108/62 113/131/62 92/109/62
f 115/110/63 117/133/63 96/111/63
f 117/112/64 116/135/64 95/113/64
f 118/114/65 120/115/65 99/96/65
f 120/115/66 119/138/66 98/116/66
f 121/117/67 123/140/67 102/99/67
f 102/99/68 123/140/68 122/118/68
f 124/120/69 126/121/69 105/100/69
f 126/121/70 125/143/70 104/122/70
f 106/102/71 127/144/71 129/123/71
f 129/123/72 128/146/72 107/124/72
f 130/125/73 132/148/73 111/105/73
f 111/105/74 132/148/74 131/127/74
f 133/129/75 135/151/75 114/108/75
f 114/108/76 135/151/76 134/130/76
f 136/132/77 138/154/77 117/133/77
f 138/134/78 137/156/78 116/135/78
f 139/136/79 141/137/79 120/115/79
f 141/137/80 140/158/80 119/138/80
f 142/139/81 144/141/81 123/140/81
f 144/141/82 143/160/82 122/118/82
f 124/120/83 145/162/83 147/142/83
f 147/142/84 146/164/84 125/143/84
f 127/144/85 148/165/85 150/145/85
f 150/145/86 149/168/86 128/146/86
f 130/125/87 151/170/87 153/147/87
f 132/148/88 153/147/88 152/149/88
f 154/150/89 156/152/89 135/151/89
f 156/152/90 155/174/90 134/130/90
f 157/153/91 159/176/91 138/154/91
f 159/155/92 158/178/92 137/156/92
f 139/136/93 160/180/93 162/157/93
f 162/157/94 161/182/94 140/158/94
f 142/139/95 163/184/95 165/159/95
f 165/159/96 164/186/96 143/160/96
f 166/161/97 168/163/97 147/142/97
f 168/163/98 167/189/98 146/164/98
f 148/165/99 169/190/99 171/166/99
f 150/145/100 171/166/100 170/167/100
f 172/169/101 174/193/101 153/147/101
f 153/147/102 174/193/102 173/171/102
f 175/172/103 177/196/103 156/152/103
f 156/152/104 177/196/104 176/173/104
f 178/175/105 180/198/105 159/176/105
f 159/155/106 180/200/106 179/177/106
f 181/179/107 183/181/107 162/157/107
f 183/181/108 182/203/108 161/182/108
f 184/183/109 186/185/109 165/159/109
f 186/185/110 185/187/110 164/186/110
f 187/187/111 189/188/111 168/163/111
f 189/188/112 188/208/112 167/189/112
f 169/190/113 190/210/113 192/191/113
f 192/191/114 191/212/114 170/167/114
f 193/192/115 195/214/115 174/193/115
f 174/193/116 195/214/116 194/194/116
f 175/172/117 196/216/117 198/195/117
f 198/195/118 197/218/118 176/173/118
f 199/197/119 201/220/119 180/198/119
f 201/199/120 200/222/120 179/177/120
f 202/201/121 204/202/121 183/181/121
f 204/202/122 203/225/122 182/203/122
f 205/204/123 207/205/123 186/185/123
f 207/205/124 206/228/124 185/187/124
f 208/206/125 210/207/125 189/188/125
f 210/207/126 209/231/126 188/208/126
f 211/209/127 213/211/127 192/191/127
f 213/211/128 212/1152/128 191/212/128
f 214/213/129 216/215/129 195/214/129
f 216/215/130 215/474/130 194/194/130
f 196/216/131 217/1153/131 219/217/131
f 219/217/132 218/475/132 197/218/132
f 220/219/133 222/1048/133 201/220/133
f 201/199/134 222/1154/134 221/221/134
f 223/223/135 225/224/135 204/202/135
f 225/224/136 224/1155/136 203/225/136
f 226/226/137 228/1156/137 207/205/137
f 207/205/138 228/1156/138 227/227/138
f 229/229/994 231/1157/994 210/207/994
f 210/207/140 231/1157/140 230/230/140
f 232/232/141 234/235/141 213/233/141
f 234/235/142 233/268/142 212/236/142
f 235/237/143 237/240/143 216/238/143
f 237/240/144 236/271/144 215/241/144
f 238/242/145 240/245/145 219/243/145
f 240/245/146 239/274/146 218/246/146
f 241/247/147 243/276/147 222/248/147
f 243/250/148 242/278/148 221/251/148
f 223/253/149 244/280/149 246/254/149
f 246/254/150 245/282/150 224/256/150
f 247/257/151 249/284/151 228/258/151
f 228/258/152 249/284/152 248/260/152
f 250/262/153 252/265/153 231/263/153
f 252/265/154 251/288/154 230/266/154
f 232/232/155 253/290/155 255/267/155
f 255/267/156 254/292/156 233/268/156
f 256/269/157 258/294/157 237/240/157
f 237/240/158 258/294/158 257/270/158
f 238/242/159 259/297/159 261/272/159
f 240/245/160 261/272/160 260/273/160
f 262/275/161 264/300/161 243/276/161
f 264/277/162 263/302/162 242/278/162
f 265/279/163 267/304/163 246/254/163
f 246/254/164 267/304/164 266/281/164
f 268/283/165 270/285/165 249/284/165
f 270/285/166 269/308/166 248/260/166
f 271/286/167 273/287/167 252/265/167
f 273/287/168 272/311/168 251/288/168
f 274/289/169 276/291/169 255/267/169
f 276/291/170 275/314/170 254/292/170
f 277/293/171 279/316/171 258/294/171
f 258/294/172 279/316/172 278/295/172
f 280/296/173 282/298/173 261/272/173
f 282/298/174 281/319/174 260/273/174
f 283/299/175 285/321/175 264/300/175
f 264/277/176 285/323/176 284/301/176
f 286/303/177 288/325/177 267/304/177
f 267/304/178 288/325/178 287/305/178
f 289/306/179 291/328/179 270/285/179
f 270/285/180 291/328/180 290/307/180
f 292/309/181 294/310/181 273/287/181
f 294/310/182 293/332/182 272/311/182
f 295/312/183 297/334/183 276/291/183
f 276/291/184 297/334/184 296/313/184
f 298/315/185 300/317/185 279/316/185
f 300/317/186 299/338/186 278/295/186
f 280/296/187 301/340/187 303/318/187
f 303/318/188 302/342/188 281/319/188
f 304/320/189 306/344/189 285/321/189
f 306/322/190 305/346/190 284/301/190
f 307/324/191 309/326/191 288/325/191
f 309/326/192 308/348/192 287/305/192
f 310/327/193 312/350/193 291/328/193
f 291/328/194 312/350/194 311/329/194
f 313/330/195 315/352/195 294/310/195
f 294/310/196 315/352/196 314/331/196
f 316/333/197 318/355/197 297/334/197
f 297/334/198 318/355/198 317/335/198
f 319/336/199 321/337/199 300/317/199
f 321/337/200 320/359/200 299/338/200
f 322/339/201 324/361/201 303/318/201
f 303/318/202 324/361/202 323/341/202
f 304/320/203 325/364/203 327/343/203
f 306/322/204 327/366/204 326/345/204
f 307/324/205 328/368/205 330/347/205
f 330/347/206 329/370/206 308/348/206
f 310/327/207 331/372/207 333/349/207
f 333/349/208 332/374/208 311/329/208
f 334/351/209 336/376/209 315/352/209
f 315/352/210 336/376/210 335/353/210
f 337/354/211 339/379/211 318/355/211
f 318/355/212 339/379/212 338/356/212
f 340/357/213 342/358/213 321/337/213
f 342/358/214 341/383/214 320/359/214
f 343/360/215 345/362/215 324/361/215
f 345/362/216 344/386/216 323/341/216
f 346/363/217 348/388/217 327/343/217
f 348/365/218 347/390/218 326/345/218
f 349/367/219 351/369/219 330/347/219
f 351/369/220 350/393/220 329/370/220
f 352/371/221 354/395/221 333/349/221
f 333/349/222 354/395/222 353/373/222
f 355/375/223 357/377/223 336/376/223
f 357/377/224 356/399/224 335/353/224
f 358/378/225 360/401/225 339/379/225
f 339/379/226 360/401/226 359/380/226
f 361/381/227 363/382/227 342/358/227
f 363/382/228 362/405/228 341/383/228
f 364/384/229 366/385/229 345/362/229
f 366/385/230 365/408/230 344/386/230
f 367/387/231 369/410/231 348/388/231
f 369/389/232 368/412/232 347/390/232
f 370/391/233 372/392/233 351/369/233
f 372/392/234 371/415/234 350/393/234
f 373/394/235 375/417/235 354/395/235
f 354/395/236 375/417/236 374/396/236
f 376/397/237 378/398/237 357/377/237
f 378/398/238 377/421/238 356/399/238
f 379/400/239 381/423/239 360/401/239
f 360/401/240 381/423/240 380/402/240
f 382/403/241 384/404/241 363/382/241
f 384/404/242 383/426/242 362/405/242
f 385/406/243 387/407/243 366/385/243
f 387/407/244 386/429/244 365/408/244
f 388/409/245 390/431/245 369/410/245
f 369/389/246 390/432/246 389/411/246
f 391/413/247 393/414/247 372/392/247
f 393/414/248 392/436/248 371/415/248
f 394/416/249 396/438/249 375/417/249
f 375/417/250 396/438/250 395/418/250
f 397/419/995 399/441/995 378/398/995
f 378/398/252 399/441/252 398/420/252
f 400/422/253 402/424/253 381/423/253
f 402/424/254 401/445/254 380/402/254
f 382/403/255 403/446/255 405/425/255
f 405/425/256 404/448/256 383/426/256
f 406/427/257 408/428/257 387/407/257
f 408/428/258 407/451/258 386/429/258
f 409/430/259 411/453/259 390/431/259
f 390/432/996 411/455/996 410/433/996
f 412/434/261 414/435/261 393/414/261
f 414/435/262 413/458/262 392/436/262
f 415/437/263 417/460/263 396/438/263
f 396/438/264 417/460/264 416/439/264
f 418/440/265 420/463/265 399/441/265
f 399/441/266 420/463/266 419/442/266
f 421/443/267 423/444/267 402/424/267
f 423/444/268 422/464/268 401/445/268
f 403/446/269 424/468/269 426/447/269
f 426/447/270 425/469/270 404/448/270
f 427/449/271 429/465/271 408/428/271
f 408/428/272 429/465/272 428/450/272
f 409/430/273 430/470/273 432/452/273
f 432/454/274 431/466/274 410/433/274
f 433/456/275 435/457/275 414/435/275
f 435/457/276 434/471/276 413/458/276
f 436/459/277 438/461/277 417/460/277
f 438/461/278 437/472/278 416/439/278
f 418/440/279 439/473/279 441/462/279
f 441/462/280 440/467/280 419/442/280
f 422/464/281 423/444/281 3/2/281
f 423/444/282 421/443/282 2/3/282
f 4/10/283 425/469/283 426/447/283
f 426/447/284 424/468/284 5/8/284
f 7/15/285 428/450/285 429/465/285
f 429/465/286 427/449/286 8/13/286
f 431/466/287 432/454/287 12/21/287
f 432/452/288 430/470/288 11/16/288
f 13/26/289 434/471/289 435/457/289
f 435/457/290 433/456/290 14/24/290
f 16/30/291 437/472/291 438/461/291
f 438/461/292 436/459/292 17/27/292
f 440/467/293 441/462/293 21/32/293
f 441/462/294 439/473/294 20/33/294
f 422/464/295 1/5/295 5/8/295
f 1/5/997 23/38/997 25/6/997
f 41/55/998 22/1/998 2/3/998
f 440/467/999 19/35/999 2/3/999
f 4/10/311 26/40/311 28/11/311
f 425/469/1000 4/10/1000 8/13/1000
f 29/42/1001 31/43/1001 11/16/1001
f 428/450/1002 7/15/1002 11/16/1002
f 10/20/303 32/46/303 34/22/303
f 431/466/304 10/20/304 14/24/304
f 13/26/1003 35/48/1003 37/49/1003
f 434/471/1004 13/26/1004 17/27/1004
f 16/30/1005 38/52/1005 40/31/1005
f 437/472/1006 16/30/1006 20/33/1006
f 41/55/309 62/80/309 43/36/309
f 44/37/1007 46/59/1007 25/6/1007
f 26/40/308 47/62/308 49/64/308
f 50/66/1008 52/68/1008 31/43/1008
f 53/70/1009 55/71/1009 34/22/1009
f 56/74/1010 58/76/1010 37/49/1010
f 38/52/1011 59/51/1011 61/53/1011
f 62/80/1012 83/101/1012 64/56/1012
f 65/83/316 67/85/316 46/59/316
f 68/61/1013 70/63/1013 49/64/1013
f 71/65/1014 73/67/1014 52/68/1014
f 74/93/1015 76/95/1015 55/71/1015
f 77/73/319 79/75/319 58/76/319
f 59/51/1016 80/77/1016 82/78/1016
f 83/101/1017 104/122/1017 85/81/1017
f 86/104/1018 88/84/1018 67/85/1018
f 68/61/311 89/106/311 91/87/311
f 92/109/1019 94/90/1019 73/67/1019
f 74/93/324 95/113/324 97/94/324
f 98/116/325 100/97/325 79/75/325
f 80/77/1020 101/119/1020 103/119/1020
f 104/122/1021 125/143/1021 106/102/1021
f 107/124/1022 109/126/1022 88/84/1022
f 110/128/1023 112/107/1023 91/87/1023
f 113/131/1024 115/110/1024 94/90/1024
f 95/113/1025 116/135/1025 118/114/1025
f 119/138/1026 121/117/1026 100/97/1026
f 101/119/1027 122/118/1027 124/120/1027
f 146/164/1028 127/144/1028 106/102/1028
f 128/146/1029 130/125/1029 109/126/1029
f 131/127/343 133/129/343 112/107/343
f 134/130/1030 136/132/1030 115/110/1030
f 116/135/338 137/156/338 139/136/338
f 140/158/1031 142/139/1031 121/117/1031
f 122/118/340 143/160/340 145/162/340
f 167/189/1032 148/165/1032 127/144/1032
f 149/168/1033 151/170/1033 130/125/1033
f 131/127/1034 152/149/1034 154/150/1034
f 134/130/1035 155/174/1035 157/153/1035
f 158/178/1036 160/180/1036 139/136/1036
f 140/158/1037 161/182/1037 163/184/1037
f 164/186/1038 166/161/1038 145/162/1038
f 167/189/1039 188/208/1039 169/190/1039
f 170/167/1040 172/169/1040 151/170/1040
f 173/171/1041 175/172/1041 154/150/1041
f 176/173/351 178/175/351 157/153/351
f 158/178/1042 179/177/1042 181/179/1042
f 161/182/353 182/203/353 184/183/353
f 185/187/1043 187/187/1043 166/161/1043
f 209/231/1044 190/210/1044 169/190/1044
f 170/167/356 191/212/356 193/192/356
f 194/194/308 196/216/308 175/172/308
f 197/218/1045 199/197/1045 178/175/1045
f 200/222/1046 202/201/1046 181/179/1046
f 203/225/360 205/204/360 184/183/360
f 185/187/1047 206/228/1047 208/206/1047
f 230/230/362 211/209/362 190/210/362
f 191/212/1048 212/1152/1048 214/213/1048
f 215/474/1049 217/1153/1049 196/216/1049
f 218/475/365 220/219/365 199/197/365
f 200/222/366 221/221/366 223/223/366
f 203/225/1050 224/1155/1050 226/226/1050
f 227/227/1051 229/229/1051 208/206/1051
f 230/266/369 251/288/369 232/232/369
f 233/268/370 235/237/370 214/239/370
f 236/271/311 238/242/311 217/244/311
f 218/246/1052 239/274/1052 241/247/1052
f 242/278/373 244/280/373 223/253/373
f 224/256/1053 245/282/1053 247/257/1053
f 248/260/1054 250/262/1054 229/264/1054
f 251/288/1055 272/311/1055 253/290/1055
f 233/268/377 254/292/377 256/269/377
f 257/270/1056 259/297/1056 238/242/1056
f 239/274/1057 260/273/1057 262/275/1057
f 242/278/1058 263/302/1058 265/279/1058
f 266/281/381 268/283/381 247/257/381
f 248/260/1059 269/308/1059 271/286/1059
f 293/332/383 274/289/383 253/290/383
f 275/314/384 277/293/384 256/269/384
f 278/295/1060 280/296/1060 259/297/1060
f 281/319/1061 283/299/1061 262/275/1061
f 263/302/387 284/301/387 286/303/387
f 287/305/1062 289/306/1062 268/283/1062
f 290/307/1063 292/309/1063 271/286/1063
f 314/331/1064 295/312/1064 274/289/1064
f 275/314/1065 296/313/1065 298/315/1065
f 299/338/1066 301/340/1066 280/296/1066
f 302/342/1067 304/320/1067 283/299/1067
f 284/301/1068 305/346/1068 307/324/1068
f 308/348/1069 310/327/1069 289/306/1069
f 290/307/1070 311/329/1070 313/330/1070
f 335/353/1071 316/333/1071 295/312/1071
f 317/335/1072 319/336/1072 298/315/1072
f 320/359/1073 322/339/1073 301/340/1073
f 302/342/1074 323/341/1074 325/364/1074
f 326/345/1075 328/368/1075 307/324/1075
f 308/348/1076 329/370/1076 331/372/1076
f 311/329/1077 332/374/1077 334/351/1077
f 356/399/1078 337/354/1078 316/333/1078
f 338/356/1079 340/357/1079 319/336/1079
f 341/383/1080 343/360/1080 322/339/1080
f 323/341/407 344/386/407 346/363/407
f 347/390/1081 349/367/1081 328/368/1081
f 350/393/1082 352/371/1082 331/372/1082
f 332/374/1083 353/373/1083 355/375/1083
f 377/421/411 358/378/411 337/354/411
f 359/380/1084 361/381/1084 340/357/1084
f 362/405/1085 364/384/1085 343/360/1085
f 344/386/1086 365/408/1086 367/387/1086
f 368/412/1087 370/391/1087 349/367/1087
f 371/415/1088 373/394/1088 352/371/1088
f 374/396/311 376/397/311 355/375/311
f 398/420/1089 379/400/1089 358/378/1089
f 359/380/419 380/402/419 382/403/419
f 383/426/1090 385/406/1090 364/384/1090
f 365/408/421 386/429/421 388/409/421
f 389/411/1091 391/413/1091 370/391/1091
f 371/415/1092 392/436/1092 394/416/1092
f 374/396/1093 395/418/1093 397/419/1093
f 398/420/1094 419/442/1094 400/422/1094
f 401/445/1095 403/446/1095 382/403/1095
f 404/448/1096 406/427/1096 385/406/1096
f 386/429/1097 407/451/1097 409/430/1097
f 410/433/1098 412/434/1098 391/413/1098
f 413/458/1099 415/437/1099 394/416/1099
f 395/418/1100 416/439/1100 418/440/1100
f 440/467/1101 421/443/1101 400/422/1101
f 422/464/1102 424/468/1102 403/446/1102
f 404/448/1103 425/469/1103 427/449/1103
f 407/451/1104 428/450/1104 430/470/1104
f 431/466/1105 433/456/1105 412/434/1105
f 434/471/1106 436/459/1106 415/437/1106
f 416/439/1107 437/472/1107 439/473/1107
f 442/476/1108 445/1158/1108 446/477/1108
f 447/479/1109 446/1159/1109 445/480/1109
f 448/482/1110 446/1160/1110 447/483/1110
f 449/485/1111 452/621/1111 453/486/1111
f 454/488/1112 453/1161/1112 452/489/1112
f 455/491/1113 453/1162/1113 454/492/1113
f 456/494/1114 459/1163/1114 460/495/1114
f 461/497/1115 460/1164/1115 459/498/1115
f 462/500/1116 460/1164/1116 461/497/1116
f 463/502/1117 466/1165/1117 467/503/1117
f 468/505/1118 467/1166/1118 466/506/1118
f 469/508/1119 467/1166/1119 468/505/1119
f 470/510/1120 473/1167/1120 474/511/1120
f 475/513/1121 474/1168/1121 473/514/1121
f 476/516/1122 474/1168/1122 475/513/1122
f 477/518/1123 480/1169/1123 481/519/1123
f 482/521/1124 481/1170/1124 480/522/1124
f 483/524/1125 481/1170/1125 482/521/1125
f 484/526/1126 487/622/1126 488/527/1126
f 489/529/1127 488/1171/1127 487/530/1127
f 490/532/1128 488/1171/1128 489/529/1128
f 491/534/1129 494/623/1129 495/535/1129
f 496/537/1130 495/1172/1130 494/538/1130
f 497/540/1131 495/1172/1131 496/537/1131
f 498/542/1132 501/1173/1132 502/543/1132
f 503/545/1133 502/1174/1133 501/546/1133
f 504/548/1134 502/1174/1134 503/545/1134
f 505/550/1135 508/1175/1135 509/551/1135
f 510/553/1136 509/1176/1136 508/554/1136
f 511/556/1137 509/1176/1137 510/553/1137
f 512/558/1138 515/1177/1138 516/559/1138
f 517/561/1139 516/1178/1139 515/562/1139
f 518/564/1140 516/1178/1140 517/561/1140
f 519/566/1141 522/1179/1141 523/567/1141
f 524/569/1142 523/1180/1142 522/570/1142
f 525/572/1143 523/1180/1143 524/569/1143
f 526/574/1144 529/624/1144 530/575/1144
f 531/577/1145 530/1181/1145 529/578/1145
f 532/580/1146 530/1181/1146 531/577/1146
f 533/582/1147 536/1182/1147 537/583/1147
f 538/585/1148 537/1183/1148 536/586/1148
f 539/588/1149 537/1183/1149 538/585/1149
f 540/590/1150 543/625/1150 544/591/1150
f 545/593/1151 544/1184/1151 543/594/1151
f 546/595/1152 544/1184/1152 545/593/1152
f 547/597/1153 550/627/1153 551/598/1153
f 552/600/1154 551/1185/1154 550/601/1154
f 553/603/1155 551/1185/1155 552/600/1155
f 554/605/1156 557/626/1156 558/606/1156
f 559/608/1157 558/1186/1157 557/609/1157
f 560/611/1158 558/1186/1158 559/608/1158
f 561/613/1159 564/1187/1159 565/614/1159
f 566/616/1160 565/1188/1160 564/617/1160
f 567/619/1161 565/1188/1161 566/616/1161
f 444/484/311 457/499/311 459/498/311
f 448/478/492 459/1163/492 456/494/492
f 465/509/493 450/490/493 452/489/493
f 452/621/494 449/485/494 463/502/494
f 451/493/495 454/492/495 447/479/495
f 454/488/496 450/490/496 444/484/496
f 464/507/497 458/501/497 461/497/497
f 461/497/498 457/499/498 465/509/498
f 458/501/957 471/515/957 473/514/957
f 462/496/500 473/1167/500 470/510/500
f 464/507/501 466/506/501 483/524/501
f 483/520/502 466/1165/502 463/502/502
f 472/517/503 475/513/503 482/521/503
f 475/513/504 471/515/504 479/525/504
f 472/517/311 485/531/311 487/530/311
f 487/622/506 484/526/506 470/510/506
f 478/523/507 480/522/507 497/540/507
f 497/536/508 480/1169/508 477/518/508
f 486/533/509 489/529/509 496/537/509
f 496/537/510 489/529/510 485/531/510
f 486/533/625 499/547/625 501/546/625
f 490/528/512 501/1173/512 498/542/512
f 507/557/513 492/539/513 494/538/513
f 494/623/514 491/534/514 505/550/514
f 500/549/515 503/545/515 510/553/515
f 510/553/1162 503/545/1162 499/547/1162
f 500/549/311 513/563/311 515/562/311
f 504/544/518 515/1177/518 512/558/518
f 506/555/519 508/554/519 525/572/519
f 525/568/520 508/1175/520 505/550/520
f 514/565/521 517/561/521 524/569/521
f 517/561/522 513/563/522 521/573/522
f 514/565/424 527/579/424 529/578/424
f 529/624/524 526/574/524 512/558/524
f 535/589/525 520/571/525 522/570/525
f 539/584/526 522/1179/526 519/566/526
f 528/581/527 531/577/527 538/585/527
f 538/585/528 531/577/528 527/579/528
f 528/581/311 541/581/311 543/594/311
f 543/625/530 540/590/530 526/574/530
f 534/587/531 536/586/531 553/603/531
f 553/599/532 536/1182/532 533/582/532
f 548/602/533 542/596/533 545/593/533
f 552/600/534 545/593/534 541/581/534
f 542/596/311 555/610/311 557/609/311
f 557/626/536 554/605/536 540/590/536
f 563/620/537 548/602/537 550/601/537
f 550/627/538 547/597/538 561/613/538
f 562/618/539 556/612/539 559/608/539
f 559/608/540 555/610/540 563/620/540
f 556/612/311 443/481/311 445/480/311
f 560/607/542 445/1158/542 442/476/542
f 451/493/543 562/618/543 564/617/543
f 455/487/544 564/1187/544 561/613/544
f 554/605/545 442/476/545 456/494/545
f 456/494/545 470/510/545 484/526/545
f 484/526/545 498/542/545 512/558/545
f 512/558/545 526/574/545 540/590/545
f 540/590/545 554/605/545 456/494/545
f 456/494/545 484/526/545 512/558/545
f 444/484/1163 450/490/1163 465/509/1163
f 556/612/1164 562/618/1164 451/493/1164
f 477/518/546 463/502/546 449/485/546
f 449/485/546 561/613/546 547/597/546
f 547/597/546 533/582/546 519/566/546
f 519/566/546 505/550/546 491/534/546
f 491/534/546 477/518/546 449/485/546
f 449/485/546 547/597/546 519/566/546
f 458/501/1165 464/507/1165 479/525/1165
f 472/517/1166 478/523/1166 493/541/1166
f 486/533/1167 492/539/1167 507/557/1167
f 500/549/1168 506/555/1168 521/573/1168
f 514/565/1169 520/571/1169 535/589/1169
f 528/581/1170 534/587/1170 549/604/1170
f 542/596/1171 548/602/1171 563/620/1171
f 568/628/1172 571/747/1172 572/629/1172
f 573/631/1173 572/1189/1173 571/632/1173
f 574/634/1174 572/1190/1174 573/635/1174
f 575/637/1175 578/1191/1175 579/638/1175
f 580/640/1176 579/1192/1176 578/641/1176
f 581/643/1177 579/1193/1177 580/644/1177
f 582/646/1178 585/1194/1178 586/647/1178
f 587/649/1179 586/1195/1179 585/650/1179
f 588/652/1180 586/1195/1180 587/649/1180
f 589/654/1181 592/1196/1181 593/655/1181
f 594/657/1182 593/1197/1182 592/658/1182
f 595/660/1183 593/1197/1183 594/657/1183
f 596/662/1184 599/742/1184 600/663/1184
f 601/665/1185 600/1198/1185 599/666/1185
f 602/668/1186 600/1198/1186 601/665/1186
f 603/670/1187 606/1199/1187 607/671/1187
f 608/673/1188 607/1200/1188 606/674/1188
f 609/676/1189 607/1200/1189 608/673/1189
f 610/678/1190 613/1201/1190 614/679/1190
f 615/681/1191 614/1202/1191 613/682/1191
f 616/684/1192 614/1202/1192 615/681/1192
f 617/686/1193 620/1203/1193 621/687/1193
f 622/689/1194 621/1204/1194 620/690/1194
f 623/692/1195 621/1204/1195 622/689/1195
f 624/694/1196 627/743/1196 628/695/1196
f 629/697/1197 628/1205/1197 627/698/1197
f 630/700/1198 628/1205/1198 629/697/1198
f 631/702/1199 634/745/1199 635/703/1199
f 636/705/1200 635/1206/1200 634/706/1200
f 637/708/1201 635/1206/1201 636/705/1201
f 638/710/1202 641/744/1202 642/711/1202
f 643/713/1203 642/1207/1203 641/714/1203
f 644/716/1204 642/1207/1204 643/713/1204
f 645/718/1205 648/746/1205 649/719/1205
f 650/721/1206 649/1208/1206 648/722/1206
f 651/724/1207 649/1208/1207 650/721/1207
f 652/726/1208 655/1209/1208 656/727/1208
f 657/729/1209 656/1210/1209 655/730/1209
f 658/732/1210 656/1210/1210 657/729/1210
f 659/734/1211 662/1211/1211 663/735/1211
f 664/737/1212 663/1212/1212 662/738/1212
f 665/740/1213 663/1212/1213 664/737/1213
f 583/651/591 585/650/591 574/634/591
f 574/630/592 585/1194/592 582/646/592
f 591/661/311 576/642/311 578/641/311
f 595/656/594 578/1191/594 575/637/594
f 569/633/1214 577/645/1214 580/644/1214
f 580/640/1215 576/642/1215 570/636/1215
f 584/653/1216 587/649/1216 594/657/1216
f 594/657/1217 587/649/1217 583/651/1217
f 584/653/599 597/667/599 599/666/599
f 599/742/600 596/662/600 582/646/600
f 590/659/1218 592/658/1218 609/676/1218
f 609/672/602 592/1196/602 589/654/602
f 598/669/1219 601/665/1219 608/673/1219
f 608/673/1220 601/665/1220 597/667/1220
f 611/683/605 613/682/605 602/668/605
f 602/664/606 613/1201/606 610/678/606
f 619/693/311 604/675/311 606/674/311
f 623/688/608 606/1199/608 603/670/608
f 612/685/1221 615/681/1221 622/689/1221
f 622/689/1222 615/681/1222 611/683/1222
f 612/685/611 625/699/611 627/698/611
f 627/743/1223 624/694/1223 610/678/1223
f 633/709/1224 618/691/1224 620/690/1224
f 637/704/614 620/1203/614 617/686/614
f 626/701/1225 629/697/1225 636/705/1225
f 636/705/1226 629/697/1226 625/699/1226
f 639/715/617 641/714/617 630/700/617
f 641/744/618 638/710/618 624/694/618
f 647/725/311 632/707/311 634/706/311
f 634/745/620 631/702/620 645/718/620
f 640/717/1227 643/713/1227 650/721/1227
f 650/721/1228 643/713/1228 639/715/1228
f 653/731/623 655/730/623 644/716/623
f 644/712/624 655/1209/624 652/726/624
f 646/723/1229 648/722/1229 665/740/1229
f 648/746/626 645/718/626 659/734/626
f 654/733/1230 657/729/1230 664/737/1230
f 664/737/1231 657/729/1231 653/731/1231
f 654/733/629 569/633/629 571/632/629
f 571/747/630 568/628/630 652/726/630
f 660/739/1232 662/738/1232 581/643/1232
f 581/639/631 662/1211/631 659/734/631
f 652/726/632 568/628/632 582/646/632
f 582/646/632 596/662/632 610/678/632
f 610/678/632 624/694/632 638/710/632
f 638/710/632 652/726/632 582/646/632
f 570/636/1233 576/642/1233 591/661/1233
f 654/733/1234 660/739/1234 577/645/1234
f 603/670/635 589/654/635 575/637/635
f 575/637/635 659/734/635 645/718/635
f 645/718/635 631/702/635 617/686/635
f 617/686/635 603/670/635 575/637/635
f 584/653/1235 590/659/1235 605/677/1235
f 598/669/311 604/675/311 619/693/311
f 618/691/1236 633/709/1236 625/699/1236
f 626/701/311 632/707/311 647/725/311
f 646/723/311 661/741/311 653/731/311
usemtl iron
f 667/748/641 683/749/641 668/750/641
f 668/750/642 682/751/642 666/752/642
f 684/753/643 671/754/643 670/755/643
f 671/754/644 685/756/644 669/757/644
f 673/758/645 689/759/645 674/760/645
f 689/761/646 672/762/646 674/763/646
f 690/764/647 677/765/647 676/766/647
f 692/767/648 675/768/648 677/765/648
f 693/769/649 680/770/649 679/771/649
f 695/772/650 678/773/650 680/770/650
f 681/774/651 698/775/651 683/749/651
f 698/775/652 682/751/652 683/749/652
f 684/753/653 701/776/653 686/777/653
f 701/776/654 685/756/654 686/777/654
f 702/778/655 689/759/655 687/779/655
f 704/780/656 688/781/656 689/761/656
f 690/764/657 707/782/657 692/767/657
f 692/767/658 706/783/658 691/784/658
f 693/769/659 710/785/659 695/772/659
f 695/772/660 709/786/660 694/787/660
f 696/788/661 713/789/661 698/775/661
f 713/789/662 697/790/662 698/775/662
f 699/791/663 716/792/663 701/776/663
f 701/776/664 715/793/664 700/794/664
f 717/795/665 704/796/665 702/778/665
f 719/797/666 703/798/666 704/780/666
f 705/799/667 722/800/667 707/782/667
f 722/800/668 706/783/668 707/782/668
f 708/801/669 725/802/669 710/785/669
f 725/802/670 709/786/670 710/785/670
f 726/803/671 713/789/671 711/804/671
f 728/805/672 712/806/672 713/789/672
f 729/807/673 716/792/673 714/808/673
f 716/792/674 730/809/674 715/793/674
f 732/810/675 719/811/675 717/795/675
f 719/797/676 733/812/676 718/813/676
f 735/814/677 722/800/677 720/815/677
f 722/800/678 736/816/678 721/817/678
f 738/818/679 725/802/679 723/819/679
f 725/802/680 739/820/680 724/821/680
f 741/822/681 728/805/681 726/803/681
f 743/823/682 727/824/682 728/805/682
f 744/825/683 731/826/683 729/807/683
f 746/827/684 730/809/684 731/826/684
f 747/828/685 734/829/685 732/810/685
f 749/830/686 733/812/686 734/831/686
f 750/832/687 737/833/687 735/814/687
f 737/833/688 751/834/688 736/816/688
f 753/835/689 740/836/689 738/818/689
f 755/837/690 739/820/690 740/836/690
f 756/838/691 743/823/691 741/822/691
f 758/839/692 742/840/692 743/823/692
f 759/841/693 746/827/693 744/825/693
f 746/827/694 760/842/694 745/843/694
f 762/842/695 749/844/695 747/828/695
f 749/830/696 763/845/696 748/846/696
f 765/847/697 752/848/697 750/832/697
f 752/848/698 766/849/698 751/834/698
f 768/849/699 755/837/699 753/835/699
f 755/837/700 769/850/700 754/851/700
f 756/852/701 773/853/701 758/854/701
f 773/853/702 757/855/702 758/854/702
f 759/856/703 776/857/703 761/858/703
f 776/857/704 760/859/704 761/858/704
f 762/860/705 779/861/705 764/862/705
f 764/863/706 778/864/706 763/865/706
f 780/866/707 767/867/707 765/868/707
f 782/869/708 766/870/708 767/867/708
f 783/871/709 770/872/709 768/873/709
f 785/874/710 769/875/710 770/872/710
f 786/876/711 773/853/711 771/877/711
f 788/878/712 772/879/712 773/853/712
f 774/880/713 791/881/713 776/857/713
f 791/881/714 775/882/714 776/857/714
f 792/883/715 779/861/715 777/882/715
f 779/884/716 793/885/716 778/864/716
f 780/866/717 797/886/717 782/869/717
f 797/886/718 781/871/718 782/869/718
f 798/887/719 785/874/719 783/871/719
f 785/874/720 799/888/720 784/889/720
f 801/890/721 788/878/721 786/876/721
f 788/878/722 802/891/722 787/892/722
f 804/893/723 791/881/723 789/894/723
f 806/895/724 790/896/724 791/881/724
f 807/897/725 794/898/725 792/883/725
f 794/899/726 808/900/726 793/885/726
f 810/901/727 797/886/727 795/902/727
f 812/903/728 796/904/728 797/886/728
f 813/905/729 800/906/729 798/887/729
f 800/906/730 814/907/730 799/888/730
f 816/908/731 803/909/731 801/890/731
f 803/909/732 817/910/732 802/891/732
f 819/911/733 806/895/733 804/893/733
f 806/895/734 820/912/734 805/913/734
f 822/914/735 809/915/735 807/897/735
f 809/916/736 823/917/736 808/900/736
f 825/918/737 812/903/737 810/901/737
f 812/903/738 826/919/738 811/920/738
f 828/921/739 815/922/739 813/905/739
f 830/923/740 814/907/740 815/922/740
f 831/924/741 818/925/741 816/908/741
f 818/925/742 832/926/742 817/910/742
f 834/927/743 821/928/743 819/911/743
f 821/928/744 835/929/744 820/912/744
f 822/914/745 839/930/745 824/931/745
f 839/932/746 823/917/746 824/933/746
f 825/918/747 842/934/747 827/935/747
f 827/935/748 841/936/748 826/919/748
f 828/921/749 845/937/749 830/923/749
f 845/937/750 829/938/750 830/923/750
f 846/939/751 833/940/751 831/924/751
f 848/941/752 832/926/752 833/940/752
f 849/942/753 836/943/753 834/927/753
f 851/944/754 835/929/754 836/943/754
f 852/945/755 839/930/755 837/946/755
f 854/947/756 838/948/756 839/932/756
f 840/949/757 857/950/757 842/934/757
f 857/950/758 841/936/758 842/934/758
f 843/951/759 860/952/759 845/937/759
f 860/952/760 844/953/760 845/937/760
f 666/752/761 848/941/761 668/750/761
f 848/941/762 667/748/762 668/750/762
f 850/954/763 671/754/763 669/757/763
f 851/944/764 670/755/764 671/754/764
f 853/955/765 674/763/765 672/762/765
f 674/760/766 852/945/766 673/758/766
f 856/956/767 677/765/767 675/768/767
f 677/765/768 855/957/768 676/766/768
f 859/958/769 680/770/769 678/773/769
f 860/952/770 679/771/770 680/770/770
f 847/959/771 670/755/771 849/942/771
f 666/752/772 684/753/772 670/755/772
f 678/773/773 681/774/773 667/748/773
f 678/773/774 846/939/774 859/958/774
f 669/757/311 687/779/311 673/758/311
f 850/954/311 673/758/311 852/945/311
f 672/762/775 690/764/775 676/766/775
f 672/762/776 855/957/776 853/955/776
f 675/768/311 693/769/311 679/771/311
f 856/956/777 679/771/777 858/960/777
f 694/787/778 696/788/778 681/774/778
f 697/790/779 684/753/779 682/751/779
f 685/756/311 702/778/311 687/779/311
f 703/798/780 690/764/780 688/781/780
f 691/784/311 708/801/311 693/769/311
f 709/786/781 711/804/781 696/788/781
f 712/806/782 699/791/782 697/790/782
f 700/794/311 717/795/311 702/778/311
f 703/798/783 720/815/783 705/799/783
f 706/783/784 723/819/784 708/801/784
f 739/820/785 711/804/785 724/821/785
f 712/806/786 729/807/786 714/808/786
f 715/793/787 732/810/787 717/795/787
f 718/813/788 735/814/788 720/815/788
f 721/817/789 738/818/789 723/819/789
f 754/851/790 726/803/790 739/820/790
f 742/840/791 729/807/791 727/824/791
f 730/809/311 747/828/311 732/810/311
f 748/846/792 735/814/792 733/812/792
f 736/816/311 753/835/311 738/818/311
f 754/851/793 756/838/793 741/822/793
f 742/840/794 759/841/794 744/825/794
f 745/843/311 762/842/311 747/828/311
f 763/845/795 750/832/795 748/846/795
f 751/834/424 768/849/424 753/835/424
f 769/875/796 771/877/796 756/852/796
f 772/879/797 759/856/797 757/855/797
f 760/859/311 777/882/311 762/860/311
f 778/864/798 765/868/798 763/865/798
f 766/870/311 783/871/311 768/873/311
f 799/888/799 771/877/799 784/889/799
f 772/879/800 789/894/800 774/880/800
f 775/882/311 792/883/311 777/882/311
f 793/885/801 780/866/801 778/864/801
f 781/871/311 798/887/311 783/871/311
f 814/907/802 786/876/802 799/888/802
f 787/892/803 804/893/803 789/894/803
f 790/896/804 807/897/804 792/883/804
f 808/900/805 795/902/805 793/885/805
f 796/904/311 813/905/311 798/887/311
f 829/938/806 801/890/806 814/907/806
f 802/891/807 819/911/807 804/893/807
f 805/913/311 822/914/311 807/897/311
f 808/900/808 825/918/808 810/901/808
f 811/920/311 828/921/311 813/905/311
f 829/938/809 831/924/809 816/908/809
f 817/910/810 834/927/810 819/911/810
f 820/912/424 837/946/424 822/914/424
f 823/917/811 840/949/811 825/918/811
f 826/919/311 843/951/311 828/921/311
f 859/958/812 831/924/812 844/953/812
f 847/959/813 834/927/813 832/926/813
f 835/929/311 852/945/311 837/946/311
f 853/955/814 840/949/814 838/948/814
f 841/936/311 858/960/311 843/951/311
f 876/961/815 863/962/815 862/963/815
f 863/962/816 877/964/816 861/965/816
f 865/966/817 881/967/817 866/968/817
f 866/968/818 880/969/818 864/970/818
f 882/971/819 869/972/819 868/757/819
f 869/763/820 883/973/820 867/974/820
f 871/975/821 887/976/821 872/977/821
f 887/976/822 870/768/822 872/977/822
f 888/978/823 875/979/823 874/980/823
f 875/979/824 889/981/824 873/982/824
f 876/961/825 893/983/825 878/984/825
f 893/983/826 877/964/826 878/984/826
f 879/985/827 896/986/827 881/967/827
f 896/986/828 880/969/828 881/967/828
f 897/987/829 884/988/829 882/971/829
f 884/989/830 898/990/830 883/973/830
f 885/991/831 902/992/831 887/976/831
f 887/976/832 901/993/832 886/994/832
f 888/978/833 905/785/833 890/995/833
f 890/995/834 904/996/834 889/981/834
f 891/997/835 908/998/835 893/983/835
f 908/998/836 892/999/836 893/983/836
f 909/1000/837 896/986/837 894/1001/837
f 911/1002/838 895/1003/838 896/986/838
f 912/1004/839 899/1005/839 897/987/839
f 914/1006/840 898/990/840 899/780/840
f 900/1007/841 917/1008/841 902/992/841
f 917/1008/842 901/993/842 902/992/842
f 918/1009/843 905/785/843 903/1010/843
f 905/785/844 919/1011/844 904/996/844
f 906/1012/845 923/1013/845 908/998/845
f 908/998/846 922/1014/846 907/1015/846
f 924/1016/847 911/1002/847 909/1000/847
f 911/1002/848 925/1017/848 910/1018/848
f 927/810/849 914/1019/849 912/1004/849
f 929/831/850 913/1020/850 914/1006/850
f 915/1021/851 932/1022/851 917/1008/851
f 917/1008/852 931/1023/852 916/1024/852
f 918/1009/853 935/1025/853 920/1026/853
f 920/1026/854 934/1027/854 919/1011/854
f 921/803/855 938/1028/855 923/1013/855
f 923/1013/856 937/1029/856 922/1014/856
f 939/1030/857 926/1031/857 924/1016/857
f 941/1032/858 925/1017/858 926/1031/858
f 927/810/859 944/844/859 929/1033/859
f 944/830/860 928/1034/860 929/831/860
f 930/1035/861 947/1036/861 932/1022/861
f 932/1022/862 946/1037/862 931/1023/862
f 948/1038/863 935/1025/863 933/1039/863
f 950/1040/864 934/1027/864 935/1025/864
f 951/1041/865 938/1028/865 936/1042/865
f 938/1028/866 952/1043/866 937/1029/866
f 954/1044/867 941/1032/867 939/1030/867
f 956/1045/868 940/1046/868 941/1032/868
f 942/1047/869 959/1048/869 944/844/869
f 959/1049/870 943/1050/870 944/830/870
f 945/1051/871 962/1052/871 947/1036/871
f 962/1052/872 946/1037/872 947/1036/872
f 963/1053/873 950/1040/873 948/1038/873
f 950/1040/874 964/1054/874 949/1055/874
f 951/1056/875 968/1057/875 953/1058/875
f 968/1057/876 952/1059/876 953/1058/876
f 954/1060/877 971/1061/877 956/1062/877
f 956/1062/878 970/1063/878 955/1064/878
f 972/1065/879 959/862/879 957/1066/879
f 974/884/880 958/1067/880 959/863/880
f 960/868/881 977/1068/881 962/1069/881
f 977/1068/882 961/1070/882 962/1069/882
f 978/871/883 965/1071/883 963/870/883
f 980/1072/884 964/875/884 965/1071/884
f 981/876/885 968/1057/885 966/1073/885
f 983/1074/886 967/1075/886 968/1057/886
f 984/1076/887 971/1061/887 969/1077/887
f 971/1061/888 985/1078/888 970/1063/888
f 987/1079/889 974/1080/889 972/1065/889
f 974/884/890 988/1081/890 973/1082/890
f 990/1083/891 977/1068/891 975/1084/891
f 992/1085/892 976/1086/892 977/1068/892
f 978/871/893 995/1087/893 980/1072/893
f 995/1087/894 979/1088/894 980/1072/894
f 996/1089/895 983/1074/895 981/876/895
f 998/1090/896 982/1091/896 983/1074/896
f 984/1076/897 1001/1092/897 986/1093/897
f 1001/1092/898 985/1078/898 986/1093/898
f 987/1079/899 1004/1094/899 989/1095/899
f 1004/1096/900 988/1081/900 989/899/900
f 990/1083/901 1007/1097/901 992/1085/901
f 1007/1097/902 991/904/902 992/1085/902
f 993/1098/903 1010/1099/903 995/1087/903
f 1010/1099/904 994/1100/904 995/1087/904
f 1011/1101/905 998/1090/905 996/1089/905
f 998/1090/906 1012/1102/906 997/1103/906
f 999/1104/907 1016/1105/907 1001/1092/907
f 1016/1105/908 1000/1106/908 1001/1092/908
f 1002/1107/909 1019/1108/909 1004/1094/909
f 1004/1096/910 1018/1109/910 1003/1110/910
f 1005/1111/911 1022/1112/911 1007/1097/911
f 1022/1112/912 1006/1113/912 1007/1097/912
f 1008/905/913 1025/1114/913 1010/1099/913
f 1010/1099/914 1024/1115/914 1009/1116/914
f 1026/1117/915 1013/1118/915 1011/1101/915
f 1013/1118/916 1027/1119/916 1012/1102/916
f 1014/911/917 1031/1120/917 1016/1105/917
f 1031/1120/918 1015/1121/918 1016/1105/918
f 1017/1121/919 1034/1122/919 1019/1108/919
f 1034/1123/920 1018/1109/920 1019/1124/920
f 1035/1125/921 1022/1112/921 1020/1126/921
f 1037/1127/922 1021/1128/922 1022/1112/922
f 1023/1129/923 1040/1130/923 1025/1114/923
f 1025/1114/924 1039/1131/924 1024/1115/924
f 1041/939/925 1028/1132/925 1026/1117/925
f 1043/1133/926 1027/1119/926 1028/1132/926
f 1044/1134/927 1031/1120/927 1029/1135/927
f 1046/1136/928 1030/1137/928 1031/1120/928
f 1032/1137/929 1049/1138/929 1034/1122/929
f 1034/1123/930 1048/1139/930 1033/1140/930
f 1035/1125/931 1052/950/931 1037/1127/931
f 1052/950/932 1036/951/932 1037/1127/932
f 1038/1141/933 1055/1142/933 1040/1130/933
f 1055/1142/934 1039/1131/934 1040/1130/934
f 1042/1143/935 863/962/935 861/965/935
f 1043/1133/936 862/963/936 863/962/936
f 1045/1144/937 866/968/937 864/970/937
f 1046/1136/938 865/966/938 866/968/938
f 1048/1139/939 869/763/939 867/974/939
f 869/972/940 1047/1145/940 868/757/940
f 870/768/941 1052/950/941 872/977/941
f 872/977/942 1050/1146/942 871/975/942
f 873/982/943 1055/1142/943 875/979/943
f 875/979/944 1053/1147/944 874/980/944
f 861/965/945 1044/1134/945 1042/1143/945
f 877/964/946 865/966/946 861/965/946
f 873/982/947 876/961/947 862/963/947
f 1054/1148/948 862/963/948 1041/939/948
f 864/970/311 882/971/311 868/757/311
f 1045/1144/311 868/757/311 1047/1145/311
f 867/974/949 885/991/949 871/975/949
f 1048/1139/950 871/975/950 1050/1146/950
f 870/768/311 888/978/311 874/980/311
f 1051/1149/311 874/980/311 1053/1147/311
f 889/981/951 891/997/951 876/961/951
f 892/999/952 879/985/952 877/964/952
f 880/969/311 897/987/311 882/971/311
f 898/990/953 885/991/953 883/973/953
f 901/993/954 888/978/954 886/994/954
f 919/1011/955 891/997/955 904/996/955
f 892/999/956 909/1000/956 894/1001/956
f 895/1003/957 912/1004/957 897/987/957
f 913/1020/958 900/1007/958 898/990/958
f 916/1024/343 903/1010/343 901/993/343
f 934/1027/959 906/1012/959 919/1011/959
f 922/1014/960 909/1000/960 907/1015/960
f 910/1018/961 927/810/961 912/1004/961
f 928/1034/962 915/1021/962 913/1020/962
f 916/1024/300 933/1039/300 918/1009/300
f 949/1055/963 921/803/963 934/1027/963
f 922/1014/964 939/1030/964 924/1016/964
f 940/1046/965 927/810/965 925/1017/965
f 943/1050/966 930/1035/966 928/1034/966
f 946/1037/967 933/1039/967 931/1023/967
f 949/1055/968 951/1041/968 936/1042/968
f 952/1043/969 939/1030/969 937/1029/969
f 940/1046/970 957/1150/970 942/1047/970
f 943/1050/971 960/1151/971 945/1051/971
f 946/1037/972 963/1053/972 948/1038/972
f 964/875/973 966/1073/973 951/1056/973
f 967/1075/974 954/1060/974 952/1059/974
f 955/1064/311 972/1065/311 957/1066/311
f 973/1082/975 960/868/975 958/1067/975
f 961/1070/311 978/871/311 963/870/311
f 979/1088/976 981/876/976 966/1073/976
f 982/1091/977 969/1077/977 967/1075/977
f 970/1063/978 987/1079/978 972/1065/978
f 973/1082/979 990/1083/979 975/1084/979
f 976/1086/311 993/1098/311 978/871/311
f 994/1100/980 996/1089/980 981/876/980
f 982/1091/981 999/1104/981 984/1076/981
f 985/1078/311 1002/1107/311 987/1079/311
f 1003/1110/982 990/1083/982 988/1081/982
f 991/904/300 1008/905/300 993/1098/300
f 1009/1116/983 1011/1101/983 996/1089/983
f 997/1103/984 1014/911/984 999/1104/984
f 1000/1106/985 1017/1121/985 1002/1107/985
f 1003/1110/986 1020/1126/986 1005/1111/986
f 1006/1113/311 1023/1129/311 1008/905/311
f 1039/1131/987 1011/1101/987 1024/1115/987
f 1012/1102/988 1029/1135/988 1014/911/988
f 1015/1121/311 1032/1137/311 1017/1121/311
f 1033/1140/989 1020/1126/989 1018/1109/989
f 1021/1128/311 1038/1141/311 1023/1129/311
f 1039/1131/990 1041/939/990 1026/1117/990
f 1027/1119/991 1044/1134/991 1029/1135/991
f 1030/1137/311 1047/1145/311 1032/1137/311
f 1048/1139/992 1035/1125/992 1033/1140/992
f 1036/951/311 1053/1147/311 1038/1141/311
f 667/748/641 681/774/641 683/749/641
f 668/750/642 683/749/642 682/751/642
f 684/753/643 686/777/643 671/754/643
f 671/754/644 686/777/644 685/756/644
f 673/758/645 687/779/645 689/759/645
f 689/761/646 688/781/646 672/762/646
f 690/764/647 692/767/647 677/765/647
f 692/767/648 691/784/648 675/768/648
f 693/769/649 695/772/649 680/770/649
f 695/772/650 694/787/650 678/773/650
f 681/774/651 696/788/651 698/775/651
f 698/775/652 697/790/652 682/751/652
f 684/753/653 699/791/653 701/776/653
f 701/776/654 700/794/654 685/756/654
f 702/778/655 704/796/655 689/759/655
f 704/780/656 703/798/656 688/781/656
f 690/764/657 705/799/657 707/782/657
f 692/767/658 707/782/658 706/783/658
f 693/769/659 708/801/659 710/785/659
f 695/772/660 710/785/660 709/786/660
f 696/788/661 711/804/661 713/789/661
f 713/789/662 712/806/662 697/790/662
f 699/791/663 714/808/663 716/792/663
f 701/776/664 716/792/664 715/793/664
f 717/795/665 719/811/665 704/796/665
f 719/797/666 718/813/666 703/798/666
f 705/799/667 720/815/667 722/800/667
f 722/800/668 721/817/668 706/783/668
f 708/801/669 723/819/669 725/802/669
f 725/802/670 724/821/670 709/786/670
f 726/803/671 728/805/671 713/789/671
f 728/805/672 727/824/672 712/806/672
f 729/807/673 731/826/673 716/792/673
f 716/792/674 731/826/674 730/809/674
f 732/810/675 734/829/675 719/811/675
f 719/797/676 734/831/676 733/812/676
f 735/814/677 737/833/677 722/800/677
f 722/800/678 737/833/678 736/816/678
f 738/818/679 740/836/679 725/802/679
f 725/802/680 740/836/680 739/820/680
f 741/822/681 743/823/681 728/805/681
f 743/823/682 742/840/682 727/824/682
f 744/825/683 746/827/683 731/826/683
f 746/827/684 745/843/684 730/809/684
f 747/828/685 749/844/685 734/829/685
f 749/830/1237 748/846/1237 733/812/1237
f 750/832/687 752/848/687 737/833/687
f 737/833/688 752/848/688 751/834/688
f 753/835/689 755/837/689 740/836/689
f 755/837/690 754/851/690 739/820/690
f 756/838/691 758/839/691 743/823/691
f 758/839/692 757/1043/692 742/840/692
f 759/841/693 761/1213/693 746/827/693
f 746/827/694 761/1213/694 760/842/694
f 762/842/695 764/1048/695 749/844/695
f 749/830/696 764/1049/696 763/845/696
f 765/847/697 767/1052/697 752/848/697
f 752/848/698 767/1052/698 766/849/698
f 768/849/699 770/1214/699 755/837/699
f 755/837/700 770/1214/700 769/850/700
f 756/852/701 771/877/701 773/853/701
f 773/853/702 772/879/702 757/855/702
f 759/856/703 774/880/703 776/857/703
f 776/857/704 775/882/704 760/859/704
f 762/860/705 777/882/705 779/861/705
f 764/863/706 779/884/706 778/864/706
f 780/866/707 782/869/707 767/867/707
f 782/869/708 781/871/708 766/870/708
f 783/871/709 785/874/709 770/872/709
f 785/874/710 784/889/710 769/875/710
f 786/876/711 788/878/711 773/853/711
f 788/878/712 787/892/712 772/879/712
f 774/880/713 789/894/713 791/881/713
f 791/881/714 790/896/714 775/882/714
f 792/883/715 794/898/715 779/861/715
f 779/884/716 794/899/716 793/885/716
f 780/866/717 795/902/717 797/886/717
f 797/886/718 796/904/718 781/871/718
f 798/887/719 800/906/719 785/874/719
f 785/874/720 800/906/720 799/888/720
f 801/890/721 803/909/721 788/878/721
f 788/878/722 803/909/722 802/891/722
f 804/893/723 806/895/723 791/881/723
f 806/895/724 805/913/724 790/896/724
f 807/897/725 809/915/725 794/898/725
f 794/899/726 809/916/726 808/900/726
f 810/901/727 812/903/727 797/886/727
f 812/903/728 811/920/728 796/904/728
f 813/905/729 815/922/729 800/906/729
f 800/906/730 815/922/730 814/907/730
f 816/908/731 818/925/731 803/909/731
f 803/909/732 818/925/732 817/910/732
f 819/911/733 821/928/733 806/895/733
f 806/895/734 821/928/734 820/912/734
f 822/914/735 824/931/735 809/915/735
f 809/916/736 824/933/736 823/917/736
f 825/918/737 827/935/737 812/903/737
f 812/903/738 827/935/738 826/919/738
f 828/921/739 830/923/739 815/922/739
f 830/923/740 829/938/740 814/907/740
f 831/924/1238 833/940/1238 818/925/1238
f 818/925/742 833/940/742 832/926/742
f 834/927/743 836/943/743 821/928/743
f 821/928/744 836/943/744 835/929/744
f 822/914/745 837/946/745 839/930/745
f 839/932/746 838/948/746 823/917/746
f 825/918/747 840/949/747 842/934/747
f 827/935/748 842/934/748 841/936/748
f 828/921/749 843/951/749 845/937/749
f 845/937/750 844/953/750 829/938/750
f 846/939/751 848/941/751 833/940/751
f 848/941/752 847/959/752 832/926/752
f 849/942/753 851/944/753 836/943/753
f 851/944/754 850/954/754 835/929/754
f 852/945/755 854/1215/755 839/930/755
f 854/947/756 853/955/756 838/948/756
f 840/949/757 855/957/757 857/950/757
f 857/950/758 856/956/758 841/936/758
f 843/951/759 858/960/759 860/952/759
f 860/952/760 859/958/760 844/953/760
f 666/752/761 847/959/761 848/941/761
f 848/941/762 846/939/762 667/748/762
f 850/954/763 851/944/763 671/754/763
f 851/944/764 849/942/764 670/755/764
f 853/955/765 854/947/765 674/763/765
f 674/760/766 854/1215/766 852/945/766
f 856/956/767 857/950/767 677/765/767
f 677/765/768 857/950/768 855/957/768
f 859/958/769 860/952/769 680/770/769
f 860/952/770 858/960/770 679/771/770
f 847/959/1239 666/752/1239 670/755/1239
f 666/752/1240 682/751/1240 684/753/1240
f 678/773/1241 694/787/1241 681/774/1241
f 678/773/1242 667/748/1242 846/939/1242
f 669/757/311 685/756/311 687/779/311
f 850/954/311 669/757/311 673/758/311
f 672/762/775 688/781/775 690/764/775
f 672/762/1243 676/766/1243 855/957/1243
f 675/768/311 691/784/311 693/769/311
f 856/956/311 675/768/311 679/771/311
f 694/787/1244 709/786/1244 696/788/1244
f 697/790/779 699/791/779 684/753/779
f 685/756/311 700/794/311 702/778/311
f 703/798/1245 705/799/1245 690/764/1245
f 691/784/1246 706/783/1246 708/801/1246
f 709/786/781 724/821/781 711/804/781
f 712/806/782 714/808/782 699/791/782
f 700/794/1247 715/793/1247 717/795/1247
f 703/798/1248 718/813/1248 720/815/1248
f 706/783/1249 721/817/1249 723/819/1249
f 739/820/785 726/803/785 711/804/785
f 712/806/786 727/824/786 729/807/786
f 715/793/311 730/809/311 732/810/311
f 718/813/788 733/812/788 735/814/788
f 721/817/311 736/816/311 738/818/311
f 754/851/790 741/822/790 726/803/790
f 742/840/791 744/825/791 729/807/791
f 730/809/311 745/843/311 747/828/311
f 748/846/792 750/832/792 735/814/792
f 736/816/1250 751/834/1250 753/835/1250
f 754/851/1251 769/850/1251 756/838/1251
f 742/840/1252 757/1043/1252 759/841/1252
f 745/843/311 760/842/311 762/842/311
f 763/845/795 765/847/795 750/832/795
f 751/834/311 766/849/311 768/849/311
f 769/875/1253 784/889/1253 771/877/1253
f 772/879/797 774/880/797 759/856/797
f 760/859/311 775/882/311 777/882/311
f 778/864/1254 780/866/1254 765/868/1254
f 766/870/311 781/871/311 783/871/311
f 799/888/1255 786/876/1255 771/877/1255
f 772/879/1256 787/892/1256 789/894/1256
f 775/882/1257 790/896/1257 792/883/1257
f 793/885/801 795/902/801 780/866/801
f 781/871/311 796/904/311 798/887/311
f 814/907/802 801/890/802 786/876/802
f 787/892/1258 802/891/1258 804/893/1258
f 790/896/311 805/913/311 807/897/311
f 808/900/805 810/901/805 795/902/805
f 796/904/311 811/920/311 813/905/311
f 829/938/806 816/908/806 801/890/806
f 802/891/807 817/910/807 819/911/807
f 805/913/1259 820/912/1259 822/914/1259
f 808/900/1260 823/917/1260 825/918/1260
f 811/920/311 826/919/311 828/921/311
f 829/938/809 844/953/809 831/924/809
f 817/910/1261 832/926/1261 834/927/1261
f 820/912/311 835/929/311 837/946/311
f 823/917/1262 838/948/1262 840/949/1262
f 826/919/311 841/936/311 843/951/311
f 859/958/1263 846/939/1263 831/924/1263
f 847/959/1264 849/942/1264 834/927/1264
f 835/929/311 850/954/311 852/945/311
f 853/955/1265 855/957/1265 840/949/1265
f 841/936/1266 856/956/1266 858/960/1266
f 876/961/815 878/984/815 863/962/815
f 863/962/816 878/984/816 877/964/816
f 865/966/817 879/985/817 881/967/817
f 866/968/818 881/967/818 880/969/818
f 882/971/819 884/988/819 869/972/819
f 869/763/820 884/989/820 883/973/820
f 871/975/821 885/991/821 887/976/821
f 887/976/822 886/994/822 870/768/822
f 888/978/823 890/995/823 875/979/823
f 875/979/824 890/995/824 889/981/824
f 876/961/825 891/997/825 893/983/825
f 893/983/826 892/999/826 877/964/826
f 879/985/1267 894/1001/1267 896/986/1267
f 896/986/828 895/1003/828 880/969/828
f 897/987/829 899/1005/829 884/988/829
f 884/989/830 899/780/830 898/990/830
f 885/991/831 900/1007/831 902/992/831
f 887/976/832 902/992/832 901/993/832
f 888/978/833 903/1010/833 905/785/833
f 890/995/834 905/785/834 904/996/834
f 891/997/835 906/1012/835 908/998/835
f 908/998/836 907/1015/836 892/999/836
f 909/1000/837 911/1002/837 896/986/837
f 911/1002/838 910/1018/838 895/1003/838
f 912/1004/839 914/1019/839 899/1005/839
f 914/1006/840 913/1020/840 898/990/840
f 900/1007/841 915/1021/841 917/1008/841
f 917/1008/842 916/1024/842 901/993/842
f 918/1009/843 920/1026/843 905/785/843
f 905/785/844 920/1026/844 919/1011/844
f 906/1012/845 921/803/845 923/1013/845
f 908/998/846 923/1013/846 922/1014/846
f 924/1016/847 926/1031/847 911/1002/847
f 911/1002/848 926/1031/848 925/1017/848
f 927/810/849 929/1033/849 914/1019/849
f 929/831/850 928/1034/850 913/1020/850
f 915/1021/851 930/1035/851 932/1022/851
f 917/1008/852 932/1022/852 931/1023/852
f 918/1009/853 933/1039/853 935/1025/853
f 920/1026/854 935/1025/854 934/1027/854
f 921/803/855 936/1042/855 938/1028/855
f 923/1013/856 938/1028/856 937/1029/856
f 939/1030/857 941/1032/857 926/1031/857
f 941/1032/858 940/1046/858 925/1017/858
f 927/810/859 942/1047/859 944/844/859
f 944/830/860 943/1050/860 928/1034/860
f 930/1035/861 945/1051/861 947/1036/861
f 932/1022/862 947/1036/862 946/1037/862
f 948/1038/863 950/1040/863 935/1025/863
f 950/1040/864 949/1055/864 934/1027/864
f 951/1041/1268 953/1216/1268 938/1028/1268
f 938/1028/866 953/1216/866 952/1043/866
f 954/1044/867 956/1045/867 941/1032/867
f 956/1045/868 955/1150/868 940/1046/868
f 942/1047/869 957/1150/869 959/1048/869
f 959/1049/870 958/1217/870 943/1050/870
f 945/1051/871 960/1151/871 962/1052/871
f 962/1052/872 961/849/872 946/1037/872
f 963/1053/873 965/1218/873 950/1040/873
f 950/1040/874 965/1218/874 964/1054/874
f 951/1056/1269 966/1073/1269 968/1057/1269
f 968/1057/876 967/1075/876 952/1059/876
f 954/1060/877 969/1077/877 971/1061/877
f 956/1062/878 971/1061/878 970/1063/878
f 972/1065/879 974/1080/879 959/862/879
f 974/884/880 973/1082/880 958/1067/880
f 960/868/881 975/1084/881 977/1068/881
f 977/1068/882 976/1086/882 961/1070/882
f 978/871/883 980/1072/883 965/1071/883
f 980/1072/884 979/1088/884 964/875/884
f 981/876/885 983/1074/885 968/1057/885
f 983/1074/886 982/1091/886 967/1075/886
f 984/1076/887 986/1093/887 971/1061/887
f 971/1061/888 986/1093/888 985/1078/888
f 987/1079/889 989/1095/889 974/1080/889
f 974/884/890 989/899/890 988/1081/890
f 990/1083/891 992/1085/891 977/1068/891
f 992/1085/892 991/904/892 976/1086/892
f 978/871/893 993/1098/893 995/1087/893
f 995/1087/894 994/1100/894 979/1088/894
f 996/1089/895 998/1090/895 983/1074/895
f 998/1090/896 997/1103/896 982/1091/896
f 984/1076/897 999/1104/897 1001/1092/897
f 1001/1092/898 1000/1106/898 985/1078/898
f 987/1079/899 1002/1107/899 1004/1094/899
f 1004/1096/900 1003/1110/900 988/1081/900
f 990/1083/901 1005/1111/901 1007/1097/901
f 1007/1097/902 1006/1113/902 991/904/902
f 993/1098/903 1008/905/903 1010/1099/903
f 1010/1099/904 1009/1116/904 994/1100/904
f 1011/1101/905 1013/1118/905 998/1090/905
f 998/1090/906 1013/1118/906 1012/1102/906
f 999/1104/907 1014/911/907 1016/1105/907
f 1016/1105/908 1015/1121/908 1000/1106/908
f 1002/1107/909 1017/1121/909 1019/1108/909
f 1004/1096/910 1019/1124/910 1018/1109/910
f 1005/1111/911 1020/1126/911 1022/1112/911
f 1022/1112/1270 1021/1128/1270 1006/1113/1270
f 1008/905/913 1023/1129/913 1025/1114/913
f 1010/1099/914 1025/1114/914 1024/1115/914
f 1026/1117/915 1028/1132/915 1013/1118/915
f 1013/1118/916 1028/1132/916 1027/1119/916
f 1014/911/1271 1029/1135/1271 1031/1120/1271
f 1031/1120/918 1030/1137/918 1015/1121/918
f 1017/1121/919 1032/1137/919 1034/1122/919
f 1034/1123/920 1033/1140/920 1018/1109/920
f 1035/1125/921 1037/1127/921 1022/1112/921
f 1037/1127/922 1036/951/922 1021/1128/922
f 1023/1129/923 1038/1141/923 1040/1130/923
f 1025/1114/924 1040/1130/924 1039/1131/924
f 1041/939/925 1043/1133/925 1028/1132/925
f 1043/1133/926 1042/1143/926 1027/1119/926
f 1044/1134/927 1046/1136/927 1031/1120/927
f 1046/1136/928 1045/1144/928 1030/1137/928
f 1032/1137/929 1047/1145/929 1049/1138/929
f 1034/1123/930 1049/1219/930 1048/1139/930
f 1035/1125/931 1050/1146/931 1052/950/931
f 1052/950/932 1051/1149/932 1036/951/932
f 1038/1141/933 1053/1147/933 1055/1142/933
f 1055/1142/934 1054/1148/934 1039/1131/934
f 1042/1143/935 1043/1133/935 863/962/935
f 1043/1133/936 1041/939/936 862/963/936
f 1045/1144/937 1046/1136/937 866/968/937
f 1046/1136/938 1044/1134/938 865/966/938
f 1048/1139/939 1049/1219/939 869/763/939
f 869/972/940 1049/1138/940 1047/1145/940
f 870/768/941 1051/1149/941 1052/950/941
f 872/977/942 1052/950/942 1050/1146/942
f 873/982/943 1054/1148/943 1055/1142/943
f 875/979/944 1055/1142/944 1053/1147/944
f 861/965/1272 865/966/1272 1044/1134/1272
f 877/964/946 879/985/946 865/966/946
f 873/982/1273 889/981/1273 876/961/1273
f 1054/1148/1274 873/982/1274 862/963/1274
f 864/970/311 880/969/311 882/971/311
f 1045/1144/311 864/970/311 868/757/311
f 867/974/949 883/973/949 885/991/949
f 1048/1139/950 867/974/950 871/975/950
f 870/768/300 886/994/300 888/978/300
f 1051/1149/311 870/768/311 874/980/311
f 889/981/1275 904/996/1275 891/997/1275
f 892/999/1276 894/1001/1276 879/985/1276
f 880/969/1277 895/1003/1277 897/987/1277
f 898/990/953 900/1007/953 885/991/953
f 901/993/424 903/1010/424 888/978/424
f 919/1011/1278 906/1012/1278 891/997/1278
f 892/999/956 907/1015/956 909/1000/956
f 895/1003/1279 910/1018/1279 912/1004/1279
f 913/1020/958 915/1021/958 900/1007/958
f 916/1024/424 918/1009/424 903/1010/424
f 934/1027/959 921/803/959 906/1012/959
f 922/1014/960 924/1016/960 909/1000/960
f 910/1018/1280 925/1017/1280 927/810/1280
f 928/1034/962 930/1035/962 915/1021/962
f 916/1024/1281 931/1023/1281 933/1039/1281
f 949/1055/1282 936/1042/1282 921/803/1282
f 922/1014/1283 937/1029/1283 939/1030/1283
f 940/1046/311 942/1047/311 927/810/311
f 943/1050/966 945/1051/966 930/1035/966
f 946/1037/424 948/1038/424 933/1039/424
f 949/1055/1284 964/1054/1284 951/1041/1284
f 952/1043/1285 954/1044/1285 939/1030/1285
f 940/1046/311 955/1150/311 957/1150/311
f 943/1050/1286 958/1217/1286 960/1151/1286
f 946/1037/311 961/849/311 963/1053/311
f 964/875/973 979/1088/973 966/1073/973
f 967/1075/1287 969/1077/1287 954/1060/1287
f 955/1064/1288 970/1063/1288 972/1065/1288
f 973/1082/1289 975/1084/1289 960/868/1289
f 961/1070/311 976/1086/311 978/871/311
f 979/1088/976 994/1100/976 981/876/976
f 982/1091/1290 984/1076/1290 969/1077/1290
f 970/1063/1291 985/1078/1291 987/1079/1291
f 973/1082/1292 988/1081/1292 990/1083/1292
f 976/1086/308 991/904/308 993/1098/308
f 994/1100/1293 1009/1116/1293 996/1089/1293
f 982/1091/1294 997/1103/1294 999/1104/1294
f 985/1078/1295 1000/1106/1295 1002/1107/1295
f 1003/1110/1296 1005/1111/1296 990/1083/1296
f 991/904/311 1006/1113/311 1008/905/311
f 1009/1116/983 1024/1115/983 1011/1101/983
f 997/1103/984 1012/1102/984 1014/911/984
f 1000/1106/311 1015/1121/311 1017/1121/311
f 1003/1110/986 1018/1109/986 1020/1126/986
f 1006/1113/1297 1021/1128/1297 1023/1129/1297
f 1039/1131/987 1026/1117/987 1011/1101/987
f 1012/1102/1298 1027/1119/1298 1029/1135/1298
f 1015/1121/311 1030/1137/311 1032/1137/311
f 1033/1140/989 1035/1125/989 1020/1126/989
f 1021/1128/311 1036/951/311 1038/1141/311
f 1039/1131/1299 1054/1148/1299 1041/939/1299
f 1027/1119/991 1042/1143/991 1044/1134/991
f 1030/1137/311 1045/1144/311 1047/1145/311
f 1048/1139/1300 1050/1146/1300 1035/1125/1300
f 1036/951/311 1051/1149/311 1053/1147/311
