# Blender 4.5.10 LTS
# www.blender.org
mtllib lur_wolf.mtl
o lur_wolf
v 0.079000 0.000000 0.000000
v 0.069951 0.000000 0.036713
v 0.044877 0.000000 0.065016
v 0.009522 0.000000 0.078424
v -0.028014 0.000000 0.073866
v -0.059132 0.000000 0.052387
v -0.076704 0.000000 0.018906
v -0.076704 0.000000 -0.018906
v -0.059132 0.000000 -0.052387
v -0.028014 0.000000 -0.073866
v 0.009522 0.000000 -0.078424
v 0.044877 0.000000 -0.065016
v 0.069951 0.000000 -0.036713
v 0.075257 0.026311 0.000000
v 0.066576 0.025903 0.035261
v 0.042520 0.024773 0.062444
v 0.008602 0.023179 0.075321
v -0.027410 0.021488 0.070944
v -0.057264 0.020085 0.050314
v -0.074123 0.019293 0.018158
v -0.074123 0.019293 -0.018158
v -0.057264 0.020085 -0.050314
v -0.027410 0.021488 -0.070944
v 0.008602 0.023179 -0.075321
v 0.042520 0.024773 -0.062444
v 0.066576 0.025903 -0.035261
v 0.070343 0.052275 0.000000
v 0.062041 0.051493 0.033831
v 0.039037 0.049327 0.059912
v 0.006601 0.046273 0.072268
v -0.027836 0.043030 0.068068
v -0.056386 0.040342 0.048275
v -0.072507 0.038824 0.017422
v -0.072507 0.038824 -0.017422
v -0.056386 0.040342 -0.048275
v -0.027836 0.043030 -0.068068
v 0.006601 0.046273 -0.072268
v 0.039037 0.049327 -0.059912
v 0.062041 0.051493 -0.033831
v 0.064284 0.077844 0.000000
v 0.056371 0.076722 0.032426
v 0.034444 0.073614 0.057423
v 0.003527 0.069231 0.069266
v -0.029297 0.064577 0.065240
v -0.056509 0.060720 0.046269
v -0.071876 0.058541 0.016698
v -0.071876 0.058541 -0.016698
v -0.056509 0.060720 -0.046269
v -0.029297 0.064577 -0.065240
v 0.003527 0.069231 -0.069266
v 0.034444 0.073614 -0.057423
v 0.056371 0.076722 -0.032426
v 0.057105 0.102970 0.000000
v 0.049588 0.101542 0.031044
v 0.028759 0.097584 0.054977
v -0.000611 0.092004 0.066314
v -0.031794 0.086079 0.062460
v -0.057645 0.081167 0.044298
v -0.072242 0.078393 0.015987
v -0.072242 0.078393 -0.015987
v -0.057645 0.081167 -0.044298
v -0.031794 0.086079 -0.062460
v -0.000611 0.092004 -0.066314
v 0.028759 0.097584 -0.054977
v 0.049588 0.101542 -0.031044
v 0.048837 0.127608 0.000000
v 0.041720 0.125906 0.029687
v 0.022001 0.121191 0.052574
v -0.005804 0.114542 0.063416
v -0.035325 0.107483 0.059730
v -0.059798 0.101631 0.042361
v -0.073618 0.098326 0.015288
v -0.073618 0.098326 -0.015288
v -0.059798 0.101631 -0.042361
v -0.035325 0.107483 -0.059730
v -0.005804 0.114542 -0.063416
v 0.022001 0.121191 -0.052574
v 0.041720 0.125906 -0.029687
v 0.039508 0.151713 0.000000
v 0.032794 0.149770 0.028356
v 0.014192 0.144387 0.050215
v -0.012039 0.136798 0.060571
v -0.039888 0.128739 0.057051
v -0.062975 0.122059 0.040461
v -0.076013 0.118287 0.014602
v -0.076013 0.118287 -0.014602
v -0.062975 0.122059 -0.040461
v -0.039888 0.128739 -0.057051
v -0.012039 0.136798 -0.060571
v 0.014192 0.144387 -0.050215
v 0.032794 0.149770 -0.028356
v 0.029152 0.175243 0.000000
v 0.022841 0.173091 0.027050
v 0.005355 0.167129 0.047903
v -0.019300 0.158723 0.057782
v -0.045476 0.149798 0.054424
v -0.067177 0.142398 0.038598
v -0.079431 0.138220 0.013930
v -0.079431 0.138220 -0.013930
v -0.067177 0.142398 -0.038598
v -0.045476 0.149798 -0.054424
v -0.019300 0.158723 -0.057782
v 0.005355 0.167129 -0.047903
v 0.022841 0.173091 -0.027050
v 0.017801 0.198159 0.000000
v 0.011892 0.195829 0.025770
v -0.004482 0.189373 0.045637
v -0.027569 0.180271 0.055049
v -0.052081 0.170607 0.051850
v -0.072402 0.162595 0.036772
v -0.083877 0.158071 0.013271
v -0.083877 0.158071 -0.013271
v -0.072402 0.162595 -0.036772
v -0.052081 0.170607 -0.051850
v -0.027569 0.180271 -0.055049
v -0.004482 0.189373 -0.045637
v 0.011892 0.195829 -0.025770
v 0.005490 0.220421 0.000000
v -0.000021 0.217943 0.024518
v -0.015294 0.211077 0.043419
v -0.036829 0.201396 0.052374
v -0.059692 0.191117 0.049330
v -0.078647 0.182596 0.034985
v -0.089350 0.177784 0.012626
v -0.089350 0.177784 -0.012626
v -0.078647 0.182596 -0.034985
v -0.059692 0.191117 -0.049330
v -0.036829 0.201396 -0.052374
v -0.015294 0.211077 -0.043419
v -0.000021 0.217943 -0.024518
v -0.007743 0.241994 0.000000
v -0.012863 0.239397 0.023294
v -0.027051 0.232200 0.041251
v -0.047056 0.222052 0.049758
v -0.068296 0.211278 0.046866
v -0.085904 0.202347 0.033238
v -0.095847 0.197303 0.011995
v -0.095847 0.197303 -0.011995
v -0.085904 0.202347 -0.033238
v -0.068296 0.211278 -0.046866
v -0.047056 0.222052 -0.049758
v -0.027051 0.232200 -0.041251
v -0.012863 0.239397 -0.023294
v -0.021862 0.262844 0.000000
v -0.026598 0.260155 0.022098
v -0.039723 0.252703 0.039133
v -0.058228 0.242197 0.047204
v -0.077876 0.231042 0.044461
v -0.094164 0.221794 0.031532
v -0.103362 0.216572 0.011380
v -0.103362 0.216572 -0.011380
v -0.094164 0.221794 -0.031532
v -0.077876 0.231042 -0.044461
v -0.058228 0.242197 -0.047204
v -0.039723 0.252703 -0.039133
v -0.026598 0.260155 -0.022098
v -0.036828 0.282939 0.000000
v -0.041190 0.280184 0.020932
v -0.053277 0.272550 0.037068
v -0.070319 0.261786 0.044713
v -0.088414 0.250358 0.042114
v -0.103414 0.240884 0.029868
v -0.111885 0.235534 0.010779
v -0.111885 0.235534 -0.010779
v -0.103414 0.240884 -0.029868
v -0.088414 0.250358 -0.042114
v -0.070319 0.261786 -0.044713
v -0.053277 0.272550 -0.037068
v -0.041190 0.280184 -0.020932
v -0.052601 0.302249 0.000000
v -0.056600 0.299452 0.019796
v -0.067679 0.291704 0.035057
v -0.083302 0.280779 0.042287
v -0.099888 0.269180 0.039829
v -0.113639 0.259564 0.028247
v -0.121404 0.254134 0.010194
v -0.121404 0.254134 -0.010194
v -0.113639 0.259564 -0.028247
v -0.099888 0.269180 -0.039829
v -0.083302 0.280779 -0.042287
v -0.067679 0.291704 -0.035057
v -0.056600 0.299452 -0.019796
v -0.069142 0.320746 0.000000
v -0.072789 0.317931 0.018692
v -0.082896 0.310133 0.033101
v -0.097147 0.299136 0.039928
v -0.112277 0.287461 0.037607
v -0.124820 0.277782 0.026672
v -0.131903 0.272317 0.009626
v -0.131903 0.272317 -0.009626
v -0.124820 0.277782 -0.026672
v -0.112277 0.287461 -0.037607
v -0.097147 0.299136 -0.039928
v -0.082896 0.310133 -0.033101
v -0.072789 0.317931 -0.018692
v -0.086409 0.338406 0.000000
v -0.089719 0.335594 0.017620
v -0.098891 0.327803 0.031204
v -0.111823 0.316818 0.037639
v -0.125554 0.305156 0.035452
v -0.136937 0.295487 0.025143
v -0.143364 0.290027 0.009074
v -0.143364 0.290027 -0.009074
v -0.136937 0.295487 -0.025143
v -0.125554 0.305156 -0.035452
v -0.111823 0.316818 -0.037639
v -0.098891 0.327803 -0.031204
v -0.089719 0.335594 -0.017620
v -0.104360 0.355204 0.000000
v -0.107347 0.352415 0.016583
v -0.115625 0.344686 0.029366
v -0.127298 0.333788 0.035422
v -0.139690 0.322218 0.033364
v -0.149964 0.312626 0.023662
v -0.155766 0.307210 0.008539
v -0.155766 0.307210 -0.008539
v -0.149964 0.312626 -0.023662
v -0.139690 0.322218 -0.033364
v -0.127298 0.333788 -0.035422
v -0.115625 0.344686 -0.029366
v -0.107347 0.352415 -0.016583
v -0.122953 0.371122 0.000000
v -0.125634 0.368372 0.015580
v -0.133062 0.360754 0.027591
v -0.143536 0.350011 0.033281
v -0.154657 0.338606 0.031347
v -0.163876 0.329151 0.022232
v -0.169082 0.323811 0.008023
v -0.169082 0.323811 -0.008023
v -0.163876 0.329151 -0.022232
v -0.154657 0.338606 -0.031347
v -0.143536 0.350011 -0.033281
v -0.133062 0.360754 -0.027591
v -0.125634 0.368372 -0.015580
v -0.142146 0.386140 0.000000
v -0.144537 0.383446 0.014615
v -0.151162 0.375980 0.025882
v -0.160503 0.365453 0.031219
v -0.170421 0.354277 0.029405
v -0.178644 0.345011 0.020854
v -0.183287 0.339779 0.007526
v -0.183287 0.339779 -0.007526
v -0.178644 0.345011 -0.020854
v -0.170421 0.354277 -0.029405
v -0.160503 0.365453 -0.031219
v -0.151162 0.375980 -0.025882
v -0.144537 0.383446 -0.014615
v -0.161895 0.400243 0.000000
v -0.164014 0.397617 0.013688
v -0.169884 0.390341 0.024240
v -0.178161 0.380082 0.029240
v -0.186948 0.369190 0.027540
v -0.194234 0.360160 0.019532
v -0.198348 0.355061 0.007049
v -0.198348 0.355061 -0.007049
v -0.194234 0.360160 -0.019532
v -0.186948 0.369190 -0.027540
v -0.178161 0.380082 -0.029240
v -0.169884 0.390341 -0.024240
v -0.164014 0.397617 -0.013688
v -0.182159 0.413417 0.000000
v -0.184023 0.410871 0.012802
v -0.189188 0.403815 0.022672
v -0.196470 0.393868 0.027347
v -0.204202 0.383306 0.025758
v -0.210612 0.374550 0.018268
v -0.214232 0.369606 0.006593
v -0.214232 0.369606 -0.006593
v -0.210612 0.374550 -0.018268
v -0.204202 0.383306 -0.025758
v -0.196470 0.393868 -0.027347
v -0.189188 0.403815 -0.022672
v -0.184023 0.410871 -0.012802
v -0.202893 0.425652 0.000000
v -0.204521 0.423194 0.011960
v -0.209031 0.416384 0.021180
v -0.215391 0.406782 0.025548
v -0.222143 0.396588 0.024063
v -0.227741 0.388136 0.017066
v -0.230902 0.383364 0.006159
v -0.230902 0.383364 -0.006159
v -0.227741 0.388136 -0.017066
v -0.222143 0.396588 -0.024063
v -0.215391 0.406782 -0.025548
v -0.209031 0.416384 -0.021180
v -0.204521 0.423194 -0.011960
v -0.224056 0.436941 0.000000
v -0.225466 0.434578 0.011163
v -0.229373 0.428031 0.019769
v -0.234882 0.418800 0.023846
v -0.240731 0.408999 0.022460
v -0.245580 0.400873 0.015929
v -0.248319 0.396285 0.005749
v -0.248319 0.396285 -0.005749
v -0.245580 0.400873 -0.015929
v -0.240731 0.408999 -0.022460
v -0.234882 0.418800 -0.023846
v -0.229373 0.428031 -0.019769
v -0.225466 0.434578 -0.011163
v -0.245605 0.447279 0.000000
v -0.246816 0.445015 0.010417
v -0.250171 0.438741 0.018447
v -0.254902 0.429896 0.022251
v -0.259924 0.420504 0.020958
v -0.264088 0.412718 0.014864
v -0.266439 0.408322 0.005364
v -0.266439 0.408322 -0.005364
v -0.264088 0.412718 -0.014864
v -0.259924 0.420504 -0.020958
v -0.254902 0.429896 -0.022251
v -0.250171 0.438741 -0.018447
v -0.246816 0.445015 -0.010417
v -0.267498 0.456665 0.000000
v -0.268528 0.454501 0.009724
v -0.271382 0.448504 0.017221
v -0.275406 0.440048 0.020772
v -0.279678 0.431071 0.019565
v -0.283219 0.423628 0.013876
v -0.285219 0.419426 0.005008
v -0.285219 0.419426 -0.005008
v -0.283219 0.423628 -0.013876
v -0.279678 0.431071 -0.019565
v -0.275406 0.440048 -0.020772
v -0.271382 0.448504 -0.017221
v -0.268528 0.454501 -0.009724
v -0.289694 0.465105 0.000000
v -0.290560 0.463038 0.009092
v -0.292963 0.457312 0.016100
v -0.296349 0.449239 0.019421
v -0.299945 0.440667 0.018292
v -0.302926 0.433561 0.012973
v -0.304610 0.429549 0.004682
v -0.304610 0.429549 -0.004682
v -0.302926 0.433561 -0.012973
v -0.299945 0.440667 -0.018292
v -0.296349 0.449239 -0.019421
v -0.292963 0.457312 -0.016100
v -0.290560 0.463038 -0.009092
v -0.312151 0.472607 0.000000
v -0.312872 0.470633 0.008527
v -0.314871 0.465163 0.015100
v -0.317688 0.457450 0.018214
v -0.320680 0.449262 0.017156
v -0.323160 0.442473 0.012167
v -0.324560 0.438640 0.004391
v -0.324560 0.438640 -0.004391
v -0.323160 0.442473 -0.012167
v -0.320680 0.449262 -0.017156
v -0.317688 0.457450 -0.018214
v -0.314871 0.465163 -0.015100
v -0.312872 0.470633 -0.008527
v -0.334831 0.479192 0.000000
v -0.335423 0.477301 0.008042
v -0.337063 0.472059 0.014241
v -0.339376 0.464669 0.017178
v -0.341832 0.456822 0.016180
v -0.343868 0.450317 0.011475
v -0.345018 0.446644 0.004141
v -0.345018 0.446644 -0.004141
v -0.343868 0.450317 -0.011475
v -0.341832 0.456822 -0.016180
v -0.339376 0.464669 -0.017178
v -0.337063 0.472059 -0.014241
v -0.335423 0.477301 -0.008042
v -0.357692 0.484903 0.000000
v -0.358171 0.483077 0.007657
v -0.359497 0.478018 0.013561
v -0.361367 0.470885 0.016357
v -0.363352 0.463312 0.015407
v -0.364998 0.457033 0.010927
v -0.365928 0.453488 0.003943
v -0.365928 0.453488 -0.003943
v -0.364998 0.457033 -0.010927
v -0.363352 0.463312 -0.015407
v -0.361367 0.470885 -0.016357
v -0.359497 0.478018 -0.013561
v -0.358171 0.483077 -0.007657
v -0.380686 0.489867 0.000000
v -0.381067 0.488074 0.007436
v -0.382123 0.483107 0.013168
v -0.383612 0.476103 0.015883
v -0.385192 0.468666 0.014960
v -0.386503 0.462502 0.010610
v -0.387243 0.459021 0.003829
v -0.387243 0.459021 -0.003829
v -0.386503 0.462502 -0.010610
v -0.385192 0.468666 -0.014960
v -0.383612 0.476103 -0.015883
v -0.382123 0.483107 -0.013168
v -0.381067 0.488074 -0.007436
v -0.361960 0.492726 0.000000
v -0.362597 0.490170 0.010689
v -0.364363 0.483087 0.018929
v -0.366853 0.473099 0.022832
v -0.369497 0.462496 0.021505
v -0.371689 0.453705 0.015252
v -0.372927 0.448741 0.005504
v -0.372927 0.448741 -0.005504
v -0.371689 0.453705 -0.015252
v -0.369497 0.462496 -0.021505
v -0.366853 0.473099 -0.022832
v -0.364363 0.483087 -0.018929
v -0.362597 0.490170 -0.010689
v -0.372453 0.494541 0.000000
v -0.373020 0.492046 0.010379
v -0.374591 0.485134 0.018380
v -0.376805 0.475388 0.022170
v -0.379156 0.465040 0.020882
v -0.381105 0.456461 0.014810
v -0.382206 0.451617 0.005345
v -0.382206 0.451617 -0.005345
v -0.381105 0.456461 -0.014810
v -0.379156 0.465040 -0.020882
v -0.376805 0.475388 -0.022170
v -0.374591 0.485134 -0.018380
v -0.373020 0.492046 -0.010379
v -0.382969 0.496132 0.000000
v -0.383468 0.493701 0.010069
v -0.384851 0.486965 0.017831
v -0.386801 0.477467 0.021509
v -0.388871 0.467382 0.020259
v -0.390587 0.459022 0.014368
v -0.391556 0.454301 0.005185
v -0.391556 0.454301 -0.005185
v -0.390587 0.459022 -0.014368
v -0.388871 0.467382 -0.020259
v -0.386801 0.477467 -0.021509
v -0.384851 0.486965 -0.017831
v -0.383468 0.493701 -0.010069
v -0.393502 0.497501 0.000000
v -0.393936 0.495135 0.009759
v -0.395139 0.488579 0.017283
v -0.396836 0.479335 0.020847
v -0.398637 0.469521 0.019635
v -0.400130 0.461385 0.013926
v -0.400974 0.456791 0.005026
v -0.400974 0.456791 -0.005026
v -0.400130 0.461385 -0.013926
v -0.398637 0.469521 -0.019635
v -0.396836 0.479335 -0.020847
v -0.395139 0.488579 -0.017283
v -0.393936 0.495135 -0.009759
v -0.388909 0.493368 0.004115
v -0.388909 0.493368 -0.004115
v -0.388814 0.493859 0.000000
v -0.389873 0.488410 0.013082
v -0.389024 0.492779 0.006159
v -0.389368 0.491008 0.009890
v -0.391609 0.479481 0.017894
v -0.390180 0.486830 0.014477
v -0.390855 0.483361 0.016640
v -0.393565 0.469417 0.017024
v -0.392011 0.477411 0.018197
v -0.392801 0.473346 0.018106
v -0.395121 0.461413 0.010750
v -0.393935 0.467515 0.016139
v -0.394590 0.464143 0.013824
v -0.395783 0.458008 0.001065
v -0.395341 0.460282 0.008958
v -0.395653 0.458674 0.005153
v -0.395341 0.460282 -0.008958
v -0.395783 0.458008 -0.001065
v -0.395653 0.458674 -0.005153
v -0.393935 0.467515 -0.016139
v -0.395121 0.461413 -0.010750
v -0.394590 0.464143 -0.013824
v -0.392011 0.477411 -0.018197
v -0.393565 0.469417 -0.017024
v -0.392801 0.473346 -0.018106
v -0.390180 0.486830 -0.014477
v -0.391609 0.479481 -0.017894
v -0.390855 0.483361 -0.016640
v -0.389024 0.492779 -0.006159
v -0.389873 0.488410 -0.013082
v -0.389368 0.491008 -0.009890
v -0.400100 0.494832 0.004115
v -0.400100 0.494832 -0.004115
v -0.400016 0.495326 0.000000
v -0.400937 0.489944 0.012772
v -0.400186 0.494330 0.005850
v -0.400490 0.492553 0.009581
v -0.402431 0.481219 0.017374
v -0.401168 0.488597 0.013957
v -0.401764 0.485114 0.016120
v -0.404107 0.471427 0.016459
v -0.402733 0.479455 0.017631
v -0.403432 0.475372 0.017540
v -0.405433 0.463678 0.010319
v -0.404384 0.469806 0.015708
v -0.404964 0.466420 0.013392
v -0.405989 0.460430 0.000904
v -0.405598 0.462715 0.008798
v -0.405875 0.461099 0.004992
v -0.405598 0.462715 -0.008798
v -0.405989 0.460430 -0.000904
v -0.405875 0.461099 -0.004992
v -0.404384 0.469806 -0.015708
v -0.405433 0.463678 -0.010319
v -0.404964 0.466420 -0.013392
v -0.402733 0.479455 -0.017631
v -0.404107 0.471427 -0.016459
v -0.403432 0.475372 -0.017540
v -0.401168 0.488597 -0.013957
v -0.402431 0.481219 -0.017374
v -0.401764 0.485114 -0.016120
v -0.400186 0.494330 -0.005850
v -0.400937 0.489944 -0.012772
v -0.400490 0.492553 -0.009581
v -0.411308 0.496043 0.004114
v -0.411308 0.496043 -0.004114
v -0.411235 0.496538 0.000000
v -0.412022 0.491228 0.012463
v -0.411370 0.495629 0.005541
v -0.411634 0.493845 0.009272
v -0.413284 0.482712 0.016854
v -0.412187 0.490117 0.013436
v -0.412705 0.486621 0.015600
v -0.414693 0.473201 0.015894
v -0.413499 0.481257 0.017065
v -0.414107 0.477159 0.016975
v -0.415803 0.465713 0.009888
v -0.414891 0.471864 0.015276
v -0.415395 0.468464 0.012960
v -0.416260 0.462625 0.000743
v -0.415920 0.464918 0.008637
v -0.416161 0.463297 0.004831
v -0.415920 0.464918 -0.008637
v -0.416260 0.462625 -0.000743
v -0.416161 0.463297 -0.004831
v -0.414891 0.471864 -0.015276
v -0.415803 0.465713 -0.009888
v -0.415395 0.468464 -0.012960
v -0.413499 0.481257 -0.017065
v -0.414693 0.473201 -0.015894
v -0.414107 0.477159 -0.016975
v -0.412187 0.490117 -0.013436
v -0.413284 0.482712 -0.016854
v -0.412705 0.486621 -0.015600
v -0.411370 0.495629 -0.005541
v -0.412022 0.491228 -0.012463
v -0.411634 0.493845 -0.009272
v -0.422528 0.497001 0.004114
v -0.422528 0.497001 -0.004114
v -0.422466 0.497497 0.000000
v -0.423122 0.492261 0.012153
v -0.422569 0.496675 0.005232
v -0.422793 0.494886 0.008963
v -0.424162 0.483961 0.016334
v -0.423232 0.491388 0.012916
v -0.423671 0.487881 0.015080
v -0.425318 0.474737 0.015328
v -0.424306 0.482818 0.016500
v -0.424821 0.478707 0.016409
v -0.426223 0.467516 0.009456
v -0.425450 0.473686 0.014845
v -0.425877 0.470276 0.012529
v -0.426590 0.464591 0.000582
v -0.426301 0.466891 0.008477
v -0.426505 0.465265 0.004671
v -0.426301 0.466891 -0.008477
v -0.426590 0.464591 -0.000582
v -0.426505 0.465265 -0.004671
v -0.425450 0.473686 -0.014845
v -0.426223 0.467516 -0.009456
v -0.425877 0.470276 -0.012529
v -0.424306 0.482818 -0.016500
v -0.425318 0.474737 -0.015328
v -0.424821 0.478707 -0.016409
v -0.423232 0.491388 -0.012916
v -0.424162 0.483961 -0.016334
v -0.423671 0.487881 -0.015080
v -0.422569 0.496675 -0.005232
v -0.423122 0.492261 -0.012153
v -0.422793 0.494886 -0.008963
v -0.433754 0.497705 0.004114
v -0.433754 0.497705 -0.004114
v -0.433703 0.498203 -0.000000
v -0.434232 0.493044 0.011844
v -0.433778 0.497469 0.004922
v -0.433962 0.495675 0.008654
v -0.435061 0.484965 0.015814
v -0.434297 0.492410 0.012396
v -0.434658 0.488894 0.014560
v -0.435977 0.476034 0.014763
v -0.435146 0.484136 0.015934
v -0.435569 0.480014 0.015844
v -0.436690 0.469085 0.009025
v -0.436055 0.475271 0.014413
v -0.436406 0.471852 0.012097
v -0.436973 0.466326 0.000421
v -0.436736 0.468632 0.008316
v -0.436904 0.467001 0.004510
v -0.436736 0.468632 -0.008316
v -0.436973 0.466326 -0.000421
v -0.436904 0.467001 -0.004510
v -0.436055 0.475271 -0.014413
v -0.436690 0.469085 -0.009025
v -0.436406 0.471852 -0.012097
v -0.435146 0.484136 -0.015934
v -0.435977 0.476034 -0.014763
v -0.435569 0.480014 -0.015844
v -0.434297 0.492410 -0.012396
v -0.435061 0.484965 -0.015814
v -0.434658 0.488894 -0.014560
v -0.433778 0.497469 -0.004922
v -0.434232 0.493044 -0.011844
v -0.433962 0.495675 -0.008654
v -0.444980 0.498156 0.004114
v -0.444980 0.498156 -0.004114
v -0.444940 0.498654 0.000000
v -0.445346 0.493576 0.011535
v -0.444991 0.498009 0.004613
v -0.445135 0.496212 0.008345
v -0.445974 0.485724 0.015294
v -0.445377 0.493184 0.011875
v -0.445659 0.489660 0.014040
v -0.446664 0.477091 0.014198
v -0.446015 0.485210 0.015368
v -0.446345 0.481079 0.015278
v -0.447197 0.470420 0.008594
v -0.446702 0.476620 0.013982
v -0.446976 0.473193 0.011666
v -0.447405 0.467828 0.000260
v -0.447220 0.470140 0.008156
v -0.447351 0.468505 0.004349
v -0.447220 0.470140 -0.008156
v -0.447405 0.467828 -0.000260
v -0.447351 0.468505 -0.004349
v -0.446702 0.476620 -0.013982
v -0.447197 0.470420 -0.008594
v -0.446976 0.473193 -0.011666
v -0.446015 0.485210 -0.015368
v -0.446664 0.477091 -0.014198
v -0.446345 0.481079 -0.015278
v -0.445377 0.493184 -0.011875
v -0.445974 0.485724 -0.015294
v -0.445659 0.489660 -0.014040
v -0.444991 0.498009 -0.004613
v -0.445346 0.493576 -0.011535
v -0.445135 0.496212 -0.008345
v -0.456200 0.498354 0.004113
v -0.456200 0.498354 -0.004113
v -0.456172 0.498853 0.000000
v -0.456458 0.493858 0.011225
v -0.456203 0.498298 0.004304
v -0.456307 0.496498 0.008035
v -0.456896 0.486237 0.014774
v -0.456467 0.493708 0.011355
v -0.456670 0.490179 0.013520
v -0.457374 0.477909 0.013633
v -0.456907 0.486041 0.014802
v -0.457145 0.481903 0.014713
v -0.457741 0.471520 0.008162
v -0.457384 0.477729 0.013550
v -0.457581 0.474297 0.011234
v -0.457880 0.469097 0.000099
v -0.457747 0.471412 0.007995
v -0.457841 0.469775 0.004188
v -0.457747 0.471412 -0.007995
v -0.457880 0.469097 -0.000099
v -0.457841 0.469775 -0.004188
v -0.457384 0.477729 -0.013550
v -0.457741 0.471520 -0.008162
v -0.457581 0.474297 -0.011234
v -0.456907 0.486041 -0.014802
v -0.457374 0.477909 -0.013633
v -0.457145 0.481903 -0.014713
v -0.456467 0.493708 -0.011355
v -0.456896 0.486237 -0.014774
v -0.456670 0.490179 -0.013520
v -0.456203 0.498298 -0.004304
v -0.456458 0.493858 -0.011225
v -0.456307 0.496498 -0.008035
v -0.463122 0.498319 -0.004113
v -0.463122 0.498319 0.004113
v -0.467523 0.495041 0.000000
v -0.463125 0.498819 -0.000000
v -0.465605 0.498224 -0.000000
v -0.466181 0.497530 0.002297
v -0.466181 0.497530 -0.002297
v -0.463278 0.493877 0.011034
v -0.467582 0.493370 0.005694
v -0.463122 0.498320 0.004113
v -0.466297 0.494211 0.009007
v -0.465681 0.496034 0.007462
v -0.466210 0.496695 0.005144
v -0.463206 0.496519 0.007844
v -0.463540 0.486399 0.014456
v -0.467738 0.488888 0.009580
v -0.463278 0.493878 0.011037
v -0.466521 0.487795 0.012855
v -0.465887 0.490160 0.012556
v -0.466375 0.491970 0.010951
v -0.463425 0.490346 0.013201
v -0.463826 0.478257 0.013291
v -0.467943 0.483017 0.010425
v -0.463540 0.486397 0.014460
v -0.466783 0.480320 0.012621
v -0.466157 0.482466 0.013663
v -0.466624 0.484858 0.013278
v -0.463713 0.482256 0.014369
v -0.464045 0.472035 0.007905
v -0.468132 0.477622 0.007959
v -0.463827 0.478252 0.013293
v -0.466998 0.474159 0.008383
v -0.466406 0.475396 0.010432
v -0.466877 0.477620 0.011388
v -0.463977 0.474817 0.010975
v -0.464127 0.469712 0.000004
v -0.468243 0.474416 0.002967
v -0.464045 0.472030 0.007900
v -0.467100 0.471263 0.001485
v -0.466553 0.471193 0.003889
v -0.467054 0.472553 0.005884
v -0.464135 0.470394 0.004092
v -0.464045 0.472030 -0.007900
v -0.468243 0.474416 -0.002967
v -0.464127 0.469712 -0.000004
v -0.467054 0.472553 -0.005884
v -0.466553 0.471193 -0.003889
v -0.467100 0.471263 -0.001485
v -0.464135 0.470394 -0.004092
v -0.463827 0.478252 -0.013293
v -0.468132 0.477622 -0.007959
v -0.464045 0.472035 -0.007905
v -0.466877 0.477620 -0.011388
v -0.466406 0.475396 -0.010432
v -0.466998 0.474159 -0.008383
v -0.463978 0.474817 -0.010975
v -0.463540 0.486397 -0.014460
v -0.467943 0.483017 -0.010425
v -0.463826 0.478257 -0.013291
v -0.466624 0.484858 -0.013278
v -0.466157 0.482466 -0.013663
v -0.466783 0.480320 -0.012621
v -0.463713 0.482256 -0.014369
v -0.463278 0.493878 -0.011037
v -0.467738 0.488888 -0.009580
v -0.463540 0.486399 -0.014456
v -0.466375 0.491970 -0.010951
v -0.465887 0.490160 -0.012556
v -0.466521 0.487795 -0.012855
v -0.463425 0.490346 -0.013201
v -0.463122 0.498320 -0.004113
v -0.467582 0.493370 -0.005694
v -0.463278 0.493877 -0.011034
v -0.466210 0.496695 -0.005144
v -0.465681 0.496034 -0.007462
v -0.466297 0.494211 -0.009007
v -0.463206 0.496519 -0.007844
v -0.008865 0.168765 -0.062790
v -0.008886 0.170784 -0.064807
v -0.008879 0.170199 -0.063388
v -0.008868 0.168733 -0.066790
v -0.008886 0.170784 -0.064807
v -0.008881 0.170176 -0.066216
v -0.021112 0.166355 -0.062762
v -0.021866 0.168229 -0.064777
v -0.021645 0.167687 -0.063358
v -0.021115 0.166323 -0.066762
v -0.021866 0.168229 -0.064777
v -0.021647 0.167664 -0.066187
v -0.031661 0.159683 -0.062700
v -0.033048 0.161158 -0.064711
v -0.032641 0.160733 -0.063294
v -0.031664 0.159651 -0.066700
v -0.033048 0.161158 -0.064711
v -0.032643 0.160710 -0.066122
v -0.039088 0.149651 -0.062614
v -0.040920 0.150525 -0.064620
v -0.040383 0.150276 -0.063204
v -0.039091 0.149619 -0.066614
v -0.040920 0.150525 -0.064620
v -0.040385 0.150253 -0.066032
v -0.042390 0.137614 -0.062514
v -0.044419 0.137766 -0.064514
v -0.043824 0.137728 -0.063100
v -0.042392 0.137582 -0.066514
v -0.044419 0.137766 -0.064514
v -0.043826 0.137706 -0.065928
v -0.041119 0.125197 -0.062415
v -0.043072 0.124605 -0.064409
v -0.042500 0.124785 -0.062996
v -0.041122 0.125165 -0.066415
v -0.043072 0.124605 -0.064409
v -0.042502 0.124763 -0.065825
v -0.035449 0.114077 -0.062329
v -0.037063 0.112820 -0.064318
v -0.036589 0.113195 -0.062907
v -0.035452 0.114045 -0.066329
v -0.037063 0.112820 -0.064318
v -0.036592 0.113172 -0.065735
v -0.026145 0.105757 -0.062269
v -0.027201 0.104001 -0.064254
v -0.026891 0.104522 -0.062844
v -0.026148 0.105724 -0.066268
v -0.027201 0.104001 -0.064254
v -0.026893 0.104499 -0.065672
v -0.014463 0.101359 -0.062241
v -0.014819 0.099339 -0.064225
v -0.014714 0.099937 -0.062816
v -0.014466 0.101327 -0.066241
v -0.014819 0.099339 -0.064225
v -0.014717 0.099915 -0.065644
v -0.001982 0.101478 -0.062251
v -0.001590 0.099465 -0.064235
v -0.001704 0.100061 -0.062826
v -0.001984 0.101445 -0.066251
v -0.001590 0.099465 -0.064235
v -0.001706 0.100039 -0.065654
v 0.009614 0.106097 -0.062297
v 0.010700 0.104362 -0.064284
v 0.010383 0.104877 -0.062874
v 0.009611 0.106065 -0.066297
v 0.010700 0.104362 -0.064284
v 0.010381 0.104854 -0.065702
v 0.018758 0.114594 -0.062372
v 0.020392 0.113367 -0.064364
v 0.019914 0.113733 -0.062952
v 0.018755 0.114562 -0.066372
v 0.020392 0.113367 -0.064364
v 0.019912 0.113710 -0.065780
v 0.024215 0.125820 -0.062467
v 0.026176 0.125265 -0.064464
v 0.025602 0.125435 -0.063051
v 0.024212 0.125787 -0.066467
v 0.026176 0.125265 -0.064464
v 0.025600 0.125412 -0.065879
v 0.025248 0.138259 -0.062568
v 0.027271 0.138450 -0.064571
v 0.026679 0.138400 -0.063156
v 0.025245 0.138226 -0.066568
v 0.027271 0.138450 -0.064571
v 0.026677 0.138378 -0.065985
v 0.021718 0.150231 -0.062662
v 0.023529 0.151139 -0.064671
v 0.022999 0.150880 -0.063254
v 0.021715 0.150199 -0.066662
v 0.023529 0.151139 -0.064671
v 0.022997 0.150857 -0.066083
v 0.014101 0.160120 -0.062737
v 0.015456 0.161620 -0.064750
v 0.015060 0.161187 -0.063332
v 0.014098 0.160087 -0.066737
v 0.015456 0.161620 -0.064750
v 0.015058 0.161164 -0.066160
v 0.003426 0.166589 -0.062782
v 0.004142 0.168477 -0.064797
v 0.003933 0.167931 -0.063379
v 0.003423 0.166557 -0.066781
v 0.004142 0.168477 -0.064797
v 0.003931 0.167908 -0.066207
v -0.018698 0.152416 -0.075251
v -0.018647 0.156466 -0.079271
v -0.018657 0.155288 -0.076437
v -0.018722 0.152377 -0.083251
v -0.018647 0.156466 -0.079271
v -0.018674 0.155260 -0.082094
v -0.028815 0.150686 -0.075212
v -0.030239 0.154483 -0.079226
v -0.029817 0.153379 -0.076394
v -0.028840 0.150647 -0.083212
v -0.030239 0.154483 -0.079226
v -0.029834 0.153351 -0.082050
v -0.037625 0.145418 -0.075159
v -0.040332 0.148447 -0.079166
v -0.039534 0.147568 -0.076336
v -0.037649 0.145378 -0.083159
v -0.040332 0.148447 -0.079166
v -0.039551 0.147540 -0.081992
v -0.043936 0.137323 -0.075100
v -0.047562 0.139173 -0.079099
v -0.046495 0.138639 -0.076271
v -0.043960 0.137283 -0.083100
v -0.047562 0.139173 -0.079099
v -0.046512 0.138611 -0.081927
v -0.046896 0.127495 -0.075043
v -0.050954 0.127913 -0.079033
v -0.049760 0.127798 -0.076207
v -0.046920 0.127455 -0.083043
v -0.050954 0.127913 -0.079033
v -0.049778 0.127771 -0.081864
v -0.046107 0.117261 -0.074995
v -0.050049 0.116188 -0.078978
v -0.048889 0.116510 -0.076155
v -0.046131 0.117221 -0.082995
v -0.050049 0.116188 -0.078978
v -0.048907 0.116482 -0.081811
v -0.041673 0.108003 -0.074963
v -0.044970 0.105581 -0.078941
v -0.043999 0.106299 -0.076119
v -0.041697 0.107964 -0.082963
v -0.044970 0.105581 -0.078941
v -0.044016 0.106271 -0.081776
v -0.034195 0.100972 -0.074951
v -0.036402 0.097526 -0.078927
v -0.035751 0.098543 -0.076106
v -0.034219 0.100932 -0.082951
v -0.036402 0.097526 -0.078927
v -0.035768 0.098515 -0.081763
v -0.024682 0.097117 -0.074961
v -0.025503 0.093109 -0.078939
v -0.025258 0.094291 -0.076117
v -0.024706 0.097078 -0.082961
v -0.025503 0.093109 -0.078939
v -0.025275 0.094263 -0.081773
v -0.014419 0.096959 -0.074991
v -0.013745 0.092928 -0.078973
v -0.013937 0.094117 -0.076150
v -0.014443 0.096919 -0.082991
v -0.013745 0.092928 -0.078973
v -0.013954 0.094089 -0.081807
v -0.004791 0.100519 -0.075038
v -0.002715 0.097007 -0.079027
v -0.003318 0.098044 -0.076201
v -0.004816 0.100480 -0.083037
v -0.002715 0.097007 -0.079027
v -0.003335 0.098016 -0.081858
v 0.002900 0.107316 -0.075094
v 0.006097 0.104795 -0.079092
v 0.005165 0.105541 -0.076264
v 0.002876 0.107277 -0.083094
v 0.006097 0.104795 -0.079092
v 0.005148 0.105514 -0.081921
v 0.007616 0.116433 -0.075153
v 0.011500 0.115240 -0.079159
v 0.010367 0.115597 -0.076329
v 0.007592 0.116394 -0.083153
v 0.011500 0.115240 -0.079159
v 0.010350 0.115569 -0.081986
v 0.008720 0.126638 -0.075207
v 0.012765 0.126931 -0.079221
v 0.011585 0.126853 -0.076388
v 0.008696 0.126598 -0.083207
v 0.012765 0.126931 -0.079221
v 0.011568 0.126826 -0.082045
v 0.006063 0.136552 -0.075248
v 0.009721 0.138290 -0.079267
v 0.008655 0.137789 -0.076433
v 0.006039 0.136513 -0.083248
v 0.009721 0.138290 -0.079267
v 0.008638 0.137762 -0.082090
v 0.000004 0.144838 -0.075270
v 0.002780 0.147783 -0.079293
v 0.001972 0.146928 -0.076458
v -0.000020 0.144799 -0.083270
v 0.002780 0.147783 -0.079293
v 0.001955 0.146901 -0.082115
v -0.008638 0.150375 -0.075271
v -0.007122 0.154127 -0.079294
v -0.007561 0.153036 -0.076459
v -0.008663 0.150336 -0.083271
v -0.007122 0.154127 -0.079294
v -0.007578 0.153008 -0.082116
vn -0.9615 -0.1368 -0.2383
vn -0.7394 -0.1334 -0.6599
vn -0.3466 -0.1294 -0.9290
vn 0.1256 -0.1267 -0.9840
vn 0.5679 -0.1266 -0.8133
vn 0.8796 -0.1291 -0.4579
vn 0.9912 -0.1326 -0.0000
vn 0.8773 -0.1352 0.4605
vn 0.5628 -0.1365 0.8153
vn 0.1194 -0.1371 0.9833
vn -0.3512 -0.1379 0.9261
vn -0.7413 -0.1387 0.6567
vn -0.9616 -0.1386 0.2370
vn -0.9542 -0.1806 -0.2383
vn -0.7326 -0.1667 -0.6600
vn -0.3404 -0.1441 -0.9292
vn 0.1312 -0.1188 -0.9842
vn 0.5732 -0.0973 -0.8136
vn 0.8848 -0.0845 -0.4582
vn 0.9966 -0.0824 -0.0000
vn 0.8830 -0.0904 0.4607
vn 0.5686 -0.1068 0.8156
vn 0.1256 -0.1288 0.9837
vn -0.3445 -0.1523 0.9263
vn -0.7342 -0.1718 0.6569
vn -0.9542 -0.1823 0.2370
vn -0.9450 -0.2239 -0.2384
vn -0.7242 -0.1996 -0.6601
vn -0.3335 -0.1583 -0.9293
vn 0.1364 -0.1105 -0.9845
vn 0.5770 -0.0677 -0.8139
vn 0.8878 -0.0397 -0.4584
vn 0.9995 -0.0320 -0.0000
vn 0.8863 -0.0453 0.4609
vn 0.5730 -0.0768 0.8160
vn 0.1313 -0.1203 0.9840
vn -0.3373 -0.1663 0.9266
vn -0.7256 -0.2046 0.6570
vn -0.9449 -0.2256 0.2371
vn -0.9338 -0.2668 -0.2384
vn -0.7144 -0.2320 -0.6602
vn -0.3261 -0.1722 -0.9295
vn 0.1411 -0.1020 -0.9847
vn 0.5793 -0.0380 -0.8142
vn 0.8886 0.0051 -0.4587
vn 0.9998 0.0184 -0.0000
vn 0.8874 -0.0002 0.4611
vn 0.5757 -0.0467 0.8163
vn 0.1365 -0.1114 0.9844
vn -0.3295 -0.1800 0.9268
vn -0.7156 -0.2368 0.6571
vn -0.9337 -0.2683 0.2371
vn -0.9207 -0.3090 -0.2384
vn -0.7032 -0.2639 -0.6602
vn -0.3181 -0.1857 -0.9297
vn 0.1453 -0.0932 -0.9850
vn 0.5800 -0.0082 -0.8145
vn 0.8871 0.0499 -0.4589
vn 0.9976 0.0689 -0.0000
vn 0.8861 0.0450 0.4613
vn 0.5769 -0.0165 0.8166
vn 0.1411 -0.1023 0.9847
vn -0.3212 -0.1932 0.9271
vn -0.7042 -0.2685 0.6573
vn -0.9205 -0.3105 0.2372
vn -0.9057 -0.3505 -0.2385
vn -0.6905 -0.2951 -0.6603
vn -0.3096 -0.1988 -0.9299
vn 0.1489 -0.0842 -0.9853
vn 0.5793 0.0216 -0.8149
vn 0.8833 0.0947 -0.4591
vn 0.9929 0.1191 -0.0000
vn 0.8826 0.0900 0.4615
vn 0.5765 0.0137 0.8170
vn 0.1452 -0.0930 0.9850
vn -0.3123 -0.2060 0.9274
vn -0.6914 -0.2996 0.6574
vn -0.9055 -0.3519 0.2372
vn -0.8889 -0.3912 -0.2385
vn -0.6766 -0.3257 -0.6604
vn -0.3006 -0.2114 -0.9300
vn 0.1520 -0.0750 -0.9855
vn 0.5769 0.0514 -0.8152
vn 0.8773 0.1391 -0.4594
vn 0.9856 0.1690 -0.0000
vn 0.8767 0.1348 0.4617
vn 0.5746 0.0438 0.8173
vn 0.1487 -0.0835 0.9854
vn -0.3030 -0.2184 0.9276
vn -0.6772 -0.3300 0.6576
vn -0.8886 -0.3925 0.2373
vn -0.8702 -0.4311 -0.2385
vn -0.6612 -0.3556 -0.6605
vn -0.2911 -0.2235 -0.9302
vn 0.1546 -0.0657 -0.9858
vn 0.5731 0.0810 -0.8155
vn 0.8690 0.1833 -0.4596
vn 0.9758 0.2186 -0.0000
vn 0.8687 0.1792 0.4619
vn 0.5711 0.0738 0.8176
vn 0.1516 -0.0738 0.9857
vn -0.2933 -0.2302 0.9279
vn -0.6618 -0.3597 0.6578
vn -0.8699 -0.4323 0.2373
vn -0.8499 -0.4699 -0.2385
vn -0.6447 -0.3847 -0.6606
vn -0.2812 -0.2351 -0.9304
vn 0.1566 -0.0562 -0.9861
vn 0.5677 0.1105 -0.8158
vn 0.8585 0.2270 -0.4598
vn 0.9636 0.2675 -0.0000
vn 0.8583 0.2232 0.4620
vn 0.5660 0.1036 0.8179
vn 0.1539 -0.0640 0.9860
vn -0.2831 -0.2416 0.9282
vn -0.6451 -0.3886 0.6579
vn -0.8495 -0.4711 0.2374
vn -0.8278 -0.5078 -0.2386
vn -0.6268 -0.4129 -0.6607
vn -0.2708 -0.2463 -0.9306
vn 0.1580 -0.0467 -0.9863
vn 0.5608 0.1396 -0.8161
vn 0.8458 0.2701 -0.4600
vn 0.9488 0.3158 -0.0000
vn 0.8457 0.2666 0.4622
vn 0.5593 0.1331 0.8182
vn 0.1556 -0.0541 0.9863
vn -0.2725 -0.2525 0.9284
vn -0.6272 -0.4166 0.6581
vn -0.8275 -0.5089 0.2374
vn -0.8041 -0.5445 -0.2386
vn -0.6078 -0.4403 -0.6608
vn -0.2601 -0.2569 -0.9308
vn 0.1588 -0.0370 -0.9866
vn 0.5524 0.1684 -0.8164
vn 0.8310 0.3126 -0.4602
vn 0.9317 0.3633 -0.0000
vn 0.8310 0.3093 0.4624
vn 0.5512 0.1623 0.8185
vn 0.1567 -0.0441 0.9867
vn -0.2616 -0.2628 0.9287
vn -0.6081 -0.4438 0.6583
vn -0.8038 -0.5455 0.2375
vn -0.7788 -0.5801 -0.2386
vn -0.5877 -0.4666 -0.6610
vn -0.2490 -0.2669 -0.9310
vn 0.1590 -0.0274 -0.9869
vn 0.5425 0.1967 -0.8167
vn 0.8139 0.3542 -0.4605
vn 0.9121 0.4100 -0.0000
vn 0.8140 0.3512 0.4626
vn 0.5414 0.1910 0.8188
vn 0.1572 -0.0341 0.9870
vn -0.2503 -0.2727 0.9290
vn -0.5878 -0.4700 0.6585
vn -0.7785 -0.5810 0.2376
vn -0.7521 -0.6143 -0.2387
vn -0.5665 -0.4920 -0.6611
vn -0.2376 -0.2764 -0.9312
vn 0.1586 -0.0177 -0.9872
vn 0.5311 0.2246 -0.8170
vn 0.7948 0.3951 -0.4607
vn 0.8902 0.4556 -0.0000
vn 0.7950 0.3923 0.4627
vn 0.5302 0.2192 0.8190
vn 0.1570 -0.0241 0.9873
vn -0.2388 -0.2819 0.9293
vn -0.5666 -0.4952 0.6586
vn -0.7517 -0.6152 0.2376
vn -0.7239 -0.6473 -0.2387
vn -0.5443 -0.5163 -0.6612
vn -0.2259 -0.2854 -0.9314
vn 0.1576 -0.0080 -0.9875
vn 0.5182 0.2519 -0.8173
vn 0.7736 0.4349 -0.4609
vn 0.8660 0.5001 -0.0000
vn 0.7738 0.4324 0.4629
vn 0.5175 0.2468 0.8193
vn 0.1562 -0.0142 0.9876
vn -0.2269 -0.2906 0.9295
vn -0.5443 -0.5193 0.6588
vn -0.7235 -0.6481 0.2377
vn -0.6943 -0.6789 -0.2388
vn -0.5211 -0.5396 -0.6613
vn -0.2140 -0.2938 -0.9316
vn 0.1560 0.0016 -0.9878
vn 0.5039 0.2785 -0.8176
vn 0.7503 0.4737 -0.4611
vn 0.8395 0.5433 -0.0000
vn 0.7506 0.4713 0.4630
vn 0.5034 0.2737 0.8196
vn 0.1548 -0.0042 0.9879
vn -0.2149 -0.2987 0.9298
vn -0.5211 -0.5424 0.6590
vn -0.6940 -0.6796 0.2378
vn -0.6635 -0.7090 -0.2388
vn -0.4970 -0.5617 -0.6614
vn -0.2019 -0.3016 -0.9318
vn 0.1537 0.0111 -0.9880
vn 0.4882 0.3044 -0.8179
vn 0.7251 0.5113 -0.4613
vn 0.8109 0.5852 -0.0000
vn 0.7254 0.5092 0.4632
vn 0.4877 0.2999 0.8198
vn 0.1527 0.0056 0.9883
vn -0.2027 -0.3063 0.9301
vn -0.4969 -0.5643 0.6592
vn -0.6632 -0.7097 0.2378
vn -0.6315 -0.7377 -0.2388
vn -0.4721 -0.5826 -0.6616
vn -0.1896 -0.3088 -0.9320
vn 0.1508 0.0205 -0.9883
vn 0.4711 0.3295 -0.8182
vn 0.6979 0.5476 -0.4615
vn 0.7801 0.6257 -0.0000
vn 0.6983 0.5457 0.4633
vn 0.4707 0.3253 0.8201
vn 0.1499 0.0153 0.9886
vn -0.1903 -0.3133 0.9304
vn -0.4720 -0.5851 0.6594
vn -0.6312 -0.7383 0.2379
vn -0.5984 -0.7648 -0.2389
vn -0.4465 -0.6023 -0.6617
vn -0.1773 -0.3154 -0.9323
vn 0.1473 0.0298 -0.9886
vn 0.4526 0.3538 -0.8185
vn 0.6688 0.5826 -0.4617
vn 0.7472 0.6646 -0.0000
vn 0.6692 0.5809 0.4635
vn 0.4523 0.3499 0.8204
vn 0.1465 0.0248 0.9889
vn -0.1778 -0.3196 0.9307
vn -0.4464 -0.6047 0.6596
vn -0.5981 -0.7653 0.2380
vn -0.5643 -0.7902 -0.2389
vn -0.4202 -0.6208 -0.6618
vn -0.1648 -0.3214 -0.9325
vn 0.1431 0.0389 -0.9890
vn 0.4327 0.3771 -0.8189
vn 0.6379 0.6162 -0.4619
vn 0.7122 0.7019 -0.0000
vn 0.6383 0.6146 0.4636
vn 0.4325 0.3735 0.8206
vn 0.1424 0.0342 0.9892
vn -0.1652 -0.3254 0.9310
vn -0.4201 -0.6230 0.6598
vn -0.5640 -0.7907 0.2380
vn -0.5293 -0.8141 -0.2390
vn -0.3933 -0.6381 -0.6619
vn -0.1524 -0.3269 -0.9327
vn 0.1382 0.0477 -0.9893
vn 0.4115 0.3995 -0.8192
vn 0.6052 0.6482 -0.4621
vn 0.6753 0.7375 -0.0000
vn 0.6055 0.6467 0.4637
vn 0.4114 0.3961 0.8209
vn 0.1377 0.0433 0.9895
vn -0.1527 -0.3306 0.9313
vn -0.3932 -0.6401 0.6601
vn -0.5290 -0.8145 0.2381
vn -0.4935 -0.8363 -0.2390
vn -0.3660 -0.6540 -0.6621
vn -0.1399 -0.3317 -0.9329
vn 0.1326 0.0563 -0.9896
vn 0.3890 0.4208 -0.8195
vn 0.5707 0.6786 -0.4623
vn 0.6365 0.7713 -0.0000
vn 0.5710 0.6773 0.4639
vn 0.3889 0.4177 0.8211
vn 0.1322 0.0522 0.9899
vn -0.1402 -0.3352 0.9316
vn -0.3658 -0.6559 0.6603
vn -0.4932 -0.8367 0.2382
vn -0.4570 -0.8567 -0.2391
vn -0.3382 -0.6686 -0.6622
vn -0.1277 -0.3360 -0.9332
vn 0.1262 0.0646 -0.9899
vn 0.3652 0.4411 -0.8198
vn 0.5345 0.7074 -0.4626
vn 0.5958 0.8031 -0.0000
vn 0.5348 0.7062 0.4640
vn 0.3652 0.4382 0.8214
vn 0.1259 0.0608 0.9902
vn -0.1278 -0.3393 0.9320
vn -0.3380 -0.6704 0.6605
vn -0.4568 -0.8571 0.2383
vn -0.4200 -0.8755 -0.2391
vn -0.3102 -0.6820 -0.6624
vn -0.1156 -0.3396 -0.9334
vn 0.1191 0.0726 -0.9902
vn 0.3400 0.4601 -0.8202
vn 0.4966 0.7343 -0.4628
vn 0.5533 0.8330 -0.0000
vn 0.4969 0.7333 0.4641
vn 0.3401 0.4575 0.8216
vn 0.1189 0.0691 0.9905
vn -0.1157 -0.3427 0.9323
vn -0.3100 -0.6836 0.6608
vn -0.4198 -0.8758 0.2384
vn -0.3826 -0.8924 -0.2391
vn -0.2821 -0.6939 -0.6625
vn -0.1038 -0.3428 -0.9337
vn 0.1112 0.0803 -0.9905
vn 0.3136 0.4780 -0.8205
vn 0.4570 0.7595 -0.4630
vn 0.5090 0.8608 -0.0000
vn 0.4573 0.7585 0.4642
vn 0.3137 0.4756 0.8219
vn 0.1111 0.0770 0.9908
vn -0.1038 -0.3456 0.9326
vn -0.2819 -0.6954 0.6610
vn -0.3824 -0.8927 0.2385
vn -0.3451 -0.9076 -0.2392
vn -0.2540 -0.7046 -0.6626
vn -0.0925 -0.3453 -0.9339
vn 0.1023 0.0875 -0.9909
vn 0.2857 0.4946 -0.8208
vn 0.4157 0.7827 -0.4632
vn 0.4628 0.8865 -0.0000
vn 0.4160 0.7819 0.4644
vn 0.2858 0.4924 0.8221
vn 0.1023 0.0846 0.9911
vn -0.0924 -0.3479 0.9330
vn -0.2538 -0.7059 0.6613
vn -0.3449 -0.9078 0.2386
vn -0.3076 -0.9209 -0.2392
vn -0.2262 -0.7138 -0.6628
vn -0.0818 -0.3473 -0.9342
vn 0.0924 0.0944 -0.9912
vn 0.2563 0.5098 -0.8212
vn 0.3726 0.8040 -0.4634
vn 0.4147 0.9100 -0.0000
vn 0.3728 0.8033 0.4645
vn 0.2565 0.5079 0.8223
vn 0.0924 0.0918 0.9915
vn -0.0817 -0.3496 0.9333
vn -0.2260 -0.7150 0.6616
vn -0.3075 -0.9211 0.2387
vn -0.2708 -0.9324 -0.2393
vn -0.1991 -0.7217 -0.6629
vn -0.0722 -0.3487 -0.9344
vn 0.0809 0.1008 -0.9916
vn 0.2251 0.5238 -0.8216
vn 0.3273 0.8233 -0.4637
vn 0.3643 0.9313 -0.0000
vn 0.3276 0.8227 0.4646
vn 0.2253 0.5222 0.8226
vn 0.0810 0.0986 0.9918
vn -0.0721 -0.3507 0.9337
vn -0.1990 -0.7227 0.6619
vn -0.2706 -0.9326 0.2388
vn -0.2353 -0.9420 -0.2393
vn -0.1737 -0.7282 -0.6630
vn -0.0645 -0.3496 -0.9347
vn 0.0672 0.1069 -0.9920
vn 0.1913 0.5364 -0.8220
vn 0.2793 0.8407 -0.4640
vn 0.3111 0.9504 -0.0000
vn 0.2794 0.8402 0.4647
vn 0.1915 0.5352 0.8228
vn 0.0674 0.1052 0.9922
vn -0.0644 -0.3511 0.9341
vn -0.1735 -0.7289 0.6622
vn -0.2352 -0.9421 0.2389
vn -0.2049 -0.9491 -0.2393
vn -0.1535 -0.7326 -0.6631
vn -0.0623 -0.3493 -0.9350
vn 0.0477 0.1131 -0.9924
vn 0.1512 0.5483 -0.8225
vn 0.2247 0.8567 -0.4643
vn 0.2512 0.9679 -0.0000
vn 0.2248 0.8564 0.4647
vn 0.1514 0.5476 0.8230
vn 0.0478 0.1121 0.9926
vn -0.0622 -0.3501 0.9346
vn -0.1534 -0.7331 0.6627
vn -0.2048 -0.9491 0.2391
vn -0.1655 -0.9568 -0.2390
vn -0.1136 -0.7407 -0.6622
vn -0.0216 -0.3581 -0.9334
vn 0.0896 0.1030 -0.9906
vn 0.1944 0.5369 -0.8209
vn 0.2689 0.8444 -0.4634
vn 0.2961 0.9552 -0.0000
vn 0.2695 0.8439 0.4640
vn 0.1954 0.5357 0.8215
vn 0.0906 0.1014 0.9907
vn -0.0206 -0.3595 0.9329
vn -0.1129 -0.7414 0.6615
vn -0.1652 -0.9569 0.2387
vn -0.1453 -0.9601 -0.2390
vn -0.0980 -0.7429 -0.6622
vn -0.0141 -0.3585 -0.9334
vn 0.0874 0.1049 -0.9906
vn 0.1831 0.5409 -0.8209
vn 0.2511 0.8498 -0.4634
vn 0.2759 0.9612 -0.0000
vn 0.2517 0.8493 0.4640
vn 0.1840 0.5397 0.8215
vn 0.0885 0.1033 0.9907
vn -0.0131 -0.3599 0.9329
vn -0.0973 -0.7436 0.6615
vn -0.1450 -0.9602 0.2387
vn -0.1251 -0.9629 -0.2390
vn -0.0824 -0.7448 -0.6622
vn -0.0065 -0.3587 -0.9334
vn 0.0852 0.1067 -0.9906
vn 0.1717 0.5446 -0.8209
vn 0.2332 0.8549 -0.4634
vn 0.2556 0.9668 -0.0000
vn 0.2338 0.8545 0.4640
vn 0.1726 0.5434 0.8215
vn 0.0863 0.1051 0.9907
vn -0.0055 -0.3601 0.9329
vn -0.0817 -0.7455 0.6615
vn -0.1248 -0.9630 0.2387
vn 0.3116 -0.9433 0.1148
vn 0.3116 -0.9433 -0.1148
vn 0.8550 -0.5154 0.0589
vn 0.3215 -0.7328 -0.5997
vn 0.8567 -0.4697 -0.2130
vn 0.3155 -0.8573 -0.4069
vn 0.3420 -0.2938 -0.8926
vn 0.8639 -0.2841 -0.4159
vn 0.3318 -0.5029 -0.7981
vn 0.3664 0.2325 -0.9009
vn 0.8741 -0.0191 -0.4853
vn 0.3554 0.0057 -0.9347
vn 0.3871 0.6790 -0.6238
vn 0.8841 0.2403 -0.4007
vn 0.3788 0.5062 -0.7748
vn 0.3976 0.9052 -0.1502
vn 0.8908 0.4127 -0.1903
vn 0.3945 0.8409 -0.3705
vn 0.3944 0.8409 0.3705
vn 0.8920 0.4450 0.0793
vn 0.3976 0.9052 0.1502
vn 0.3788 0.5062 0.7748
vn 0.8874 0.3275 0.3244
vn 0.3871 0.6790 0.6238
vn 0.3554 0.0057 0.9347
vn 0.8785 0.0960 0.4681
vn 0.3664 0.2325 0.9009
vn 0.3318 -0.5029 0.7981
vn 0.8679 -0.1774 0.4639
vn 0.3420 -0.2938 0.8926
vn 0.3155 -0.8573 0.4069
vn 0.8591 -0.4059 0.3117
vn 0.3215 -0.7328 0.5997
vn -0.1288 -0.9843 0.1206
vn -0.1288 -0.9843 -0.1206
vn -0.0886 -0.7656 -0.6372
vn -0.1120 -0.8937 -0.4344
vn -0.0039 -0.3068 -0.9518
vn -0.0434 -0.5225 -0.8515
vn 0.0983 0.2464 -0.9642
vn 0.0553 0.0116 -0.9984
vn 0.1856 0.7185 -0.6704
vn 0.1528 0.5391 -0.8283
vn 0.2302 0.9593 -0.1636
vn 0.2180 0.8924 -0.3951
vn 0.2180 0.8924 0.3951
vn 0.2302 0.9593 0.1636
vn 0.1528 0.5391 0.8283
vn 0.1856 0.7185 0.6704
vn 0.0553 0.0116 0.9984
vn 0.0983 0.2464 0.9642
vn -0.0434 -0.5225 0.8515
vn -0.0039 -0.3068 0.9518
vn -0.1120 -0.8937 0.4344
vn -0.0886 -0.7656 0.6372
vn -0.1066 -0.9870 0.1206
vn -0.1066 -0.9870 -0.1206
vn -0.0713 -0.7674 -0.6372
vn -0.0919 -0.8960 -0.4344
vn 0.0030 -0.3069 -0.9517
vn -0.0316 -0.5234 -0.8515
vn 0.0927 0.2485 -0.9642
vn 0.0550 0.0128 -0.9984
vn 0.1693 0.7224 -0.6704
vn 0.1406 0.5423 -0.8283
vn 0.2086 0.9642 -0.1636
vn 0.1978 0.8971 -0.3951
vn 0.1978 0.8971 0.3951
vn 0.2086 0.9642 0.1636
vn 0.1406 0.5423 0.8283
vn 0.1693 0.7224 0.6704
vn 0.0550 0.0128 0.9984
vn 0.0927 0.2485 0.9642
vn -0.0316 -0.5234 0.8515
vn 0.0030 -0.3069 0.9517
vn -0.0919 -0.8960 0.4344
vn -0.0713 -0.7674 0.6372
vn -0.0844 -0.9891 0.1206
vn -0.0844 -0.9891 -0.1206
vn -0.0541 -0.7688 -0.6372
vn -0.0717 -0.8979 -0.4344
vn 0.0099 -0.3068 -0.9517
vn -0.0198 -0.5240 -0.8515
vn 0.0871 0.2505 -0.9642
vn 0.0547 0.0139 -0.9984
vn 0.1531 0.7260 -0.6704
vn 0.1283 0.5453 -0.8283
vn 0.1868 0.9687 -0.1637
vn 0.1776 0.9013 -0.3951
vn 0.1776 0.9013 0.3951
vn 0.1868 0.9687 0.1637
vn 0.1283 0.5453 0.8283
vn 0.1531 0.7260 0.6704
vn 0.0547 0.0139 0.9984
vn 0.0871 0.2505 0.9642
vn -0.0198 -0.5240 0.8515
vn 0.0099 -0.3068 0.9517
vn -0.0717 -0.8979 0.4344
vn -0.0541 -0.7688 0.6372
vn -0.0621 -0.9908 0.1206
vn -0.0621 -0.9908 -0.1206
vn -0.0367 -0.7699 -0.6371
vn -0.0515 -0.8993 -0.4343
vn 0.0168 -0.3065 -0.9517
vn -0.0081 -0.5244 -0.8514
vn 0.0814 0.2523 -0.9642
vn 0.0544 0.0151 -0.9984
vn 0.1367 0.7292 -0.6705
vn 0.1160 0.5480 -0.8284
vn 0.1650 0.9726 -0.1637
vn 0.1573 0.9051 -0.3951
vn 0.1573 0.9051 0.3951
vn 0.1650 0.9726 0.1637
vn 0.1160 0.5480 0.8284
vn 0.1367 0.7292 0.6705
vn 0.0544 0.0151 0.9984
vn 0.0814 0.2523 0.9642
vn -0.0081 -0.5244 0.8514
vn 0.0168 -0.3065 0.9517
vn -0.0515 -0.8993 0.4343
vn -0.0367 -0.7699 0.6371
vn -0.0398 -0.9919 0.1206
vn -0.0398 -0.9919 -0.1206
vn -0.0194 -0.7705 -0.6371
vn -0.0313 -0.9002 -0.4343
vn 0.0237 -0.3061 -0.9517
vn 0.0037 -0.5245 -0.8514
vn 0.0757 0.2540 -0.9642
vn 0.0540 0.0163 -0.9984
vn 0.1202 0.7321 -0.6705
vn 0.1037 0.5505 -0.8284
vn 0.1430 0.9761 -0.1637
vn 0.1369 0.9084 -0.3952
vn 0.1369 0.9084 0.3952
vn 0.1430 0.9761 0.1637
vn 0.1037 0.5505 0.8284
vn 0.1202 0.7321 0.6705
vn 0.0540 0.0163 0.9984
vn 0.0757 0.2540 0.9642
vn 0.0037 -0.5245 0.8514
vn 0.0237 -0.3061 0.9517
vn -0.0313 -0.9002 0.4343
vn -0.0194 -0.7705 0.6371
vn -0.0175 -0.9925 0.1206
vn -0.0175 -0.9925 -0.1206
vn -0.0021 -0.7708 -0.6371
vn -0.0110 -0.9007 -0.4343
vn 0.0305 -0.3056 -0.9517
vn 0.0155 -0.5243 -0.8514
vn 0.0700 0.2556 -0.9642
vn 0.0536 0.0174 -0.9984
vn 0.1037 0.7346 -0.6705
vn 0.0912 0.5526 -0.8284
vn 0.1210 0.9791 -0.1637
vn 0.1164 0.9112 -0.3952
vn 0.1164 0.9112 0.3952
vn 0.1210 0.9791 0.1637
vn 0.0912 0.5526 0.8284
vn 0.1037 0.7346 0.6705
vn 0.0536 0.0174 0.9984
vn 0.0700 0.2556 0.9642
vn 0.0155 -0.5243 0.8514
vn 0.0305 -0.3056 0.9517
vn -0.0110 -0.9007 0.4343
vn -0.0021 -0.7708 0.6371
vn 0.0049 -0.9927 0.1206
vn 0.0049 -0.9927 -0.1206
vn 0.0153 -0.7707 -0.6371
vn 0.0093 -0.9007 -0.4343
vn 0.9129 -0.3941 -0.1062
vn 0.4347 -0.2492 0.8654
vn 0.0374 -0.3049 -0.9517
vn 0.0273 -0.5239 -0.8514
vn 0.9172 -0.2789 -0.2846
vn 0.4734 -0.7871 0.3954
vn 0.0642 0.2571 -0.9643
vn 0.0532 0.0186 -0.9984
vn 0.9243 -0.0860 -0.3718
vn 0.5167 -0.7921 -0.3251
vn 0.0872 0.7367 -0.6706
vn 0.0787 0.5545 -0.8284
vn 0.9320 0.1230 -0.3409
vn 0.5501 -0.2307 -0.8026
vn 0.0989 0.9815 -0.1637
vn 0.0958 0.9136 -0.3952
vn 0.9379 0.2819 -0.2022
vn 0.5384 0.5094 -0.6714
vn 0.0958 0.9136 0.3952
vn 0.0989 0.9815 0.1637
vn 0.9400 0.3411 -0.0000
vn 0.4627 0.8865 -0.0000
vn 0.0787 0.5545 0.8284
vn 0.0872 0.7367 0.6706
vn 0.9378 0.2821 0.2022
vn 0.4559 0.7441 0.4884
vn 0.0532 0.0186 0.9984
vn 0.0642 0.2571 0.9643
vn 0.9319 0.1233 0.3410
vn 0.4382 0.3606 0.8234
vn 0.0273 -0.5239 0.8514
vn 0.0374 -0.3049 0.9517
vn 0.9242 -0.0858 0.3721
vn 0.4151 -0.1441 0.8983
vn 0.0093 -0.9007 0.4343
vn 0.0153 -0.7707 0.6371
vn 0.9171 -0.2790 0.2848
vn 0.3940 -0.6101 0.6874
vn 0.9129 -0.3942 0.1063
vn 0.3815 -0.8880 0.2566
vn -0.1245 -0.9515 0.2812
vn -0.1245 -0.9514 -0.2815
vn -0.0693 -0.6519 -0.7551
vn 0.0237 -0.1483 -0.9887
vn 0.1249 0.3994 -0.9082
vn 0.2021 0.8173 -0.5396
vn 0.2309 0.9730 -0.0000
vn 0.2022 0.8169 0.5402
vn 0.1249 0.3985 0.9086
vn 0.0237 -0.1494 0.9885
vn -0.0692 -0.6526 0.7545
vn -0.1030 -0.9541 0.2812
vn -0.1031 -0.9540 -0.2815
vn -0.0546 -0.6533 -0.7551
vn 0.0270 -0.1477 -0.9887
vn 0.1159 0.4021 -0.9082
vn 0.1837 0.8216 -0.5396
vn 0.2090 0.9779 -0.0000
vn 0.1837 0.8213 0.5401
vn 0.1159 0.4012 0.9086
vn 0.0270 -0.1488 0.9885
vn -0.0546 -0.6540 0.7545
vn -0.0816 -0.9562 0.2812
vn -0.0816 -0.9561 -0.2815
vn -0.0399 -0.6544 -0.7551
vn 0.0304 -0.1471 -0.9887
vn 0.1068 0.4046 -0.9082
vn 0.1652 0.8255 -0.5396
vn 0.1869 0.9824 -0.0000
vn 0.1652 0.8252 0.5401
vn 0.1068 0.4037 0.9087
vn 0.0304 -0.1482 0.9885
vn -0.0398 -0.6551 0.7545
vn -0.0600 -0.9578 0.2812
vn -0.0601 -0.9577 -0.2815
vn -0.0251 -0.6551 -0.7551
vn 0.0337 -0.1464 -0.9887
vn 0.0977 0.4069 -0.9082
vn 0.1466 0.8290 -0.5396
vn 0.1648 0.9863 -0.0000
vn 0.1466 0.8287 0.5402
vn 0.0977 0.4060 0.9087
vn 0.0337 -0.1474 0.9885
vn -0.0251 -0.6558 0.7545
vn -0.0385 -0.9589 0.2812
vn -0.0385 -0.9588 -0.2816
vn -0.0104 -0.6555 -0.7551
vn 0.0370 -0.1456 -0.9887
vn 0.0885 0.4090 -0.9082
vn 0.1279 0.8321 -0.5396
vn 0.1426 0.9898 -0.0000
vn 0.1279 0.8318 0.5402
vn 0.0885 0.4081 0.9087
vn 0.0370 -0.1467 0.9885
vn -0.0104 -0.6562 0.7545
vn -0.0169 -0.9595 0.2813
vn -0.0169 -0.9594 -0.2816
vn 0.0044 -0.6556 -0.7551
vn 0.0403 -0.1447 -0.9887
vn 0.0793 0.4109 -0.9082
vn 0.1091 0.8348 -0.5397
vn 0.1202 0.9927 -0.0000
vn 0.1091 0.8345 0.5402
vn 0.0793 0.4099 0.9087
vn 0.0402 -0.1458 0.9885
vn 0.0044 -0.6562 0.7545
vn -0.0269 -0.2804 -0.9595
vn 0.0013 -0.2776 0.9607
vn -0.0150 -0.9004 0.4348
vn 0.0438 -0.1449 -0.9885
vn 0.0393 -0.2358 -0.9710
vn 0.0905 0.8367 -0.5402
vn 0.0979 0.9952 -0.0000
vn 0.0901 0.8367 0.5402
vn 0.0202 -0.2356 0.9716
vn -0.0269 -0.9097 0.4143
vn 0.0189 -0.6560 0.7545
vn 0.9994 -0.0349 -0.0000
vn -0.1781 0.9096 0.3755
vn -0.0732 0.3829 0.9209
vn -0.1787 0.9034 -0.3899
vn -0.0746 0.3680 -0.9268
vn -0.4936 0.7839 0.3767
vn -0.2039 0.3309 0.9214
vn -0.4941 0.7777 -0.3886
vn -0.2052 0.3160 -0.9263
vn -0.7423 0.5528 0.3788
vn -0.3069 0.2352 0.9222
vn -0.7428 0.5466 -0.3866
vn -0.3082 0.2202 -0.9255
vn -0.8907 0.2474 0.3813
vn -0.3684 0.1087 0.9233
vn -0.8913 0.2412 -0.3840
vn -0.3697 0.0937 -0.9244
vn -0.9188 -0.0909 0.3841
vn -0.3800 -0.0315 0.9244
vn -0.9194 -0.0971 -0.3812
vn -0.3814 -0.0464 -0.9233
vn -0.8228 -0.4166 0.3867
vn -0.3403 -0.1664 0.9255
vn -0.8233 -0.4227 -0.3787
vn -0.3416 -0.1813 -0.9222
vn -0.6156 -0.6855 0.3887
vn -0.2544 -0.2778 0.9263
vn -0.6162 -0.6917 -0.3767
vn -0.2558 -0.2927 -0.9214
vn -0.3252 -0.8615 0.3899
vn -0.1342 -0.3507 0.9268
vn -0.3258 -0.8677 -0.3755
vn -0.1355 -0.3656 -0.9209
vn 0.0091 -0.9207 0.3901
vn 0.0043 -0.3752 0.9269
vn 0.0085 -0.9269 -0.3752
vn 0.0030 -0.3901 -0.9208
vn 0.3422 -0.8551 0.3894
vn 0.1423 -0.3480 0.9266
vn 0.3417 -0.8613 -0.3760
vn 0.1410 -0.3630 -0.9211
vn 0.6292 -0.6737 0.3877
vn 0.2612 -0.2729 0.9259
vn 0.6286 -0.6799 -0.3777
vn 0.2598 -0.2878 -0.9218
vn 0.8312 -0.4008 0.3853
vn 0.3448 -0.1598 0.9250
vn 0.8306 -0.4070 -0.3800
vn 0.3435 -0.1748 -0.9227
vn 0.9210 -0.0734 0.3826
vn 0.3820 -0.0242 0.9238
vn 0.9204 -0.0796 -0.3827
vn 0.3807 -0.0391 -0.9239
vn 0.8864 0.2644 0.3799
vn 0.3677 0.1157 0.9227
vn 0.8859 0.2582 -0.3854
vn 0.3664 0.1008 -0.9250
vn 0.7322 0.5668 0.3776
vn 0.3038 0.2410 0.9217
vn 0.7317 0.5606 -0.3878
vn 0.3025 0.2260 -0.9260
vn 0.4791 0.7932 0.3759
vn 0.1990 0.3347 0.9211
vn 0.4786 0.7870 -0.3894
vn 0.1977 0.3198 -0.9266
vn 0.1614 0.9128 0.3752
vn 0.0674 0.3843 0.9208
vn 0.1608 0.9066 -0.3901
vn 0.0661 0.3693 -0.9269
vn 0.0007 0.0081 1.0000
vn -0.0000 1.0000 -0.0000
vn -0.0007 -0.0081 -1.0000
vn -0.1546 0.9125 0.3787
vn -0.0617 0.3818 0.9222
vn -0.1569 0.9088 -0.3867
vn -0.0673 0.3727 -0.9255
vn -0.4731 0.7948 0.3802
vn -0.1936 0.3330 0.9228
vn -0.4754 0.7910 -0.3851
vn -0.1992 0.3239 -0.9249
vn -0.7275 0.5699 0.3821
vn -0.2990 0.2398 0.9236
vn -0.7298 0.5662 -0.3833
vn -0.3046 0.2307 -0.9241
vn -0.8835 0.2684 0.3840
vn -0.3636 0.1149 0.9244
vn -0.8858 0.2646 -0.3813
vn -0.3692 0.1058 -0.9233
vn -0.9200 -0.0692 0.3858
vn -0.3788 -0.0249 0.9252
vn -0.9223 -0.0729 -0.3795
vn -0.3843 -0.0340 -0.9226
vn -0.8321 -0.3971 0.3872
vn -0.3424 -0.1607 0.9257
vn -0.8344 -0.4009 -0.3782
vn -0.3479 -0.1698 -0.9220
vn -0.6317 -0.6712 0.3879
vn -0.2593 -0.2742 0.9260
vn -0.6340 -0.6750 -0.3775
vn -0.2649 -0.2833 -0.9217
vn -0.3458 -0.8544 0.3879
vn -0.1409 -0.3501 0.9260
vn -0.3481 -0.8581 -0.3774
vn -0.1465 -0.3592 -0.9217
vn -0.0131 -0.9219 0.3873
vn -0.0031 -0.3781 0.9258
vn -0.0154 -0.9256 -0.3781
vn -0.0087 -0.3872 -0.9220
vn 0.3216 -0.8646 0.3860
vn 0.1355 -0.3544 0.9252
vn 0.3193 -0.8684 -0.3794
vn 0.1299 -0.3635 -0.9225
vn 0.6130 -0.6904 0.3842
vn 0.2562 -0.2822 0.9245
vn 0.6107 -0.6941 -0.3811
vn 0.2506 -0.2913 -0.9232
vn 0.8217 -0.4226 0.3823
vn 0.3427 -0.1713 0.9237
vn 0.8194 -0.4264 -0.3831
vn 0.3371 -0.1804 -0.9240
vn 0.9197 -0.0975 0.3804
vn 0.3833 -0.0366 0.9229
vn 0.9174 -0.1013 -0.3850
vn 0.3777 -0.0457 -0.9248
vn 0.8936 0.2410 0.3788
vn 0.3724 0.1036 0.9223
vn 0.8912 0.2372 -0.3866
vn 0.3668 0.0945 -0.9255
vn 0.7469 0.5472 0.3777
vn 0.3117 0.2304 0.9218
vn 0.7446 0.5434 -0.3876
vn 0.3061 0.2213 -0.9259
vn 0.4995 0.7798 0.3773
vn 0.2092 0.3268 0.9217
vn 0.4972 0.7760 -0.3880
vn 0.2036 0.3177 -0.9261
vn 0.1849 0.9073 0.3777
vn 0.0789 0.3796 0.9218
vn 0.1826 0.9035 -0.3877
vn 0.0733 0.3705 -0.9259
vn 0.0030 0.0049 1.0000
vn -0.0030 -0.0049 -1.0000
vn -0.9616 -0.1386 -0.2370
vn -0.7413 -0.1387 -0.6567
vn -0.3512 -0.1379 -0.9261
vn 0.1194 -0.1371 -0.9833
vn 0.5628 -0.1365 -0.8153
vn 0.8773 -0.1352 -0.4605
vn 0.8796 -0.1291 0.4579
vn 0.5679 -0.1266 0.8133
vn 0.1256 -0.1267 0.9840
vn -0.3466 -0.1294 0.9290
vn -0.7394 -0.1334 0.6599
vn -0.9615 -0.1368 0.2383
vn -0.9542 -0.1823 -0.2370
vn -0.7342 -0.1718 -0.6569
vn -0.3445 -0.1523 -0.9263
vn 0.1256 -0.1288 -0.9837
vn 0.5686 -0.1068 -0.8156
vn 0.8830 -0.0904 -0.4607
vn 0.8848 -0.0845 0.4582
vn 0.5732 -0.0973 0.8136
vn 0.1312 -0.1188 0.9842
vn -0.3404 -0.1441 0.9292
vn -0.7326 -0.1667 0.6600
vn -0.9542 -0.1806 0.2383
vn -0.9449 -0.2256 -0.2371
vn -0.7256 -0.2046 -0.6570
vn -0.3373 -0.1663 -0.9266
vn 0.1313 -0.1203 -0.9840
vn 0.5730 -0.0768 -0.8160
vn 0.8863 -0.0453 -0.4609
vn 0.8878 -0.0397 0.4584
vn 0.5770 -0.0677 0.8139
vn 0.1364 -0.1105 0.9845
vn -0.3335 -0.1583 0.9293
vn -0.7242 -0.1996 0.6601
vn -0.9450 -0.2239 0.2384
vn -0.9337 -0.2683 -0.2371
vn -0.7156 -0.2368 -0.6571
vn -0.3295 -0.1800 -0.9268
vn 0.1365 -0.1114 -0.9844
vn 0.5757 -0.0467 -0.8163
vn 0.8874 -0.0002 -0.4611
vn 0.8886 0.0051 0.4587
vn 0.5793 -0.0380 0.8142
vn 0.1411 -0.1020 0.9847
vn -0.3261 -0.1722 0.9295
vn -0.7144 -0.2320 0.6602
vn -0.9338 -0.2668 0.2384
vn -0.9205 -0.3105 -0.2372
vn -0.7042 -0.2685 -0.6573
vn -0.3212 -0.1932 -0.9271
vn 0.1411 -0.1023 -0.9847
vn 0.5769 -0.0165 -0.8166
vn 0.8861 0.0450 -0.4613
vn 0.8871 0.0499 0.4589
vn 0.5800 -0.0082 0.8145
vn 0.1453 -0.0932 0.9850
vn -0.3181 -0.1857 0.9297
vn -0.7032 -0.2639 0.6602
vn -0.9207 -0.3090 0.2384
vn -0.9055 -0.3519 -0.2372
vn -0.6914 -0.2996 -0.6574
vn -0.3123 -0.2060 -0.9274
vn 0.1452 -0.0930 -0.9850
vn 0.5765 0.0137 -0.8170
vn 0.8826 0.0900 -0.4615
vn 0.8833 0.0947 0.4591
vn 0.5793 0.0216 0.8149
vn 0.1489 -0.0842 0.9853
vn -0.3096 -0.1988 0.9299
vn -0.6905 -0.2951 0.6603
vn -0.9057 -0.3505 0.2385
vn -0.8886 -0.3925 -0.2373
vn -0.6772 -0.3300 -0.6576
vn -0.3030 -0.2184 -0.9276
vn 0.1487 -0.0835 -0.9854
vn 0.5746 0.0438 -0.8173
vn 0.8767 0.1348 -0.4617
vn 0.8773 0.1391 0.4594
vn 0.5769 0.0514 0.8152
vn 0.1520 -0.0750 0.9855
vn -0.3006 -0.2114 0.9300
vn -0.6766 -0.3257 0.6604
vn -0.8889 -0.3912 0.2385
vn -0.8699 -0.4323 -0.2373
vn -0.6618 -0.3597 -0.6578
vn -0.2933 -0.2302 -0.9279
vn 0.1516 -0.0738 -0.9857
vn 0.5711 0.0738 -0.8176
vn 0.8687 0.1792 -0.4619
vn 0.8690 0.1833 0.4596
vn 0.5731 0.0810 0.8155
vn 0.1546 -0.0657 0.9858
vn -0.2911 -0.2235 0.9302
vn -0.6612 -0.3556 0.6605
vn -0.8702 -0.4311 0.2385
vn -0.8495 -0.4711 -0.2374
vn -0.6451 -0.3886 -0.6579
vn -0.2831 -0.2416 -0.9282
vn 0.1539 -0.0640 -0.9860
vn 0.5660 0.1036 -0.8179
vn 0.8583 0.2232 -0.4620
vn 0.8585 0.2270 0.4598
vn 0.5677 0.1105 0.8158
vn 0.1566 -0.0562 0.9861
vn -0.2812 -0.2351 0.9304
vn -0.6447 -0.3847 0.6606
vn -0.8499 -0.4699 0.2385
vn -0.8275 -0.5089 -0.2374
vn -0.6272 -0.4166 -0.6581
vn -0.2725 -0.2525 -0.9284
vn 0.1556 -0.0541 -0.9863
vn 0.5593 0.1331 -0.8182
vn 0.8457 0.2666 -0.4622
vn 0.8458 0.2701 0.4600
vn 0.5608 0.1396 0.8161
vn 0.1580 -0.0467 0.9863
vn -0.2708 -0.2463 0.9306
vn -0.6268 -0.4129 0.6607
vn -0.8278 -0.5078 0.2386
vn -0.8038 -0.5455 -0.2375
vn -0.6081 -0.4438 -0.6583
vn -0.2616 -0.2628 -0.9287
vn 0.1567 -0.0441 -0.9867
vn 0.5512 0.1623 -0.8185
vn 0.8310 0.3093 -0.4624
vn 0.8310 0.3126 0.4602
vn 0.5524 0.1684 0.8164
vn 0.1588 -0.0370 0.9866
vn -0.2601 -0.2569 0.9308
vn -0.6078 -0.4403 0.6608
vn -0.8041 -0.5445 0.2386
vn -0.7785 -0.5810 -0.2376
vn -0.5878 -0.4700 -0.6585
vn -0.2503 -0.2727 -0.9290
vn 0.1572 -0.0341 -0.9870
vn 0.5414 0.1910 -0.8188
vn 0.8140 0.3512 -0.4626
vn 0.8139 0.3542 0.4605
vn 0.5425 0.1967 0.8167
vn 0.1590 -0.0274 0.9869
vn -0.2490 -0.2669 0.9310
vn -0.5877 -0.4666 0.6610
vn -0.7788 -0.5801 0.2386
vn -0.7517 -0.6152 -0.2376
vn -0.5666 -0.4952 -0.6586
vn -0.2388 -0.2819 -0.9293
vn 0.1570 -0.0241 -0.9873
vn 0.5302 0.2192 -0.8190
vn 0.7950 0.3923 -0.4627
vn 0.7948 0.3951 0.4607
vn 0.5311 0.2246 0.8170
vn 0.1586 -0.0177 0.9872
vn -0.2376 -0.2764 0.9312
vn -0.5665 -0.4920 0.6611
vn -0.7521 -0.6143 0.2387
vn -0.7235 -0.6481 -0.2377
vn -0.5443 -0.5193 -0.6588
vn -0.2269 -0.2906 -0.9295
vn 0.1562 -0.0142 -0.9876
vn 0.5175 0.2468 -0.8193
vn 0.7738 0.4324 -0.4629
vn 0.7736 0.4349 0.4609
vn 0.5182 0.2519 0.8173
vn 0.1576 -0.0080 0.9875
vn -0.2259 -0.2854 0.9314
vn -0.5443 -0.5163 0.6612
vn -0.7239 -0.6473 0.2387
vn -0.6940 -0.6796 -0.2378
vn -0.5211 -0.5424 -0.6590
vn -0.2149 -0.2987 -0.9298
vn 0.1548 -0.0042 -0.9879
vn 0.5034 0.2737 -0.8196
vn 0.7506 0.4713 -0.4630
vn 0.7503 0.4737 0.4611
vn 0.5039 0.2785 0.8176
vn 0.1560 0.0016 0.9878
vn -0.2140 -0.2938 0.9316
vn -0.5211 -0.5396 0.6613
vn -0.6943 -0.6789 0.2388
vn -0.6632 -0.7097 -0.2378
vn -0.4969 -0.5643 -0.6592
vn -0.2027 -0.3063 -0.9301
vn 0.1527 0.0056 -0.9883
vn 0.4877 0.2999 -0.8199
vn 0.7254 0.5092 -0.4632
vn 0.7251 0.5113 0.4613
vn 0.4882 0.3044 0.8179
vn 0.1537 0.0111 0.9880
vn -0.2019 -0.3016 0.9318
vn -0.4970 -0.5617 0.6614
vn -0.6635 -0.7090 0.2388
vn -0.6312 -0.7383 -0.2379
vn -0.4720 -0.5851 -0.6594
vn -0.1903 -0.3133 -0.9304
vn 0.1499 0.0153 -0.9886
vn 0.4707 0.3253 -0.8201
vn 0.6983 0.5457 -0.4633
vn 0.6979 0.5476 0.4615
vn 0.4711 0.3295 0.8182
vn 0.1508 0.0205 0.9883
vn -0.1896 -0.3088 0.9320
vn -0.4721 -0.5826 0.6616
vn -0.6315 -0.7377 0.2388
vn -0.5981 -0.7653 -0.2380
vn -0.4464 -0.6047 -0.6596
vn -0.1778 -0.3196 -0.9307
vn 0.1465 0.0248 -0.9889
vn 0.4523 0.3499 -0.8204
vn 0.6692 0.5809 -0.4635
vn 0.6688 0.5826 0.4617
vn 0.4526 0.3538 0.8185
vn 0.1473 0.0298 0.9886
vn -0.1773 -0.3154 0.9323
vn -0.4465 -0.6023 0.6617
vn -0.5984 -0.7648 0.2389
vn -0.5640 -0.7907 -0.2380
vn -0.4201 -0.6230 -0.6598
vn -0.1652 -0.3254 -0.9310
vn 0.1424 0.0342 -0.9892
vn 0.4325 0.3735 -0.8206
vn 0.6383 0.6146 -0.4636
vn 0.6379 0.6162 0.4619
vn 0.4327 0.3771 0.8189
vn 0.1431 0.0389 0.9889
vn -0.1648 -0.3214 0.9325
vn -0.4202 -0.6208 0.6618
vn -0.5643 -0.7902 0.2389
vn -0.5290 -0.8145 -0.2381
vn -0.3932 -0.6401 -0.6601
vn -0.1527 -0.3306 -0.9313
vn 0.1377 0.0433 -0.9895
vn 0.4114 0.3961 -0.8209
vn 0.6055 0.6467 -0.4637
vn 0.6052 0.6482 0.4621
vn 0.4115 0.3995 0.8192
vn 0.1382 0.0477 0.9893
vn -0.1524 -0.3269 0.9327
vn -0.3933 -0.6381 0.6619
vn -0.5293 -0.8141 0.2390
vn -0.4932 -0.8367 -0.2382
vn -0.3658 -0.6559 -0.6603
vn -0.1402 -0.3352 -0.9316
vn 0.1322 0.0522 -0.9899
vn 0.3889 0.4177 -0.8211
vn 0.5710 0.6773 -0.4639
vn 0.5707 0.6786 0.4623
vn 0.3890 0.4208 0.8195
vn 0.1326 0.0563 0.9896
vn -0.1399 -0.3317 0.9329
vn -0.3660 -0.6540 0.6621
vn -0.4935 -0.8363 0.2390
vn -0.4568 -0.8571 -0.2383
vn -0.3380 -0.6704 -0.6605
vn -0.1278 -0.3393 -0.9320
vn 0.1259 0.0608 -0.9902
vn 0.3652 0.4382 -0.8214
vn 0.5348 0.7062 -0.4640
vn 0.5345 0.7074 0.4626
vn 0.3652 0.4411 0.8198
vn 0.1262 0.0646 0.9899
vn -0.1277 -0.3360 0.9332
vn -0.3382 -0.6686 0.6622
vn -0.4570 -0.8567 0.2391
vn -0.4198 -0.8758 -0.2384
vn -0.3100 -0.6836 -0.6608
vn -0.1157 -0.3427 -0.9323
vn 0.1189 0.0691 -0.9905
vn 0.3401 0.4575 -0.8216
vn 0.4969 0.7333 -0.4641
vn 0.4966 0.7343 0.4628
vn 0.3400 0.4601 0.8202
vn 0.1191 0.0726 0.9902
vn -0.1156 -0.3396 0.9334
vn -0.3102 -0.6820 0.6624
vn -0.4200 -0.8755 0.2391
vn -0.3824 -0.8927 -0.2385
vn -0.2819 -0.6954 -0.6610
vn -0.1038 -0.3456 -0.9326
vn 0.1111 0.0770 -0.9908
vn 0.3137 0.4756 -0.8219
vn 0.4573 0.7585 -0.4642
vn 0.4570 0.7595 0.4630
vn 0.3136 0.4780 0.8205
vn 0.1112 0.0803 0.9905
vn -0.1038 -0.3428 0.9337
vn -0.2821 -0.6939 0.6625
vn -0.3826 -0.8924 0.2391
vn -0.3449 -0.9078 -0.2386
vn -0.2538 -0.7059 -0.6613
vn -0.0924 -0.3479 -0.9330
vn 0.1023 0.0846 -0.9911
vn 0.2858 0.4924 -0.8221
vn 0.4160 0.7819 -0.4644
vn 0.4157 0.7827 0.4632
vn 0.2857 0.4946 0.8208
vn 0.1023 0.0875 0.9909
vn -0.0925 -0.3453 0.9339
vn -0.2540 -0.7046 0.6626
vn -0.3451 -0.9076 0.2392
vn -0.3075 -0.9211 -0.2387
vn -0.2260 -0.7150 -0.6616
vn -0.0817 -0.3496 -0.9333
vn 0.0924 0.0918 -0.9915
vn 0.2565 0.5079 -0.8223
vn 0.3728 0.8033 -0.4645
vn 0.3726 0.8040 0.4634
vn 0.2563 0.5098 0.8212
vn 0.0924 0.0944 0.9912
vn -0.0818 -0.3473 0.9342
vn -0.2262 -0.7138 0.6628
vn -0.3076 -0.9209 0.2392
vn -0.2706 -0.9326 -0.2388
vn -0.1990 -0.7227 -0.6619
vn -0.0721 -0.3507 -0.9337
vn 0.0810 0.0986 -0.9918
vn 0.2253 0.5222 -0.8226
vn 0.3276 0.8227 -0.4646
vn 0.3273 0.8233 0.4637
vn 0.2251 0.5238 0.8216
vn 0.0809 0.1008 0.9916
vn -0.0722 -0.3487 0.9344
vn -0.1991 -0.7217 0.6629
vn -0.2708 -0.9324 0.2393
vn -0.2352 -0.9421 -0.2389
vn -0.1735 -0.7289 -0.6622
vn -0.0644 -0.3511 -0.9341
vn 0.0674 0.1052 -0.9922
vn 0.1915 0.5352 -0.8228
vn 0.2794 0.8402 -0.4647
vn 0.2793 0.8407 0.4640
vn 0.1913 0.5364 0.8220
vn 0.0672 0.1069 0.9920
vn -0.0645 -0.3496 0.9347
vn -0.1737 -0.7282 0.6630
vn -0.2353 -0.9420 0.2393
vn -0.2048 -0.9491 -0.2391
vn -0.1534 -0.7331 -0.6627
vn -0.0622 -0.3501 -0.9346
vn 0.0478 0.1121 -0.9926
vn 0.1514 0.5476 -0.8230
vn 0.2248 0.8564 -0.4647
vn 0.2247 0.8567 0.4643
vn 0.1512 0.5483 0.8225
vn 0.0477 0.1131 0.9924
vn -0.0623 -0.3493 0.9350
vn -0.1535 -0.7326 0.6631
vn -0.2049 -0.9491 0.2393
vn -0.1652 -0.9569 -0.2387
vn -0.1129 -0.7414 -0.6615
vn -0.0206 -0.3595 -0.9329
vn 0.0906 0.1014 -0.9907
vn 0.1954 0.5357 -0.8215
vn 0.2695 0.8439 -0.4640
vn 0.2960 0.9552 -0.0000
vn 0.2689 0.8444 0.4634
vn 0.1944 0.5369 0.8209
vn 0.0896 0.1030 0.9906
vn -0.0216 -0.3581 0.9334
vn -0.1136 -0.7407 0.6622
vn -0.1655 -0.9568 0.2390
vn -0.1450 -0.9602 -0.2387
vn -0.0973 -0.7436 -0.6615
vn -0.0131 -0.3599 -0.9329
vn 0.0885 0.1033 -0.9907
vn 0.1840 0.5397 -0.8215
vn 0.2517 0.8493 -0.4640
vn 0.2511 0.8498 0.4634
vn 0.1831 0.5409 0.8209
vn 0.0874 0.1049 0.9906
vn -0.0141 -0.3585 0.9334
vn -0.0980 -0.7429 0.6622
vn -0.1453 -0.9601 0.2390
vn -0.1248 -0.9630 -0.2387
vn -0.0817 -0.7455 -0.6615
vn -0.0055 -0.3601 -0.9329
vn 0.0863 0.1051 -0.9907
vn 0.1726 0.5434 -0.8215
vn 0.2338 0.8545 -0.4640
vn 0.2332 0.8549 0.4634
vn 0.1717 0.5446 0.8209
vn 0.0852 0.1067 0.9906
vn -0.0065 -0.3587 0.9334
vn -0.0824 -0.7448 0.6622
vn -0.1251 -0.9629 0.2390
vn 0.2273 -0.9466 0.2288
vn 0.2273 -0.9466 -0.2288
vn 0.8550 -0.5153 -0.0589
vn 0.2398 -0.6735 -0.6992
vn 0.8591 -0.4059 -0.3117
vn 0.2290 -0.9211 -0.3148
vn 0.2623 -0.1899 -0.9461
vn 0.8679 -0.1774 -0.4639
vn 0.2442 -0.6056 -0.7574
vn 0.2877 0.3491 -0.8918
vn 0.8785 0.0961 -0.4681
vn 0.2681 -0.1018 -0.9580
vn 0.3080 0.7725 -0.5553
vn 0.8874 0.3275 -0.3244
vn 0.2931 0.4293 -0.8543
vn 0.3167 0.9475 -0.0441
vn 0.8920 0.4450 -0.0794
vn 0.3112 0.8198 -0.4807
vn 0.3112 0.8198 0.4807
vn 0.8908 0.4127 0.1904
vn 0.3167 0.9475 0.0441
vn 0.2931 0.4293 0.8543
vn 0.8841 0.2403 0.4007
vn 0.3080 0.7725 0.5553
vn 0.2681 -0.1018 0.9580
vn 0.8742 -0.0191 0.4853
vn 0.2877 0.3491 0.8918
vn 0.2442 -0.6056 0.7574
vn 0.8639 -0.2841 0.4158
vn 0.2623 -0.1899 0.9461
vn 0.2290 -0.9211 0.3148
vn 0.8567 -0.4697 0.2129
vn 0.2398 -0.6735 0.6992
vn -0.1289 -0.9843 0.1205
vn -0.1289 -0.9843 -0.1205
vn -0.0883 -0.7652 -0.6377
vn -0.1121 -0.8935 -0.4348
vn -0.0034 -0.3059 -0.9521
vn -0.0436 -0.5217 -0.8520
vn 0.0988 0.2474 -0.9639
vn 0.0551 0.0128 -0.9984
vn 0.1859 0.7189 -0.6698
vn 0.1526 0.5399 -0.8278
vn 0.2303 0.9593 -0.1634
vn 0.2178 0.8926 -0.3947
vn 0.2178 0.8926 0.3947
vn 0.2303 0.9593 0.1634
vn 0.1526 0.5399 0.8278
vn 0.1859 0.7189 0.6698
vn 0.0551 0.0128 0.9984
vn 0.0988 0.2474 0.9639
vn -0.0436 -0.5217 0.8520
vn -0.0034 -0.3059 0.9521
vn -0.1121 -0.8935 0.4348
vn -0.0883 -0.7652 0.6377
vn -0.1067 -0.9870 0.1205
vn -0.1067 -0.9870 -0.1205
vn -0.0710 -0.7670 -0.6377
vn -0.0920 -0.8958 -0.4348
vn 0.0035 -0.3059 -0.9520
vn -0.0318 -0.5226 -0.8520
vn 0.0933 0.2495 -0.9639
vn 0.0548 0.0139 -0.9984
vn 0.1697 0.7229 -0.6698
vn 0.1404 0.5432 -0.8278
vn 0.2086 0.9642 -0.1635
vn 0.1977 0.8973 -0.3947
vn 0.1977 0.8973 0.3947
vn 0.2086 0.9642 0.1635
vn 0.1404 0.5432 0.8278
vn 0.1697 0.7229 0.6698
vn 0.0548 0.0139 0.9984
vn 0.0933 0.2495 0.9639
vn -0.0318 -0.5226 0.8520
vn 0.0035 -0.3059 0.9520
vn -0.0920 -0.8958 0.4348
vn -0.0710 -0.7670 0.6377
vn -0.0845 -0.9891 0.1205
vn -0.0845 -0.9891 -0.1205
vn -0.0537 -0.7684 -0.6377
vn -0.0719 -0.8977 -0.4348
vn 0.0104 -0.3058 -0.9520
vn -0.0201 -0.5232 -0.8520
vn 0.0876 0.2515 -0.9639
vn 0.0545 0.0151 -0.9984
vn 0.1534 0.7265 -0.6699
vn 0.1281 0.5462 -0.8278
vn 0.1869 0.9687 -0.1635
vn 0.1774 0.9015 -0.3947
vn 0.1774 0.9015 0.3947
vn 0.1869 0.9687 0.1635
vn 0.1281 0.5462 0.8278
vn 0.1534 0.7265 0.6699
vn 0.0545 0.0151 0.9984
vn 0.0876 0.2515 0.9639
vn -0.0201 -0.5232 0.8520
vn 0.0104 -0.3058 0.9520
vn -0.0719 -0.8977 0.4348
vn -0.0537 -0.7684 0.6377
vn -0.0622 -0.9908 0.1205
vn -0.0622 -0.9908 -0.1205
vn -0.0364 -0.7695 -0.6377
vn -0.0516 -0.8991 -0.4348
vn 0.0173 -0.3056 -0.9520
vn -0.0083 -0.5236 -0.8519
vn 0.0819 0.2533 -0.9639
vn 0.0541 0.0163 -0.9984
vn 0.1370 0.7297 -0.6699
vn 0.1157 0.5489 -0.8278
vn 0.1650 0.9726 -0.1635
vn 0.1571 0.9053 -0.3947
vn 0.1571 0.9053 0.3947
vn 0.1650 0.9726 0.1635
vn 0.1158 0.5489 0.8278
vn 0.1370 0.7297 0.6699
vn 0.0541 0.0163 0.9984
vn 0.0819 0.2533 0.9639
vn -0.0083 -0.5236 0.8519
vn 0.0173 -0.3056 0.9520
vn -0.0516 -0.8991 0.4348
vn -0.0364 -0.7695 0.6377
vn -0.0399 -0.9919 0.1205
vn -0.0399 -0.9919 -0.1205
vn -0.0191 -0.7701 -0.6377
vn -0.0314 -0.9000 -0.4347
vn 0.0241 -0.3052 -0.9520
vn 0.0034 -0.5237 -0.8519
vn 0.0762 0.2550 -0.9639
vn 0.0537 0.0174 -0.9984
vn 0.1206 0.7326 -0.6699
vn 0.1034 0.5513 -0.8279
vn 0.1431 0.9761 -0.1635
vn 0.1367 0.9086 -0.3947
vn 0.1367 0.9086 0.3947
vn 0.1431 0.9761 0.1635
vn 0.1034 0.5513 0.8279
vn 0.1206 0.7326 0.6699
vn 0.0537 0.0174 0.9984
vn 0.0762 0.2550 0.9639
vn 0.0034 -0.5237 0.8519
vn 0.0241 -0.3052 0.9520
vn -0.0314 -0.9000 0.4347
vn -0.0191 -0.7701 0.6377
vn -0.0176 -0.9926 0.1205
vn -0.0175 -0.9926 -0.1205
vn -0.0018 -0.7703 -0.6376
vn -0.0112 -0.9005 -0.4347
vn 0.0310 -0.3046 -0.9520
vn 0.0152 -0.5235 -0.8519
vn 0.0705 0.2566 -0.9639
vn 0.0533 0.0186 -0.9984
vn 0.1041 0.7351 -0.6700
vn 0.0909 0.5535 -0.8279
vn 0.1211 0.9791 -0.1635
vn 0.1162 0.9114 -0.3947
vn 0.1162 0.9114 0.3947
vn 0.1211 0.9791 0.1635
vn 0.0909 0.5535 0.8279
vn 0.1041 0.7351 0.6700
vn 0.0533 0.0186 0.9984
vn 0.0705 0.2566 0.9639
vn 0.0152 -0.5235 0.8519
vn 0.0310 -0.3046 0.9520
vn -0.0112 -0.9005 0.4347
vn -0.0018 -0.7703 0.6376
vn 0.0048 -0.9927 0.1205
vn 0.0048 -0.9927 -0.1205
vn 0.0157 -0.7702 -0.6376
vn 0.0090 -0.9005 -0.4347
vn 0.9129 -0.3942 -0.1063
vn 0.3815 -0.8880 -0.2566
vn 0.0381 -0.3039 -0.9519
vn 0.0268 -0.5231 -0.8519
vn 0.9171 -0.2789 -0.2848
vn 0.3940 -0.6101 -0.6874
vn 0.0649 0.2581 -0.9639
vn 0.0526 0.0197 -0.9984
vn 0.9242 -0.0858 -0.3721
vn 0.4151 -0.1441 -0.8983
vn 0.0877 0.7372 -0.6700
vn 0.0782 0.5553 -0.8279
vn 0.9319 0.1233 -0.3410
vn 0.4382 0.3606 -0.8234
vn 0.0990 0.9815 -0.1636
vn 0.0955 0.9138 -0.3948
vn 0.9378 0.2821 -0.2022
vn 0.4559 0.7441 -0.4884
vn 0.0955 0.9138 0.3948
vn 0.0991 0.9816 0.1635
vn 0.4647 0.8855 -0.0000
vn 0.0782 0.5553 0.8279
vn 0.0877 0.7372 0.6700
vn 0.9379 0.2819 0.2022
vn 0.5391 0.5068 0.6727
vn 0.0526 0.0197 0.9984
vn 0.0649 0.2581 0.9639
vn 0.9320 0.1230 0.3408
vn 0.5473 -0.2316 0.8043
vn 0.0268 -0.5231 0.8519
vn 0.0381 -0.3039 0.9519
vn 0.9243 -0.0859 0.3718
vn 0.5142 -0.7935 0.3255
vn 0.0090 -0.9005 0.4347
vn 0.0157 -0.7702 0.6376
vn 0.9172 -0.2789 0.2846
vn 0.4739 -0.7873 -0.3944
vn 0.9129 -0.3941 0.1063
vn 0.4144 -0.2566 -0.8732
vn -0.1245 -0.9514 0.2815
vn -0.1245 -0.9515 -0.2812
vn -0.0692 -0.6526 -0.7545
vn 0.0237 -0.1494 -0.9885
vn 0.1249 0.3985 -0.9086
vn 0.2022 0.8169 -0.5402
vn 0.2021 0.8173 0.5396
vn 0.1249 0.3994 0.9082
vn 0.0237 -0.1483 0.9887
vn -0.0693 -0.6519 0.7551
vn -0.1031 -0.9540 0.2815
vn -0.1030 -0.9541 -0.2812
vn -0.0546 -0.6540 -0.7545
vn 0.0270 -0.1488 -0.9885
vn 0.1159 0.4012 -0.9086
vn 0.1837 0.8213 -0.5401
vn 0.1837 0.8216 0.5396
vn 0.1159 0.4021 0.9082
vn 0.0270 -0.1477 0.9887
vn -0.0546 -0.6534 0.7551
vn -0.0816 -0.9561 0.2815
vn -0.0816 -0.9562 -0.2812
vn -0.0398 -0.6551 -0.7545
vn 0.0304 -0.1482 -0.9885
vn 0.1068 0.4037 -0.9087
vn 0.1652 0.8252 -0.5401
vn 0.1870 0.9824 -0.0000
vn 0.1652 0.8255 0.5396
vn 0.1068 0.4046 0.9082
vn 0.0304 -0.1471 0.9887
vn -0.0399 -0.6544 0.7551
vn -0.0601 -0.9577 0.2815
vn -0.0600 -0.9578 -0.2812
vn -0.0251 -0.6558 -0.7545
vn 0.0337 -0.1474 -0.9885
vn 0.0977 0.4060 -0.9087
vn 0.1466 0.8287 -0.5402
vn 0.1466 0.8290 0.5396
vn 0.0977 0.4069 0.9082
vn 0.0337 -0.1464 0.9887
vn -0.0251 -0.6551 0.7551
vn -0.0385 -0.9588 0.2816
vn -0.0385 -0.9589 -0.2812
vn -0.0104 -0.6562 -0.7545
vn 0.0370 -0.1467 -0.9885
vn 0.0885 0.4081 -0.9087
vn 0.1279 0.8318 -0.5402
vn 0.1279 0.8321 0.5396
vn 0.0885 0.4090 0.9082
vn 0.0370 -0.1456 0.9887
vn -0.0104 -0.6555 0.7551
vn -0.0169 -0.9594 0.2816
vn -0.0169 -0.9595 -0.2813
vn 0.0044 -0.6562 -0.7545
vn 0.0402 -0.1458 -0.9885
vn 0.0793 0.4099 -0.9087
vn 0.1091 0.8345 -0.5402
vn 0.1203 0.9927 -0.0000
vn 0.1091 0.8348 0.5397
vn 0.0793 0.4109 0.9082
vn 0.0403 -0.1447 0.9887
vn 0.0044 -0.6556 0.7551
vn 0.0048 -0.9596 0.2813
vn 0.0046 -0.9596 -0.2813
vn 0.0189 -0.6560 -0.7545
vn -0.0267 -0.9097 -0.4145
vn 0.0697 0.4116 -0.9087
vn 0.0729 0.6240 -0.7780
vn 0.0978 0.9952 -0.0000
vn 0.0830 0.6206 0.7797
vn 0.0703 0.4116 0.9087
vn 0.0438 -0.1449 0.9885
vn -0.0141 -0.9009 -0.4337
vn -0.2052 0.3159 -0.9263
vn -0.9194 -0.0971 -0.3813
vn -0.8228 -0.4166 0.3866
vn -0.8233 -0.4228 -0.3787
vn -0.6161 -0.6917 -0.3767
vn 0.3422 -0.8552 0.3894
vn 0.6286 -0.6799 -0.3776
vn 0.7317 0.5607 -0.3878
vn -0.0617 0.3817 0.9222
vn -0.2593 -0.2743 0.9260
vn -0.6340 -0.6750 -0.3774
vt 0.000000 0.000000
vt 0.076923 0.034483
vt 0.000000 0.034483
vt 0.076923 0.000000
vt 0.153846 0.034483
vt 0.153846 0.000000
vt 0.230769 0.034483
vt 0.230769 0.000000
vt 0.307692 0.034483
vt 0.307692 0.000000
vt 0.384615 0.034483
vt 0.384615 0.000000
vt 0.461538 0.034483
vt 0.538462 0.000000
vt 0.461538 0.000000
vt 0.615385 0.000000
vt 0.538462 0.034483
vt 0.692308 0.000000
vt 0.615385 0.034483
vt 0.769231 0.000000
vt 0.692308 0.034483
vt 0.846154 0.000000
vt 0.769231 0.034483
vt 0.923077 0.000000
vt 0.846154 0.034483
vt 1.000000 0.000000
vt 0.923077 0.034483
vt 0.076923 0.068966
vt 0.000000 0.068966
vt 0.153846 0.068966
vt 0.230769 0.068966
vt 0.307692 0.068966
vt 0.384615 0.068966
vt 0.461538 0.068966
vt 0.538462 0.068966
vt 0.615385 0.068966
vt 0.692308 0.068966
vt 0.769231 0.068966
vt 0.846154 0.068966
vt 1.000000 0.034483
vt 0.923077 0.068966
vt 0.076923 0.103448
vt 0.000000 0.103448
vt 0.153846 0.103448
vt 0.230769 0.103448
vt 0.307692 0.103448
vt 0.384615 0.103448
vt 0.461538 0.103448
vt 0.538462 0.103448
vt 0.615385 0.103448
vt 0.692308 0.103448
vt 0.769231 0.103448
vt 0.846154 0.103448
vt 1.000000 0.068966
vt 0.923077 0.103448
vt 0.076923 0.137931
vt 0.000000 0.137931
vt 0.153846 0.137931
vt 0.230769 0.137931
vt 0.307692 0.137931
vt 0.384615 0.137931
vt 0.461538 0.137931
vt 0.538462 0.137931
vt 0.615385 0.137931
vt 0.692308 0.137931
vt 0.769231 0.137931
vt 0.846154 0.137931
vt 1.000000 0.103448
vt 0.923077 0.137931
vt 0.076923 0.172414
vt 0.000000 0.172414
vt 0.153846 0.172414
vt 0.230769 0.172414
vt 0.307692 0.172414
vt 0.384615 0.172414
vt 0.461538 0.172414
vt 0.538462 0.172414
vt 0.615385 0.172414
vt 0.692308 0.172414
vt 0.769231 0.172414
vt 0.846154 0.172414
vt 1.000000 0.137931
vt 0.923077 0.172414
vt 0.076923 0.206897
vt 0.000000 0.206897
vt 0.153846 0.206897
vt 0.230769 0.206897
vt 0.307692 0.206897
vt 0.384615 0.206897
vt 0.461538 0.206897
vt 0.538462 0.206897
vt 0.615385 0.206897
vt 0.692308 0.206897
vt 0.769231 0.206897
vt 0.846154 0.206897
vt 1.000000 0.172414
vt 0.923077 0.206897
vt 0.076923 0.241379
vt 0.000000 0.241379
vt 0.153846 0.241379
vt 0.230769 0.241379
vt 0.307692 0.241379
vt 0.384615 0.241379
vt 0.461538 0.241379
vt 0.538462 0.241379
vt 0.615385 0.241379
vt 0.692308 0.241379
vt 0.769231 0.241379
vt 0.846154 0.241379
vt 1.000000 0.206897
vt 0.923077 0.241379
vt 0.076923 0.275862
vt 0.000000 0.275862
vt 0.153846 0.275862
vt 0.230769 0.275862
vt 0.307692 0.275862
vt 0.384615 0.275862
vt 0.461538 0.275862
vt 0.538462 0.275862
vt 0.615385 0.275862
vt 0.692308 0.275862
vt 0.769231 0.275862
vt 0.846154 0.275862
vt 1.000000 0.241379
vt 0.923077 0.275862
vt 0.076923 0.310345
vt 0.000000 0.310345
vt 0.153846 0.310345
vt 0.230769 0.310345
vt 0.307692 0.310345
vt 0.384615 0.310345
vt 0.461538 0.310345
vt 0.538462 0.310345
vt 0.615385 0.310345
vt 0.692308 0.310345
vt 0.769231 0.310345
vt 0.846154 0.310345
vt 1.000000 0.275862
vt 0.923077 0.310345
vt 0.076923 0.344828
vt 0.000000 0.344828
vt 0.153846 0.344828
vt 0.230769 0.344828
vt 0.307692 0.344828
vt 0.384615 0.344828
vt 0.461538 0.344828
vt 0.538462 0.344828
vt 0.615385 0.344828
vt 0.692308 0.344828
vt 0.769231 0.344828
vt 0.846154 0.344828
vt 1.000000 0.310345
vt 0.923077 0.344828
vt 0.076923 0.379310
vt 0.000000 0.379310
vt 0.153846 0.379310
vt 0.230769 0.379310
vt 0.307692 0.379310
vt 0.384615 0.379310
vt 0.461538 0.379310
vt 0.538462 0.379310
vt 0.615385 0.379310
vt 0.692308 0.379310
vt 0.769231 0.379310
vt 0.846154 0.379310
vt 1.000000 0.344828
vt 0.923077 0.379310
vt 0.076923 0.413793
vt 0.000000 0.413793
vt 0.153846 0.413793
vt 0.230769 0.413793
vt 0.307692 0.413793
vt 0.384615 0.413793
vt 0.461538 0.413793
vt 0.538462 0.413793
vt 0.615385 0.413793
vt 0.692308 0.413793
vt 0.769231 0.413793
vt 0.846154 0.413793
vt 1.000000 0.379310
vt 0.923077 0.413793
vt 0.076923 0.448276
vt 0.000000 0.448276
vt 0.153846 0.448276
vt 0.230769 0.448276
vt 0.307692 0.448276
vt 0.384615 0.448276
vt 0.461538 0.448276
vt 0.538462 0.448276
vt 0.615385 0.448276
vt 0.692308 0.448276
vt 0.769231 0.448276
vt 0.846154 0.448276
vt 1.000000 0.413793
vt 0.923077 0.448276
vt 0.076923 0.482759
vt 0.000000 0.482759
vt 0.153846 0.482759
vt 0.230769 0.482759
vt 0.307692 0.482759
vt 0.384615 0.482759
vt 0.461538 0.482759
vt 0.538462 0.482759
vt 0.615385 0.482759
vt 0.692308 0.482759
vt 0.769231 0.482759
vt 0.846154 0.482759
vt 1.000000 0.448276
vt 0.923077 0.482759
vt 0.076923 0.517241
vt 0.000000 0.517241
vt 0.153846 0.517241
vt 0.230769 0.517241
vt 0.307692 0.517241
vt 0.384615 0.517241
vt 0.461538 0.517241
vt 0.538462 0.517241
vt 0.615385 0.517241
vt 0.692308 0.517241
vt 0.769231 0.517241
vt 0.846154 0.517241
vt 1.000000 0.482759
vt 0.923077 0.517241
vt 0.076923 0.551724
vt 0.000000 0.551724
vt 0.153846 0.551724
vt 0.230769 0.551724
vt 0.307692 0.551724
vt 0.384615 0.551724
vt 0.461538 0.551724
vt 0.538462 0.551724
vt 0.615385 0.551724
vt 0.692308 0.551724
vt 0.769231 0.551724
vt 0.846154 0.551724
vt 1.000000 0.517241
vt 0.923077 0.551724
vt 0.076923 0.586207
vt 0.000000 0.586207
vt 0.153846 0.586207
vt 0.230769 0.586207
vt 0.307692 0.586207
vt 0.384615 0.586207
vt 0.461538 0.586207
vt 0.538462 0.586207
vt 0.615385 0.586207
vt 0.692308 0.586207
vt 0.769231 0.586207
vt 0.846154 0.586207
vt 1.000000 0.551724
vt 0.923077 0.586207
vt 0.076923 0.620690
vt 0.000000 0.620690
vt 0.153846 0.620690
vt 0.230769 0.620690
vt 0.307692 0.620690
vt 0.384615 0.620690
vt 0.461538 0.620690
vt 0.538462 0.620690
vt 0.615385 0.620690
vt 0.692308 0.620690
vt 0.769231 0.620690
vt 0.846154 0.620690
vt 1.000000 0.586207
vt 0.923077 0.620690
vt 0.076923 0.655172
vt 0.000000 0.655172
vt 0.153846 0.655172
vt 0.230769 0.655172
vt 0.307692 0.655172
vt 0.384615 0.655172
vt 0.461538 0.655172
vt 0.538462 0.655172
vt 0.615385 0.655172
vt 0.692308 0.655172
vt 0.769231 0.655172
vt 0.846154 0.655172
vt 1.000000 0.620690
vt 0.923077 0.655172
vt 0.076923 0.689655
vt 0.000000 0.689655
vt 0.153846 0.689655
vt 0.230769 0.689655
vt 0.307692 0.689655
vt 0.384615 0.689655
vt 0.461538 0.689655
vt 0.538462 0.689655
vt 0.615385 0.689655
vt 0.692308 0.689655
vt 0.769231 0.689655
vt 0.846154 0.689655
vt 1.000000 0.655172
vt 0.923077 0.689655
vt 0.076923 0.724138
vt 0.000000 0.724138
vt 0.153846 0.724138
vt 0.230769 0.724138
vt 0.307692 0.724138
vt 0.384615 0.724138
vt 0.461538 0.724138
vt 0.538462 0.724138
vt 0.615385 0.724138
vt 0.692308 0.724138
vt 0.769231 0.724138
vt 0.846154 0.724138
vt 1.000000 0.689655
vt 0.923077 0.724138
vt 0.076923 0.758621
vt 0.000000 0.758621
vt 0.153846 0.758621
vt 0.230769 0.758621
vt 0.307692 0.758621
vt 0.384615 0.758621
vt 0.461538 0.758621
vt 0.538462 0.758621
vt 0.615385 0.758621
vt 0.692308 0.758621
vt 0.769231 0.758621
vt 0.846154 0.758621
vt 1.000000 0.724138
vt 0.923077 0.758621
vt 0.076923 0.793103
vt 0.000000 0.793103
vt 0.153846 0.793103
vt 0.230769 0.793103
vt 0.307692 0.793103
vt 0.384615 0.793103
vt 0.461538 0.793103
vt 0.538462 0.793103
vt 0.615385 0.793103
vt 0.692308 0.793103
vt 0.769231 0.793103
vt 0.846154 0.793103
vt 1.000000 0.758621
vt 0.923077 0.793103
vt 0.076923 0.827586
vt 0.000000 0.827586
vt 0.153846 0.827586
vt 0.230769 0.827586
vt 0.307692 0.827586
vt 0.384615 0.827586
vt 0.461538 0.827586
vt 0.538462 0.827586
vt 0.615385 0.827586
vt 0.692308 0.827586
vt 0.769231 0.827586
vt 0.846154 0.827586
vt 1.000000 0.793103
vt 0.923077 0.827586
vt 0.076923 0.862069
vt 0.000000 0.862069
vt 0.153846 0.862069
vt 0.230769 0.862069
vt 0.307692 0.862069
vt 0.384615 0.862069
vt 0.461538 0.862069
vt 0.538462 0.862069
vt 0.615385 0.862069
vt 0.692308 0.862069
vt 0.769231 0.862069
vt 0.846154 0.862069
vt 1.000000 0.827586
vt 0.923077 0.862069
vt 0.076923 0.896552
vt 0.000000 0.896552
vt 0.153846 0.896552
vt 0.230769 0.896552
vt 0.307692 0.896552
vt 0.384615 0.896552
vt 0.461538 0.896552
vt 0.538462 0.896552
vt 0.615385 0.896552
vt 0.692308 0.896552
vt 0.769231 0.896552
vt 0.846154 0.896552
vt 1.000000 0.862069
vt 0.923077 0.896552
vt 0.076923 0.931035
vt 0.000000 0.931035
vt 0.153846 0.931035
vt 0.230769 0.931035
vt 0.307692 0.931035
vt 0.384615 0.931035
vt 0.461538 0.931035
vt 0.538462 0.931035
vt 0.615385 0.931035
vt 0.692308 0.931035
vt 0.769231 0.931035
vt 0.846154 0.931035
vt 1.000000 0.896552
vt 0.923077 0.931035
vt 0.076923 0.965517
vt 0.000000 0.965517
vt 0.153846 0.965517
vt 0.230769 0.965517
vt 0.307692 0.965517
vt 0.384615 0.965517
vt 0.461538 0.965517
vt 0.538462 0.965517
vt 0.615385 0.965517
vt 0.692308 0.965517
vt 0.769231 0.965517
vt 0.846154 0.965517
vt 1.000000 0.931035
vt 0.923077 0.965517
vt 0.076923 1.000000
vt 0.000000 1.000000
vt 0.153846 1.000000
vt 0.230769 1.000000
vt 0.307692 1.000000
vt 0.384615 1.000000
vt 0.461538 1.000000
vt 0.538462 1.000000
vt 0.615385 1.000000
vt 0.692308 1.000000
vt 0.769231 1.000000
vt 0.846154 1.000000
vt 1.000000 0.965517
vt 0.923077 1.000000
vt 0.076923 0.333333
vt 0.000000 0.333333
vt 0.153846 0.333333
vt 0.230769 0.333333
vt 0.307692 0.333333
vt 0.384615 0.333333
vt 0.461538 0.333333
vt 0.538462 0.333333
vt 0.615385 0.333333
vt 0.692308 0.333333
vt 0.769231 0.333333
vt 0.846154 0.333333
vt 0.923077 0.333333
vt 0.076923 0.666667
vt 0.000000 0.666667
vt 0.153846 0.666667
vt 0.230769 0.666667
vt 0.307692 0.666667
vt 0.384615 0.666667
vt 0.461538 0.666667
vt 0.538462 0.666667
vt 0.615385 0.666667
vt 0.692308 0.666667
vt 0.769231 0.666667
vt 0.846154 0.666667
vt 1.000000 0.333333
vt 0.923077 0.666667
vt 1.000000 0.666667
vt 1.000000 0.946101
vt 0.970435 1.000000
vt 0.954555 0.945357
vt 0.029565 1.000000
vt 0.000000 0.946101
vt 0.045445 0.945357
vt 0.851063 0.500000
vt 0.996772 0.489007
vt 0.974186 0.587913
vt 0.120586 1.000000
vt 0.090909 0.945868
vt 0.136334 0.944863
vt 0.795334 0.689799
vt 0.923734 0.759737
vt 0.851119 0.830550
vt 0.061480 1.000000
vt 0.045445 0.945357
vt 0.211547 1.000000
vt 0.181818 0.945236
vt 0.227226 0.944012
vt 0.645837 0.819338
vt 0.715773 0.947828
vt 0.616514 0.967928
vt 0.152505 1.000000
vt 0.136342 0.944863
vt 0.302431 1.000000
vt 0.272727 0.944382
vt 0.318126 0.943059
vt 0.450039 0.847490
vt 0.439230 0.993417
vt 0.345108 0.956670
vt 0.243475 1.000000
vt 0.227252 0.944012
vt 0.393245 1.000000
vt 0.363636 0.943574
vt 0.409037 0.942310
vt 0.270102 0.765316
vt 0.182167 0.882258
vt 0.122960 0.800681
vt 0.334371 1.000000
vt 0.318175 0.943058
vt 0.484023 1.000000
vt 0.454545 0.943082
vt 0.499961 0.942026
vt 0.163157 0.598906
vt 0.026106 0.649973
vt 0.020254 0.549515
vt 0.425196 1.000000
vt 0.409107 0.942309
vt 0.574804 1.000000
vt 0.545455 0.943082
vt 0.590893 0.942309
vt 0.163157 0.401094
vt 0.020254 0.370363
vt 0.069427 0.282618
vt 0.515977 1.000000
vt 0.500039 0.942026
vt 0.665629 1.000000
vt 0.636364 0.943574
vt 0.681825 0.943058
vt 0.270102 0.234684
vt 0.166278 0.131915
vt 0.255070 0.084448
vt 0.606755 1.000000
vt 0.590963 0.942310
vt 0.756525 1.000000
vt 0.727273 0.944382
vt 0.772748 0.944012
vt 0.450039 0.152510
vt 0.417999 0.010042
vt 0.518574 0.017991
vt 0.697569 1.000000
vt 0.681874 0.943059
vt 0.847495 1.000000
vt 0.818182 0.945235
vt 0.863658 0.944863
vt 0.645837 0.180662
vt 0.695842 0.043478
vt 0.776361 0.104673
vt 0.788453 1.000000
vt 0.772774 0.944012
vt 0.938520 1.000000
vt 0.909091 0.945868
vt 0.954555 0.945357
vt 0.795334 0.310201
vt 0.911697 0.221942
vt 0.946321 0.317187
vt 0.879414 1.000000
vt 0.863666 0.944863
vt 0.963583 0.000000
vt 1.000000 0.143133
vt 0.962457 0.142857
vt 0.000000 0.143133
vt 0.036417 0.000000
vt 0.037543 0.142857
vt 0.127342 0.000000
vt 0.090909 0.143128
vt 0.090909 0.000541
vt 0.054510 -0.000000
vt 0.218260 0.000000
vt 0.181818 0.143114
vt 0.181818 0.000514
vt 0.145433 0.000000
vt 0.309167 -0.000000
vt 0.272727 0.143096
vt 0.272727 0.000477
vt 0.236349 0.000000
vt 0.400064 0.000000
vt 0.363636 0.143078
vt 0.363636 0.000442
vt 0.327256 -0.000000
vt 0.490954 0.000000
vt 0.454545 0.143067
vt 0.454545 0.000421
vt 0.418155 0.000000
vt 0.581845 0.000000
vt 0.545455 0.143067
vt 0.545455 0.000421
vt 0.509046 0.000000
vt 0.672744 -0.000000
vt 0.636364 0.143078
vt 0.636364 0.000442
vt 0.599936 0.000000
vt 0.763651 0.000000
vt 0.727273 0.143096
vt 0.727273 0.000477
vt 0.690833 -0.000000
vt 0.854567 0.000000
vt 0.818182 0.143114
vt 0.818182 0.000514
vt 0.781740 0.000000
vt 0.945490 -0.000000
vt 0.909091 0.143128
vt 0.909091 0.000541
vt 0.872658 0.000000
vt 1.000000 0.285991
vt 0.961258 0.285714
vt 0.000000 0.285991
vt 0.038742 0.285714
vt 0.128463 0.142857
vt 0.090909 0.285986
vt 0.053378 0.142857
vt 0.219379 0.142858
vt 0.181818 0.285972
vt 0.144296 0.142857
vt 0.310287 0.142857
vt 0.272727 0.285953
vt 0.235210 0.142857
vt 0.401187 0.142857
vt 0.363636 0.285935
vt 0.326118 0.142857
vt 0.492083 0.142857
vt 0.454545 0.285924
vt 0.417020 0.142857
vt 0.582980 0.142857
vt 0.545455 0.285924
vt 0.507917 0.142857
vt 0.673882 0.142857
vt 0.636364 0.285935
vt 0.598813 0.142857
vt 0.764790 0.142857
vt 0.727273 0.285953
vt 0.689713 0.142857
vt 0.855704 0.142857
vt 0.818182 0.285972
vt 0.780621 0.142858
vt 0.946622 0.142857
vt 0.909091 0.285986
vt 0.871537 0.142857
vt 1.000000 0.428849
vt 0.959980 0.428571
vt 0.000000 0.428849
vt 0.040020 0.428571
vt 0.129658 0.285714
vt 0.090909 0.428843
vt 0.052175 0.285714
vt 0.220571 0.285714
vt 0.181818 0.428829
vt 0.143088 0.285715
vt 0.311479 0.285715
vt 0.272727 0.428810
vt 0.234000 0.285714
vt 0.402383 0.285714
vt 0.363636 0.428792
vt 0.324908 0.285714
vt 0.493284 0.285714
vt 0.454545 0.428780
vt 0.415814 0.285714
vt 0.584187 0.285714
vt 0.545455 0.428780
vt 0.506716 0.285714
vt 0.675092 0.285714
vt 0.636364 0.428792
vt 0.597617 0.285714
vt 0.766000 0.285714
vt 0.727273 0.428810
vt 0.688521 0.285715
vt 0.856912 0.285715
vt 0.818182 0.428829
vt 0.779429 0.285714
vt 0.947825 0.285714
vt 0.909091 0.428843
vt 0.870342 0.285714
vt 1.000000 0.571706
vt 0.958614 0.571428
vt 0.000000 0.571706
vt 0.041386 0.571428
vt 0.130932 0.428571
vt 0.090909 0.571701
vt 0.050892 0.428571
vt 0.221844 0.428571
vt 0.181818 0.571687
vt 0.141801 0.428571
vt 0.312752 0.428572
vt 0.272727 0.571667
vt 0.232710 0.428571
vt 0.403659 0.428571
vt 0.363636 0.571648
vt 0.323619 0.428572
vt 0.494565 0.428571
vt 0.454546 0.571637
vt 0.414528 0.428571
vt 0.585472 0.428571
vt 0.545455 0.571637
vt 0.505435 0.428571
vt 0.676381 0.428572
vt 0.636364 0.571648
vt 0.596341 0.428571
vt 0.767290 0.428571
vt 0.727273 0.571667
vt 0.687248 0.428572
vt 0.858199 0.428571
vt 0.818182 0.571687
vt 0.778156 0.428571
vt 0.949109 0.428571
vt 0.909091 0.571701
vt 0.869068 0.428571
vt 1.000000 0.714564
vt 0.957152 0.714286
vt 0.000000 0.714564
vt 0.042848 0.714286
vt 0.132294 0.571429
vt 0.090909 0.714559
vt 0.049521 0.571429
vt 0.223203 0.571429
vt 0.181818 0.714544
vt 0.140427 0.571429
vt 0.314112 0.571429
vt 0.272727 0.714524
vt 0.231333 0.571429
vt 0.405022 0.571429
vt 0.363636 0.714505
vt 0.322243 0.571429
vt 0.495933 0.571429
vt 0.454545 0.714494
vt 0.413155 0.571429
vt 0.586845 0.571429
vt 0.545455 0.714494
vt 0.504067 0.571429
vt 0.677757 0.571429
vt 0.636364 0.714505
vt 0.594978 0.571429
vt 0.768667 0.571429
vt 0.727273 0.714524
vt 0.685888 0.571429
vt 0.859573 0.571429
vt 0.818182 0.714544
vt 0.776797 0.571429
vt 0.950479 0.571429
vt 0.909091 0.714559
vt 0.867706 0.571429
vt 1.000000 0.857356
vt 0.955583 0.857143
vt 0.000000 0.857356
vt 0.044417 0.857143
vt 0.133752 0.714286
vt 0.090909 0.857351
vt 0.048053 0.714286
vt 0.224658 0.714286
vt 0.181818 0.857339
vt 0.138954 0.714286
vt 0.315568 0.714286
vt 0.272727 0.857323
vt 0.229858 0.714286
vt 0.406481 0.714286
vt 0.363636 0.857307
vt 0.320768 0.714286
vt 0.497398 0.714286
vt 0.454545 0.857298
vt 0.411684 0.714286
vt 0.588316 0.714286
vt 0.545455 0.857298
vt 0.502602 0.714286
vt 0.679232 0.714286
vt 0.636364 0.857307
vt 0.593519 0.714286
vt 0.770142 0.714286
vt 0.727273 0.857323
vt 0.684432 0.714286
vt 0.861046 0.714286
vt 0.818182 0.857339
vt 0.775342 0.714286
vt 0.951947 0.714286
vt 0.909091 0.857351
vt 0.866248 0.714286
vt 0.135316 0.857143
vt 0.046477 0.857143
vt 0.946321 0.682813
vt 0.226220 0.857143
vt 0.137373 0.857143
vt 0.776361 0.895327
vt 0.317130 0.857143
vt 0.228274 0.857143
vt 0.518574 0.982009
vt 0.408048 0.857143
vt 0.319185 0.857143
vt 0.255070 0.915551
vt 0.498970 0.857143
vt 0.410105 0.857143
vt 0.069428 0.717383
vt 0.589895 0.857143
vt 0.501030 0.857143
vt 0.020254 0.450485
vt 0.680815 0.857143
vt 0.591952 0.857143
vt 0.122960 0.199319
vt 0.771726 0.857143
vt 0.682870 0.857143
vt 0.345108 0.043330
vt 0.862628 0.857143
vt 0.773780 0.857143
vt 0.616514 0.032072
vt 0.953523 0.857143
vt 0.864684 0.857143
vt 0.851119 0.169450
vt 0.974186 0.412087
vt 1.000000 1.000000
vt 1.000000 0.977666
vt 0.003697 1.000000
vt 0.092816 0.988802
vt 0.183754 0.988707
vt 0.274652 0.988573
vt 0.365515 0.988444
vt 0.456358 0.988363
vt 0.547201 0.988357
vt 0.638065 0.988429
vt 0.728964 0.988553
vt 0.819902 0.988688
vt 0.910870 0.988791
vt 1.000000 0.000551
vt 0.000000 0.000551
s 0
usemtl bone
f 1/1/1 15/2/1 14/3/1
f 2/4/2 16/5/2 15/2/2
f 3/6/3 17/7/3 16/5/3
f 4/8/4 18/9/4 17/7/4
f 5/10/5 19/11/5 18/9/5
f 6/12/6 20/13/6 19/11/6
f 8/14/7 20/13/7 7/15/7
f 9/16/8 21/17/8 8/14/8
f 10/18/9 22/19/9 9/16/9
f 11/20/10 23/21/10 10/18/10
f 12/22/11 24/23/11 11/20/11
f 13/24/12 25/25/12 12/22/12
f 1/26/13 26/27/13 13/24/13
f 14/3/14 28/28/14 27/29/14
f 15/2/15 29/30/15 28/28/15
f 16/5/16 30/31/16 29/30/16
f 17/7/17 31/32/17 30/31/17
f 18/9/18 32/33/18 31/32/18
f 19/11/19 33/34/19 32/33/19
f 21/17/20 33/34/20 20/13/20
f 22/19/21 34/35/21 21/17/21
f 23/21/22 35/36/22 22/19/22
f 24/23/23 36/37/23 23/21/23
f 25/25/24 37/38/24 24/23/24
f 26/27/25 38/39/25 25/25/25
f 14/40/26 39/41/26 26/27/26
f 27/29/27 41/42/27 40/43/27
f 28/28/28 42/44/28 41/42/28
f 29/30/29 43/45/29 42/44/29
f 30/31/30 44/46/30 43/45/30
f 31/32/31 45/47/31 44/46/31
f 32/33/32 46/48/32 45/47/32
f 34/35/33 46/48/33 33/34/33
f 35/36/34 47/49/34 34/35/34
f 36/37/35 48/50/35 35/36/35
f 37/38/36 49/51/36 36/37/36
f 38/39/37 50/52/37 37/38/37
f 39/41/38 51/53/38 38/39/38
f 27/54/39 52/55/39 39/41/39
f 40/43/40 54/56/40 53/57/40
f 41/42/41 55/58/41 54/56/41
f 42/44/42 56/59/42 55/58/42
f 43/45/43 57/60/43 56/59/43
f 44/46/44 58/61/44 57/60/44
f 45/47/45 59/62/45 58/61/45
f 47/49/46 59/62/46 46/48/46
f 48/50/47 60/63/47 47/49/47
f 49/51/48 61/64/48 48/50/48
f 50/52/49 62/65/49 49/51/49
f 51/53/50 63/66/50 50/52/50
f 52/55/51 64/67/51 51/53/51
f 40/68/52 65/69/52 52/55/52
f 53/57/53 67/70/53 66/71/53
f 54/56/54 68/72/54 67/70/54
f 55/58/55 69/73/55 68/72/55
f 56/59/56 70/74/56 69/73/56
f 57/60/57 71/75/57 70/74/57
f 58/61/58 72/76/58 71/75/58
f 60/63/59 72/76/59 59/62/59
f 61/64/60 73/77/60 60/63/60
f 62/65/61 74/78/61 61/64/61
f 63/66/62 75/79/62 62/65/62
f 64/67/63 76/80/63 63/66/63
f 65/69/64 77/81/64 64/67/64
f 53/82/65 78/83/65 65/69/65
f 66/71/66 80/84/66 79/85/66
f 67/70/67 81/86/67 80/84/67
f 68/72/68 82/87/68 81/86/68
f 69/73/69 83/88/69 82/87/69
f 70/74/70 84/89/70 83/88/70
f 71/75/71 85/90/71 84/89/71
f 73/77/72 85/90/72 72/76/72
f 74/78/73 86/91/73 73/77/73
f 75/79/74 87/92/74 74/78/74
f 76/80/75 88/93/75 75/79/75
f 77/81/76 89/94/76 76/80/76
f 78/83/77 90/95/77 77/81/77
f 66/96/78 91/97/78 78/83/78
f 79/85/79 93/98/79 92/99/79
f 80/84/80 94/100/80 93/98/80
f 81/86/81 95/101/81 94/100/81
f 82/87/82 96/102/82 95/101/82
f 83/88/83 97/103/83 96/102/83
f 84/89/84 98/104/84 97/103/84
f 86/91/85 98/104/85 85/90/85
f 87/92/86 99/105/86 86/91/86
f 88/93/87 100/106/87 87/92/87
f 89/94/88 101/107/88 88/93/88
f 90/95/89 102/108/89 89/94/89
f 91/97/90 103/109/90 90/95/90
f 79/110/91 104/111/91 91/97/91
f 92/99/92 106/112/92 105/113/92
f 93/98/93 107/114/93 106/112/93
f 94/100/94 108/115/94 107/114/94
f 95/101/95 109/116/95 108/115/95
f 96/102/96 110/117/96 109/116/96
f 97/103/97 111/118/97 110/117/97
f 99/105/98 111/118/98 98/104/98
f 100/106/99 112/119/99 99/105/99
f 101/107/100 113/120/100 100/106/100
f 102/108/101 114/121/101 101/107/101
f 103/109/102 115/122/102 102/108/102
f 104/111/103 116/123/103 103/109/103
f 92/124/104 117/125/104 104/111/104
f 105/113/105 119/126/105 118/127/105
f 106/112/106 120/128/106 119/126/106
f 107/114/107 121/129/107 120/128/107
f 108/115/108 122/130/108 121/129/108
f 109/116/109 123/131/109 122/130/109
f 110/117/110 124/132/110 123/131/110
f 112/119/111 124/132/111 111/118/111
f 113/120/112 125/133/112 112/119/112
f 114/121/113 126/134/113 113/120/113
f 115/122/114 127/135/114 114/121/114
f 116/123/115 128/136/115 115/122/115
f 117/125/116 129/137/116 116/123/116
f 105/138/117 130/139/117 117/125/117
f 118/127/118 132/140/118 131/141/118
f 119/126/119 133/142/119 132/140/119
f 120/128/120 134/143/120 133/142/120
f 121/129/121 135/144/121 134/143/121
f 122/130/122 136/145/122 135/144/122
f 123/131/123 137/146/123 136/145/123
f 125/133/124 137/146/124 124/132/124
f 126/134/125 138/147/125 125/133/125
f 127/135/126 139/148/126 126/134/126
f 128/136/127 140/149/127 127/135/127
f 129/137/128 141/150/128 128/136/128
f 130/139/129 142/151/129 129/137/129
f 118/152/130 143/153/130 130/139/130
f 131/141/131 145/154/131 144/155/131
f 132/140/132 146/156/132 145/154/132
f 133/142/133 147/157/133 146/156/133
f 134/143/134 148/158/134 147/157/134
f 135/144/135 149/159/135 148/158/135
f 136/145/136 150/160/136 149/159/136
f 138/147/137 150/160/137 137/146/137
f 139/148/138 151/161/138 138/147/138
f 140/149/139 152/162/139 139/148/139
f 141/150/140 153/163/140 140/149/140
f 142/151/141 154/164/141 141/150/141
f 143/153/142 155/165/142 142/151/142
f 131/166/143 156/167/143 143/153/143
f 144/155/144 158/168/144 157/169/144
f 145/154/145 159/170/145 158/168/145
f 146/156/146 160/171/146 159/170/146
f 147/157/147 161/172/147 160/171/147
f 148/158/148 162/173/148 161/172/148
f 149/159/149 163/174/149 162/173/149
f 151/161/150 163/174/150 150/160/150
f 152/162/151 164/175/151 151/161/151
f 153/163/152 165/176/152 152/162/152
f 154/164/153 166/177/153 153/163/153
f 155/165/154 167/178/154 154/164/154
f 156/167/155 168/179/155 155/165/155
f 144/180/156 169/181/156 156/167/156
f 157/169/157 171/182/157 170/183/157
f 158/168/158 172/184/158 171/182/158
f 159/170/159 173/185/159 172/184/159
f 160/171/160 174/186/160 173/185/160
f 161/172/161 175/187/161 174/186/161
f 162/173/162 176/188/162 175/187/162
f 164/175/163 176/188/163 163/174/163
f 165/176/164 177/189/164 164/175/164
f 166/177/165 178/190/165 165/176/165
f 167/178/166 179/191/166 166/177/166
f 168/179/167 180/192/167 167/178/167
f 169/181/168 181/193/168 168/179/168
f 157/194/169 182/195/169 169/181/169
f 170/183/170 184/196/170 183/197/170
f 171/182/171 185/198/171 184/196/171
f 172/184/172 186/199/172 185/198/172
f 173/185/173 187/200/173 186/199/173
f 174/186/174 188/201/174 187/200/174
f 175/187/175 189/202/175 188/201/175
f 177/189/176 189/202/176 176/188/176
f 178/190/177 190/203/177 177/189/177
f 179/191/178 191/204/178 178/190/178
f 180/192/179 192/205/179 179/191/179
f 181/193/180 193/206/180 180/192/180
f 182/195/181 194/207/181 181/193/181
f 170/208/182 195/209/182 182/195/182
f 183/197/183 197/210/183 196/211/183
f 184/196/184 198/212/184 197/210/184
f 185/198/185 199/213/185 198/212/185
f 186/199/186 200/214/186 199/213/186
f 187/200/187 201/215/187 200/214/187
f 188/201/188 202/216/188 201/215/188
f 190/203/189 202/216/189 189/202/189
f 191/204/190 203/217/190 190/203/190
f 192/205/191 204/218/191 191/204/191
f 193/206/192 205/219/192 192/205/192
f 194/207/193 206/220/193 193/206/193
f 195/209/194 207/221/194 194/207/194
f 183/222/195 208/223/195 195/209/195
f 196/211/196 210/224/196 209/225/196
f 197/210/197 211/226/197 210/224/197
f 198/212/198 212/227/198 211/226/198
f 199/213/199 213/228/199 212/227/199
f 200/214/200 214/229/200 213/228/200
f 201/215/201 215/230/201 214/229/201
f 203/217/202 215/230/202 202/216/202
f 204/218/203 216/231/203 203/217/203
f 205/219/204 217/232/204 204/218/204
f 206/220/205 218/233/205 205/219/205
f 207/221/206 219/234/206 206/220/206
f 208/223/207 220/235/207 207/221/207
f 196/236/208 221/237/208 208/223/208
f 209/225/209 223/238/209 222/239/209
f 210/224/210 224/240/210 223/238/210
f 211/226/211 225/241/211 224/240/211
f 212/227/212 226/242/212 225/241/212
f 213/228/213 227/243/213 226/242/213
f 214/229/214 228/244/214 227/243/214
f 216/231/215 228/244/215 215/230/215
f 217/232/216 229/245/216 216/231/216
f 218/233/217 230/246/217 217/232/217
f 219/234/218 231/247/218 218/233/218
f 220/235/219 232/248/219 219/234/219
f 221/237/220 233/249/220 220/235/220
f 209/250/221 234/251/221 221/237/221
f 222/239/222 236/252/222 235/253/222
f 223/238/223 237/254/223 236/252/223
f 224/240/224 238/255/224 237/254/224
f 225/241/225 239/256/225 238/255/225
f 226/242/226 240/257/226 239/256/226
f 227/243/227 241/258/227 240/257/227
f 229/245/228 241/258/228 228/244/228
f 230/246/229 242/259/229 229/245/229
f 231/247/230 243/260/230 230/246/230
f 232/248/231 244/261/231 231/247/231
f 233/249/232 245/262/232 232/248/232
f 234/251/233 246/263/233 233/249/233
f 222/264/234 247/265/234 234/251/234
f 235/253/235 249/266/235 248/267/235
f 236/252/236 250/268/236 249/266/236
f 237/254/237 251/269/237 250/268/237
f 238/255/238 252/270/238 251/269/238
f 239/256/239 253/271/239 252/270/239
f 240/257/240 254/272/240 253/271/240
f 242/259/241 254/272/241 241/258/241
f 243/260/242 255/273/242 242/259/242
f 244/261/243 256/274/243 243/260/243
f 245/262/244 257/275/244 244/261/244
f 246/263/245 258/276/245 245/262/245
f 247/265/246 259/277/246 246/263/246
f 235/278/247 260/279/247 247/265/247
f 248/267/248 262/280/248 261/281/248
f 249/266/249 263/282/249 262/280/249
f 250/268/250 264/283/250 263/282/250
f 251/269/251 265/284/251 264/283/251
f 252/270/252 266/285/252 265/284/252
f 253/271/253 267/286/253 266/285/253
f 255/273/254 267/286/254 254/272/254
f 256/274/255 268/287/255 255/273/255
f 257/275/256 269/288/256 256/274/256
f 258/276/257 270/289/257 257/275/257
f 259/277/258 271/290/258 258/276/258
f 260/279/259 272/291/259 259/277/259
f 248/292/260 273/293/260 260/279/260
f 261/281/261 275/294/261 274/295/261
f 262/280/262 276/296/262 275/294/262
f 263/282/263 277/297/263 276/296/263
f 264/283/264 278/298/264 277/297/264
f 265/284/265 279/299/265 278/298/265
f 266/285/266 280/300/266 279/299/266
f 268/287/267 280/300/267 267/286/267
f 269/288/268 281/301/268 268/287/268
f 270/289/269 282/302/269 269/288/269
f 271/290/270 283/303/270 270/289/270
f 272/291/271 284/304/271 271/290/271
f 273/293/272 285/305/272 272/291/272
f 261/306/273 286/307/273 273/293/273
f 274/295/274 288/308/274 287/309/274
f 275/294/275 289/310/275 288/308/275
f 276/296/276 290/311/276 289/310/276
f 277/297/277 291/312/277 290/311/277
f 278/298/278 292/313/278 291/312/278
f 279/299/279 293/314/279 292/313/279
f 281/301/280 293/314/280 280/300/280
f 282/302/281 294/315/281 281/301/281
f 283/303/282 295/316/282 282/302/282
f 284/304/283 296/317/283 283/303/283
f 285/305/284 297/318/284 284/304/284
f 286/307/285 298/319/285 285/305/285
f 274/320/286 299/321/286 286/307/286
f 287/309/287 301/322/287 300/323/287
f 288/308/288 302/324/288 301/322/288
f 289/310/289 303/325/289 302/324/289
f 290/311/290 304/326/290 303/325/290
f 291/312/291 305/327/291 304/326/291
f 292/313/292 306/328/292 305/327/292
f 294/315/293 306/328/293 293/314/293
f 295/316/294 307/329/294 294/315/294
f 296/317/295 308/330/295 295/316/295
f 297/318/296 309/331/296 296/317/296
f 298/319/297 310/332/297 297/318/297
f 299/321/298 311/333/298 298/319/298
f 287/334/299 312/335/299 299/321/299
f 300/323/300 314/336/300 313/337/300
f 301/322/301 315/338/301 314/336/301
f 302/324/302 316/339/302 315/338/302
f 303/325/303 317/340/303 316/339/303
f 304/326/304 318/341/304 317/340/304
f 305/327/305 319/342/305 318/341/305
f 307/329/306 319/342/306 306/328/306
f 308/330/307 320/343/307 307/329/307
f 309/331/308 321/344/308 308/330/308
f 310/332/309 322/345/309 309/331/309
f 311/333/310 323/346/310 310/332/310
f 312/335/311 324/347/311 311/333/311
f 300/348/312 325/349/312 312/335/312
f 313/337/313 327/350/313 326/351/313
f 314/336/314 328/352/314 327/350/314
f 315/338/315 329/353/315 328/352/315
f 316/339/316 330/354/316 329/353/316
f 317/340/317 331/355/317 330/354/317
f 318/341/318 332/356/318 331/355/318
f 320/343/319 332/356/319 319/342/319
f 321/344/320 333/357/320 320/343/320
f 322/345/321 334/358/321 321/344/321
f 323/346/322 335/359/322 322/345/322
f 324/347/323 336/360/323 323/346/323
f 325/349/324 337/361/324 324/347/324
f 313/362/325 338/363/325 325/349/325
f 326/351/326 340/364/326 339/365/326
f 327/350/327 341/366/327 340/364/327
f 328/352/328 342/367/328 341/366/328
f 329/353/329 343/368/329 342/367/329
f 330/354/330 344/369/330 343/368/330
f 331/355/331 345/370/331 344/369/331
f 333/357/332 345/370/332 332/356/332
f 334/358/333 346/371/333 333/357/333
f 335/359/334 347/372/334 334/358/334
f 336/360/335 348/373/335 335/359/335
f 337/361/336 349/374/336 336/360/336
f 338/363/337 350/375/337 337/361/337
f 326/376/338 351/377/338 338/363/338
f 339/365/339 353/378/339 352/379/339
f 340/364/340 354/380/340 353/378/340
f 341/366/341 355/381/341 354/380/341
f 342/367/342 356/382/342 355/381/342
f 343/368/343 357/383/343 356/382/343
f 344/369/344 358/384/344 357/383/344
f 346/371/345 358/384/345 345/370/345
f 347/372/346 359/385/346 346/371/346
f 348/373/347 360/386/347 347/372/347
f 349/374/348 361/387/348 348/373/348
f 350/375/349 362/388/349 349/374/349
f 351/377/350 363/389/350 350/375/350
f 339/390/351 364/391/351 351/377/351
f 352/379/352 366/392/352 365/393/352
f 353/378/353 367/394/353 366/392/353
f 354/380/354 368/395/354 367/394/354
f 355/381/355 369/396/355 368/395/355
f 356/382/356 370/397/356 369/396/356
f 357/383/357 371/398/357 370/397/357
f 359/385/358 371/398/358 358/384/358
f 360/386/359 372/399/359 359/385/359
f 361/387/360 373/400/360 360/386/360
f 362/388/361 374/401/361 361/387/361
f 363/389/362 375/402/362 362/388/362
f 364/391/363 376/403/363 363/389/363
f 352/404/364 377/405/364 364/391/364
f 365/393/365 379/406/365 378/407/365
f 366/392/366 380/408/366 379/406/366
f 367/394/367 381/409/367 380/408/367
f 368/395/368 382/410/368 381/409/368
f 369/396/369 383/411/369 382/410/369
f 370/397/370 384/412/370 383/411/370
f 372/399/371 384/412/371 371/398/371
f 373/400/372 385/413/372 372/399/372
f 374/401/373 386/414/373 373/400/373
f 375/402/374 387/415/374 374/401/374
f 376/403/375 388/416/375 375/402/375
f 377/405/376 389/417/376 376/403/376
f 365/418/377 390/419/377 377/405/377
f 860/1/775 855/1/775 854/1/775
f 861/1/776 853/1/776 855/1/776
f 857/1/777 864/1/777 863/1/777
f 864/1/778 856/1/778 862/1/778
f 860/1/779 867/1/779 861/1/779
f 867/1/780 859/1/780 861/1/780
f 863/1/781 870/1/781 869/1/781
f 864/1/782 868/1/782 870/1/782
f 866/1/783 873/1/783 867/1/783
f 867/1/784 871/1/784 865/1/784
f 869/1/785 876/1/785 875/1/785
f 870/1/786 874/1/786 876/1/786
f 872/1/787 879/1/787 873/1/787
f 879/1/788 871/1/788 873/1/788
f 875/1/789 882/1/789 881/1/789
f 882/1/790 874/1/790 880/1/790
f 884/1/791 879/1/791 878/1/791
f 879/1/792 883/1/792 877/1/792
f 881/1/793 888/1/793 887/1/793
f 882/1/794 886/1/794 888/1/794
f 890/1/795 885/1/795 884/1/795
f 885/1/796 889/1/796 883/1/796
f 887/1/797 894/1/797 893/1/797
f 894/1/798 886/1/798 892/1/798
f 890/1/799 897/1/799 891/1/799
f 891/1/800 895/1/800 889/1/800
f 899/1/801 894/1/801 900/1/801
f 894/1/802 898/1/802 900/1/802
f 902/1/803 897/1/803 896/1/803
f 897/1/804 901/1/804 895/1/804
f 905/1/805 900/1/805 906/1/805
f 900/1/806 904/1/806 906/1/806
f 902/1/807 909/1/807 903/1/807
f 909/1/808 901/1/808 903/1/808
f 905/1/809 912/1/809 911/1/809
f 912/1/810 904/1/810 910/1/810
f 908/1/811 915/1/811 909/1/811
f 915/1/812 907/1/812 909/1/812
f 911/1/813 918/1/813 917/1/813
f 912/1/814 916/1/814 918/1/814
f 920/1/815 915/1/815 914/1/815
f 915/1/816 919/1/816 913/1/816
f 917/1/817 924/1/817 923/1/817
f 924/1/818 916/1/818 922/1/818
f 920/1/819 927/1/819 921/1/819
f 927/1/820 919/1/820 921/1/820
f 923/1/821 930/1/821 929/1/821
f 924/1/822 928/1/822 930/1/822
f 932/1/823 927/1/823 926/1/823
f 927/1/824 931/1/824 925/1/824
f 929/1/825 936/1/825 935/1/825
f 936/1/826 928/1/826 934/1/826
f 932/1/827 939/1/827 933/1/827
f 933/1/828 937/1/828 931/1/828
f 935/1/829 942/1/829 941/1/829
f 942/1/830 934/1/830 940/1/830
f 944/1/831 939/1/831 938/1/831
f 939/1/832 943/1/832 937/1/832
f 947/1/833 942/1/833 948/1/833
f 948/1/834 940/1/834 946/1/834
f 950/1/835 945/1/835 944/1/835
f 951/1/836 943/1/836 945/1/836
f 947/1/837 954/1/837 953/1/837
f 954/1/838 946/1/838 952/1/838
f 950/1/839 855/1/839 951/1/839
f 855/1/840 949/1/840 951/1/840
f 857/1/841 954/1/841 858/1/841
f 954/1/842 856/1/842 858/1/842
f 859/1/843 907/1/843 931/1/843
f 854/1/773 863/1/773 860/1/773
f 950/1/773 857/1/773 854/1/773
f 856/1/844 910/1/844 886/1/844
f 860/1/773 869/1/773 866/1/773
f 866/1/773 875/1/773 872/1/773
f 872/1/773 881/1/773 878/1/773
f 878/1/773 887/1/773 884/1/773
f 884/1/773 893/1/773 890/1/773
f 890/1/773 899/1/773 896/1/773
f 896/1/773 905/1/773 902/1/773
f 902/1/773 911/1/773 908/1/773
f 908/1/773 917/1/773 914/1/773
f 914/1/773 923/1/773 920/1/773
f 920/1/773 929/1/773 926/1/773
f 926/1/773 935/1/773 932/1/773
f 932/1/773 941/1/773 938/1/773
f 938/1/773 947/1/773 944/1/773
f 944/1/773 953/1/773 950/1/773
f 1/1/845 2/4/845 15/2/845
f 2/4/846 3/6/846 16/5/846
f 3/6/847 4/8/847 17/7/847
f 4/8/848 5/10/848 18/9/848
f 5/10/849 6/12/849 19/11/849
f 6/12/850 7/15/850 20/13/850
f 8/14/7 21/17/7 20/13/7
f 9/16/851 22/19/851 21/17/851
f 10/18/852 23/21/852 22/19/852
f 11/20/853 24/23/853 23/21/853
f 12/22/854 25/25/854 24/23/854
f 13/24/855 26/27/855 25/25/855
f 1/26/856 14/40/856 26/27/856
f 14/3/857 15/2/857 28/28/857
f 15/2/858 16/5/858 29/30/858
f 16/5/859 17/7/859 30/31/859
f 17/7/860 18/9/860 31/32/860
f 18/9/861 19/11/861 32/33/861
f 19/11/862 20/13/862 33/34/862
f 21/17/20 34/35/20 33/34/20
f 22/19/863 35/36/863 34/35/863
f 23/21/864 36/37/864 35/36/864
f 24/23/865 37/38/865 36/37/865
f 25/25/866 38/39/866 37/38/866
f 26/27/867 39/41/867 38/39/867
f 14/40/868 27/54/868 39/41/868
f 27/29/869 28/28/869 41/42/869
f 28/28/870 29/30/870 42/44/870
f 29/30/871 30/31/871 43/45/871
f 30/31/872 31/32/872 44/46/872
f 31/32/873 32/33/873 45/47/873
f 32/33/874 33/34/874 46/48/874
f 34/35/33 47/49/33 46/48/33
f 35/36/875 48/50/875 47/49/875
f 36/37/876 49/51/876 48/50/876
f 37/38/877 50/52/877 49/51/877
f 38/39/878 51/53/878 50/52/878
f 39/41/879 52/55/879 51/53/879
f 27/54/880 40/68/880 52/55/880
f 40/43/881 41/42/881 54/56/881
f 41/42/882 42/44/882 55/58/882
f 42/44/883 43/45/883 56/59/883
f 43/45/884 44/46/884 57/60/884
f 44/46/885 45/47/885 58/61/885
f 45/47/886 46/48/886 59/62/886
f 47/49/46 60/63/46 59/62/46
f 48/50/887 61/64/887 60/63/887
f 49/51/888 62/65/888 61/64/888
f 50/52/889 63/66/889 62/65/889
f 51/53/890 64/67/890 63/66/890
f 52/55/891 65/69/891 64/67/891
f 40/68/892 53/82/892 65/69/892
f 53/57/893 54/56/893 67/70/893
f 54/56/894 55/58/894 68/72/894
f 55/58/895 56/59/895 69/73/895
f 56/59/896 57/60/896 70/74/896
f 57/60/897 58/61/897 71/75/897
f 58/61/898 59/62/898 72/76/898
f 60/63/59 73/77/59 72/76/59
f 61/64/899 74/78/899 73/77/899
f 62/65/900 75/79/900 74/78/900
f 63/66/901 76/80/901 75/79/901
f 64/67/902 77/81/902 76/80/902
f 65/69/903 78/83/903 77/81/903
f 53/82/904 66/96/904 78/83/904
f 66/71/905 67/70/905 80/84/905
f 67/70/906 68/72/906 81/86/906
f 68/72/907 69/73/907 82/87/907
f 69/73/908 70/74/908 83/88/908
f 70/74/909 71/75/909 84/89/909
f 71/75/910 72/76/910 85/90/910
f 73/77/72 86/91/72 85/90/72
f 74/78/911 87/92/911 86/91/911
f 75/79/912 88/93/912 87/92/912
f 76/80/913 89/94/913 88/93/913
f 77/81/914 90/95/914 89/94/914
f 78/83/915 91/97/915 90/95/915
f 66/96/916 79/110/916 91/97/916
f 79/85/917 80/84/917 93/98/917
f 80/84/918 81/86/918 94/100/918
f 81/86/919 82/87/919 95/101/919
f 82/87/920 83/88/920 96/102/920
f 83/88/921 84/89/921 97/103/921
f 84/89/922 85/90/922 98/104/922
f 86/91/85 99/105/85 98/104/85
f 87/92/923 100/106/923 99/105/923
f 88/93/924 101/107/924 100/106/924
f 89/94/925 102/108/925 101/107/925
f 90/95/926 103/109/926 102/108/926
f 91/97/927 104/111/927 103/109/927
f 79/110/928 92/124/928 104/111/928
f 92/99/929 93/98/929 106/112/929
f 93/98/930 94/100/930 107/114/930
f 94/100/931 95/101/931 108/115/931
f 95/101/932 96/102/932 109/116/932
f 96/102/933 97/103/933 110/117/933
f 97/103/934 98/104/934 111/118/934
f 99/105/98 112/119/98 111/118/98
f 100/106/935 113/120/935 112/119/935
f 101/107/936 114/121/936 113/120/936
f 102/108/937 115/122/937 114/121/937
f 103/109/938 116/123/938 115/122/938
f 104/111/939 117/125/939 116/123/939
f 92/124/940 105/138/940 117/125/940
f 105/113/941 106/112/941 119/126/941
f 106/112/942 107/114/942 120/128/942
f 107/114/943 108/115/943 121/129/943
f 108/115/944 109/116/944 122/130/944
f 109/116/945 110/117/945 123/131/945
f 110/117/946 111/118/946 124/132/946
f 112/119/111 125/133/111 124/132/111
f 113/120/947 126/134/947 125/133/947
f 114/121/948 127/135/948 126/134/948
f 115/122/949 128/136/949 127/135/949
f 116/123/950 129/137/950 128/136/950
f 117/125/951 130/139/951 129/137/951
f 105/138/952 118/152/952 130/139/952
f 118/127/953 119/126/953 132/140/953
f 119/126/954 120/128/954 133/142/954
f 120/128/955 121/129/955 134/143/955
f 121/129/956 122/130/956 135/144/956
f 122/130/957 123/131/957 136/145/957
f 123/131/958 124/132/958 137/146/958
f 125/133/124 138/147/124 137/146/124
f 126/134/959 139/148/959 138/147/959
f 127/135/960 140/149/960 139/148/960
f 128/136/961 141/150/961 140/149/961
f 129/137/962 142/151/962 141/150/962
f 130/139/963 143/153/963 142/151/963
f 118/152/964 131/166/964 143/153/964
f 131/141/965 132/140/965 145/154/965
f 132/140/966 133/142/966 146/156/966
f 133/142/967 134/143/967 147/157/967
f 134/143/968 135/144/968 148/158/968
f 135/144/969 136/145/969 149/159/969
f 136/145/970 137/146/970 150/160/970
f 138/147/137 151/161/137 150/160/137
f 139/148/971 152/162/971 151/161/971
f 140/149/972 153/163/972 152/162/972
f 141/150/973 154/164/973 153/163/973
f 142/151/974 155/165/974 154/164/974
f 143/153/975 156/167/975 155/165/975
f 131/166/976 144/180/976 156/167/976
f 144/155/977 145/154/977 158/168/977
f 145/154/978 146/156/978 159/170/978
f 146/156/979 147/157/979 160/171/979
f 147/157/980 148/158/980 161/172/980
f 148/158/981 149/159/981 162/173/981
f 149/159/982 150/160/982 163/174/982
f 151/161/150 164/175/150 163/174/150
f 152/162/983 165/176/983 164/175/983
f 153/163/984 166/177/984 165/176/984
f 154/164/985 167/178/985 166/177/985
f 155/165/986 168/179/986 167/178/986
f 156/167/987 169/181/987 168/179/987
f 144/180/988 157/194/988 169/181/988
f 157/169/989 158/168/989 171/182/989
f 158/168/990 159/170/990 172/184/990
f 159/170/991 160/171/991 173/185/991
f 160/171/992 161/172/992 174/186/992
f 161/172/993 162/173/993 175/187/993
f 162/173/994 163/174/994 176/188/994
f 164/175/163 177/189/163 176/188/163
f 165/176/995 178/190/995 177/189/995
f 166/177/996 179/191/996 178/190/996
f 167/178/997 180/192/997 179/191/997
f 168/179/998 181/193/998 180/192/998
f 169/181/999 182/195/999 181/193/999
f 157/194/1000 170/208/1000 182/195/1000
f 170/183/1001 171/182/1001 184/196/1001
f 171/182/1002 172/184/1002 185/198/1002
f 172/184/1003 173/185/1003 186/199/1003
f 173/185/1004 174/186/1004 187/200/1004
f 174/186/1005 175/187/1005 188/201/1005
f 175/187/1006 176/188/1006 189/202/1006
f 177/189/176 190/203/176 189/202/176
f 178/190/1007 191/204/1007 190/203/1007
f 179/191/1008 192/205/1008 191/204/1008
f 180/192/1009 193/206/1009 192/205/1009
f 181/193/1010 194/207/1010 193/206/1010
f 182/195/1011 195/209/1011 194/207/1011
f 170/208/1012 183/222/1012 195/209/1012
f 183/197/1013 184/196/1013 197/210/1013
f 184/196/1014 185/198/1014 198/212/1014
f 185/198/1015 186/199/1015 199/213/1015
f 186/199/1016 187/200/1016 200/214/1016
f 187/200/1017 188/201/1017 201/215/1017
f 188/201/1018 189/202/1018 202/216/1018
f 190/203/189 203/217/189 202/216/189
f 191/204/1019 204/218/1019 203/217/1019
f 192/205/1020 205/219/1020 204/218/1020
f 193/206/1021 206/220/1021 205/219/1021
f 194/207/1022 207/221/1022 206/220/1022
f 195/209/1023 208/223/1023 207/221/1023
f 183/222/1024 196/236/1024 208/223/1024
f 196/211/1025 197/210/1025 210/224/1025
f 197/210/1026 198/212/1026 211/226/1026
f 198/212/1027 199/213/1027 212/227/1027
f 199/213/1028 200/214/1028 213/228/1028
f 200/214/1029 201/215/1029 214/229/1029
f 201/215/1030 202/216/1030 215/230/1030
f 203/217/202 216/231/202 215/230/202
f 204/218/1031 217/232/1031 216/231/1031
f 205/219/1032 218/233/1032 217/232/1032
f 206/220/1033 219/234/1033 218/233/1033
f 207/221/1034 220/235/1034 219/234/1034
f 208/223/1035 221/237/1035 220/235/1035
f 196/236/1036 209/250/1036 221/237/1036
f 209/225/1037 210/224/1037 223/238/1037
f 210/224/1038 211/226/1038 224/240/1038
f 211/226/1039 212/227/1039 225/241/1039
f 212/227/1040 213/228/1040 226/242/1040
f 213/228/1041 214/229/1041 227/243/1041
f 214/229/1042 215/230/1042 228/244/1042
f 216/231/215 229/245/215 228/244/215
f 217/232/1043 230/246/1043 229/245/1043
f 218/233/1044 231/247/1044 230/246/1044
f 219/234/1045 232/248/1045 231/247/1045
f 220/235/1046 233/249/1046 232/248/1046
f 221/237/1047 234/251/1047 233/249/1047
f 209/250/1048 222/264/1048 234/251/1048
f 222/239/1049 223/238/1049 236/252/1049
f 223/238/1050 224/240/1050 237/254/1050
f 224/240/1051 225/241/1051 238/255/1051
f 225/241/1052 226/242/1052 239/256/1052
f 226/242/1053 227/243/1053 240/257/1053
f 227/243/1054 228/244/1054 241/258/1054
f 229/245/228 242/259/228 241/258/228
f 230/246/1055 243/260/1055 242/259/1055
f 231/247/1056 244/261/1056 243/260/1056
f 232/248/1057 245/262/1057 244/261/1057
f 233/249/1058 246/263/1058 245/262/1058
f 234/251/1059 247/265/1059 246/263/1059
f 222/264/1060 235/278/1060 247/265/1060
f 235/253/1061 236/252/1061 249/266/1061
f 236/252/1062 237/254/1062 250/268/1062
f 237/254/1063 238/255/1063 251/269/1063
f 238/255/1064 239/256/1064 252/270/1064
f 239/256/1065 240/257/1065 253/271/1065
f 240/257/1066 241/258/1066 254/272/1066
f 242/259/241 255/273/241 254/272/241
f 243/260/1067 256/274/1067 255/273/1067
f 244/261/1068 257/275/1068 256/274/1068
f 245/262/1069 258/276/1069 257/275/1069
f 246/263/1070 259/277/1070 258/276/1070
f 247/265/1071 260/279/1071 259/277/1071
f 235/278/1072 248/292/1072 260/279/1072
f 248/267/1073 249/266/1073 262/280/1073
f 249/266/1074 250/268/1074 263/282/1074
f 250/268/1075 251/269/1075 264/283/1075
f 251/269/1076 252/270/1076 265/284/1076
f 252/270/1077 253/271/1077 266/285/1077
f 253/271/1078 254/272/1078 267/286/1078
f 255/273/254 268/287/254 267/286/254
f 256/274/1079 269/288/1079 268/287/1079
f 257/275/1080 270/289/1080 269/288/1080
f 258/276/1081 271/290/1081 270/289/1081
f 259/277/1082 272/291/1082 271/290/1082
f 260/279/1083 273/293/1083 272/291/1083
f 248/292/1084 261/306/1084 273/293/1084
f 261/281/1085 262/280/1085 275/294/1085
f 262/280/1086 263/282/1086 276/296/1086
f 263/282/1087 264/283/1087 277/297/1087
f 264/283/1088 265/284/1088 278/298/1088
f 265/284/1089 266/285/1089 279/299/1089
f 266/285/1090 267/286/1090 280/300/1090
f 268/287/267 281/301/267 280/300/267
f 269/288/1091 282/302/1091 281/301/1091
f 270/289/1092 283/303/1092 282/302/1092
f 271/290/1093 284/304/1093 283/303/1093
f 272/291/1094 285/305/1094 284/304/1094
f 273/293/1095 286/307/1095 285/305/1095
f 261/306/1096 274/320/1096 286/307/1096
f 274/295/1097 275/294/1097 288/308/1097
f 275/294/1098 276/296/1098 289/310/1098
f 276/296/1099 277/297/1099 290/311/1099
f 277/297/1100 278/298/1100 291/312/1100
f 278/298/1101 279/299/1101 292/313/1101
f 279/299/1102 280/300/1102 293/314/1102
f 281/301/280 294/315/280 293/314/280
f 282/302/1103 295/316/1103 294/315/1103
f 283/303/1104 296/317/1104 295/316/1104
f 284/304/1105 297/318/1105 296/317/1105
f 285/305/1106 298/319/1106 297/318/1106
f 286/307/1107 299/321/1107 298/319/1107
f 274/320/1108 287/334/1108 299/321/1108
f 287/309/1109 288/308/1109 301/322/1109
f 288/308/1110 289/310/1110 302/324/1110
f 289/310/1111 290/311/1111 303/325/1111
f 290/311/1112 291/312/1112 304/326/1112
f 291/312/1113 292/313/1113 305/327/1113
f 292/313/1114 293/314/1114 306/328/1114
f 294/315/293 307/329/293 306/328/293
f 295/316/1115 308/330/1115 307/329/1115
f 296/317/1116 309/331/1116 308/330/1116
f 297/318/1117 310/332/1117 309/331/1117
f 298/319/1118 311/333/1118 310/332/1118
f 299/321/1119 312/335/1119 311/333/1119
f 287/334/1120 300/348/1120 312/335/1120
f 300/323/1121 301/322/1121 314/336/1121
f 301/322/1122 302/324/1122 315/338/1122
f 302/324/1123 303/325/1123 316/339/1123
f 303/325/1124 304/326/1124 317/340/1124
f 304/326/1125 305/327/1125 318/341/1125
f 305/327/1126 306/328/1126 319/342/1126
f 307/329/306 320/343/306 319/342/306
f 308/330/1127 321/344/1127 320/343/1127
f 309/331/1128 322/345/1128 321/344/1128
f 310/332/1129 323/346/1129 322/345/1129
f 311/333/1130 324/347/1130 323/346/1130
f 312/335/1131 325/349/1131 324/347/1131
f 300/348/1132 313/362/1132 325/349/1132
f 313/337/1133 314/336/1133 327/350/1133
f 314/336/1134 315/338/1134 328/352/1134
f 315/338/1135 316/339/1135 329/353/1135
f 316/339/1136 317/340/1136 330/354/1136
f 317/340/1137 318/341/1137 331/355/1137
f 318/341/1138 319/342/1138 332/356/1138
f 320/343/319 333/357/319 332/356/319
f 321/344/1139 334/358/1139 333/357/1139
f 322/345/1140 335/359/1140 334/358/1140
f 323/346/1141 336/360/1141 335/359/1141
f 324/347/1142 337/361/1142 336/360/1142
f 325/349/1143 338/363/1143 337/361/1143
f 313/362/1144 326/376/1144 338/363/1144
f 326/351/1145 327/350/1145 340/364/1145
f 327/350/1146 328/352/1146 341/366/1146
f 328/352/1147 329/353/1147 342/367/1147
f 329/353/1148 330/354/1148 343/368/1148
f 330/354/1149 331/355/1149 344/369/1149
f 331/355/1150 332/356/1150 345/370/1150
f 333/357/332 346/371/332 345/370/332
f 334/358/1151 347/372/1151 346/371/1151
f 335/359/1152 348/373/1152 347/372/1152
f 336/360/1153 349/374/1153 348/373/1153
f 337/361/1154 350/375/1154 349/374/1154
f 338/363/1155 351/377/1155 350/375/1155
f 326/376/1156 339/390/1156 351/377/1156
f 339/365/1157 340/364/1157 353/378/1157
f 340/364/1158 341/366/1158 354/380/1158
f 341/366/1159 342/367/1159 355/381/1159
f 342/367/1160 343/368/1160 356/382/1160
f 343/368/1161 344/369/1161 357/383/1161
f 344/369/1162 345/370/1162 358/384/1162
f 346/371/345 359/385/345 358/384/345
f 347/372/1163 360/386/1163 359/385/1163
f 348/373/1164 361/387/1164 360/386/1164
f 349/374/1165 362/388/1165 361/387/1165
f 350/375/1166 363/389/1166 362/388/1166
f 351/377/1167 364/391/1167 363/389/1167
f 339/390/1168 352/404/1168 364/391/1168
f 352/379/1169 353/378/1169 366/392/1169
f 353/378/1170 354/380/1170 367/394/1170
f 354/380/1171 355/381/1171 368/395/1171
f 355/381/1172 356/382/1172 369/396/1172
f 356/382/1173 357/383/1173 370/397/1173
f 357/383/1174 358/384/1174 371/398/1174
f 359/385/358 372/399/358 371/398/358
f 360/386/1175 373/400/1175 372/399/1175
f 361/387/1176 374/401/1176 373/400/1176
f 362/388/1177 375/402/1177 374/401/1177
f 363/389/1178 376/403/1178 375/402/1178
f 364/391/1179 377/405/1179 376/403/1179
f 352/404/1180 365/418/1180 377/405/1180
f 365/393/1181 366/392/1181 379/406/1181
f 366/392/1182 367/394/1182 380/408/1182
f 367/394/1183 368/395/1183 381/409/1183
f 368/395/1184 369/396/1184 382/410/1184
f 369/396/1185 370/397/1185 383/411/1185
f 370/397/1186 371/398/1186 384/412/1186
f 372/399/371 385/413/371 384/412/371
f 373/400/1187 386/414/1187 385/413/1187
f 374/401/1188 387/415/1188 386/414/1188
f 375/402/1189 388/416/1189 387/415/1189
f 376/403/1190 389/417/1190 388/416/1190
f 377/405/1191 390/419/1191 389/417/1191
f 365/418/1192 378/784/1192 390/419/1192
f 860/1/775 861/1/775 855/1/775
f 861/1/1519 859/1/1519 853/1/1519
f 857/1/777 858/1/777 864/1/777
f 864/1/778 858/1/778 856/1/778
f 860/1/779 866/1/779 867/1/779
f 867/1/780 865/1/780 859/1/780
f 863/1/781 864/1/781 870/1/781
f 864/1/782 862/1/782 868/1/782
f 866/1/783 872/1/783 873/1/783
f 867/1/784 873/1/784 871/1/784
f 869/1/785 870/1/785 876/1/785
f 870/1/786 868/1/786 874/1/786
f 872/1/787 878/1/787 879/1/787
f 879/1/788 877/1/788 871/1/788
f 875/1/789 876/1/789 882/1/789
f 882/1/790 876/1/790 874/1/790
f 884/1/791 885/1/791 879/1/791
f 879/1/792 885/1/792 883/1/792
f 881/1/793 882/1/793 888/1/793
f 882/1/794 880/1/794 886/1/794
f 890/1/795 891/1/795 885/1/795
f 885/1/796 891/1/796 889/1/796
f 887/1/797 888/1/797 894/1/797
f 894/1/798 888/1/798 886/1/798
f 890/1/799 896/1/799 897/1/799
f 891/1/1520 897/1/1520 895/1/1520
f 899/1/1521 893/1/1521 894/1/1521
f 894/1/802 892/1/802 898/1/802
f 902/1/803 903/1/803 897/1/803
f 897/1/804 903/1/804 901/1/804
f 905/1/805 899/1/805 900/1/805
f 900/1/806 898/1/806 904/1/806
f 902/1/807 908/1/807 909/1/807
f 909/1/808 907/1/808 901/1/808
f 905/1/809 906/1/809 912/1/809
f 912/1/810 906/1/810 904/1/810
f 908/1/811 914/1/811 915/1/811
f 915/1/812 913/1/812 907/1/812
f 911/1/813 912/1/813 918/1/813
f 912/1/814 910/1/814 916/1/814
f 920/1/815 921/1/815 915/1/815
f 915/1/816 921/1/816 919/1/816
f 917/1/817 918/1/817 924/1/817
f 924/1/818 918/1/818 916/1/818
f 920/1/819 926/1/819 927/1/819
f 927/1/820 925/1/820 919/1/820
f 923/1/821 924/1/821 930/1/821
f 924/1/822 922/1/822 928/1/822
f 932/1/823 933/1/823 927/1/823
f 927/1/824 933/1/824 931/1/824
f 929/1/825 930/1/825 936/1/825
f 936/1/826 930/1/826 928/1/826
f 932/1/827 938/1/827 939/1/827
f 933/1/828 939/1/828 937/1/828
f 935/1/829 936/1/829 942/1/829
f 942/1/830 936/1/830 934/1/830
f 944/1/831 945/1/831 939/1/831
f 939/1/832 945/1/832 943/1/832
f 947/1/833 941/1/833 942/1/833
f 948/1/834 942/1/834 940/1/834
f 950/1/835 951/1/835 945/1/835
f 951/1/836 949/1/836 943/1/836
f 947/1/837 948/1/837 954/1/837
f 954/1/838 948/1/838 946/1/838
f 950/1/839 854/1/839 855/1/839
f 855/1/840 853/1/840 949/1/840
f 857/1/841 953/1/841 954/1/841
f 954/1/842 952/1/842 856/1/842
f 949/1/843 853/1/843 859/1/843
f 859/1/843 865/1/843 871/1/843
f 871/1/843 877/1/843 883/1/843
f 883/1/843 889/1/843 895/1/843
f 895/1/843 901/1/843 907/1/843
f 907/1/843 913/1/843 919/1/843
f 919/1/843 925/1/843 931/1/843
f 931/1/843 937/1/843 943/1/843
f 943/1/843 949/1/843 859/1/843
f 859/1/843 871/1/843 883/1/843
f 883/1/843 895/1/843 907/1/843
f 907/1/843 919/1/843 931/1/843
f 931/1/843 943/1/843 859/1/843
f 859/1/843 883/1/843 907/1/843
f 854/1/773 857/1/773 863/1/773
f 950/1/773 953/1/773 857/1/773
f 868/1/844 862/1/844 856/1/844
f 856/1/844 952/1/844 946/1/844
f 946/1/844 940/1/844 934/1/844
f 934/1/844 928/1/844 922/1/844
f 922/1/844 916/1/844 910/1/844
f 910/1/844 904/1/844 898/1/844
f 898/1/844 892/1/844 886/1/844
f 886/1/844 880/1/844 874/1/844
f 874/1/844 868/1/844 856/1/844
f 856/1/844 946/1/844 934/1/844
f 934/1/844 922/1/844 910/1/844
f 910/1/844 898/1/844 886/1/844
f 886/1/844 874/1/844 856/1/844
f 856/1/844 934/1/844 910/1/844
f 860/1/773 863/1/773 869/1/773
f 866/1/773 869/1/773 875/1/773
f 872/1/773 875/1/773 881/1/773
f 878/1/773 881/1/773 887/1/773
f 884/1/773 887/1/773 893/1/773
f 890/1/773 893/1/773 899/1/773
f 896/1/773 899/1/773 905/1/773
f 902/1/773 905/1/773 911/1/773
f 908/1/773 911/1/773 917/1/773
f 914/1/773 917/1/773 923/1/773
f 920/1/773 923/1/773 929/1/773
f 926/1/773 929/1/773 935/1/773
f 932/1/773 935/1/773 941/1/773
f 938/1/773 941/1/773 947/1/773
f 944/1/773 947/1/773 953/1/773
usemtl iron
f 391/1/378 405/420/378 404/421/378
f 392/4/379 406/422/379 405/420/379
f 393/6/380 407/423/380 406/422/380
f 394/8/381 408/424/381 407/423/381
f 395/10/382 409/425/382 408/424/382
f 396/12/383 410/426/383 409/425/383
f 398/14/384 410/426/384 397/15/384
f 399/16/385 411/427/385 398/14/385
f 400/18/386 412/428/386 399/16/386
f 401/20/387 413/429/387 400/18/387
f 402/22/388 414/430/388 401/20/388
f 403/24/389 415/431/389 402/22/389
f 391/26/390 416/432/390 403/24/390
f 404/421/391 418/433/391 417/434/391
f 405/420/392 419/435/392 418/433/392
f 406/422/393 420/436/393 419/435/393
f 407/423/394 421/437/394 420/436/394
f 408/424/395 422/438/395 421/437/395
f 409/425/396 423/439/396 422/438/396
f 410/426/397 424/440/397 423/439/397
f 412/428/398 424/440/398 411/427/398
f 413/429/399 425/441/399 412/428/399
f 414/430/400 426/442/400 413/429/400
f 415/431/401 427/443/401 414/430/401
f 416/432/402 428/444/402 415/431/402
f 404/445/403 429/446/403 416/432/403
f 417/434/404 431/406/404 430/407/404
f 418/433/405 432/408/405 431/406/405
f 419/435/406 433/409/406 432/408/406
f 420/436/407 434/410/407 433/409/407
f 421/437/408 435/411/408 434/410/408
f 422/438/409 436/412/409 435/411/409
f 424/440/410 436/412/410 423/439/410
f 425/441/411 437/413/411 424/440/411
f 426/442/412 438/414/412 425/441/412
f 427/443/413 439/415/413 426/442/413
f 428/444/414 440/416/414 427/443/414
f 429/446/415 441/417/415 428/444/415
f 417/447/416 442/419/416 429/446/416
f 677/448/417 680/449/417 674/450/417
f 679/451/418 677/452/418 675/453/418
f 676/454/419 678/455/419 679/456/419
f 684/457/420 687/458/420 681/459/420
f 682/460/421 685/461/421 684/462/421
f 687/458/422 686/463/422 683/464/422
f 691/465/423 694/466/423 688/467/423
f 689/468/424 692/469/424 691/470/424
f 694/466/425 693/471/425 690/472/425
f 698/473/426 701/474/426 695/475/426
f 696/476/427 699/477/427 698/478/427
f 701/474/428 700/479/428 697/480/428
f 705/481/429 708/482/429 702/483/429
f 703/484/430 706/485/430 705/486/430
f 708/482/431 707/487/431 704/488/431
f 712/489/432 715/490/432 709/491/432
f 710/492/433 713/493/433 712/494/433
f 715/490/434 714/495/434 711/496/434
f 719/497/435 722/498/435 716/499/435
f 717/500/436 720/501/436 719/502/436
f 722/498/437 721/503/437 718/504/437
f 726/505/438 729/506/438 723/507/438
f 724/508/439 727/509/439 726/510/439
f 729/506/440 728/511/440 725/512/440
f 733/513/441 736/514/441 730/515/441
f 731/516/442 734/517/442 733/518/442
f 736/514/443 735/519/443 732/520/443
f 740/521/444 743/522/444 737/523/444
f 738/524/445 741/525/445 740/526/445
f 743/522/446 742/527/446 739/528/446
f 747/529/447 750/530/447 744/531/447
f 745/532/448 748/533/448 747/534/448
f 750/530/449 749/535/449 746/536/449
f 444/537/450 478/538/450 477/539/450
f 478/540/451 443/541/451 476/542/451
f 446/543/452 481/544/452 448/545/452
f 481/544/453 447/546/453 448/545/453
f 449/547/454 484/548/454 451/549/454
f 484/548/455 450/550/455 451/549/455
f 452/551/456 487/552/456 454/553/456
f 487/552/457 453/554/457 454/553/457
f 455/555/458 490/556/458 457/557/458
f 490/556/459 456/558/459 457/557/459
f 458/559/460 493/560/460 460/561/460
f 493/560/461 459/562/461 460/561/461
f 461/563/462 496/564/462 463/565/462
f 496/564/463 462/566/463 463/565/463
f 464/567/464 499/568/464 466/569/464
f 499/568/465 465/570/465 466/569/465
f 467/571/466 502/572/466 469/573/466
f 502/572/467 468/574/467 469/573/467
f 470/575/468 505/576/468 472/577/468
f 505/576/469 471/578/469 472/577/469
f 473/579/470 508/580/470 475/581/470
f 508/580/471 474/582/471 475/581/471
f 477/539/472 511/583/472 510/584/472
f 511/585/473 476/542/473 509/586/473
f 479/587/474 514/588/474 481/544/474
f 514/588/475 480/589/475 481/544/475
f 482/590/476 517/591/476 484/548/476
f 517/591/477 483/592/477 484/548/477
f 485/593/478 520/594/478 487/552/478
f 520/594/479 486/595/479 487/552/479
f 488/596/480 523/597/480 490/556/480
f 523/597/481 489/598/481 490/556/481
f 491/599/482 526/600/482 493/560/482
f 526/600/483 492/601/483 493/560/483
f 494/602/484 529/603/484 496/564/484
f 529/603/485 495/604/485 496/564/485
f 497/605/486 532/606/486 499/568/486
f 532/606/487 498/607/487 499/568/487
f 500/608/488 535/609/488 502/572/488
f 535/609/489 501/610/489 502/572/489
f 503/611/490 538/612/490 505/576/490
f 538/612/491 504/613/491 505/576/491
f 506/614/492 541/615/492 508/580/492
f 541/615/493 507/616/493 508/580/493
f 510/584/494 544/617/494 543/618/494
f 544/619/495 509/586/495 542/620/495
f 512/621/496 547/622/496 514/588/496
f 547/622/497 513/623/497 514/588/497
f 515/624/498 550/625/498 517/591/498
f 550/625/499 516/626/499 517/591/499
f 518/627/500 553/628/500 520/594/500
f 553/628/501 519/629/501 520/594/501
f 521/630/502 556/631/502 523/597/502
f 556/631/503 522/632/503 523/597/503
f 524/633/504 559/634/504 526/600/504
f 559/634/505 525/635/505 526/600/505
f 527/636/506 562/637/506 529/603/506
f 562/637/507 528/638/507 529/603/507
f 530/639/508 565/640/508 532/606/508
f 565/640/509 531/641/509 532/606/509
f 533/642/510 568/643/510 535/609/510
f 568/643/511 534/644/511 535/609/511
f 536/645/512 571/646/512 538/612/512
f 571/646/513 537/647/513 538/612/513
f 539/648/514 574/649/514 541/615/514
f 574/649/515 540/650/515 541/615/515
f 543/618/516 577/651/516 576/652/516
f 577/653/517 542/620/517 575/654/517
f 545/655/518 580/656/518 547/622/518
f 580/656/519 546/657/519 547/622/519
f 548/658/520 583/659/520 550/625/520
f 583/659/521 549/660/521 550/625/521
f 551/661/522 586/662/522 553/628/522
f 586/662/523 552/663/523 553/628/523
f 554/664/524 589/665/524 556/631/524
f 589/665/525 555/666/525 556/631/525
f 557/667/526 592/668/526 559/634/526
f 592/668/527 558/669/527 559/634/527
f 560/670/528 595/671/528 562/637/528
f 595/671/529 561/672/529 562/637/529
f 563/673/530 598/674/530 565/640/530
f 598/674/531 564/675/531 565/640/531
f 566/676/532 601/677/532 568/643/532
f 601/677/533 567/678/533 568/643/533
f 569/679/534 604/680/534 571/646/534
f 604/680/535 570/681/535 571/646/535
f 572/682/536 607/683/536 574/649/536
f 607/683/537 573/684/537 574/649/537
f 576/652/538 610/685/538 609/686/538
f 610/687/539 575/654/539 608/688/539
f 578/689/540 613/690/540 580/656/540
f 613/690/541 579/691/541 580/656/541
f 581/692/542 616/693/542 583/659/542
f 616/693/543 582/694/543 583/659/543
f 584/695/544 619/696/544 586/662/544
f 619/696/545 585/697/545 586/662/545
f 587/698/546 622/699/546 589/665/546
f 622/699/547 588/700/547 589/665/547
f 590/701/548 625/702/548 592/668/548
f 625/702/549 591/703/549 592/668/549
f 593/704/550 628/705/550 595/671/550
f 628/705/551 594/706/551 595/671/551
f 596/707/552 631/708/552 598/674/552
f 631/708/553 597/709/553 598/674/553
f 599/710/554 634/711/554 601/677/554
f 634/711/555 600/712/555 601/677/555
f 602/713/556 637/714/556 604/680/556
f 637/714/557 603/715/557 604/680/557
f 605/716/558 640/717/558 607/683/558
f 640/717/559 606/718/559 607/683/559
f 609/686/560 643/719/560 642/720/560
f 643/721/561 608/688/561 641/722/561
f 611/723/562 646/724/562 613/690/562
f 646/724/563 612/725/563 613/690/563
f 614/726/564 649/727/564 616/693/564
f 649/727/565 615/728/565 616/693/565
f 617/729/566 652/730/566 619/696/566
f 652/730/567 618/731/567 619/696/567
f 620/732/568 655/733/568 622/699/568
f 655/733/569 621/734/569 622/699/569
f 623/735/570 658/736/570 625/702/570
f 658/736/571 624/737/571 625/702/571
f 626/738/572 661/739/572 628/705/572
f 661/739/573 627/740/573 628/705/573
f 629/741/574 664/742/574 631/708/574
f 664/742/575 630/743/575 631/708/575
f 632/744/576 667/745/576 634/711/576
f 667/745/577 633/746/577 634/711/577
f 635/747/578 670/748/578 637/714/578
f 670/748/579 636/749/579 637/714/579
f 638/750/580 673/751/580 640/717/580
f 673/751/581 639/752/581 640/717/581
f 642/720/582 677/448/582 674/450/582
f 677/452/583 641/722/583 675/453/583
f 644/753/584 687/458/584 646/724/584
f 687/458/585 645/754/585 646/724/585
f 682/460/586 679/456/586 686/755/586
f 686/463/587 675/453/587 683/464/587
f 647/756/588 694/466/588 649/727/588
f 694/466/589 648/757/589 649/727/589
f 689/468/590 684/462/590 693/758/590
f 693/471/591 681/459/591 690/472/591
f 650/759/592 701/474/592 652/730/592
f 701/474/593 651/760/593 652/730/593
f 696/476/594 691/470/594 700/761/594
f 700/479/595 688/467/595 697/480/595
f 653/762/596 708/482/596 655/733/596
f 708/482/597 654/763/597 655/733/597
f 703/484/598 698/478/598 707/764/598
f 707/487/599 695/475/599 704/488/599
f 656/765/600 715/490/600 658/736/600
f 715/490/601 657/766/601 658/736/601
f 710/492/602 705/486/602 714/767/602
f 714/495/603 702/483/603 711/496/603
f 659/768/604 722/498/604 661/739/604
f 722/498/605 660/769/605 661/739/605
f 710/492/606 721/770/606 717/500/606
f 712/489/607 718/504/607 721/503/607
f 662/771/608 729/506/608 664/742/608
f 729/506/609 663/772/609 664/742/609
f 717/500/610 728/773/610 724/508/610
f 719/497/611 725/512/611 728/511/611
f 665/774/612 736/514/612 667/745/612
f 736/514/613 666/775/613 667/745/613
f 724/508/614 735/776/614 731/516/614
f 726/505/615 732/520/615 735/519/615
f 668/777/616 743/522/616 670/748/616
f 743/522/617 669/778/617 670/748/617
f 731/516/618 742/779/618 738/524/618
f 733/513/619 739/528/619 742/527/619
f 671/780/620 750/530/620 673/751/620
f 750/530/621 672/781/621 673/751/621
f 738/524/622 749/782/622 745/532/622
f 740/521/623 746/536/623 749/535/623
f 745/532/624 680/783/624 676/454/624
f 747/529/625 674/450/625 680/449/625
f 444/537/626 506/614/626 473/579/626
f 443/541/627 480/589/627 476/542/627
f 446/543/628 483/592/628 479/587/628
f 449/547/629 486/595/629 482/590/629
f 452/551/630 489/598/630 485/593/630
f 455/555/631 492/601/631 488/596/631
f 462/566/632 491/599/632 458/559/632
f 465/570/633 494/602/633 461/563/633
f 468/574/634 497/605/634 464/567/634
f 471/578/635 500/608/635 467/571/635
f 474/582/636 503/611/636 470/575/636
f 477/539/637 539/648/637 506/614/637
f 476/542/638 513/623/638 509/586/638
f 479/587/639 516/626/639 512/621/639
f 482/590/640 519/629/640 515/624/640
f 485/593/641 522/632/641 518/627/641
f 488/596/642 525/635/642 521/630/642
f 495/604/643 524/633/643 491/599/643
f 498/607/644 527/636/644 494/602/644
f 501/610/645 530/639/645 497/605/645
f 504/613/646 533/642/646 500/608/646
f 507/616/647 536/645/647 503/611/647
f 510/584/648 572/682/648 539/648/648
f 509/586/649 546/657/649 542/620/649
f 512/621/650 549/660/650 545/655/650
f 515/624/651 552/663/651 548/658/651
f 518/627/652 555/666/652 551/661/652
f 521/630/653 558/669/653 554/664/653
f 528/638/654 557/667/654 524/633/654
f 531/641/655 560/670/655 527/636/655
f 534/644/656 563/673/656 530/639/656
f 537/647/657 566/676/657 533/642/657
f 540/650/658 569/679/658 536/645/658
f 543/618/659 605/716/659 572/682/659
f 542/620/660 579/691/660 575/654/660
f 545/655/661 582/694/661 578/689/661
f 548/658/662 585/697/662 581/692/662
f 551/661/663 588/700/663 584/695/663
f 554/664/664 591/703/664 587/698/664
f 561/672/665 590/701/665 557/667/665
f 564/675/666 593/704/666 560/670/666
f 567/678/667 596/707/667 563/673/667
f 570/681/668 599/710/668 566/676/668
f 573/684/669 602/713/669 569/679/669
f 576/652/670 638/750/670 605/716/670
f 575/654/671 612/725/671 608/688/671
f 578/689/672 615/728/672 611/723/672
f 581/692/673 618/731/673 614/726/673
f 584/695/674 621/734/674 617/729/674
f 587/698/675 624/737/675 620/732/675
f 594/706/676 623/735/676 590/701/676
f 597/709/677 626/738/677 593/704/677
f 600/712/678 629/741/678 596/707/678
f 603/715/679 632/744/679 599/710/679
f 606/718/680 635/747/680 602/713/680
f 609/686/681 671/780/681 638/750/681
f 608/688/682 645/754/682 641/722/682
f 611/723/683 648/757/683 644/753/683
f 614/726/684 651/760/684 647/756/684
f 617/729/685 654/763/685 650/759/685
f 620/732/686 657/766/686 653/762/686
f 627/740/687 656/765/687 623/735/687
f 630/743/688 659/768/688 626/738/688
f 633/746/689 662/771/689 629/741/689
f 636/749/690 665/774/690 632/744/690
f 639/752/691 668/777/691 635/747/691
f 671/780/692 674/450/692 744/531/692
f 641/722/693 683/464/693 675/453/693
f 644/753/694 690/472/694 681/459/694
f 651/760/695 688/467/695 647/756/695
f 650/759/696 704/488/696 695/475/696
f 657/766/697 702/483/697 653/762/697
f 660/769/698 709/491/698 656/765/698
f 663/772/699 716/499/699 659/768/699
f 662/771/700 732/520/700 723/507/700
f 665/774/701 739/528/701 730/515/701
f 672/781/702 737/523/702 668/777/702
f 682/460/703 710/492/703 738/524/703
f 758/1/704 753/1/704 752/1/704
f 753/1/705 757/1/705 751/1/705
f 761/1/706 756/1/706 762/1/706
f 762/1/707 754/1/707 760/1/707
f 764/1/708 759/1/708 758/1/708
f 759/1/709 763/1/709 757/1/709
f 767/1/710 762/1/710 768/1/710
f 768/1/711 760/1/711 766/1/711
f 764/1/712 771/1/712 765/1/712
f 765/1/713 769/1/713 763/1/713
f 773/1/714 768/1/714 774/1/714
f 768/1/715 772/1/715 774/1/715
f 770/1/716 777/1/716 771/1/716
f 771/1/717 775/1/717 769/1/717
f 773/1/718 780/1/718 779/1/718
f 774/1/719 778/1/719 780/1/719
f 776/1/720 783/1/720 777/1/720
f 777/1/721 781/1/721 775/1/721
f 785/1/722 780/1/722 786/1/722
f 780/1/723 784/1/723 786/1/723
f 788/1/724 783/1/724 782/1/724
f 789/1/725 781/1/725 783/1/725
f 785/1/726 792/1/726 791/1/726
f 786/1/727 790/1/727 792/1/727
f 794/1/728 789/1/728 788/1/728
f 789/1/729 793/1/729 787/1/729
f 791/1/730 798/1/730 797/1/730
f 792/1/731 796/1/731 798/1/731
f 794/1/732 801/1/732 795/1/732
f 795/1/733 799/1/733 793/1/733
f 803/1/734 798/1/734 804/1/734
f 804/1/735 796/1/735 802/1/735
f 806/1/736 801/1/736 800/1/736
f 801/1/737 805/1/737 799/1/737
f 803/1/738 810/1/738 809/1/738
f 810/1/739 802/1/739 808/1/739
f 806/1/740 813/1/740 807/1/740
f 807/1/741 811/1/741 805/1/741
f 809/1/742 816/1/742 815/1/742
f 810/1/743 814/1/743 816/1/743
f 818/1/744 813/1/744 812/1/744
f 813/1/745 817/1/745 811/1/745
f 815/1/746 822/1/746 821/1/746
f 816/1/747 820/1/747 822/1/747
f 824/1/748 819/1/748 818/1/748
f 825/1/749 817/1/749 819/1/749
f 821/1/750 828/1/750 827/1/750
f 828/1/751 820/1/751 826/1/751
f 824/1/752 831/1/752 825/1/752
f 825/1/753 829/1/753 823/1/753
f 827/1/754 834/1/754 833/1/754
f 834/1/755 826/1/755 832/1/755
f 830/1/756 837/1/756 831/1/756
f 831/1/757 835/1/757 829/1/757
f 833/1/758 840/1/758 839/1/758
f 840/1/759 832/1/759 838/1/759
f 836/1/760 843/1/760 837/1/760
f 843/1/761 835/1/761 837/1/761
f 839/1/762 846/1/762 845/1/762
f 846/1/763 838/1/763 844/1/763
f 848/1/764 843/1/764 842/1/764
f 843/1/765 847/1/765 841/1/765
f 851/1/766 846/1/766 852/1/766
f 852/1/767 844/1/767 850/1/767
f 752/1/768 849/1/768 848/1/768
f 753/1/769 847/1/769 849/1/769
f 755/1/770 852/1/770 756/1/770
f 852/1/771 754/1/771 756/1/771
f 757/1/772 805/1/772 829/1/772
f 752/1/773 761/1/773 758/1/773
f 848/1/773 755/1/773 752/1/773
f 754/1/774 808/1/774 784/1/774
f 758/1/773 767/1/773 764/1/773
f 764/1/773 773/1/773 770/1/773
f 770/1/773 779/1/773 776/1/773
f 776/1/773 785/1/773 782/1/773
f 782/1/773 791/1/773 788/1/773
f 788/1/773 797/1/773 794/1/773
f 794/1/773 803/1/773 800/1/773
f 800/1/773 809/1/773 806/1/773
f 806/1/773 815/1/773 812/1/773
f 812/1/773 821/1/773 818/1/773
f 818/1/773 827/1/773 824/1/773
f 824/1/773 833/1/773 830/1/773
f 830/1/773 839/1/773 836/1/773
f 836/1/773 845/1/773 842/1/773
f 842/1/773 851/1/773 848/1/773
f 391/1/1193 392/4/1193 405/420/1193
f 392/4/1194 393/6/1194 406/422/1194
f 393/6/1195 394/8/1195 407/423/1195
f 394/8/1196 395/10/1196 408/424/1196
f 395/10/1197 396/12/1197 409/425/1197
f 396/12/1198 397/15/1198 410/426/1198
f 398/14/1199 411/427/1199 410/426/1199
f 399/16/1200 412/428/1200 411/427/1200
f 400/18/1201 413/429/1201 412/428/1201
f 401/20/1202 414/430/1202 413/429/1202
f 402/22/1203 415/431/1203 414/430/1203
f 403/24/1204 416/432/1204 415/431/1204
f 391/26/1205 404/445/1205 416/432/1205
f 404/421/1206 405/420/1206 418/433/1206
f 405/420/1207 406/422/1207 419/435/1207
f 406/422/1208 407/423/1208 420/436/1208
f 407/423/1209 408/424/1209 421/437/1209
f 408/424/1210 409/425/1210 422/438/1210
f 409/425/1211 410/426/1211 423/439/1211
f 410/426/397 411/427/397 424/440/397
f 412/428/1212 425/441/1212 424/440/1212
f 413/429/1213 426/442/1213 425/441/1213
f 414/430/1214 427/443/1214 426/442/1214
f 415/431/1215 428/444/1215 427/443/1215
f 416/432/1216 429/446/1216 428/444/1216
f 404/445/1217 417/447/1217 429/446/1217
f 417/434/1218 418/433/1218 431/406/1218
f 418/433/1219 419/435/1219 432/408/1219
f 419/435/1220 420/436/1220 433/409/1220
f 420/436/1221 421/437/1221 434/410/1221
f 421/437/1222 422/438/1222 435/411/1222
f 422/438/1223 423/439/1223 436/412/1223
f 424/440/410 437/413/410 436/412/410
f 425/441/1224 438/414/1224 437/413/1224
f 426/442/1225 439/415/1225 438/414/1225
f 427/443/1226 440/416/1226 439/415/1226
f 428/444/1227 441/417/1227 440/416/1227
f 429/446/1228 442/419/1228 441/417/1228
f 417/447/1229 430/784/1229 442/419/1229
f 677/448/1230 678/785/1230 680/449/1230
f 679/451/1231 678/786/1231 677/452/1231
f 676/454/1232 680/783/1232 678/455/1232
f 684/457/1233 685/787/1233 687/458/1233
f 682/460/1234 686/755/1234 685/461/1234
f 687/458/1235 685/787/1235 686/463/1235
f 691/465/1236 692/788/1236 694/466/1236
f 689/468/1237 693/758/1237 692/469/1237
f 694/466/1238 692/788/1238 693/471/1238
f 698/473/1239 699/789/1239 701/474/1239
f 696/476/1240 700/761/1240 699/477/1240
f 701/474/1241 699/789/1241 700/479/1241
f 705/481/1242 706/790/1242 708/482/1242
f 703/484/1243 707/764/1243 706/485/1243
f 708/482/1244 706/790/1244 707/487/1244
f 712/489/1245 713/791/1245 715/490/1245
f 710/492/1246 714/767/1246 713/493/1246
f 715/490/1247 713/791/1247 714/495/1247
f 719/497/1248 720/792/1248 722/498/1248
f 717/500/1249 721/770/1249 720/501/1249
f 722/498/1250 720/792/1250 721/503/1250
f 726/505/1251 727/793/1251 729/506/1251
f 724/508/1252 728/773/1252 727/509/1252
f 729/506/1253 727/793/1253 728/511/1253
f 733/513/1254 734/794/1254 736/514/1254
f 731/516/1255 735/776/1255 734/517/1255
f 736/514/1256 734/794/1256 735/519/1256
f 740/521/1257 741/795/1257 743/522/1257
f 738/524/1258 742/779/1258 741/525/1258
f 743/522/1259 741/795/1259 742/527/1259
f 747/529/1260 748/796/1260 750/530/1260
f 745/532/1261 749/782/1261 748/533/1261
f 750/530/1262 748/796/1262 749/535/1262
f 444/537/1263 445/797/1263 478/538/1263
f 478/540/1264 445/798/1264 443/541/1264
f 446/543/1265 479/587/1265 481/544/1265
f 481/544/1266 480/589/1266 447/546/1266
f 449/547/1267 482/590/1267 484/548/1267
f 484/548/1268 483/592/1268 450/550/1268
f 452/551/1269 485/593/1269 487/552/1269
f 487/552/1270 486/595/1270 453/554/1270
f 455/555/1271 488/596/1271 490/556/1271
f 490/556/1272 489/598/1272 456/558/1272
f 458/559/1273 491/599/1273 493/560/1273
f 493/560/1274 492/601/1274 459/562/1274
f 461/563/1275 494/602/1275 496/564/1275
f 496/564/1276 495/604/1276 462/566/1276
f 464/567/1277 497/605/1277 499/568/1277
f 499/568/1278 498/607/1278 465/570/1278
f 467/571/1279 500/608/1279 502/572/1279
f 502/572/1280 501/610/1280 468/574/1280
f 470/575/1281 503/611/1281 505/576/1281
f 505/576/1282 504/613/1282 471/578/1282
f 473/579/1283 506/614/1283 508/580/1283
f 508/580/1284 507/616/1284 474/582/1284
f 477/539/1285 478/538/1285 511/583/1285
f 511/585/1286 478/540/1286 476/542/1286
f 479/587/1287 512/621/1287 514/588/1287
f 514/588/1288 513/623/1288 480/589/1288
f 482/590/1289 515/624/1289 517/591/1289
f 517/591/1290 516/626/1290 483/592/1290
f 485/593/1291 518/627/1291 520/594/1291
f 520/594/1292 519/629/1292 486/595/1292
f 488/596/1293 521/630/1293 523/597/1293
f 523/597/1294 522/632/1294 489/598/1294
f 491/599/1295 524/633/1295 526/600/1295
f 526/600/1296 525/635/1296 492/601/1296
f 494/602/1297 527/636/1297 529/603/1297
f 529/603/1298 528/638/1298 495/604/1298
f 497/605/1299 530/639/1299 532/606/1299
f 532/606/1300 531/641/1300 498/607/1300
f 500/608/1301 533/642/1301 535/609/1301
f 535/609/1302 534/644/1302 501/610/1302
f 503/611/1303 536/645/1303 538/612/1303
f 538/612/1304 537/647/1304 504/613/1304
f 506/614/1305 539/648/1305 541/615/1305
f 541/615/1306 540/650/1306 507/616/1306
f 510/584/1307 511/583/1307 544/617/1307
f 544/619/1308 511/585/1308 509/586/1308
f 512/621/1309 545/655/1309 547/622/1309
f 547/622/1310 546/657/1310 513/623/1310
f 515/624/1311 548/658/1311 550/625/1311
f 550/625/1312 549/660/1312 516/626/1312
f 518/627/1313 551/661/1313 553/628/1313
f 553/628/1314 552/663/1314 519/629/1314
f 521/630/1315 554/664/1315 556/631/1315
f 556/631/1316 555/666/1316 522/632/1316
f 524/633/1317 557/667/1317 559/634/1317
f 559/634/1318 558/669/1318 525/635/1318
f 527/636/1319 560/670/1319 562/637/1319
f 562/637/1320 561/672/1320 528/638/1320
f 530/639/1321 563/673/1321 565/640/1321
f 565/640/1322 564/675/1322 531/641/1322
f 533/642/1323 566/676/1323 568/643/1323
f 568/643/1324 567/678/1324 534/644/1324
f 536/645/1325 569/679/1325 571/646/1325
f 571/646/1326 570/681/1326 537/647/1326
f 539/648/1327 572/682/1327 574/649/1327
f 574/649/1328 573/684/1328 540/650/1328
f 543/618/1329 544/617/1329 577/651/1329
f 577/653/1330 544/619/1330 542/620/1330
f 545/655/1331 578/689/1331 580/656/1331
f 580/656/1332 579/691/1332 546/657/1332
f 548/658/1333 581/692/1333 583/659/1333
f 583/659/1334 582/694/1334 549/660/1334
f 551/661/1335 584/695/1335 586/662/1335
f 586/662/1336 585/697/1336 552/663/1336
f 554/664/1337 587/698/1337 589/665/1337
f 589/665/1338 588/700/1338 555/666/1338
f 557/667/1339 590/701/1339 592/668/1339
f 592/668/1340 591/703/1340 558/669/1340
f 560/670/1341 593/704/1341 595/671/1341
f 595/671/1342 594/706/1342 561/672/1342
f 563/673/1343 596/707/1343 598/674/1343
f 598/674/1344 597/709/1344 564/675/1344
f 566/676/1345 599/710/1345 601/677/1345
f 601/677/1346 600/712/1346 567/678/1346
f 569/679/1347 602/713/1347 604/680/1347
f 604/680/1348 603/715/1348 570/681/1348
f 572/682/1349 605/716/1349 607/683/1349
f 607/683/1350 606/718/1350 573/684/1350
f 576/652/1351 577/651/1351 610/685/1351
f 610/687/1352 577/653/1352 575/654/1352
f 578/689/1353 611/723/1353 613/690/1353
f 613/690/1354 612/725/1354 579/691/1354
f 581/692/1355 614/726/1355 616/693/1355
f 616/693/1356 615/728/1356 582/694/1356
f 584/695/1357 617/729/1357 619/696/1357
f 619/696/1358 618/731/1358 585/697/1358
f 587/698/1359 620/732/1359 622/699/1359
f 622/699/1360 621/734/1360 588/700/1360
f 590/701/1361 623/735/1361 625/702/1361
f 625/702/1362 624/737/1362 591/703/1362
f 593/704/1363 626/738/1363 628/705/1363
f 628/705/1364 627/740/1364 594/706/1364
f 596/707/1365 629/741/1365 631/708/1365
f 631/708/1366 630/743/1366 597/709/1366
f 599/710/1367 632/744/1367 634/711/1367
f 634/711/1368 633/746/1368 600/712/1368
f 602/713/1369 635/747/1369 637/714/1369
f 637/714/1370 636/749/1370 603/715/1370
f 605/716/1371 638/750/1371 640/717/1371
f 640/717/1372 639/752/1372 606/718/1372
f 609/686/1373 610/685/1373 643/719/1373
f 643/721/1374 610/687/1374 608/688/1374
f 611/723/1375 644/753/1375 646/724/1375
f 646/724/1376 645/754/1376 612/725/1376
f 614/726/1377 647/756/1377 649/727/1377
f 649/727/1378 648/757/1378 615/728/1378
f 617/729/1379 650/759/1379 652/730/1379
f 652/730/1380 651/760/1380 618/731/1380
f 620/732/1381 653/762/1381 655/733/1381
f 655/733/1382 654/763/1382 621/734/1382
f 623/735/1383 656/765/1383 658/736/1383
f 658/736/1384 657/766/1384 624/737/1384
f 626/738/1385 659/768/1385 661/739/1385
f 661/739/1386 660/769/1386 627/740/1386
f 629/741/1387 662/771/1387 664/742/1387
f 664/742/1388 663/772/1388 630/743/1388
f 632/744/1389 665/774/1389 667/745/1389
f 667/745/1390 666/775/1390 633/746/1390
f 635/747/1391 668/777/1391 670/748/1391
f 670/748/1392 669/778/1392 636/749/1392
f 638/750/1393 671/780/1393 673/751/1393
f 673/751/1394 672/781/1394 639/752/1394
f 642/720/1395 643/719/1395 677/448/1395
f 677/452/1396 643/721/1396 641/722/1396
f 644/753/1397 681/459/1397 687/458/1397
f 687/458/1398 683/464/1398 645/754/1398
f 682/460/1399 676/454/1399 679/456/1399
f 686/463/1400 679/451/1400 675/453/1400
f 647/756/1401 688/467/1401 694/466/1401
f 694/466/1402 690/472/1402 648/757/1402
f 689/468/1403 682/460/1403 684/462/1403
f 693/471/1404 684/457/1404 681/459/1404
f 650/759/1405 695/475/1405 701/474/1405
f 701/474/1406 697/480/1406 651/760/1406
f 696/476/1407 689/468/1407 691/470/1407
f 700/479/1408 691/465/1408 688/467/1408
f 653/762/1409 702/483/1409 708/482/1409
f 708/482/1410 704/488/1410 654/763/1410
f 703/484/1411 696/476/1411 698/478/1411
f 707/487/1412 698/473/1412 695/475/1412
f 656/765/1413 709/491/1413 715/490/1413
f 715/490/1414 711/496/1414 657/766/1414
f 710/492/1415 703/484/1415 705/486/1415
f 714/495/1416 705/481/1416 702/483/1416
f 659/768/1417 716/499/1417 722/498/1417
f 722/498/1418 718/504/1418 660/769/1418
f 710/492/606 712/494/606 721/770/606
f 712/489/1419 709/491/1419 718/504/1419
f 662/771/1420 723/507/1420 729/506/1420
f 729/506/1421 725/512/1421 663/772/1421
f 717/500/1422 719/502/1422 728/773/1422
f 719/497/1423 716/499/1423 725/512/1423
f 665/774/1424 730/515/1424 736/514/1424
f 736/514/1425 732/520/1425 666/775/1425
f 724/508/1426 726/510/1426 735/776/1426
f 726/505/1427 723/507/1427 732/520/1427
f 668/777/1428 737/523/1428 743/522/1428
f 743/522/1429 739/528/1429 669/778/1429
f 731/516/1430 733/518/1430 742/779/1430
f 733/513/1431 730/515/1431 739/528/1431
f 671/780/1432 744/531/1432 750/530/1432
f 750/530/1433 746/536/1433 672/781/1433
f 738/524/1434 740/526/1434 749/782/1434
f 740/521/1435 737/523/1435 746/536/1435
f 745/532/1436 747/534/1436 680/783/1436
f 747/529/1437 744/531/1437 674/450/1437
f 444/537/1438 477/539/1438 506/614/1438
f 443/541/1439 447/546/1439 480/589/1439
f 446/543/1440 450/550/1440 483/592/1440
f 449/547/1441 453/554/1441 486/595/1441
f 452/551/1442 456/558/1442 489/598/1442
f 455/555/1443 459/562/1443 492/601/1443
f 462/566/632 495/604/632 491/599/632
f 465/570/1444 498/607/1444 494/602/1444
f 468/574/1445 501/610/1445 497/605/1445
f 471/578/1446 504/613/1446 500/608/1446
f 474/582/1447 507/616/1447 503/611/1447
f 477/539/1448 510/584/1448 539/648/1448
f 476/542/1449 480/589/1449 513/623/1449
f 479/587/1450 483/592/1450 516/626/1450
f 482/590/1451 486/595/1451 519/629/1451
f 485/593/1452 489/598/1452 522/632/1452
f 488/596/1453 492/601/1453 525/635/1453
f 495/604/643 528/638/643 524/633/643
f 498/607/1454 531/641/1454 527/636/1454
f 501/610/1455 534/644/1455 530/639/1455
f 504/613/1456 537/647/1456 533/642/1456
f 507/616/1457 540/650/1457 536/645/1457
f 510/584/1458 543/618/1458 572/682/1458
f 509/586/1459 513/623/1459 546/657/1459
f 512/621/1460 516/626/1460 549/660/1460
f 515/624/1461 519/629/1461 552/663/1461
f 518/627/1462 522/632/1462 555/666/1462
f 521/630/1463 525/635/1463 558/669/1463
f 528/638/1464 561/672/1464 557/667/1464
f 531/641/1465 564/675/1465 560/670/1465
f 534/644/1466 567/678/1466 563/673/1466
f 537/647/1467 570/681/1467 566/676/1467
f 540/650/1468 573/684/1468 569/679/1468
f 543/618/1469 576/652/1469 605/716/1469
f 542/620/1470 546/657/1470 579/691/1470
f 545/655/1471 549/660/1471 582/694/1471
f 548/658/1472 552/663/1472 585/697/1472
f 551/661/1473 555/666/1473 588/700/1473
f 554/664/1474 558/669/1474 591/703/1474
f 561/672/665 594/706/665 590/701/665
f 564/675/1475 597/709/1475 593/704/1475
f 567/678/1476 600/712/1476 596/707/1476
f 570/681/1477 603/715/1477 599/710/1477
f 573/684/1478 606/718/1478 602/713/1478
f 576/652/1479 609/686/1479 638/750/1479
f 575/654/1480 579/691/1480 612/725/1480
f 578/689/1481 582/694/1481 615/728/1481
f 581/692/1482 585/697/1482 618/731/1482
f 584/695/1483 588/700/1483 621/734/1483
f 587/698/1484 591/703/1484 624/737/1484
f 594/706/676 627/740/676 623/735/676
f 597/709/1485 630/743/1485 626/738/1485
f 600/712/1486 633/746/1486 629/741/1486
f 603/715/1487 636/749/1487 632/744/1487
f 606/718/1488 639/752/1488 635/747/1488
f 609/686/1489 642/720/1489 671/780/1489
f 608/688/1490 612/725/1490 645/754/1490
f 611/723/1491 615/728/1491 648/757/1491
f 614/726/1492 618/731/1492 651/760/1492
f 617/729/1493 621/734/1493 654/763/1493
f 620/732/1494 624/737/1494 657/766/1494
f 627/740/1495 660/769/1495 656/765/1495
f 630/743/1496 663/772/1496 659/768/1496
f 633/746/1497 666/775/1497 662/771/1497
f 636/749/1498 669/778/1498 665/774/1498
f 639/752/1499 672/781/1499 668/777/1499
f 671/780/1500 642/720/1500 674/450/1500
f 641/722/1501 645/754/1501 683/464/1501
f 644/753/1502 648/757/1502 690/472/1502
f 651/760/1503 697/480/1503 688/467/1503
f 650/759/1504 654/763/1504 704/488/1504
f 657/766/1505 711/496/1505 702/483/1505
f 660/769/1506 718/504/1506 709/491/1506
f 663/772/1507 725/512/1507 716/499/1507
f 662/771/1508 666/775/1508 732/520/1508
f 665/774/1509 669/778/1509 739/528/1509
f 672/781/1510 746/536/1510 737/523/1510
f 745/532/703 676/454/703 682/460/703
f 682/460/703 689/468/703 696/476/703
f 696/476/703 703/484/703 710/492/703
f 710/492/703 717/500/703 724/508/703
f 724/508/703 731/516/703 738/524/703
f 738/524/703 745/532/703 682/460/703
f 682/460/703 696/476/703 710/492/703
f 710/492/703 724/508/703 738/524/703
f 758/1/704 759/1/704 753/1/704
f 753/1/705 759/1/705 757/1/705
f 761/1/706 755/1/706 756/1/706
f 762/1/707 756/1/707 754/1/707
f 764/1/708 765/1/708 759/1/708
f 759/1/709 765/1/709 763/1/709
f 767/1/710 761/1/710 762/1/710
f 768/1/1511 762/1/1511 760/1/1511
f 764/1/712 770/1/712 771/1/712
f 765/1/713 771/1/713 769/1/713
f 773/1/714 767/1/714 768/1/714
f 768/1/715 766/1/715 772/1/715
f 770/1/716 776/1/716 777/1/716
f 771/1/717 777/1/717 775/1/717
f 773/1/718 774/1/718 780/1/718
f 774/1/719 772/1/719 778/1/719
f 776/1/720 782/1/720 783/1/720
f 777/1/721 783/1/721 781/1/721
f 785/1/1512 779/1/1512 780/1/1512
f 780/1/723 778/1/723 784/1/723
f 788/1/1513 789/1/1513 783/1/1513
f 789/1/725 787/1/725 781/1/725
f 785/1/1514 786/1/1514 792/1/1514
f 786/1/727 784/1/727 790/1/727
f 794/1/728 795/1/728 789/1/728
f 789/1/729 795/1/729 793/1/729
f 791/1/1515 792/1/1515 798/1/1515
f 792/1/731 790/1/731 796/1/731
f 794/1/732 800/1/732 801/1/732
f 795/1/733 801/1/733 799/1/733
f 803/1/734 797/1/734 798/1/734
f 804/1/735 798/1/735 796/1/735
f 806/1/736 807/1/736 801/1/736
f 801/1/737 807/1/737 805/1/737
f 803/1/738 804/1/738 810/1/738
f 810/1/739 804/1/739 802/1/739
f 806/1/1516 812/1/1516 813/1/1516
f 807/1/741 813/1/741 811/1/741
f 809/1/742 810/1/742 816/1/742
f 810/1/743 808/1/743 814/1/743
f 818/1/744 819/1/744 813/1/744
f 813/1/745 819/1/745 817/1/745
f 815/1/1517 816/1/1517 822/1/1517
f 816/1/747 814/1/747 820/1/747
f 824/1/748 825/1/748 819/1/748
f 825/1/749 823/1/749 817/1/749
f 821/1/750 822/1/750 828/1/750
f 828/1/751 822/1/751 820/1/751
f 824/1/752 830/1/752 831/1/752
f 825/1/753 831/1/753 829/1/753
f 827/1/754 828/1/754 834/1/754
f 834/1/755 828/1/755 826/1/755
f 830/1/756 836/1/756 837/1/756
f 831/1/757 837/1/757 835/1/757
f 833/1/758 834/1/758 840/1/758
f 840/1/759 834/1/759 832/1/759
f 836/1/760 842/1/760 843/1/760
f 843/1/761 841/1/761 835/1/761
f 839/1/1518 840/1/1518 846/1/1518
f 846/1/763 840/1/763 838/1/763
f 848/1/764 849/1/764 843/1/764
f 843/1/765 849/1/765 847/1/765
f 851/1/766 845/1/766 846/1/766
f 852/1/767 846/1/767 844/1/767
f 752/1/768 753/1/768 849/1/768
f 753/1/769 751/1/769 847/1/769
f 755/1/770 851/1/770 852/1/770
f 852/1/771 850/1/771 754/1/771
f 847/1/772 751/1/772 757/1/772
f 757/1/772 763/1/772 769/1/772
f 769/1/772 775/1/772 781/1/772
f 781/1/772 787/1/772 793/1/772
f 793/1/772 799/1/772 805/1/772
f 805/1/772 811/1/772 817/1/772
f 817/1/772 823/1/772 829/1/772
f 829/1/772 835/1/772 841/1/772
f 841/1/772 847/1/772 757/1/772
f 757/1/772 769/1/772 781/1/772
f 781/1/772 793/1/772 805/1/772
f 805/1/772 817/1/772 829/1/772
f 829/1/772 841/1/772 757/1/772
f 757/1/772 781/1/772 805/1/772
f 752/1/773 755/1/773 761/1/773
f 848/1/773 851/1/773 755/1/773
f 766/1/774 760/1/774 754/1/774
f 754/1/774 850/1/774 844/1/774
f 844/1/774 838/1/774 832/1/774
f 832/1/774 826/1/774 820/1/774
f 820/1/774 814/1/774 808/1/774
f 808/1/774 802/1/774 796/1/774
f 796/1/774 790/1/774 784/1/774
f 784/1/774 778/1/774 772/1/774
f 772/1/774 766/1/774 754/1/774
f 754/1/774 844/1/774 832/1/774
f 832/1/774 820/1/774 808/1/774
f 808/1/774 796/1/774 784/1/774
f 784/1/774 772/1/774 754/1/774
f 754/1/774 832/1/774 808/1/774
f 758/1/773 761/1/773 767/1/773
f 764/1/773 767/1/773 773/1/773
f 770/1/773 773/1/773 779/1/773
f 776/1/773 779/1/773 785/1/773
f 782/1/773 785/1/773 791/1/773
f 788/1/773 791/1/773 797/1/773
f 794/1/773 797/1/773 803/1/773
f 800/1/773 803/1/773 809/1/773
f 806/1/773 809/1/773 815/1/773
f 812/1/773 815/1/773 821/1/773
f 818/1/773 821/1/773 827/1/773
f 824/1/773 827/1/773 833/1/773
f 830/1/773 833/1/773 839/1/773
f 836/1/773 839/1/773 845/1/773
f 842/1/773 845/1/773 851/1/773
