# Blender 4.5.10 LTS
# www.blender.org
mtllib lur_ox.mtl
o lur_ox
v 0.140977 -0.205547 0.034157
v 0.154215 -0.189143 0.036709
v 0.127906 -0.189143 0.037461
v 0.148764 -0.198875 0.039209
v 0.141168 -0.196276 0.040844
v 0.141111 -0.188242 0.038846
v 0.133491 -0.198875 0.039646
v 0.140007 -0.139244 0.000233
v 0.127301 -0.147773 0.016294
v 0.153610 -0.147773 0.015542
v 0.132765 -0.139856 0.009500
v 0.140353 -0.140502 0.012330
v 0.140506 -0.146871 0.017678
v 0.147766 -0.139856 0.009071
v 0.116910 -0.208929 0.026847
v 0.121398 -0.190058 0.035484
v 0.100799 -0.196648 0.020486
v 0.118203 -0.201023 0.035003
v 0.110761 -0.200548 0.031609
v 0.109868 -0.192631 0.029357
v 0.106245 -0.204849 0.026296
v 0.119461 -0.142131 -0.006007
v 0.102390 -0.154969 -0.000014
v 0.122990 -0.148378 0.014985
v 0.108591 -0.145360 -0.002827
v 0.112894 -0.144360 0.003991
v 0.111460 -0.150952 0.008857
v 0.120336 -0.141602 0.005725
v 0.103647 -0.217490 0.006976
v 0.097212 -0.198963 0.015112
v 0.091961 -0.209060 -0.008620
v 0.097820 -0.210288 0.013673
v 0.094005 -0.211365 0.006503
v 0.092651 -0.203745 0.003561
v 0.094772 -0.216149 -0.000104
v 0.108139 -0.149440 -0.022971
v 0.094764 -0.166599 -0.027306
v 0.100015 -0.156502 -0.003574
v 0.098748 -0.155538 -0.026620
v 0.097763 -0.154128 -0.018680
v 0.095454 -0.161285 -0.015125
v 0.101742 -0.149781 -0.013089
v 0.107394 -0.227226 -0.016160
v 0.092974 -0.211693 -0.014877
v 0.105529 -0.220572 -0.036237
v 0.097152 -0.222334 -0.014800
v 0.098739 -0.223666 -0.022727
v 0.097515 -0.216384 -0.026473
v 0.104440 -0.227488 -0.027200
v 0.111337 -0.157751 -0.042721
v 0.107989 -0.177222 -0.052810
v 0.095435 -0.168343 -0.031450
v 0.107841 -0.165629 -0.050747
v 0.102038 -0.165236 -0.045076
v 0.099976 -0.173034 -0.043046
v 0.100683 -0.160566 -0.038568
v 0.126398 -0.233581 -0.031734
v 0.110668 -0.222291 -0.040449
v 0.135153 -0.225797 -0.049443
v 0.116512 -0.231525 -0.037093
v 0.122749 -0.231694 -0.042403
v 0.122185 -0.224634 -0.046690
v 0.130726 -0.233560 -0.042315
v 0.127561 -0.163176 -0.056017
v 0.135879 -0.181867 -0.064595
v 0.111393 -0.178361 -0.055600
v 0.131616 -0.170910 -0.063919
v 0.123719 -0.172486 -0.062845
v 0.122911 -0.180704 -0.061842
v 0.117655 -0.168910 -0.058790
v 0.151766 -0.233581 -0.032460
v 0.142013 -0.225797 -0.049639
v 0.166973 -0.222291 -0.042059
v 0.146840 -0.233560 -0.042775
v 0.154800 -0.231694 -0.043320
v 0.155117 -0.224634 -0.047632
v 0.161330 -0.231525 -0.038375
v 0.149217 -0.163176 -0.056636
v 0.165382 -0.178361 -0.057144
v 0.140423 -0.181867 -0.064725
v 0.158949 -0.168910 -0.059971
v 0.152662 -0.172486 -0.063672
v 0.153527 -0.180704 -0.062717
v 0.144717 -0.170910 -0.064293
v 0.171629 -0.227226 -0.017997
v 0.172344 -0.220572 -0.038148
v 0.186099 -0.211693 -0.017540
v 0.173947 -0.227488 -0.029188
v 0.179895 -0.223666 -0.025048
v 0.180902 -0.216384 -0.028857
v 0.181932 -0.222334 -0.017225
v 0.166174 -0.157751 -0.044290
v 0.182695 -0.168343 -0.033946
v 0.168940 -0.177222 -0.054554
v 0.177049 -0.160566 -0.040752
v 0.175324 -0.165236 -0.047172
v 0.177498 -0.173034 -0.045263
v 0.169206 -0.165629 -0.052502
v 0.176693 -0.217490 0.004887
v 0.187468 -0.209060 -0.011351
v 0.183582 -0.198963 0.012642
v 0.185148 -0.216149 -0.002688
v 0.186292 -0.211365 0.003864
v 0.187475 -0.203745 0.000849
v 0.182892 -0.210288 0.011240
v 0.170497 -0.149440 -0.024754
v 0.179716 -0.156502 -0.005853
v 0.183602 -0.166599 -0.029846
v 0.177448 -0.149781 -0.015254
v 0.181101 -0.154128 -0.021064
v 0.183609 -0.161285 -0.017646
v 0.179663 -0.155538 -0.028934
v 0.164587 -0.208929 0.025484
v 0.180308 -0.196648 0.018212
v 0.160600 -0.190058 0.034363
v 0.175203 -0.204849 0.024324
v 0.170997 -0.200548 0.029886
v 0.171760 -0.192631 0.027587
v 0.163761 -0.201023 0.033700
v 0.160162 -0.142131 -0.007171
v 0.157839 -0.148378 0.013988
v 0.177547 -0.154969 -0.002164
v 0.159959 -0.141602 0.004592
v 0.167289 -0.144360 0.002436
v 0.168999 -0.150952 0.007212
v 0.171196 -0.145360 -0.004617
v 0.137952 -0.139532 -0.000260
v 0.151103 -0.122869 0.000226
v 0.124815 -0.122869 -0.001059
v 0.145389 -0.132000 0.004055
v 0.137715 -0.129183 0.004593
v 0.137883 -0.121658 0.001146
v 0.130129 -0.132000 0.003310
v 0.140178 -0.080655 -0.045827
v 0.126204 -0.086132 -0.029491
v 0.152492 -0.086132 -0.028207
v 0.132243 -0.079580 -0.037191
v 0.139586 -0.079652 -0.033715
v 0.139272 -0.084921 -0.027287
v 0.147233 -0.079580 -0.036459
v 0.117918 -0.143632 -0.007418
v 0.121903 -0.123466 -0.002099
v 0.102452 -0.132826 -0.017159
v 0.118656 -0.134348 -0.000790
v 0.111499 -0.134548 -0.004774
v 0.110853 -0.127189 -0.008513
v 0.107364 -0.139781 -0.009532
v 0.123578 -0.084052 -0.051759
v 0.105984 -0.095650 -0.044826
v 0.125434 -0.086290 -0.029766
v 0.112468 -0.086694 -0.048881
v 0.116246 -0.084428 -0.042055
v 0.114384 -0.090014 -0.036180
v 0.123558 -0.081357 -0.040294
v 0.107861 -0.154013 -0.023558
v 0.100990 -0.134335 -0.019505
v 0.097479 -0.148675 -0.041294
v 0.101605 -0.145726 -0.018775
v 0.098339 -0.148132 -0.025894
v 0.097283 -0.141195 -0.030289
v 0.099566 -0.154051 -0.031424
v 0.115244 -0.092654 -0.065132
v 0.102086 -0.110390 -0.067235
v 0.105597 -0.096049 -0.045446
v 0.106105 -0.099372 -0.068302
v 0.104529 -0.096523 -0.060859
v 0.101890 -0.102910 -0.056230
v 0.108108 -0.091195 -0.055878
v 0.112486 -0.165818 -0.041126
v 0.098151 -0.150392 -0.043848
v 0.112222 -0.163002 -0.062171
v 0.102215 -0.160812 -0.041485
v 0.104391 -0.163579 -0.048884
v 0.103523 -0.157123 -0.053993
v 0.110383 -0.168133 -0.052122
v 0.119076 -0.102435 -0.079689
v 0.116334 -0.123454 -0.086232
v 0.102263 -0.110843 -0.067910
v 0.116133 -0.111680 -0.086366
v 0.109917 -0.110276 -0.081327
v 0.107636 -0.117575 -0.078055
v 0.108110 -0.104489 -0.075918
v 0.129629 -0.173523 -0.051904
v 0.114714 -0.164123 -0.063737
v 0.139783 -0.169103 -0.070020
v 0.120201 -0.172545 -0.058294
v 0.126824 -0.173661 -0.062986
v 0.126653 -0.167519 -0.068534
v 0.134754 -0.175436 -0.061941
v 0.133281 -0.108820 -0.088619
v 0.142062 -0.128731 -0.092930
v 0.116993 -0.123750 -0.086647
v 0.137859 -0.117860 -0.094620
v 0.129889 -0.119252 -0.093883
v 0.128932 -0.127147 -0.091444
v 0.123565 -0.115020 -0.091038
v 0.151268 -0.173523 -0.050846
v 0.142929 -0.169103 -0.069867
v 0.167266 -0.164123 -0.061170
v 0.147146 -0.175436 -0.061336
v 0.155140 -0.173661 -0.061603
v 0.155851 -0.167519 -0.067108
v 0.161275 -0.172545 -0.056287
v 0.151212 -0.108820 -0.087743
v 0.167230 -0.123750 -0.084193
v 0.142893 -0.128731 -0.092889
v 0.161117 -0.115020 -0.089203
v 0.155101 -0.119252 -0.092652
v 0.155815 -0.127147 -0.090130
v 0.147241 -0.117860 -0.094162
v 0.167279 -0.165818 -0.038450
v 0.169593 -0.163002 -0.059368
v 0.181811 -0.150392 -0.039761
v 0.170444 -0.168133 -0.049188
v 0.176092 -0.163579 -0.045381
v 0.177453 -0.157123 -0.050382
v 0.177537 -0.160812 -0.037806
v 0.164479 -0.102435 -0.077472
v 0.180064 -0.110843 -0.064110
v 0.167846 -0.123454 -0.083716
v 0.175025 -0.104489 -0.072649
v 0.173754 -0.110276 -0.078209
v 0.175706 -0.117575 -0.074730
v 0.168059 -0.111680 -0.083829
v 0.170170 -0.154013 -0.020514
v 0.182231 -0.148675 -0.037154
v 0.176613 -0.134335 -0.015811
v 0.179192 -0.154051 -0.027534
v 0.179874 -0.148132 -0.021911
v 0.181353 -0.141195 -0.026182
v 0.175930 -0.145726 -0.015144
v 0.166874 -0.092654 -0.062610
v 0.174556 -0.096049 -0.042078
v 0.180175 -0.110390 -0.063420
v 0.173075 -0.091195 -0.052705
v 0.177122 -0.096523 -0.057313
v 0.179297 -0.102910 -0.052449
v 0.176278 -0.099372 -0.064874
v 0.158588 -0.143632 -0.005431
v 0.174929 -0.132826 -0.013619
v 0.154104 -0.123466 -0.000526
v 0.169297 -0.139781 -0.006507
v 0.164718 -0.134548 -0.002175
v 0.165726 -0.127189 -0.005832
v 0.157207 -0.134348 0.001094
v 0.157277 -0.084052 -0.050112
v 0.153286 -0.086290 -0.028406
v 0.174111 -0.095650 -0.041498
v 0.156179 -0.081357 -0.038701
v 0.163628 -0.084428 -0.039741
v 0.164908 -0.090014 -0.033712
v 0.168053 -0.086694 -0.046166
v 0.141685 -0.079992 -0.045196
v 0.153343 -0.065487 -0.048997
v 0.129811 -0.065487 -0.048259
v 0.148577 -0.072640 -0.043458
v 0.141754 -0.070002 -0.043006
v 0.141613 -0.064120 -0.047504
v 0.134916 -0.072640 -0.043030
v 0.139883 -0.032665 -0.102683
v 0.128616 -0.034080 -0.086409
v 0.152148 -0.034080 -0.087147
v 0.133414 -0.029944 -0.094826
v 0.140209 -0.029391 -0.092308
v 0.140417 -0.032713 -0.085654
v 0.146832 -0.029944 -0.095247
v 0.123673 -0.084703 -0.049123
v 0.127479 -0.066097 -0.048768
v 0.109125 -0.077051 -0.058640
v 0.124744 -0.075300 -0.045248
v 0.118081 -0.076193 -0.048169
v 0.117194 -0.070506 -0.052829
v 0.114089 -0.081659 -0.050979
v 0.125387 -0.036456 -0.105844
v 0.110262 -0.045034 -0.096281
v 0.128616 -0.034080 -0.086409
v 0.115701 -0.038085 -0.102036
v 0.119540 -0.034796 -0.096815
v 0.118331 -0.038489 -0.090470
v 0.126166 -0.031840 -0.096407
v 0.113808 -0.096630 -0.060189
v 0.107847 -0.078596 -0.060073
v 0.103260 -0.095378 -0.075935
v 0.108518 -0.088395 -0.057228
v 0.105116 -0.091869 -0.062712
v 0.103820 -0.086676 -0.067832
v 0.105855 -0.098138 -0.066437
v 0.117447 -0.046056 -0.114750
v 0.105675 -0.061816 -0.112143
v 0.110262 -0.045034 -0.096281
v 0.109115 -0.052454 -0.115534
v 0.108219 -0.048483 -0.109514
v 0.106235 -0.053114 -0.104039
v 0.111731 -0.042885 -0.106489
v 0.116706 -0.110193 -0.073216
v 0.103635 -0.097135 -0.077622
v 0.114961 -0.111893 -0.092052
v 0.107491 -0.105798 -0.073793
v 0.108924 -0.109695 -0.079833
v 0.107748 -0.105064 -0.085491
v 0.114065 -0.114365 -0.082170
v 0.119779 -0.056972 -0.125234
v 0.117000 -0.076575 -0.126573
v 0.105675 -0.061816 -0.112143
v 0.116739 -0.066328 -0.129004
v 0.111544 -0.064047 -0.124462
v 0.109787 -0.069745 -0.120012
v 0.110281 -0.057912 -0.120775
v 0.131010 -0.119045 -0.082107
v 0.116813 -0.113040 -0.093204
v 0.138752 -0.118868 -0.099450
v 0.122144 -0.119365 -0.087192
v 0.127724 -0.121330 -0.091518
v 0.127140 -0.117066 -0.097545
v 0.134880 -0.122748 -0.090818
v 0.131292 -0.064097 -0.132390
v 0.138939 -0.082403 -0.132820
v 0.117000 -0.076575 -0.126573
v 0.135005 -0.073213 -0.136143
v 0.127959 -0.074205 -0.134665
v 0.127327 -0.080601 -0.130915
v 0.122495 -0.069890 -0.132581
v 0.150028 -0.119045 -0.082703
v 0.141215 -0.118868 -0.099527
v 0.163502 -0.113040 -0.094667
v 0.145620 -0.122748 -0.091154
v 0.152718 -0.121330 -0.092301
v 0.152923 -0.117066 -0.098353
v 0.158558 -0.119365 -0.088333
v 0.146598 -0.064097 -0.132870
v 0.161226 -0.076575 -0.127959
v 0.138939 -0.082403 -0.132820
v 0.155366 -0.069890 -0.133612
v 0.149782 -0.074205 -0.135349
v 0.150647 -0.080601 -0.131646
v 0.142658 -0.073213 -0.136383
v 0.164861 -0.110193 -0.074725
v 0.165423 -0.111893 -0.093634
v 0.177630 -0.097135 -0.079941
v 0.166935 -0.114365 -0.083827
v 0.172213 -0.109695 -0.081816
v 0.173032 -0.105064 -0.087537
v 0.174021 -0.105798 -0.075878
v 0.158536 -0.056972 -0.126449
v 0.173433 -0.061816 -0.114266
v 0.161226 -0.076575 -0.127959
v 0.168295 -0.057912 -0.122594
v 0.166803 -0.064047 -0.126194
v 0.168835 -0.069745 -0.121863
v 0.161335 -0.066328 -0.130401
v 0.168568 -0.096630 -0.061906
v 0.178110 -0.095378 -0.078281
v 0.174525 -0.078596 -0.062163
v 0.176115 -0.098138 -0.068639
v 0.177086 -0.091869 -0.064968
v 0.178059 -0.086676 -0.070158
v 0.174034 -0.088395 -0.059282
v 0.161520 -0.046056 -0.116131
v 0.169847 -0.045034 -0.098148
v 0.173433 -0.061816 -0.114266
v 0.167742 -0.042885 -0.108244
v 0.171058 -0.048483 -0.111483
v 0.173381 -0.053114 -0.106144
v 0.169787 -0.052454 -0.117435
v 0.159415 -0.084703 -0.050244
v 0.173339 -0.077051 -0.060652
v 0.155640 -0.066097 -0.049651
v 0.168865 -0.081659 -0.052695
v 0.165056 -0.076193 -0.049641
v 0.165650 -0.070506 -0.054348
v 0.158590 -0.075300 -0.046309
v 0.154153 -0.036456 -0.106746
v 0.152148 -0.034080 -0.087147
v 0.169847 -0.045034 -0.098148
v 0.153967 -0.031840 -0.097278
v 0.160555 -0.034796 -0.098101
v 0.162158 -0.038489 -0.091844
v 0.164059 -0.038085 -0.103551
v 0.138921 -0.032481 -0.100563
v 0.149131 -0.020935 -0.105241
v 0.129187 -0.020935 -0.106163
v 0.144688 -0.026047 -0.099826
v 0.138909 -0.023812 -0.100310
v 0.139125 -0.019619 -0.104980
v 0.133111 -0.026047 -0.100361
v 0.141938 0.003352 -0.165792
v 0.131343 0.004677 -0.152785
v 0.151287 0.004677 -0.151863
v 0.135977 0.006823 -0.160115
v 0.141562 0.007714 -0.157666
v 0.141281 0.005993 -0.151602
v 0.147349 0.006823 -0.159589
v 0.123389 -0.037275 -0.104390
v 0.126718 -0.021697 -0.106771
v 0.111763 -0.032467 -0.114448
v 0.124110 -0.028825 -0.102579
v 0.118661 -0.030061 -0.105299
v 0.118255 -0.026060 -0.110123
v 0.115428 -0.035078 -0.107035
v 0.129859 -0.000376 -0.168768
v 0.116388 -0.006094 -0.160461
v 0.131343 0.004677 -0.152785
v 0.121410 -0.001182 -0.165980
v 0.124341 0.002399 -0.161909
v 0.122879 0.000314 -0.156137
v 0.129938 0.004960 -0.161603
v 0.115412 -0.049412 -0.112631
v 0.110495 -0.034396 -0.115757
v 0.107526 -0.050898 -0.126596
v 0.110806 -0.042111 -0.111810
v 0.108261 -0.045885 -0.116042
v 0.107535 -0.042370 -0.121195
v 0.109082 -0.051691 -0.118102
v 0.123656 -0.009814 -0.175176
v 0.113418 -0.022595 -0.171300
v 0.116388 -0.006094 -0.160461
v 0.116615 -0.015310 -0.175364
v 0.115496 -0.011058 -0.171046
v 0.113428 -0.014067 -0.165899
v 0.118309 -0.005901 -0.169184
v 0.118721 -0.063215 -0.121429
v 0.108052 -0.053092 -0.127994
v 0.118458 -0.067603 -0.136924
v 0.111000 -0.059689 -0.123200
v 0.112576 -0.063879 -0.127512
v 0.111983 -0.060916 -0.133017
v 0.117041 -0.068113 -0.128384
v 0.126229 -0.020548 -0.182017
v 0.123824 -0.037106 -0.180230
v 0.113418 -0.022595 -0.171300
v 0.123836 -0.028951 -0.183876
v 0.119165 -0.026362 -0.180801
v 0.117349 -0.030419 -0.176323
v 0.117902 -0.020677 -0.178785
v 0.131770 -0.072224 -0.126668
v 0.120532 -0.069035 -0.137757
v 0.139444 -0.074766 -0.140599
v 0.124602 -0.073333 -0.131420
v 0.129586 -0.075624 -0.134341
v 0.129516 -0.073021 -0.140057
v 0.135581 -0.076660 -0.133070
v 0.136376 -0.027553 -0.186091
v 0.142737 -0.042837 -0.183072
v 0.123824 -0.037106 -0.180230
v 0.139693 -0.035722 -0.187534
v 0.133633 -0.036351 -0.186609
v 0.132809 -0.041093 -0.182530
v 0.128909 -0.032454 -0.185913
v 0.148451 -0.072224 -0.125896
v 0.142095 -0.074766 -0.140476
v 0.160665 -0.069035 -0.135901
v 0.145247 -0.076660 -0.132623
v 0.151334 -0.075624 -0.133336
v 0.151931 -0.073021 -0.139020
v 0.156027 -0.073333 -0.129967
v 0.149349 -0.027553 -0.185491
v 0.161306 -0.037106 -0.178496
v 0.142737 -0.042837 -0.183072
v 0.156767 -0.032454 -0.184625
v 0.152128 -0.036351 -0.185754
v 0.152572 -0.041093 -0.181616
v 0.146179 -0.035722 -0.187234
v 0.160961 -0.063215 -0.119475
v 0.162653 -0.067603 -0.134880
v 0.172191 -0.053092 -0.125028
v 0.163276 -0.068113 -0.126246
v 0.167641 -0.063879 -0.124965
v 0.168740 -0.060916 -0.130393
v 0.168813 -0.059689 -0.120527
v 0.159076 -0.020548 -0.180498
v 0.170844 -0.022595 -0.168645
v 0.161306 -0.037106 -0.178496
v 0.167069 -0.020677 -0.176511
v 0.165998 -0.026362 -0.178635
v 0.167393 -0.030419 -0.174009
v 0.161631 -0.028951 -0.182129
v 0.163444 -0.049412 -0.110409
v 0.172585 -0.050898 -0.123587
v 0.168628 -0.034396 -0.113069
v 0.170252 -0.051691 -0.115274
v 0.170879 -0.045885 -0.113146
v 0.172077 -0.042370 -0.118211
v 0.167955 -0.042111 -0.109167
v 0.161008 -0.009814 -0.173448
v 0.166887 -0.006094 -0.158126
v 0.170844 -0.022595 -0.168645
v 0.165779 -0.005901 -0.166989
v 0.168752 -0.011058 -0.168583
v 0.170336 -0.014067 -0.163268
v 0.168035 -0.015310 -0.172986
v 0.154740 -0.037275 -0.102940
v 0.167245 -0.032467 -0.111882
v 0.151645 -0.021697 -0.105618
v 0.162911 -0.035078 -0.104839
v 0.159532 -0.030061 -0.103409
v 0.160381 -0.026060 -0.108175
v 0.153855 -0.028825 -0.101203
v 0.154239 -0.000376 -0.167640
v 0.151287 0.004677 -0.151863
v 0.166887 -0.006094 -0.158126
v 0.153499 0.004960 -0.160513
v 0.159101 0.002399 -0.160302
v 0.160023 0.000314 -0.154419
v 0.162395 -0.001182 -0.164084
v 0.142343 0.003714 -0.163366
v 0.150412 0.012183 -0.169526
v 0.134029 0.012183 -0.169190
v 0.147085 0.008968 -0.164117
v 0.142319 0.010732 -0.164553
v 0.142228 0.013358 -0.168988
v 0.137575 0.008968 -0.163922
v 0.140884 0.026090 -0.234394
v 0.132911 0.029320 -0.223589
v 0.149294 0.029320 -0.223926
v 0.136300 0.029838 -0.230070
v 0.141004 0.030906 -0.228548
v 0.141110 0.030495 -0.223387
v 0.145641 0.029838 -0.230262
v 0.128804 -0.000854 -0.164903
v 0.131349 0.011279 -0.169494
v 0.118720 0.001489 -0.173123
v 0.129465 0.006232 -0.164842
v 0.124858 0.004841 -0.166534
v 0.124250 0.007292 -0.171028
v 0.122133 0.000549 -0.166949
v 0.130842 0.022702 -0.235534
v 0.120281 0.019531 -0.227218
v 0.132911 0.029320 -0.223589
v 0.124078 0.022563 -0.232709
v 0.126687 0.026076 -0.230173
v 0.125812 0.025333 -0.225123
v 0.131279 0.028144 -0.230640
v 0.121525 -0.012421 -0.169348
v 0.117279 -0.000800 -0.174003
v 0.114312 -0.015797 -0.179900
v 0.117774 -0.006379 -0.169612
v 0.115472 -0.010076 -0.172267
v 0.114586 -0.008067 -0.176931
v 0.116051 -0.015085 -0.173035
v 0.125444 0.014124 -0.238831
v 0.117314 0.004533 -0.233115
v 0.120281 0.019531 -0.227218
v 0.119687 0.009722 -0.237720
v 0.118991 0.013845 -0.234874
v 0.117587 0.012263 -0.230147
v 0.121379 0.018273 -0.234358
v 0.123913 -0.025575 -0.174623
v 0.114784 -0.018400 -0.180944
v 0.122868 -0.031589 -0.186349
v 0.117481 -0.022964 -0.176194
v 0.118551 -0.027039 -0.179070
v 0.117756 -0.025532 -0.183935
v 0.122174 -0.030620 -0.179332
v 0.127215 0.004369 -0.242743
v 0.125397 -0.008656 -0.238521
v 0.117314 0.004533 -0.233115
v 0.125181 -0.002676 -0.242758
v 0.121515 -0.000064 -0.240451
v 0.120285 -0.002599 -0.236106
v 0.120572 0.004844 -0.239676
v 0.134850 -0.034161 -0.178259
v 0.125033 -0.033288 -0.187069
v 0.140385 -0.038497 -0.189453
v 0.128725 -0.035762 -0.181510
v 0.132655 -0.038111 -0.183758
v 0.132278 -0.036932 -0.188762
v 0.137637 -0.038786 -0.182894
v 0.135326 -0.001999 -0.245439
v 0.140750 -0.013864 -0.240906
v 0.125397 -0.008656 -0.238521
v 0.137991 -0.008829 -0.245466
v 0.133080 -0.009143 -0.244296
v 0.132643 -0.012300 -0.240214
v 0.129237 -0.005860 -0.244107
v 0.149219 -0.034161 -0.178554
v 0.143228 -0.038497 -0.189512
v 0.158666 -0.033288 -0.187760
v 0.146243 -0.038786 -0.183071
v 0.151185 -0.038111 -0.184139
v 0.151357 -0.036932 -0.189154
v 0.155205 -0.035763 -0.182054
v 0.145982 -0.001999 -0.245658
v 0.156187 -0.008656 -0.239154
v 0.140750 -0.013864 -0.240906
v 0.152121 -0.005860 -0.244577
v 0.148274 -0.009143 -0.244608
v 0.148878 -0.012300 -0.240548
v 0.143319 -0.008829 -0.245576
v 0.160296 -0.025575 -0.175371
v 0.160858 -0.031589 -0.187130
v 0.169157 -0.018400 -0.182061
v 0.161839 -0.030620 -0.180148
v 0.165470 -0.027039 -0.180034
v 0.166065 -0.025532 -0.184928
v 0.166657 -0.022964 -0.177205
v 0.154197 0.004369 -0.243297
v 0.164486 0.004533 -0.234085
v 0.156187 -0.008656 -0.239154
v 0.160961 0.004844 -0.240506
v 0.159986 -0.000064 -0.241242
v 0.161394 -0.002599 -0.236951
v 0.156229 -0.002676 -0.243397
v 0.162898 -0.012421 -0.170199
v 0.169672 -0.015797 -0.181038
v 0.166949 -0.000800 -0.175024
v 0.168216 -0.015085 -0.174107
v 0.168826 -0.010076 -0.173364
v 0.169520 -0.008067 -0.178060
v 0.166636 -0.006379 -0.170616
v 0.156127 0.014124 -0.239462
v 0.161764 0.019531 -0.228071
v 0.164486 0.004533 -0.234085
v 0.160373 0.018273 -0.235159
v 0.162738 0.013845 -0.235773
v 0.164335 0.012263 -0.231107
v 0.161926 0.009722 -0.238588
v 0.155808 -0.000854 -0.165458
v 0.165546 0.001489 -0.174085
v 0.153076 0.011278 -0.169940
v 0.162389 0.000549 -0.167776
v 0.159683 0.004841 -0.167250
v 0.160106 0.007292 -0.171765
v 0.155150 0.006232 -0.165370
v 0.150869 0.022702 -0.235946
v 0.149294 0.029320 -0.223926
v 0.161764 0.019531 -0.228071
v 0.150634 0.028144 -0.231038
v 0.155241 0.026076 -0.230760
v 0.156324 0.025333 -0.225750
v 0.157744 0.022563 -0.233401
v 0.140746 0.026636 -0.230956
v 0.147353 0.032378 -0.236446
v 0.134554 0.032378 -0.236910
v 0.144504 0.030599 -0.232012
v 0.140812 0.031889 -0.232788
v 0.140948 0.033332 -0.236547
v 0.137074 0.030599 -0.232281
v 0.143416 0.036807 -0.304694
v 0.136735 0.040688 -0.297155
v 0.149534 0.040688 -0.296691
v 0.139667 0.040249 -0.302059
v 0.143276 0.041283 -0.300820
v 0.143130 0.041641 -0.296791
v 0.146965 0.040249 -0.301795
v 0.129467 0.022607 -0.232223
v 0.131712 0.031363 -0.237229
v 0.121970 0.023311 -0.239299
v 0.130014 0.028077 -0.233074
v 0.126487 0.026772 -0.234397
v 0.126221 0.028071 -0.238202
v 0.124358 0.023403 -0.234276
v 0.135615 0.034020 -0.305570
v 0.126992 0.032636 -0.299224
v 0.136735 0.040688 -0.297155
v 0.130211 0.034264 -0.303677
v 0.132152 0.037310 -0.302070
v 0.131244 0.037396 -0.298127
v 0.135766 0.038855 -0.302497
v 0.123527 0.012406 -0.234614
v 0.120473 0.020741 -0.239901
v 0.118346 0.008405 -0.242608
v 0.120640 0.017017 -0.235772
v 0.118943 0.013815 -0.237433
v 0.118466 0.014751 -0.241322
v 0.119405 0.009856 -0.237343
v 0.131506 0.026964 -0.307224
v 0.124865 0.020299 -0.301931
v 0.126992 0.032636 -0.299224
v 0.126944 0.023702 -0.306048
v 0.126295 0.027249 -0.304428
v 0.124985 0.026645 -0.300646
v 0.128157 0.030736 -0.304504
v 0.125707 0.000805 -0.237008
v 0.118895 0.005483 -0.243211
v 0.125378 -0.005365 -0.245289
v 0.120769 0.002595 -0.238842
v 0.121711 -0.000919 -0.240474
v 0.121312 -0.000396 -0.244449
v 0.124533 -0.003703 -0.240048
v 0.133014 0.018940 -0.308880
v 0.131348 0.009451 -0.304009
v 0.124865 0.020299 -0.301931
v 0.131394 0.013504 -0.308061
v 0.128444 0.015809 -0.306789
v 0.127282 0.014420 -0.303169
v 0.127697 0.019690 -0.306876
v 0.134986 -0.006767 -0.238286
v 0.127716 -0.007273 -0.245611
v 0.139776 -0.011557 -0.246088
v 0.130341 -0.008443 -0.240849
v 0.133496 -0.010536 -0.242098
v 0.133427 -0.010283 -0.246118
v 0.137342 -0.010930 -0.241125
v 0.139432 0.013703 -0.309764
v 0.143409 0.005167 -0.304486
v 0.131348 0.009451 -0.304009
v 0.141480 0.008443 -0.308775
v 0.137595 0.008341 -0.308050
v 0.137059 0.006441 -0.304516
v 0.134603 0.010886 -0.308503
v 0.147022 -0.006767 -0.237851
v 0.142808 -0.011557 -0.245978
v 0.154802 -0.007273 -0.244630
v 0.144876 -0.010930 -0.240853
v 0.148783 -0.010536 -0.241544
v 0.149143 -0.010283 -0.245549
v 0.151839 -0.008443 -0.240070
v 0.147757 0.013703 -0.309463
v 0.155403 0.009451 -0.303138
v 0.143409 0.005167 -0.304486
v 0.152482 0.010886 -0.307855
v 0.149465 0.008341 -0.307620
v 0.149743 0.006441 -0.304057
v 0.145643 0.008443 -0.308624
v 0.156183 0.000805 -0.235904
v 0.157110 -0.005365 -0.244140
v 0.163426 0.005483 -0.241599
v 0.157574 -0.003703 -0.238852
v 0.160420 -0.000919 -0.239072
v 0.161105 -0.000396 -0.243008
v 0.161241 0.002595 -0.237376
v 0.154094 0.018940 -0.308117
v 0.161719 0.020299 -0.300597
v 0.155403 0.009451 -0.303138
v 0.159252 0.019690 -0.305733
v 0.158500 0.015809 -0.305701
v 0.159398 0.014420 -0.302006
v 0.155650 0.013504 -0.307182
v 0.158184 0.012406 -0.233359
v 0.163930 0.008405 -0.240957
v 0.161612 0.020741 -0.238411
v 0.162493 0.009856 -0.235783
v 0.162960 0.013815 -0.235839
v 0.163718 0.014751 -0.239684
v 0.161148 0.017017 -0.234305
v 0.155478 0.026964 -0.306356
v 0.159401 0.032636 -0.298051
v 0.161719 0.020299 -0.300597
v 0.158622 0.030736 -0.303401
v 0.160473 0.027249 -0.303190
v 0.161507 0.026645 -0.299323
v 0.159943 0.023702 -0.304853
v 0.152087 0.022607 -0.231404
v 0.160077 0.023311 -0.237919
v 0.150210 0.031363 -0.236559
v 0.157331 0.023403 -0.233082
v 0.155217 0.026772 -0.233357
v 0.155757 0.028071 -0.237132
v 0.151603 0.028077 -0.232292
v 0.151261 0.034020 -0.305004
v 0.149534 0.040688 -0.296691
v 0.159401 0.032636 -0.298050
v 0.150887 0.038855 -0.301950
v 0.154461 0.037310 -0.301263
v 0.155082 0.037396 -0.297264
v 0.156513 0.034264 -0.302725
v 0.143298 0.037862 -0.301429
v 0.148144 0.041046 -0.306101
v 0.138925 0.041046 -0.306546
v 0.146043 0.040475 -0.302735
v 0.143398 0.041287 -0.303509
v 0.143537 0.041738 -0.306374
v 0.140692 0.040475 -0.302993
v 0.146880 0.032392 -0.375626
v 0.142035 0.036297 -0.370958
v 0.151253 0.036297 -0.370513
v 0.144183 0.035234 -0.374321
v 0.146781 0.036129 -0.373571
v 0.146647 0.036989 -0.370787
v 0.149439 0.035234 -0.374068
v 0.134178 0.034539 -0.301868
v 0.135899 0.039943 -0.306691
v 0.128838 0.034011 -0.307029
v 0.134619 0.038262 -0.303285
v 0.132078 0.037163 -0.304054
v 0.131927 0.037507 -0.306932
v 0.130519 0.034818 -0.303481
v 0.141246 0.030338 -0.375897
v 0.134973 0.030364 -0.371296
v 0.142035 0.036297 -0.370958
v 0.137339 0.030824 -0.374649
v 0.138747 0.033202 -0.373957
v 0.138062 0.033861 -0.371200
v 0.141366 0.034207 -0.374457
v 0.129325 0.026124 -0.302097
v 0.127227 0.031219 -0.307105
v 0.125626 0.022130 -0.307177
v 0.127288 0.029215 -0.303634
v 0.126055 0.026718 -0.304339
v 0.125749 0.026795 -0.307224
v 0.126358 0.023939 -0.303676
v 0.138248 0.025140 -0.376038
v 0.133372 0.021276 -0.371368
v 0.134973 0.030365 -0.371296
v 0.134927 0.023043 -0.374761
v 0.134473 0.025790 -0.374159
v 0.133494 0.025940 -0.371416
v 0.135840 0.028225 -0.374720
v 0.131010 0.016555 -0.302011
v 0.126186 0.018955 -0.307148
v 0.130794 0.010963 -0.306921
v 0.127480 0.017567 -0.303618
v 0.128146 0.014841 -0.304231
v 0.127894 0.014613 -0.307114
v 0.130156 0.012927 -0.303486
v 0.139289 0.019228 -0.375985
v 0.137981 0.013283 -0.371141
v 0.133372 0.021276 -0.371368
v 0.138076 0.015529 -0.374605
v 0.135957 0.017361 -0.374083
v 0.135080 0.016933 -0.371334
v 0.135448 0.020087 -0.374735
v 0.138445 0.010310 -0.301648
v 0.133261 0.008891 -0.306801
v 0.141923 0.005734 -0.306381
v 0.135107 0.008768 -0.303245
v 0.137374 0.007088 -0.303781
v 0.137358 0.006662 -0.306653
v 0.140135 0.006936 -0.303001
v 0.143882 0.015369 -0.375761
v 0.146643 0.010127 -0.370721
v 0.137981 0.013283 -0.371141
v 0.145312 0.011800 -0.374254
v 0.142506 0.011859 -0.373764
v 0.142078 0.011054 -0.370993
v 0.140372 0.013600 -0.374493
v 0.148150 0.010310 -0.301180
v 0.145143 0.005734 -0.306226
v 0.153806 0.008891 -0.305809
v 0.146598 0.006936 -0.302689
v 0.149421 0.007088 -0.303199
v 0.149713 0.006662 -0.306056
v 0.151626 0.008768 -0.302447
v 0.149878 0.015369 -0.375471
v 0.155306 0.013283 -0.370305
v 0.146643 0.010127 -0.370721
v 0.153249 0.013600 -0.373871
v 0.151055 0.011859 -0.373351
v 0.151214 0.011054 -0.370552
v 0.148310 0.011800 -0.374109
v 0.155585 0.016555 -0.300824
v 0.156273 0.010963 -0.305691
v 0.160882 0.018955 -0.305473
v 0.156577 0.012927 -0.302210
v 0.158649 0.014841 -0.302758
v 0.159178 0.014613 -0.305604
v 0.159253 0.017567 -0.302084
v 0.154471 0.019228 -0.375252
v 0.159915 0.021276 -0.370087
v 0.155306 0.013283 -0.370305
v 0.158174 0.020087 -0.373637
v 0.157604 0.017361 -0.373038
v 0.158212 0.016933 -0.370217
v 0.155545 0.015529 -0.373762
v 0.157270 0.026124 -0.300748
v 0.161441 0.022130 -0.305448
v 0.159841 0.031219 -0.305530
v 0.160375 0.023939 -0.302033
v 0.160741 0.026718 -0.302664
v 0.161324 0.026795 -0.305507
v 0.159446 0.029215 -0.302081
v 0.155512 0.025140 -0.375205
v 0.158315 0.030365 -0.370169
v 0.159915 0.021276 -0.370087
v 0.157782 0.028225 -0.373661
v 0.159089 0.025790 -0.372971
v 0.159798 0.025940 -0.370146
v 0.158694 0.023043 -0.373614
v 0.152418 0.034539 -0.300987
v 0.158231 0.034011 -0.305610
v 0.151169 0.039943 -0.305954
v 0.156215 0.034818 -0.302240
v 0.154718 0.037163 -0.302961
v 0.155147 0.037507 -0.305811
v 0.152116 0.038262 -0.302440
v 0.152515 0.030338 -0.375352
v 0.151253 0.036297 -0.370513
v 0.158315 0.030365 -0.370169
v 0.152256 0.034207 -0.373931
v 0.154814 0.033202 -0.373181
v 0.155231 0.033861 -0.370371
v 0.156283 0.030824 -0.373735
v 0.143799 0.020011 -0.346435
v 0.149268 0.027887 -0.349326
v 0.137726 0.027246 -0.349763
v 0.146964 0.024269 -0.346194
v 0.143484 0.025641 -0.346373
v 0.143420 0.028491 -0.348873
v 0.140172 0.023891 -0.346451
v 0.143717 0.043699 -0.379052
v 0.137670 0.043390 -0.371991
v 0.149212 0.044031 -0.371554
v 0.139457 0.044763 -0.376364
v 0.143426 0.045980 -0.374721
v 0.143342 0.044998 -0.371063
v 0.147618 0.045217 -0.376056
v 0.138601 0.017447 -0.347886
v 0.137726 0.027246 -0.349763
v 0.131133 0.018943 -0.354390
v 0.137574 0.022610 -0.347177
v 0.134533 0.021226 -0.348872
v 0.133495 0.023596 -0.351644
v 0.133694 0.017724 -0.349900
v 0.134744 0.039274 -0.381557
v 0.128504 0.033817 -0.377336
v 0.135097 0.042121 -0.372709
v 0.130340 0.036695 -0.380880
v 0.131360 0.040028 -0.378090
v 0.130590 0.038708 -0.374624
v 0.135002 0.042566 -0.377608
v 0.137663 0.012284 -0.350741
v 0.131133 0.018943 -0.354390
v 0.134454 0.009230 -0.359724
v 0.133225 0.015142 -0.351327
v 0.132918 0.012334 -0.353788
v 0.131704 0.013736 -0.357096
v 0.135180 0.009426 -0.354466
v 0.133126 0.030360 -0.386485
v 0.131362 0.021549 -0.384083
v 0.128040 0.031262 -0.378749
v 0.131885 0.025401 -0.387098
v 0.129184 0.028041 -0.384718
v 0.128289 0.026039 -0.381628
v 0.129537 0.032270 -0.383327
v 0.141692 0.008408 -0.352850
v 0.134454 0.009230 -0.359724
v 0.145188 0.005421 -0.361747
v 0.137194 0.007488 -0.355520
v 0.139855 0.005661 -0.357419
v 0.139397 0.006335 -0.361123
v 0.143510 0.005247 -0.356711
v 0.140080 0.023670 -0.390125
v 0.144089 0.015822 -0.387150
v 0.133355 0.019631 -0.385126
v 0.142928 0.019387 -0.390336
v 0.138535 0.019045 -0.389613
v 0.138173 0.016531 -0.386802
v 0.135338 0.022080 -0.388906
v 0.147653 0.008739 -0.352624
v 0.145188 0.005421 -0.361747
v 0.155252 0.010385 -0.358937
v 0.146491 0.005413 -0.356598
v 0.150120 0.006231 -0.357031
v 0.150779 0.006967 -0.360692
v 0.152413 0.008333 -0.354945
v 0.150370 0.024241 -0.389736
v 0.157104 0.020950 -0.384228
v 0.147040 0.015986 -0.387038
v 0.155153 0.023180 -0.388156
v 0.152373 0.019813 -0.389089
v 0.152798 0.017343 -0.386249
v 0.148036 0.019670 -0.390143
v 0.151058 0.013027 -0.350234
v 0.155252 0.010385 -0.358937
v 0.157068 0.020383 -0.353409
v 0.154115 0.010478 -0.353750
v 0.155984 0.013615 -0.352916
v 0.157281 0.015156 -0.356129
v 0.155184 0.016361 -0.350497
v 0.156247 0.031644 -0.385611
v 0.160604 0.033070 -0.377518
v 0.158789 0.023072 -0.383046
v 0.159355 0.033926 -0.382199
v 0.160277 0.029768 -0.383542
v 0.161152 0.027864 -0.380385
v 0.158071 0.026856 -0.386108
v 0.149342 0.018044 -0.347480
v 0.157068 0.020383 -0.353409
v 0.149268 0.027887 -0.349326
v 0.154326 0.018869 -0.349120
v 0.153030 0.022254 -0.348172
v 0.154006 0.024735 -0.350869
v 0.149736 0.023285 -0.346717
v 0.153286 0.040303 -0.380856
v 0.151955 0.043057 -0.372071
v 0.159756 0.035553 -0.376154
v 0.152369 0.043531 -0.376951
v 0.156295 0.041413 -0.377147
v 0.156944 0.040172 -0.373627
v 0.157885 0.038225 -0.379838
v 0.068577 -0.225369 0.005868
v 0.068544 -0.234060 0.009366
v 0.067440 -0.229710 0.007618
v 0.076889 -0.220910 0.004056
v 0.068668 -0.225223 0.005809
v 0.072203 -0.222164 0.004571
v 0.085077 -0.225288 0.005801
v 0.076889 -0.220910 0.004056
v 0.081565 -0.222201 0.004566
v 0.085134 -0.234126 0.009357
v 0.085167 -0.225435 0.005860
v 0.086271 -0.229785 0.007608
v 0.076822 -0.238585 0.011169
v 0.085043 -0.234272 0.009416
v 0.081508 -0.237331 0.010654
v 0.068634 -0.234206 0.009424
v 0.076822 -0.238585 0.011169
v 0.072146 -0.237293 0.010659
v 0.074154 -0.224320 0.033624
v 0.074187 -0.215628 0.030126
v 0.073148 -0.219800 0.032298
v 0.074270 -0.215496 0.030033
v 0.081775 -0.212426 0.025184
v 0.077498 -0.212971 0.027465
v 0.081775 -0.212426 0.025184
v 0.089248 -0.218048 0.023833
v 0.086043 -0.214427 0.023928
v 0.089330 -0.218208 0.023858
v 0.089297 -0.226899 0.027355
v 0.090336 -0.222728 0.025183
v 0.089213 -0.227031 0.027449
v 0.081708 -0.230101 0.032297
v 0.085986 -0.229556 0.030016
v 0.081708 -0.230101 0.032297
v 0.074236 -0.224480 0.033648
v 0.077441 -0.228101 0.033553
v 0.089911 -0.216308 0.053681
v 0.089944 -0.207616 0.050184
v 0.089180 -0.211648 0.052705
v 0.090005 -0.207496 0.050062
v 0.095500 -0.205448 0.042654
v 0.092369 -0.205410 0.046395
v 0.095500 -0.205448 0.042654
v 0.100961 -0.212092 0.038744
v 0.098620 -0.208032 0.039937
v 0.101021 -0.212264 0.038740
v 0.100988 -0.220955 0.042237
v 0.101753 -0.216923 0.039716
v 0.100927 -0.221076 0.042359
v 0.095433 -0.223123 0.049767
v 0.098563 -0.223162 0.046026
v 0.095433 -0.223123 0.049767
v 0.089971 -0.216479 0.053677
v 0.092312 -0.220539 0.052484
v 0.113091 -0.211410 0.066070
v 0.113124 -0.202719 0.062573
v 0.112763 -0.206665 0.065310
v 0.113153 -0.202605 0.062434
v 0.115689 -0.201182 0.053445
v 0.114246 -0.200787 0.058088
v 0.115689 -0.201182 0.053445
v 0.118192 -0.208451 0.047954
v 0.117122 -0.204123 0.049826
v 0.118220 -0.208630 0.047932
v 0.118187 -0.217321 0.051430
v 0.118547 -0.213374 0.048692
v 0.118158 -0.217435 0.051569
v 0.115622 -0.218857 0.060558
v 0.117065 -0.219252 0.055914
v 0.115622 -0.218857 0.060558
v 0.113118 -0.211589 0.066049
v 0.114189 -0.215917 0.064176
v 0.139686 -0.210473 0.068649
v 0.139718 -0.201782 0.065152
v 0.139821 -0.205712 0.067934
v 0.139709 -0.201669 0.065009
v 0.138852 -0.200366 0.055691
v 0.139346 -0.199903 0.060522
v 0.138852 -0.200366 0.055691
v 0.137962 -0.207755 0.049871
v 0.138349 -0.203375 0.051885
v 0.137952 -0.207934 0.049845
v 0.137919 -0.216626 0.053343
v 0.137816 -0.212696 0.050561
v 0.137928 -0.216738 0.053486
v 0.138785 -0.218041 0.062804
v 0.138291 -0.218505 0.057973
v 0.138785 -0.218041 0.062804
v 0.139675 -0.210653 0.068624
v 0.139288 -0.215032 0.066610
v 0.165096 -0.213659 0.060972
v 0.165129 -0.204968 0.057474
v 0.165675 -0.208953 0.060123
v 0.165084 -0.204851 0.057342
v 0.160984 -0.203141 0.049004
v 0.163328 -0.202910 0.053276
v 0.160984 -0.203141 0.049004
v 0.156851 -0.210123 0.044163
v 0.158631 -0.205918 0.045756
v 0.156805 -0.210298 0.044149
v 0.156772 -0.218990 0.047647
v 0.156227 -0.215004 0.044998
v 0.156817 -0.219107 0.047778
v 0.160917 -0.220816 0.056117
v 0.158573 -0.221047 0.051845
v 0.160917 -0.220816 0.056117
v 0.165050 -0.213834 0.060957
v 0.163271 -0.218039 0.059364
v 0.184929 -0.220417 0.044365
v 0.184962 -0.211725 0.040867
v 0.185853 -0.215829 0.043227
v 0.184889 -0.211599 0.040759
v 0.178258 -0.209027 0.034540
v 0.182046 -0.209288 0.037603
v 0.178258 -0.209027 0.034540
v 0.171595 -0.215147 0.031818
v 0.174461 -0.211312 0.032502
v 0.171520 -0.215312 0.031828
v 0.171487 -0.224004 0.035325
v 0.170596 -0.219900 0.032966
v 0.171561 -0.224130 0.035433
v 0.178191 -0.226702 0.041653
v 0.174403 -0.226441 0.038590
v 0.178191 -0.226702 0.041653
v 0.184855 -0.220583 0.044374
v 0.181989 -0.224417 0.043691
v 0.195755 -0.229578 0.021701
v 0.195788 -0.220887 0.018204
v 0.196868 -0.225150 0.020168
v 0.195699 -0.220747 0.018127
v 0.187687 -0.217006 0.014800
v 0.192263 -0.217934 0.016213
v 0.187687 -0.217006 0.014800
v 0.179642 -0.221957 0.014971
v 0.183102 -0.218624 0.014412
v 0.179553 -0.222110 0.015012
v 0.179520 -0.230801 0.018509
v 0.178440 -0.226538 0.016545
v 0.179608 -0.230940 0.018586
v 0.187620 -0.234681 0.021913
v 0.183044 -0.233754 0.020500
v 0.187620 -0.234681 0.021913
v 0.195665 -0.229731 0.021742
v 0.192206 -0.233064 0.022301
v 0.195702 -0.239559 -0.003102
v 0.195735 -0.230867 -0.006599
v 0.196814 -0.235304 -0.005067
v 0.195647 -0.230714 -0.006640
v 0.187641 -0.225699 -0.006802
v 0.192214 -0.227354 -0.007196
v 0.187641 -0.225699 -0.006802
v 0.179603 -0.229376 -0.003467
v 0.183060 -0.226591 -0.005385
v 0.179514 -0.229515 -0.003391
v 0.179481 -0.238206 0.000107
v 0.178402 -0.233769 -0.001425
v 0.179569 -0.238360 0.000148
v 0.187574 -0.243374 0.000310
v 0.183002 -0.241720 0.000703
v 0.187574 -0.243374 0.000310
v 0.195613 -0.239698 -0.003025
v 0.192156 -0.242483 -0.001107
v 0.184780 -0.248633 -0.025754
v 0.184813 -0.239942 -0.029252
v 0.185701 -0.244537 -0.028114
v 0.184740 -0.239775 -0.029261
v 0.178128 -0.233603 -0.026533
v 0.181905 -0.235918 -0.028575
v 0.178128 -0.233603 -0.026533
v 0.171484 -0.236122 -0.020306
v 0.174342 -0.233833 -0.023466
v 0.171410 -0.236248 -0.020198
v 0.171377 -0.244939 -0.016701
v 0.170488 -0.240344 -0.017838
v 0.171450 -0.245105 -0.016691
v 0.178061 -0.251278 -0.019420
v 0.174284 -0.248963 -0.017377
v 0.178061 -0.251278 -0.019420
v 0.184706 -0.248759 -0.025646
v 0.181848 -0.251047 -0.022487
v 0.164876 -0.255232 -0.042340
v 0.164909 -0.246541 -0.045838
v 0.165451 -0.251251 -0.044989
v 0.164864 -0.246365 -0.045824
v 0.160793 -0.239350 -0.040979
v 0.163120 -0.242146 -0.044229
v 0.160793 -0.239350 -0.040979
v 0.156688 -0.241027 -0.032636
v 0.158455 -0.239101 -0.036704
v 0.156642 -0.241144 -0.032504
v 0.156609 -0.249835 -0.029007
v 0.156067 -0.245125 -0.029855
v 0.156654 -0.250011 -0.029021
v 0.160726 -0.257025 -0.033866
v 0.158398 -0.254230 -0.030616
v 0.160726 -0.257025 -0.033866
v 0.164830 -0.255349 -0.042208
v 0.163063 -0.257275 -0.038140
v 0.139433 -0.258215 -0.049992
v 0.139466 -0.249523 -0.053489
v 0.139564 -0.254285 -0.052774
v 0.139457 -0.249343 -0.053464
v 0.138632 -0.241948 -0.047643
v 0.139107 -0.244961 -0.051450
v 0.138632 -0.241948 -0.047643
v 0.137774 -0.243244 -0.038324
v 0.138147 -0.241481 -0.042811
v 0.137764 -0.243357 -0.038181
v 0.137731 -0.252048 -0.034684
v 0.137633 -0.247286 -0.035399
v 0.137740 -0.252228 -0.034709
v 0.138565 -0.259623 -0.040530
v 0.138090 -0.256610 -0.036723
v 0.138565 -0.259623 -0.040530
v 0.139423 -0.258327 -0.049849
v 0.139050 -0.260090 -0.045361
v 0.112850 -0.257065 -0.047385
v 0.112883 -0.248374 -0.050883
v 0.112518 -0.253116 -0.050122
v 0.112911 -0.248195 -0.050861
v 0.115479 -0.240947 -0.045372
v 0.114018 -0.243876 -0.048990
v 0.115479 -0.240947 -0.045372
v 0.118013 -0.242390 -0.036386
v 0.116929 -0.240564 -0.040731
v 0.118041 -0.242504 -0.036247
v 0.118008 -0.251195 -0.032750
v 0.118372 -0.246453 -0.033510
v 0.117979 -0.251373 -0.032771
v 0.115412 -0.258622 -0.038260
v 0.116872 -0.255693 -0.034643
v 0.115412 -0.258622 -0.038260
v 0.112877 -0.257179 -0.047246
v 0.113961 -0.259005 -0.042902
v 0.089723 -0.251982 -0.034972
v 0.089756 -0.243291 -0.038469
v 0.088988 -0.247944 -0.037492
v 0.089817 -0.243120 -0.038465
v 0.095335 -0.236520 -0.034561
v 0.092191 -0.239079 -0.037274
v 0.095335 -0.236520 -0.034561
v 0.100821 -0.238611 -0.027158
v 0.098470 -0.236506 -0.030823
v 0.100881 -0.238732 -0.027037
v 0.100848 -0.247424 -0.023539
v 0.101616 -0.242770 -0.024516
v 0.100787 -0.247595 -0.023543
v 0.095268 -0.254195 -0.027448
v 0.098412 -0.251636 -0.024735
v 0.095268 -0.254195 -0.027448
v 0.089783 -0.252103 -0.034850
v 0.092134 -0.254208 -0.031186
v 0.074051 -0.243845 -0.014898
v 0.074084 -0.235153 -0.018395
v 0.073043 -0.239665 -0.017069
v 0.074167 -0.234994 -0.018420
v 0.081685 -0.229432 -0.017077
v 0.077400 -0.231399 -0.018329
v 0.081685 -0.229432 -0.017077
v 0.089171 -0.232562 -0.012236
v 0.085961 -0.230011 -0.014800
v 0.089253 -0.232695 -0.012143
v 0.089220 -0.241386 -0.008645
v 0.090261 -0.236875 -0.009972
v 0.089137 -0.241546 -0.008621
v 0.081618 -0.247107 -0.009964
v 0.085904 -0.245141 -0.008712
v 0.081618 -0.247107 -0.009964
v 0.074133 -0.243977 -0.014805
v 0.077343 -0.246528 -0.012240
v 0.008843 -0.053450 0.004632
v 0.008851 -0.060865 0.005639
v 0.007721 -0.057161 0.005119
v 0.016121 -0.051036 0.004416
v 0.008934 -0.053326 0.004616
v 0.012163 -0.051116 0.004366
v 0.020599 -0.056999 0.005296
v 0.016121 -0.051036 0.004416
v 0.019285 -0.053373 0.004783
v 0.016134 -0.063234 0.006074
v 0.020599 -0.057243 0.005329
v 0.019294 -0.060877 0.005803
v 0.008942 -0.060989 0.005658
v 0.016134 -0.063234 0.006074
v 0.012176 -0.063179 0.006005
v 0.013929 -0.057890 0.027491
v 0.013921 -0.050475 0.026483
v 0.012920 -0.054115 0.027491
v 0.014002 -0.050357 0.026426
v 0.020417 -0.048519 0.022903
v 0.016884 -0.048350 0.024682
v 0.020417 -0.048519 0.022903
v 0.024415 -0.054763 0.021716
v 0.023242 -0.051055 0.021808
v 0.024415 -0.055008 0.021749
v 0.020430 -0.060717 0.024561
v 0.023250 -0.058559 0.022828
v 0.020430 -0.060717 0.024561
v 0.014010 -0.058020 0.027467
v 0.016897 -0.060413 0.026321
v 0.028674 -0.055563 0.044500
v 0.028666 -0.048148 0.043492
v 0.028016 -0.051732 0.044905
v 0.028718 -0.048033 0.043402
v 0.032891 -0.046550 0.037292
v 0.030593 -0.046186 0.040495
v 0.032891 -0.046550 0.037292
v 0.035494 -0.053014 0.034496
v 0.034730 -0.049241 0.035060
v 0.035494 -0.053259 0.034530
v 0.032904 -0.058748 0.038950
v 0.034738 -0.056746 0.036080
v 0.032904 -0.058748 0.038950
v 0.028727 -0.055697 0.044444
v 0.030606 -0.058249 0.042135
v 0.049708 -0.054416 0.052770
v 0.049700 -0.047001 0.051762
v 0.049551 -0.050558 0.053371
v 0.049712 -0.046889 0.051656
v 0.050686 -0.045579 0.044288
v 0.050148 -0.045120 0.048184
v 0.050686 -0.045579 0.044288
v 0.051299 -0.052152 0.040710
v 0.051118 -0.048348 0.041503
v 0.051300 -0.052397 0.040743
v 0.050699 -0.057778 0.045946
v 0.051126 -0.055852 0.042523
v 0.050699 -0.057778 0.045946
v 0.049720 -0.054552 0.052697
v 0.050162 -0.057183 0.049823
v 0.072213 -0.054712 0.050406
v 0.072204 -0.047297 0.049398
v 0.072592 -0.050862 0.050951
v 0.072173 -0.047185 0.049296
v 0.069725 -0.045830 0.042288
v 0.071071 -0.045395 0.045986
v 0.069725 -0.045830 0.042288
v 0.068210 -0.052375 0.038934
v 0.068651 -0.048579 0.039661
v 0.068210 -0.052620 0.038967
v 0.069738 -0.058029 0.043946
v 0.068659 -0.056083 0.040681
v 0.069738 -0.058029 0.043946
v 0.072182 -0.054848 0.050338
v 0.071085 -0.057458 0.047625
v 0.091032 -0.056384 0.037949
v 0.091024 -0.048969 0.036941
v 0.091859 -0.052574 0.038198
v 0.090957 -0.048854 0.036864
v 0.085646 -0.047245 0.031750
v 0.088568 -0.046950 0.034405
v 0.085646 -0.047245 0.031750
v 0.082351 -0.053632 0.029574
v 0.083314 -0.049882 0.029956
v 0.082351 -0.053876 0.029607
v 0.085659 -0.059443 0.033408
v 0.083322 -0.057386 0.030976
v 0.085659 -0.059443 0.033408
v 0.090965 -0.056517 0.037905
v 0.088581 -0.059013 0.036044
v 0.101855 -0.059049 0.018254
v 0.101847 -0.051634 0.017246
v 0.102940 -0.055302 0.018034
v 0.101759 -0.051513 0.017207
v 0.094802 -0.049499 0.015088
v 0.098631 -0.049427 0.016094
v 0.094802 -0.049499 0.015088
v 0.090484 -0.055634 0.014775
v 0.091746 -0.051958 0.014611
v 0.090484 -0.055878 0.014808
v 0.094816 -0.061698 0.016746
v 0.091755 -0.059462 0.015631
v 0.094816 -0.061698 0.016746
v 0.101768 -0.059176 0.018248
v 0.098644 -0.061490 0.017733
v 0.102203 -0.062096 -0.004168
v 0.102195 -0.054681 -0.005175
v 0.103296 -0.058421 -0.004922
v 0.102106 -0.054554 -0.005172
v 0.095096 -0.052076 -0.003880
v 0.098954 -0.052260 -0.004752
v 0.095096 -0.052076 -0.003880
v 0.090745 -0.057923 -0.002073
v 0.092017 -0.054331 -0.002858
v 0.090745 -0.058168 -0.002040
v 0.095110 -0.064275 -0.002223
v 0.092025 -0.061836 -0.001838
v 0.095110 -0.064275 -0.002223
v 0.102114 -0.062217 -0.004131
v 0.098967 -0.064323 -0.003113
v 0.091995 -0.064826 -0.024180
v 0.091987 -0.057411 -0.025187
v 0.092845 -0.061217 -0.025411
v 0.091917 -0.057279 -0.025145
v 0.086460 -0.054387 -0.020810
v 0.089463 -0.054798 -0.023357
v 0.086460 -0.054387 -0.020810
v 0.083074 -0.059975 -0.017110
v 0.084064 -0.056459 -0.018449
v 0.083074 -0.060219 -0.017077
v 0.086474 -0.066585 -0.019153
v 0.084072 -0.063963 -0.017430
v 0.086474 -0.066585 -0.019153
v 0.091926 -0.064943 -0.024104
v 0.089476 -0.066862 -0.021718
v 0.073570 -0.066616 -0.037197
v 0.073562 -0.059201 -0.038205
v 0.073981 -0.063049 -0.038738
v 0.073528 -0.059065 -0.038138
v 0.070873 -0.055900 -0.031823
v 0.072333 -0.056462 -0.035460
v 0.070873 -0.055900 -0.031823
v 0.069229 -0.061319 -0.026892
v 0.069709 -0.057853 -0.028592
v 0.069230 -0.061564 -0.026859
v 0.070886 -0.068099 -0.030165
v 0.069717 -0.065357 -0.027572
v 0.070886 -0.068099 -0.030165
v 0.073536 -0.066728 -0.037096
v 0.072346 -0.068525 -0.033821
v 0.051149 -0.067053 -0.040238
v 0.051141 -0.059638 -0.041246
v 0.051026 -0.063497 -0.041852
v 0.051150 -0.059502 -0.041173
v 0.051905 -0.056271 -0.034396
v 0.051488 -0.056869 -0.038287
v 0.051905 -0.056271 -0.034396
v 0.052382 -0.061648 -0.029177
v 0.052240 -0.058194 -0.030961
v 0.052382 -0.061893 -0.029144
v 0.051918 -0.068469 -0.032738
v 0.052249 -0.065699 -0.029941
v 0.051918 -0.068469 -0.032738
v 0.051159 -0.067165 -0.040132
v 0.051501 -0.068932 -0.036648
v 0.029868 -0.066040 -0.032606
v 0.029860 -0.058625 -0.033614
v 0.029239 -0.062459 -0.034038
v 0.029911 -0.058490 -0.033556
v 0.033902 -0.055413 -0.027939
v 0.031703 -0.055927 -0.031192
v 0.033902 -0.055413 -0.027939
v 0.036392 -0.060887 -0.023442
v 0.035660 -0.057404 -0.025015
v 0.036392 -0.061131 -0.023409
v 0.033915 -0.067612 -0.026281
v 0.035669 -0.064909 -0.023995
v 0.033915 -0.067612 -0.026281
v 0.029919 -0.066154 -0.032514
v 0.031717 -0.067990 -0.029552
v 0.014603 -0.063806 -0.016049
v 0.014595 -0.056391 -0.017057
v 0.013610 -0.060173 -0.017087
v 0.014675 -0.056261 -0.017031
v 0.020987 -0.053524 -0.013932
v 0.017511 -0.053850 -0.015798
v 0.020987 -0.053524 -0.013932
v 0.024922 -0.059209 -0.011001
v 0.023767 -0.055664 -0.012115
v 0.024922 -0.059453 -0.010968
v 0.021001 -0.065722 -0.012274
v 0.023775 -0.063169 -0.011095
v 0.021001 -0.065722 -0.012274
v 0.014683 -0.063925 -0.015989
v 0.017524 -0.065913 -0.014159
v -0.081230 0.110248 -0.006434
v -0.081337 0.103922 -0.008118
v -0.082269 0.107098 -0.007263
v -0.074826 0.112203 -0.005973
v -0.081149 0.110353 -0.006407
v -0.078290 0.112192 -0.005944
v -0.070999 0.107051 -0.007380
v -0.074826 0.112203 -0.005973
v -0.072093 0.110164 -0.006541
v -0.075001 0.101795 -0.008742
v -0.071003 0.106842 -0.007435
v -0.072201 0.103760 -0.008245
v -0.081259 0.103815 -0.008147
v -0.075001 0.101795 -0.008742
v -0.078463 0.101899 -0.008682
v -0.077466 0.099971 0.006484
v -0.077360 0.106298 0.008167
v -0.078281 0.103029 0.007779
v -0.077288 0.106413 0.008158
v -0.071711 0.109025 0.005777
v -0.074764 0.108594 0.007356
v -0.071711 0.109025 0.005777
v -0.068349 0.104346 0.002618
v -0.069307 0.107320 0.003970
v -0.068352 0.104137 0.002563
v -0.071887 0.098616 0.003007
v -0.069415 0.100917 0.002266
v -0.071887 0.098616 0.003007
v -0.077398 0.099874 0.006419
v -0.074938 0.098301 0.004617
v -0.067011 0.096826 0.017645
v -0.066904 0.103152 0.019328
v -0.067510 0.099788 0.019277
v -0.066858 0.103275 0.019292
v -0.063297 0.106493 0.014758
v -0.065240 0.105729 0.017522
v -0.063297 0.106493 0.014758
v -0.061189 0.102192 0.010261
v -0.061780 0.105055 0.012004
v -0.061193 0.101983 0.010205
v -0.063473 0.096085 0.011989
v -0.061888 0.098652 0.010301
v -0.063473 0.096085 0.011989
v -0.066968 0.096736 0.017552
v -0.065414 0.095436 0.014784
v -0.052365 0.095205 0.022808
v -0.052258 0.101532 0.024491
v -0.052422 0.098118 0.024596
v -0.052248 0.101658 0.024443
v -0.051512 0.105189 0.018913
v -0.051900 0.104252 0.022225
v -0.051512 0.105189 0.018913
v -0.051161 0.101082 0.013796
v -0.051237 0.103889 0.015721
v -0.051165 0.100874 0.013741
v -0.051688 0.094781 0.016144
v -0.051345 0.097485 0.014018
v -0.051688 0.094781 0.016144
v -0.052358 0.095119 0.022703
v -0.052074 0.093960 0.019487
v -0.036885 0.095480 0.020792
v -0.036778 0.101807 0.022475
v -0.036474 0.098402 0.022519
v -0.036805 0.101933 0.022431
v -0.039055 0.105411 0.017290
v -0.037800 0.104503 0.020388
v -0.039055 0.105411 0.017290
v -0.040561 0.101271 0.012415
v -0.040093 0.104087 0.014270
v -0.040565 0.101062 0.012360
v -0.039231 0.095002 0.014521
v -0.040201 0.097684 0.012566
v -0.039231 0.095002 0.014521
v -0.036915 0.095394 0.020692
v -0.037973 0.094211 0.017650
v -0.024116 0.097589 0.012057
v -0.024009 0.103916 0.013740
v -0.023319 0.100574 0.013520
v -0.024067 0.104036 0.013718
v -0.028781 0.107108 0.010261
v -0.026169 0.106424 0.012432
v -0.028781 0.107108 0.010261
v -0.031818 0.102715 0.006434
v -0.030901 0.105605 0.007982
v -0.031822 0.102506 0.006379
v -0.028956 0.096699 0.007492
v -0.031009 0.099202 0.006278
v -0.028956 0.096699 0.007492
v -0.024178 0.097497 0.011978
v -0.026343 0.096131 0.009694
v -0.016984 0.101048 -0.001395
v -0.016877 0.107374 0.000288
v -0.015972 0.104138 -0.000338
v -0.016953 0.107486 0.000299
v -0.023042 0.109891 -0.000563
v -0.019673 0.109574 0.000179
v -0.023042 0.109891 -0.000563
v -0.026935 0.105083 -0.002777
v -0.025767 0.108095 -0.001702
v -0.026938 0.104874 -0.002832
v -0.023217 0.099482 -0.003333
v -0.025875 0.101692 -0.003405
v -0.023217 0.099482 -0.003333
v -0.017063 0.100948 -0.001441
v -0.019846 0.099282 -0.002559
v -0.017123 0.105064 -0.016483
v -0.017016 0.111391 -0.014800
v -0.016115 0.108275 -0.015881
v -0.017091 0.111493 -0.014752
v -0.023153 0.113123 -0.012704
v -0.019799 0.113233 -0.013563
v -0.023153 0.113123 -0.012704
v -0.027030 0.107833 -0.013108
v -0.025867 0.110986 -0.012563
v -0.027033 0.107625 -0.013163
v -0.023329 0.102714 -0.015473
v -0.025975 0.104583 -0.014266
v -0.023329 0.102714 -0.015473
v -0.017202 0.104954 -0.016492
v -0.019973 0.102940 -0.016302
v -0.024500 0.108718 -0.029749
v -0.024393 0.115045 -0.028066
v -0.023715 0.112040 -0.029549
v -0.024451 0.115138 -0.027986
v -0.029090 0.116063 -0.023380
v -0.026519 0.116561 -0.025648
v -0.029090 0.116063 -0.023380
v -0.032081 0.110335 -0.022192
v -0.031178 0.113617 -0.022113
v -0.032085 0.110127 -0.022247
v -0.029265 0.105655 -0.026149
v -0.031286 0.107213 -0.023817
v -0.029265 0.105655 -0.026149
v -0.024561 0.108600 -0.029726
v -0.026693 0.106269 -0.028386
v -0.037427 0.111173 -0.038156
v -0.037320 0.117500 -0.036473
v -0.037032 0.114569 -0.038209
v -0.037346 0.117587 -0.036372
v -0.039491 0.118038 -0.030144
v -0.038293 0.118797 -0.033305
v -0.039491 0.118038 -0.030144
v -0.040932 0.112016 -0.027948
v -0.040483 0.115384 -0.028165
v -0.040936 0.111807 -0.028003
v -0.039667 0.107630 -0.032914
v -0.040591 0.108980 -0.029868
v -0.039667 0.107630 -0.032914
v -0.037456 0.111048 -0.038112
v -0.038467 0.108505 -0.036043
v -0.052940 0.111866 -0.039777
v -0.052834 0.118193 -0.038093
v -0.053014 0.115282 -0.039879
v -0.052822 0.118278 -0.037989
v -0.051975 0.118596 -0.031448
v -0.052424 0.119428 -0.034781
v -0.051975 0.118596 -0.031448
v -0.051555 0.112490 -0.029058
v -0.051651 0.115882 -0.029331
v -0.051559 0.112282 -0.029113
v -0.052151 0.108188 -0.034218
v -0.051759 0.109479 -0.031035
v -0.052151 0.108188 -0.034218
v -0.052932 0.111739 -0.039729
v -0.052598 0.109136 -0.037519
v -0.067488 0.110638 -0.034240
v -0.067381 0.116965 -0.032557
v -0.068001 0.114018 -0.034175
v -0.067333 0.117053 -0.032466
v -0.063681 0.117608 -0.026993
v -0.065675 0.118310 -0.029738
v -0.063681 0.117608 -0.026993
v -0.061516 0.111650 -0.025266
v -0.062123 0.114998 -0.025346
v -0.061520 0.111441 -0.025322
v -0.063857 0.107200 -0.029762
v -0.062231 0.108595 -0.027049
v -0.063857 0.107200 -0.029762
v -0.067444 0.110515 -0.034205
v -0.065848 0.108017 -0.032476
v -0.077736 0.107771 -0.022815
v -0.077629 0.114098 -0.021131
v -0.078559 0.111064 -0.022404
v -0.077556 0.114193 -0.021068
v -0.071928 0.115301 -0.017799
v -0.075009 0.115699 -0.019331
v -0.071928 0.115301 -0.017799
v -0.068533 0.109687 -0.017443
v -0.069500 0.112935 -0.017121
v -0.068537 0.109478 -0.017499
v -0.072103 0.104893 -0.020568
v -0.069608 0.106531 -0.018824
v -0.072103 0.104893 -0.020568
v -0.077667 0.107655 -0.022808
v -0.075183 0.105406 -0.022069
vn 0.0718 -0.5844 0.8083
vn 0.1694 0.1552 0.9733
vn -0.1135 0.1552 0.9813
vn -0.0407 0.9937 0.1045
vn -0.1218 0.6935 0.7101
vn 0.1622 0.6935 0.7020
vn -0.2750 -0.6195 0.7352
vn -0.4846 0.1030 0.8686
vn -0.7061 0.0322 0.7074
vn -0.3441 0.9388 -0.0167
vn -0.6882 0.5740 0.4437
vn -0.4659 0.6451 0.6056
vn -0.4887 -0.7326 0.4738
vn -0.9107 -0.0999 0.4009
vn -0.9671 -0.2084 0.1457
vn -0.4910 0.8217 -0.2894
vn -0.9345 0.3426 -0.0965
vn -0.8778 0.4516 0.1596
vn -0.4692 -0.8709 0.1462
vn -0.9093 -0.3586 -0.2111
vn -0.7743 -0.4540 -0.4407
vn -0.4127 0.6972 -0.5862
vn -0.7454 0.1076 -0.6578
vn -0.8809 0.2034 -0.4273
vn -0.2258 -0.9696 -0.0943
vn -0.4813 -0.5520 -0.6809
vn -0.2180 -0.5897 -0.7776
vn -0.1459 0.6235 -0.7681
vn -0.2094 -0.0212 -0.9776
vn -0.4737 0.0167 -0.8805
vn 0.1278 -0.9826 -0.1350
vn 0.1732 -0.5897 -0.7888
vn 0.4416 -0.5520 -0.7073
vn 0.1846 0.6351 -0.7500
vn 0.4226 0.0167 -0.9061
vn 0.1532 -0.0212 -0.9880
vn 0.4260 -0.9037 0.0430
vn 0.7479 -0.4540 -0.4843
vn 0.8958 -0.3586 -0.2627
vn 0.4242 0.7267 -0.5404
vn 0.8551 0.2034 -0.4769
vn 0.7066 0.1075 -0.6994
vn 0.5293 -0.7700 0.3564
vn 0.9739 -0.2084 0.0902
vn 0.9321 -0.0999 0.3482
vn 0.4607 0.8552 -0.2373
vn 0.8855 0.4516 0.1092
vn 0.9275 0.3426 -0.1498
vn 0.3894 -0.6439 0.6586
vn 0.7454 0.0322 0.6658
vn 0.5335 0.1030 0.8395
vn 0.2771 0.9607 0.0173
vn 0.4997 0.6451 0.5780
vn 0.7125 0.5740 0.4037
vn -0.2960 0.0443 0.9542
vn -0.1139 -0.7043 0.7007
vn -0.2903 0.7307 0.6179
vn -0.1286 0.9911 -0.0351
vn 0.1738 0.4506 0.8757
vn -0.1235 0.4506 0.8842
vn -0.7310 0.3235 0.6009
vn -0.4982 0.3979 0.7703
vn -0.8019 -0.1175 0.5858
vn -0.3234 -0.7713 0.5482
vn -0.7722 0.5765 0.2670
vn -0.3282 0.9272 -0.1804
vn -0.9968 0.0761 0.0233
vn -0.9375 0.1901 0.2914
vn -0.9308 -0.3655 0.0030
vn -0.3768 -0.8740 0.3068
vn -0.8951 0.3403 -0.2882
vn -0.3791 0.8294 -0.4104
vn -0.7966 -0.1759 -0.5783
vn -0.9385 -0.0756 -0.3370
vn -0.6225 -0.5835 -0.5215
vn -0.2491 -0.9643 0.0895
vn -0.6014 0.1325 -0.7879
vn -0.2574 0.7433 -0.6174
vn -0.2241 -0.3145 -0.9225
vn -0.5007 -0.2748 -0.8208
vn -0.0212 -0.6696 -0.7424
vn -0.0001 -1.0000 -0.0020
vn -0.0286 0.0505 -0.9983
vn -0.0201 0.7093 -0.7046
vn 0.4530 -0.2748 -0.8481
vn 0.1710 -0.3145 -0.9337
vn 0.5917 -0.5835 -0.5562
vn 0.2538 -0.9643 0.0751
vn 0.5554 0.1325 -0.8210
vn 0.2217 0.7433 -0.6311
vn 0.9177 -0.0756 -0.3900
vn 0.7623 -0.1759 -0.6229
vn 0.9295 -0.3655 -0.0502
vn 0.3937 -0.8740 0.2847
vn 0.8772 0.3403 -0.3388
vn 0.3550 0.8294 -0.4314
vn 0.9526 0.1901 0.2374
vn 0.9965 0.0761 -0.0337
vn 0.8340 -0.1175 0.5390
vn 0.3542 -0.7713 0.5288
vn 0.7862 0.5765 0.2225
vn 0.3173 0.9272 -0.1989
vn 0.5414 0.3979 0.7406
vn 0.7641 0.3235 0.5581
vn 0.3501 0.0443 0.9357
vn 0.1537 -0.7043 0.6931
vn 0.3252 0.7307 0.6003
vn 0.1264 0.9911 -0.0424
vn 0.0111 -0.9210 0.3894
vn -0.3172 0.4283 0.8462
vn 0.3650 0.4283 0.8266
vn -0.0111 0.9210 -0.3894
vn -0.8513 0.2574 0.4573
vn -0.9874 -0.0044 -0.1581
vn -0.6619 -0.2346 -0.7119
vn -0.0270 -0.3255 -0.9451
vn 0.6201 -0.2346 -0.7486
vn 0.9768 -0.0044 -0.2143
vn 0.8760 0.2574 0.4079
vn 0.0045 -0.4244 0.9054
vn 0.0958 0.3334 0.9379
vn -0.1868 0.3334 0.9241
vn -0.0396 0.9956 -0.0844
vn -0.1695 0.8122 0.5582
vn 0.1143 0.8122 0.5721
vn -0.3360 -0.4742 0.8137
vn -0.5487 0.2594 0.7948
vn -0.7578 0.1587 0.6328
vn -0.3333 0.9177 -0.2163
vn -0.7149 0.6425 0.2758
vn -0.5050 0.7435 0.4383
vn -0.5301 -0.6349 0.5621
vn -0.9395 -0.0288 0.3413
vn -0.9773 -0.1830 0.1070
vn -0.4599 0.7514 -0.4732
vn -0.9213 0.3139 -0.2297
vn -0.8834 0.4687 0.0055
vn -0.4869 -0.8313 0.2681
vn -0.8937 -0.3962 -0.2104
vn -0.7424 -0.5318 -0.4074
vn -0.3603 0.5745 -0.7349
vn -0.6919 -0.0199 -0.7217
vn -0.8438 0.1162 -0.5239
vn -0.2266 -0.9715 0.0695
vn -0.4328 -0.6710 -0.6021
vn -0.1632 -0.7246 -0.6696
vn -0.0811 0.4699 -0.8790
vn -0.1342 -0.2027 -0.9700
vn -0.4048 -0.1490 -0.9022
vn 0.1289 -0.9899 0.0591
vn 0.2277 -0.7246 -0.6505
vn 0.4894 -0.6710 -0.5570
vn 0.2472 0.4864 -0.8380
vn 0.4908 -0.1490 -0.8584
vn 0.2281 -0.2027 -0.9523
vn 0.4133 -0.8779 0.2419
vn 0.7786 -0.5318 -0.3331
vn 0.9100 -0.3962 -0.1223
vn 0.4708 0.6164 -0.6312
vn 0.8909 0.1162 -0.4392
vn 0.7590 -0.0199 -0.6508
vn 0.4935 -0.6879 0.5322
vn 0.9622 -0.1830 0.2018
vn 0.9018 -0.0288 0.4312
vn 0.4852 0.7990 -0.3552
vn 0.8786 0.4687 0.0916
vn 0.9393 0.3139 -0.1388
vn 0.3321 -0.5088 0.7942
vn 0.6925 0.1587 0.7037
vn 0.4686 0.2594 0.8445
vn 0.2836 0.9488 -0.1393
vn 0.4599 0.7435 0.4855
vn 0.6847 0.6425 0.3441
vn -0.3677 0.2185 0.9039
vn -0.1735 -0.5631 0.8080
vn -0.3301 0.8308 0.4481
vn -0.1166 0.9668 -0.2275
vn 0.1104 0.6057 0.7880
vn -0.1867 0.6057 0.7735
vn -0.7718 0.4252 0.4728
vn -0.5521 0.5309 0.6429
vn -0.8454 -0.0114 0.5341
vn -0.3713 -0.6583 0.6548
vn -0.7852 0.6118 0.0957
vn -0.3051 0.8761 -0.3734
vn -0.9950 0.0738 -0.0678
vn -0.9553 0.2358 0.1784
vn -0.9316 -0.3635 -0.0010
vn -0.4071 -0.8042 0.4332
vn -0.8673 0.2763 -0.4140
vn -0.3391 0.7371 -0.5845
vn -0.7516 -0.2840 -0.5953
vn -0.9106 -0.1416 -0.3883
vn -0.5861 -0.6732 -0.4509
vn -0.2639 -0.9324 0.2468
vn -0.5381 -0.0187 -0.8426
vn -0.2027 0.6149 -0.7621
vn -0.1557 -0.4809 -0.8629
vn -0.4389 -0.4246 -0.7919
vn 0.0296 -0.7955 -0.6052
vn -0.0089 -0.9831 0.1829
vn 0.0483 -0.1352 -0.9896
vn 0.0402 0.5666 -0.8230
vn 0.5140 -0.4246 -0.7453
vn 0.2390 -0.4809 -0.8436
vn 0.6272 -0.6732 -0.3917
vn 0.2386 -0.9324 0.2713
vn 0.6177 -0.0187 -0.7862
vn 0.2760 0.6149 -0.7387
vn 0.9441 -0.1415 -0.2977
vn 0.8061 -0.2840 -0.5192
vn 0.9272 -0.3635 0.0898
vn 0.3629 -0.8042 0.4708
vn 0.9035 0.2763 -0.3275
vn 0.3944 0.7371 -0.5487
vn 0.9334 0.2358 0.2706
vn 0.9968 0.0738 0.0295
vn 0.7893 -0.0114 0.6139
vn 0.3057 -0.6583 0.6879
vn 0.7721 0.6118 0.1718
vn 0.3400 0.8761 -0.3419
vn 0.4868 0.5309 0.6937
vn 0.7221 0.4252 0.5457
vn 0.2779 0.2185 0.9354
vn 0.0939 -0.5631 0.8211
vn 0.2849 0.8308 0.4781
vn 0.1382 0.9668 -0.2150
vn -0.0270 -0.8330 0.5526
vn -0.3771 0.5757 0.7255
vn 0.3046 0.5757 0.7588
vn 0.0270 0.8330 -0.5526
vn -0.8814 0.3331 0.3350
vn -0.9724 -0.0388 -0.2299
vn -0.6076 -0.3658 -0.7050
vn 0.0424 -0.4949 -0.8679
vn 0.6734 -0.3658 -0.6424
vn 0.9902 -0.0388 -0.1341
vn 0.8445 0.3331 0.4193
vn 0.0792 -0.2139 0.9736
vn 0.1676 0.5314 0.8304
vn -0.1153 0.5314 0.8393
vn -0.0531 0.9528 -0.2991
vn -0.1303 0.9172 0.3764
vn 0.1536 0.9172 0.3675
vn -0.2672 -0.2791 0.9224
vn -0.4858 0.4345 0.7585
vn -0.7064 0.3028 0.6398
vn -0.3557 0.8508 -0.3869
vn -0.6953 0.6952 0.1824
vn -0.4738 0.8274 0.3015
vn -0.4794 -0.4893 0.7285
vn -0.9093 0.0575 0.4122
vn -0.9644 -0.1443 0.2215
vn -0.5012 0.6332 -0.5898
vn -0.9387 0.2653 -0.2200
vn -0.8834 0.4678 -0.0286
vn -0.4583 -0.7462 0.4828
vn -0.9048 -0.4233 -0.0464
vn -0.7687 -0.6006 -0.2199
vn -0.4214 0.4018 -0.8130
vn -0.7468 -0.1714 -0.6426
vn -0.8835 0.0067 -0.4684
vn -0.2137 -0.9296 0.3002
vn -0.4745 -0.7827 -0.4027
vn -0.2108 -0.8528 -0.4778
vn -0.1538 0.2649 -0.9519
vn -0.2093 -0.4106 -0.8875
vn -0.4741 -0.3402 -0.8121
vn 0.1400 -0.9537 0.2662
vn 0.1804 -0.8528 -0.4901
vn 0.4483 -0.7827 -0.4317
vn 0.1766 0.2865 -0.9417
vn 0.4223 -0.3402 -0.8402
vn 0.1533 -0.4106 -0.8988
vn 0.4372 -0.8072 0.3966
vn 0.7534 -0.6006 -0.2676
vn 0.9001 -0.4233 -0.1030
vn 0.4150 0.4566 -0.7869
vn 0.8524 0.0067 -0.5228
vn 0.7051 -0.1714 -0.6881
vn 0.5389 -0.5586 0.6305
vn 0.9764 -0.1443 0.1607
vn 0.9333 0.0575 0.3544
vn 0.4500 0.6955 -0.5602
vn 0.8798 0.4678 -0.0839
vn 0.9231 0.2653 -0.2784
vn 0.3975 -0.3243 0.8584
vn 0.7450 0.3028 0.5943
vn 0.5323 0.4345 0.7266
vn 0.2651 0.8914 -0.3675
vn 0.4917 0.8274 0.2713
vn 0.7053 0.6952 0.1385
vn -0.2964 0.4168 0.8593
vn -0.1050 -0.3687 0.9236
vn -0.2993 0.9128 0.2779
vn -0.1409 0.8938 -0.4257
vn 0.1683 0.7636 0.6234
vn -0.1289 0.7636 0.6327
vn -0.7349 0.5274 0.4264
vn -0.5030 0.6658 0.5511
vn -0.8003 0.1161 0.5883
vn -0.3137 -0.4933 0.8113
vn -0.7793 0.6263 0.0197
vn -0.3398 0.7752 -0.5326
vn -0.9977 0.0677 -0.0038
vn -0.9398 0.2797 0.1966
vn -0.9262 -0.3447 0.1529
vn -0.3659 -0.6841 0.6310
vn -0.8993 0.1874 -0.3951
vn -0.3895 0.5934 -0.7044
vn -0.7945 -0.4004 -0.4566
vn -0.9375 -0.2140 -0.2743
vn -0.6153 -0.7498 -0.2433
vn -0.2371 -0.8520 0.4669
vn -0.6031 -0.1986 -0.7725
vn -0.2668 0.4335 -0.8608
vn -0.2203 -0.6579 -0.7202
vn -0.4974 -0.5843 -0.6413
vn -0.0130 -0.9098 -0.4148
vn 0.0124 -0.9182 0.3958
vn -0.0293 -0.3510 -0.9359
vn -0.0291 0.3703 -0.9284
vn 0.4562 -0.5843 -0.6712
vn 0.1747 -0.6579 -0.7326
vn 0.5988 -0.7498 -0.2813
vn 0.2658 -0.8520 0.4511
vn 0.5535 -0.1986 -0.8088
vn 0.2123 0.4335 -0.8758
vn 0.9185 -0.2140 -0.3325
vn 0.7643 -0.4004 -0.5055
vn 0.9339 -0.3447 0.0946
vn 0.4046 -0.6841 0.6068
vn 0.8728 0.1874 -0.4507
vn 0.3446 0.5934 -0.7274
vn 0.9502 0.2797 0.1373
vn 0.9955 0.0677 -0.0662
vn 0.8355 0.1160 0.5371
vn 0.3639 -0.4933 0.7901
vn 0.7790 0.6263 -0.0291
vn 0.3057 0.7752 -0.5528
vn 0.5366 0.6658 0.5185
vn 0.7601 0.5274 0.3796
vn 0.3496 0.4168 0.8391
vn 0.1626 -0.3687 0.9152
vn 0.3161 0.9128 0.2586
vn 0.1140 0.8938 -0.4337
vn 0.0227 -0.6900 0.7235
vn -0.3223 0.7258 0.6077
vn 0.3598 0.7258 0.5863
vn -0.0227 0.6900 -0.7235
vn -0.8543 0.4083 0.3215
vn -0.9873 -0.0781 -0.1383
vn -0.6590 -0.5059 -0.5565
vn -0.0231 -0.6749 -0.7376
vn 0.6229 -0.5059 -0.5967
vn 0.9767 -0.0781 -0.1998
vn 0.8728 0.4083 0.2674
vn 0.0025 -0.0292 0.9996
vn 0.1080 0.6771 0.7279
vn -0.1747 0.6771 0.7148
vn -0.0218 0.8804 -0.4737
vn -0.1509 0.9704 0.1887
vn 0.1329 0.9704 0.2018
vn -0.3395 -0.1047 0.9348
vn -0.5387 0.5648 0.6252
vn -0.7507 0.4121 0.5163
vn -0.3177 0.7622 -0.5640
vn -0.7012 0.7129 -0.0037
vn -0.4884 0.8662 0.1056
vn -0.5380 -0.3485 0.7675
vn -0.9377 0.1276 0.3232
vn -0.9798 -0.1063 0.1696
vn -0.4491 0.5099 -0.7337
vn -0.9168 0.2144 -0.3369
vn -0.8745 0.4492 -0.1827
vn -0.5003 -0.6464 0.5761
vn -0.9022 -0.4298 -0.0366
vn -0.7547 -0.6355 -0.1632
vn -0.3544 0.2416 -0.9033
vn -0.6968 -0.2920 -0.6552
vn -0.8449 -0.0855 -0.5281
vn -0.2440 -0.8590 0.4500
vn -0.4489 -0.8466 -0.2860
vn -0.1808 -0.9278 -0.3263
vn -0.0780 0.0829 -0.9935
vn -0.1442 -0.5693 -0.8094
vn -0.4133 -0.4877 -0.7690
vn 0.1110 -0.8870 0.4483
vn 0.2102 -0.9278 -0.3082
vn 0.4734 -0.8466 -0.2433
vn 0.2507 0.1079 -0.9620
vn 0.4825 -0.4877 -0.7276
vn 0.2183 -0.5692 -0.7927
vn 0.3986 -0.7171 0.5718
vn 0.7665 -0.6355 -0.0928
vn 0.9017 -0.4298 0.0468
vn 0.4780 0.3051 -0.8236
vn 0.8900 -0.0855 -0.4479
vn 0.7543 -0.2920 -0.5881
vn 0.4842 -0.4289 0.7627
vn 0.9599 -0.1063 0.2593
vn 0.9038 0.1276 0.4084
vn 0.4975 0.5821 -0.6431
vn 0.8877 0.4492 -0.1012
vn 0.9440 0.2144 -0.2509
vn 0.3277 -0.1572 0.9316
vn 0.6999 0.4121 0.5834
vn 0.4787 0.5648 0.6722
vn 0.3001 0.8093 -0.5049
vn 0.4766 0.8662 0.1502
vn 0.6986 0.7129 0.0611
vn -0.3578 0.5672 0.7418
vn -0.1786 -0.1917 0.9651
vn -0.3119 0.9467 0.0800
vn -0.1002 0.7986 -0.5935
vn 0.1266 0.8669 0.4821
vn -0.1705 0.8669 0.4684
vn -0.7608 0.5931 0.2635
vn -0.5381 0.7535 0.3778
vn -0.8420 0.2185 0.4933
vn -0.3792 -0.3361 0.8621
vn -0.7732 0.6146 -0.1567
vn -0.2913 0.6610 -0.6916
vn -0.9939 0.0600 -0.0930
vn -0.9496 0.3058 0.0684
vn -0.9381 -0.3157 0.1424
vn -0.4190 -0.5574 0.7168
vn -0.8647 0.1056 -0.4910
vn -0.3292 0.4502 -0.8301
vn -0.7605 -0.4828 -0.4342
vn -0.9155 -0.2666 -0.3012
vn -0.6012 -0.7855 -0.1467
vn -0.2795 -0.7520 0.5970
vn -0.5438 -0.3419 -0.7664
vn -0.1963 0.2648 -0.9441
vn -0.1700 -0.7813 -0.6005
vn -0.4517 -0.6960 -0.5582
vn 0.0110 -0.9710 -0.2387
vn -0.0258 -0.8288 0.5589
vn 0.0395 -0.5187 -0.8541
vn 0.0453 0.1916 -0.9804
vn 0.5013 -0.6960 -0.5141
vn 0.2247 -0.7813 -0.5823
vn 0.6122 -0.7855 -0.0906
vn 0.2232 -0.7520 0.6203
vn 0.6122 -0.3419 -0.7129
vn 0.2826 0.2648 -0.9220
vn 0.9394 -0.2666 -0.2154
vn 0.7974 -0.4828 -0.3622
vn 0.9210 -0.3157 0.2284
vn 0.3511 -0.5574 0.7524
vn 0.9064 0.1056 -0.4091
vn 0.4044 0.4502 -0.7961
vn 0.9393 0.3058 0.1558
vn 0.9982 0.0600 -0.0009
vn 0.7929 0.2185 0.5689
vn 0.2980 -0.3361 0.8934
vn 0.7843 0.6146 -0.0847
vn 0.3539 0.6610 -0.6618
vn 0.5009 0.7535 0.4258
vn 0.7333 0.5931 0.3326
vn 0.2878 0.5672 0.7717
vn 0.0888 -0.1917 0.9774
vn 0.3032 0.9467 0.1085
vn 0.1546 0.7986 -0.5817
vn -0.0388 -0.5437 0.8384
vn -0.3617 0.8241 0.4360
vn 0.3200 0.8241 0.4675
vn 0.0388 0.5437 -0.8384
vn -0.8729 0.4559 0.1736
vn -0.9744 -0.1081 -0.1969
vn -0.6187 -0.6042 -0.5021
vn 0.0277 -0.8001 -0.5993
vn 0.6624 -0.6042 -0.4429
vn 0.9885 -0.1081 -0.1062
vn 0.8532 0.4559 0.2534
vn 0.0689 0.1666 0.9836
vn 0.1533 0.8052 0.5728
vn -0.1296 0.8052 0.5786
vn -0.0568 0.7711 -0.6341
vn -0.1420 0.9899 0.0049
vn 0.1421 0.9899 -0.0009
vn -0.2763 0.0829 0.9575
vn -0.4984 0.6808 0.5368
vn -0.7165 0.5118 0.4741
vn -0.3575 0.6402 -0.6800
vn -0.7028 0.7048 -0.0968
vn -0.4838 0.8745 -0.0339
vn -0.4845 -0.1870 0.8545
vn -0.9147 0.1967 0.3530
vn -0.9659 -0.0623 0.2512
vn -0.4988 0.3608 -0.7881
vn -0.9380 0.1528 -0.3113
vn -0.8865 0.4128 -0.2090
vn -0.4584 -0.5169 0.7230
vn -0.9009 -0.4205 0.1076
vn -0.7613 -0.6482 0.0142
vn -0.4145 0.0637 -0.9078
vn -0.7375 -0.4080 -0.5381
vn -0.8777 -0.1793 -0.4444
vn -0.2102 -0.7524 0.6243
vn -0.4635 -0.8821 -0.0848
vn -0.1983 -0.9720 -0.1260
vn -0.1441 -0.1121 -0.9832
vn -0.1952 -0.7150 -0.6713
vn -0.4614 -0.6247 -0.6299
vn 0.1440 -0.7833 0.6047
vn 0.1930 -0.9720 -0.1340
vn 0.4596 -0.8821 -0.1038
vn 0.1859 -0.0843 -0.9789
vn 0.4352 -0.6247 -0.6483
vn 0.1675 -0.7150 -0.6787
vn 0.4385 -0.5952 0.6734
vn 0.7612 -0.6482 -0.0171
vn 0.9046 -0.4205 0.0704
vn 0.4211 0.1341 -0.8970
vn 0.8587 -0.1793 -0.4801
vn 0.7148 -0.4080 -0.5680
vn 0.5354 -0.2760 0.7982
vn 0.9754 -0.0623 0.2113
vn 0.9284 0.1967 0.3152
vn 0.4515 0.4408 -0.7758
vn 0.8772 0.4128 -0.2453
vn 0.9244 0.1528 -0.3495
vn 0.3894 0.0248 0.9207
vn 0.7353 0.5118 0.4443
vn 0.5200 0.6808 0.5159
vn 0.2627 0.6924 -0.6720
vn 0.4820 0.8745 -0.0537
vn 0.6982 0.7048 -0.1256
vn -0.3101 0.7043 0.6386
vn -0.1135 0.0021 0.9935
vn -0.3097 0.9469 -0.0862
vn -0.1426 0.6681 -0.7302
vn 0.1548 0.9432 0.2940
vn -0.1426 0.9432 0.3001
vn -0.7441 0.6399 0.1920
vn -0.5149 0.8176 0.2578
vn -0.8083 0.3182 0.4954
vn -0.3198 -0.1578 0.9342
vn -0.7843 0.5791 -0.2226
vn -0.3391 0.5158 -0.7867
vn -0.9981 0.0497 -0.0373
vn -0.9442 0.3219 0.0697
vn -0.9253 -0.2733 0.2628
vn -0.3683 -0.4028 0.8379
vn -0.8958 0.0155 -0.4442
vn -0.3853 0.2823 -0.8785
vn -0.7857 -0.5514 -0.2805
vn -0.9324 -0.3120 -0.1824
vn -0.6065 -0.7936 0.0496
vn -0.2362 -0.6183 0.7496
vn -0.5920 -0.4801 -0.6473
vn -0.2595 0.0771 -0.9627
vn -0.2063 -0.8820 -0.4237
vn -0.4850 -0.7875 -0.3804
vn -0.0009 -0.9990 -0.0445
vn 0.0146 -0.7034 0.7106
vn -0.0151 -0.6758 -0.7369
vn -0.0205 -0.0040 -0.9998
vn 0.4689 -0.7875 -0.4000
vn 0.1888 -0.8820 -0.4318
vn 0.6080 -0.7936 0.0246
vn 0.2668 -0.6183 0.7392
vn 0.5649 -0.4801 -0.6711
vn 0.2197 0.0771 -0.9725
vn 0.9241 -0.3120 -0.2205
vn 0.7735 -0.5514 -0.3125
vn 0.9353 -0.2734 0.2246
vn 0.4024 -0.4028 0.8221
vn 0.8768 0.0155 -0.4806
vn 0.3489 0.2823 -0.8936
vn 0.9463 0.3219 0.0308
vn 0.9957 0.0497 -0.0783
vn 0.8279 0.3182 0.4618
vn 0.3579 -0.1578 0.9203
vn 0.7745 0.5791 -0.2546
vn 0.3065 0.5158 -0.8000
vn 0.5250 0.8176 0.2364
vn 0.7513 0.6399 0.1612
vn 0.3361 0.7043 0.6253
vn 0.1542 0.0021 0.9880
vn 0.3059 0.9469 -0.0989
vn 0.1124 0.6681 -0.7355
vn 0.0191 -0.3691 0.9292
vn -0.3353 0.8966 0.2893
vn 0.3470 0.8966 0.2753
vn -0.0191 0.3691 -0.9292
vn -0.8613 0.4889 0.1382
vn -0.9849 -0.1357 -0.1074
vn -0.6483 -0.6850 -0.3325
vn -0.0089 -0.9019 -0.4318
vn 0.6340 -0.6850 -0.3589
vn 0.9797 -0.1357 -0.1478
vn 0.8663 0.4889 0.1027
vn 0.0145 0.3290 0.9442
vn 0.1257 0.8902 0.4378
vn -0.1571 0.8902 0.4276
vn -0.0163 0.6540 -0.7564
vn -0.1360 0.9762 -0.1687
vn 0.1479 0.9762 -0.1584
vn -0.3292 0.2410 0.9130
vn -0.5236 0.7593 0.3864
vn -0.7389 0.5814 0.3407
vn -0.3148 0.5162 -0.7965
vn -0.6919 0.6763 -0.2528
vn -0.4758 0.8549 -0.2069
vn -0.5329 -0.0431 0.8451
vn -0.9319 0.2499 0.2630
vn -0.9789 -0.0227 0.2032
vn -0.4515 0.2221 -0.8642
vn -0.9181 0.0953 -0.3848
vn -0.8709 0.3689 -0.3248
vn -0.5015 -0.3902 0.7722
vn -0.9081 -0.3997 0.1254
vn -0.7648 -0.6393 0.0794
vn -0.3624 -0.0905 -0.9276
vn -0.7086 -0.4948 -0.5031
vn -0.8524 -0.2542 -0.4570
vn -0.2495 -0.6380 0.7285
vn -0.4633 -0.8854 0.0379
vn -0.1968 -0.9801 0.0274
vn -0.0893 -0.2755 -0.9571
vn -0.1615 -0.8179 -0.5522
vn -0.4291 -0.7229 -0.5416
vn 0.1051 -0.6706 0.7344
vn 0.1943 -0.9801 0.0415
vn 0.4593 -0.8854 0.0713
vn 0.2401 -0.2462 -0.9390
vn 0.4671 -0.7229 -0.5091
vn 0.2011 -0.8179 -0.5390
vn 0.3963 -0.4726 0.7871
vn 0.7571 -0.6393 0.1345
vn 0.8966 -0.3997 0.1907
vn 0.4717 -0.0165 -0.8816
vn 0.8832 -0.2542 -0.3941
vn 0.7431 -0.4948 -0.4505
vn 0.4880 -0.1367 0.8621
vn 0.9616 -0.0227 0.2734
vn 0.9104 0.2499 0.3297
vn 0.4970 0.3063 -0.8119
vn 0.8921 0.3689 -0.2610
vn 0.9435 0.0953 -0.3174
vn 0.3372 0.1798 0.9241
vn 0.7123 0.5814 0.3932
vn 0.4943 0.7593 0.4232
vn 0.3043 0.5711 -0.7624
vn 0.4895 0.8549 -0.1719
vn 0.7084 0.6763 -0.2021
vn -0.3412 0.8002 0.4932
vn -0.1691 0.1679 0.9712
vn -0.2986 0.9181 -0.2607
vn -0.0972 0.5361 -0.8386
vn 0.1437 0.9796 0.1403
vn -0.1535 0.9796 0.1296
vn -0.7498 0.6605 0.0399
vn -0.5236 0.8474 0.0880
vn -0.8329 0.3938 0.3888
vn -0.3728 -0.0004 0.9279
vn -0.7670 0.5310 -0.3602
vn -0.2913 0.3757 -0.8798
vn -0.9941 0.0393 -0.1014
vn -0.9447 0.3257 -0.0385
vn -0.9403 -0.2287 0.2522
vn -0.4172 -0.2582 0.8713
vn -0.8693 -0.0621 -0.4903
vn -0.3336 0.1300 -0.9337
vn -0.7720 -0.5932 -0.2282
vn -0.9226 -0.3413 -0.1799
vn -0.6131 -0.7762 0.1473
vn -0.2817 -0.4850 0.8279
vn -0.5576 -0.5837 -0.5903
vn -0.2045 -0.0860 -0.9751
vn -0.1875 -0.9411 -0.2812
vn -0.4676 -0.8417 -0.2701
vn -0.0045 -0.9924 0.1232
vn -0.0296 -0.5746 0.8179
vn 0.0222 -0.7896 -0.6132
vn 0.0357 -0.1713 -0.9846
vn 0.4859 -0.8417 -0.2356
vn 0.2074 -0.9411 -0.2669
vn 0.6008 -0.7762 0.1913
vn 0.2211 -0.4850 0.8461
vn 0.5989 -0.5837 -0.5484
vn 0.2745 -0.0860 -0.9577
vn 0.9332 -0.3413 -0.1127
vn 0.7865 -0.5932 -0.1717
vn 0.9196 -0.2287 0.3195
vn 0.3531 -0.2582 0.8992
vn 0.9025 -0.0621 -0.4262
vn 0.4003 0.1300 -0.9071
vn 0.9450 0.3257 0.0299
vn 0.9988 0.0393 -0.0292
vn 0.8026 0.3938 0.4480
vn 0.3047 -0.0004 0.9525
vn 1.0000 -0.0000 -0.0000
vn 0.3541 0.3757 -0.8564
vn 0.5158 0.8474 0.1256
vn 0.7449 0.6605 0.0941
vn 0.3047 0.8002 0.5166
vn 0.0984 0.1679 0.9809
vn 0.3167 0.9181 -0.2384
vn 0.1576 0.5361 -0.8293
vn -0.0354 -0.2084 0.9774
vn -0.3456 0.9312 0.1159
vn 0.3364 0.9312 0.1406
vn 0.0354 0.2084 -0.9774
vn -0.8648 0.5022 0.0057
vn -0.9781 -0.1552 -0.1386
vn -0.6327 -0.7332 -0.2493
vn 0.0099 -0.9615 -0.2747
vn 0.6490 -0.7332 -0.2029
vn 0.9856 -0.1552 -0.0675
vn 0.8621 0.5022 0.0682
vn 0.0074 0.5188 0.8549
vn 0.1299 0.9611 0.2440
vn -0.1528 0.9611 0.2303
vn -0.0015 0.4817 -0.8763
vn -0.1243 0.9205 -0.3705
vn 0.1594 0.9205 -0.3568
vn -0.3367 0.4288 0.8383
vn -0.5201 0.8272 0.2127
vn -0.7367 0.6453 0.2023
vn -0.3009 0.3408 -0.8907
vn -0.6823 0.6138 -0.3972
vn -0.4649 0.7964 -0.3868
vn -0.5426 0.1384 0.8285
vn -0.9321 0.3063 0.1931
vn -0.9812 0.0277 0.1908
vn -0.4397 0.0402 -0.8972
vn -0.9128 0.0198 -0.4080
vn -0.8635 0.2996 -0.4058
vn -0.5138 -0.2166 0.8301
vn -0.9134 -0.3578 0.1943
vn -0.7720 -0.6029 0.2013
vn -0.3531 -0.2794 -0.8929
vn -0.7080 -0.5836 -0.3978
vn -0.8498 -0.3375 -0.4048
vn -0.2639 -0.4700 0.8423
vn -0.4726 -0.8544 0.2159
vn -0.2070 -0.9512 0.2288
vn -0.0815 -0.4686 -0.8797
vn -0.1637 -0.9140 -0.3713
vn -0.4304 -0.8168 -0.3843
vn 0.0903 -0.5032 0.8594
vn 0.1840 -0.9512 0.2476
vn 0.4496 -0.8544 0.2604
vn 0.2479 -0.4387 -0.8638
vn 0.4654 -0.8168 -0.3410
vn 0.1987 -0.9140 -0.3538
vn 0.3829 -0.3008 0.8734
vn 0.7491 -0.6029 0.2747
vn 0.8904 -0.3578 0.2814
vn 0.4812 -0.2037 -0.8526
vn 0.8849 -0.3375 -0.3210
vn 0.7430 -0.5836 -0.3277
vn 0.4771 0.0426 0.8778
vn 0.9583 0.0277 0.2845
vn 0.9092 0.3063 0.2819
vn 0.5090 0.1263 -0.8515
vn 0.8986 0.2996 -0.3207
vn 0.9478 0.0198 -0.3182
vn 0.3288 0.3663 0.8705
vn 0.7138 0.6453 0.2723
vn 0.4972 0.8272 0.2618
vn 0.3184 0.3970 -0.8608
vn 0.5000 0.7964 -0.3403
vn 0.7174 0.6138 -0.3296
vn -0.3386 0.8881 0.3110
vn -0.1781 0.3683 0.9125
vn -0.2865 0.8456 -0.4504
vn -0.0826 0.3498 -0.9332
vn 0.1520 0.9862 -0.0654
vn -0.1450 0.9862 -0.0797
vn -0.7435 0.6599 -0.1084
vn -0.5159 0.8510 -0.0975
vn -0.8331 0.4726 0.2873
vn -0.3829 0.1962 0.9027
vn -0.7576 0.4498 -0.4729
vn -0.2778 0.1859 -0.9425
vn -0.9925 0.0248 -0.1201
vn -0.9409 0.3176 -0.1178
vn -0.9452 -0.1639 0.2823
vn -0.4294 -0.0674 0.9006
vn -0.8645 -0.1566 -0.4777
vn -0.3220 -0.0653 -0.9445
vn -0.7754 -0.6219 -0.1092
vn -0.9239 -0.3644 -0.1166
vn -0.6225 -0.7236 0.2982
vn -0.2957 -0.2993 0.9072
vn -0.5570 -0.6898 -0.4626
vn -0.1946 -0.2862 -0.9382
vn -0.1939 -0.9777 -0.0810
vn -0.4730 -0.8760 -0.0945
vn -0.0158 -0.9447 0.3276
vn -0.0444 -0.3909 0.9194
vn 0.0210 -0.9004 -0.4345
vn 0.0447 -0.3734 -0.9266
vn 0.4799 -0.8760 -0.0485
vn 0.2008 -0.9777 -0.0619
vn 0.5908 -0.7236 0.3567
vn 0.2069 -0.2993 0.9315
vn 0.5989 -0.6898 -0.4068
vn 0.2841 -0.2862 -0.9151
vn 0.9309 -0.3644 -0.0270
vn 0.7823 -0.6219 -0.0340
vn 0.9136 -0.1639 0.3720
vn 0.3406 -0.0674 0.9378
vn 0.9065 -0.1566 -0.3922
vn 0.4115 -0.0653 -0.9091
vn 0.9478 0.3176 -0.0266
vn 0.9994 0.0248 -0.0239
vn 0.8016 0.4726 0.3662
vn 0.2942 0.1962 0.9354
vn 0.7997 0.4498 -0.3977
vn 0.3673 0.1859 -0.9113
vn 0.5229 0.8511 -0.0474
vn 0.7505 0.6599 -0.0363
vn 0.3070 0.8881 0.3421
vn 0.0893 0.3683 0.9254
vn 0.3285 0.8456 -0.4207
vn 0.1721 0.3498 -0.9209
vn -0.0482 0.0006 0.9988
vn -0.3375 0.9374 -0.0854
vn 0.3442 0.9374 -0.0525
vn 0.0482 -0.0006 -0.9988
vn -0.8597 0.4988 -0.1104
vn -0.9781 -0.1733 -0.1157
vn -0.6372 -0.7643 -0.0989
vn 0.0033 -0.9977 -0.0679
vn 0.6438 -0.7643 -0.0371
vn 0.9847 -0.1733 -0.0210
vn 0.8663 0.4988 -0.0270
vn -0.0174 -0.0120 0.9998
vn 0.1233 0.6033 0.7879
vn -0.2483 0.5827 0.7738
vn 0.0130 0.8851 -0.4652
vn -0.2949 0.9394 0.1746
vn 0.1752 0.9656 0.1924
vn -0.3822 -0.1747 0.9074
vn -0.6346 0.3922 0.6660
vn -0.8468 0.1248 0.5170
vn -0.4202 0.7103 -0.5648
vn -0.8922 0.4391 -0.1057
vn -0.6237 0.7773 0.0828
vn -0.4634 -0.5264 0.7128
vn -0.9165 -0.2590 0.3048
vn -0.8096 -0.5717 0.1331
vn -0.5330 0.3042 -0.7895
vn -0.8163 -0.2832 -0.5035
vn -0.9515 0.1125 -0.2863
vn -0.1998 -0.8022 0.5626
vn -0.5102 -0.8597 -0.0237
vn -0.1646 -0.9824 -0.0888
vn -0.2405 -0.0272 -0.9703
vn -0.1242 -0.6835 -0.7193
vn -0.5614 -0.5283 -0.6369
vn 0.2101 -0.7945 0.5698
vn 0.2784 -0.9577 -0.0721
vn 0.6025 -0.7979 0.0184
vn 0.2371 -0.0346 -0.9709
vn 0.6628 -0.4603 -0.5906
vn 0.2528 -0.6625 -0.7051
vn 0.4576 -0.5090 0.7291
vn 0.8555 -0.4792 0.1960
vn 0.9140 -0.1573 0.3740
vn 0.5401 0.2878 -0.7909
vn 0.9521 0.2182 -0.2143
vn 0.8781 -0.1891 -0.4395
vn 0.3564 -0.1608 0.9204
vn 0.7865 0.2155 0.5788
vn 0.5354 0.4571 0.7102
vn 0.4403 0.6971 -0.5659
vn 0.5259 0.8411 0.1262
vn 0.8436 0.5355 -0.0401
vn -0.4387 0.4486 0.7787
vn -0.1863 -0.1700 0.9677
vn -0.4605 0.8832 0.0892
vn -0.2012 0.7587 -0.6195
vn 0.1280 0.8026 0.5826
vn -0.2595 0.7811 0.5679
vn -0.9297 0.2427 0.2771
vn -0.6507 0.5941 0.4729
vn -0.8757 -0.1019 0.4719
vn -0.3674 -0.3980 0.8406
vn -0.9246 0.2987 -0.2365
vn -0.4088 0.4973 -0.7652
vn -0.8508 -0.5076 -0.1362
vn -0.9913 -0.0966 0.0895
vn -0.6556 -0.7458 0.1183
vn -0.2762 -0.6648 0.6941
vn -0.6908 -0.3851 -0.6120
vn -0.3042 0.1915 -0.9332
vn -0.1318 -0.9234 -0.3604
vn -0.5860 -0.7623 -0.2747
vn 0.0560 -0.9983 -0.0159
vn 0.0186 -0.7694 0.6386
vn 0.0648 -0.6532 -0.7544
vn 0.0337 0.0716 -0.9969
vn 0.6857 -0.6917 -0.2266
vn 0.2599 -0.9017 -0.3455
vn 0.7232 -0.6692 0.1704
vn 0.2949 -0.6330 0.7157
vn 0.7733 -0.3038 -0.5566
vn 0.3506 0.2278 -0.9084
vn 0.9863 0.0132 0.1643
vn 0.9095 -0.4099 -0.0696
vn 0.8436 -0.0064 0.5369
vn 0.3448 -0.3585 0.8675
vn 0.9011 0.4000 -0.1675
vn 0.4078 0.5427 -0.7343
vn 0.5436 0.6604 0.5181
vn 0.8736 0.3429 0.3453
vn 0.3265 0.4911 0.8076
vn 0.1306 -0.1524 0.9796
vn 0.3520 0.9283 0.1200
vn 0.1622 0.7789 -0.6058
vn -0.0063 -0.4830 0.8756
vn -0.0000 1.0000 -0.0000
vn 0.0063 0.4830 -0.8756
vn -0.9528 -0.1319 0.2733
vn -0.9512 0.2907 0.1033
vn -0.6750 0.7253 -0.1351
vn -0.2773 0.9121 -0.3021
vn 0.2840 0.8653 -0.4131
vn 0.6801 0.6124 -0.4032
vn 0.9528 0.1319 -0.2733
vn 0.9512 -0.2907 -0.1033
vn 0.6750 -0.7253 0.1351
vn 0.2773 -0.9121 0.3021
vn -0.2840 -0.8653 0.4131
vn -0.6801 -0.6124 0.4032
vn -0.7874 0.0055 0.6164
vn -0.7858 0.4281 0.4463
vn -0.5573 0.8231 0.1090
vn -0.2285 0.9526 -0.2010
vn 0.2352 0.8248 -0.5142
vn 0.5623 0.5146 -0.6473
vn 0.7874 -0.0055 -0.6164
vn 0.7858 -0.4281 -0.4463
vn 0.5573 -0.8231 -0.1090
vn 0.2285 -0.9526 0.2010
vn -0.2352 -0.8248 0.5142
vn -0.5623 -0.5146 0.6473
vn -0.4860 0.1054 0.8676
vn -0.4844 0.5280 0.6975
vn -0.3428 0.8943 0.2878
vn -0.1397 0.9820 -0.1269
vn 0.1464 0.7953 -0.5883
vn 0.3478 0.4434 -0.8261
vn 0.4860 -0.1054 -0.8676
vn 0.4844 -0.5280 -0.6975
vn 0.3428 -0.8943 -0.2878
vn 0.1397 -0.9820 0.1269
vn -0.1464 -0.7953 0.5883
vn -0.3478 -0.4434 0.8261
vn -0.1007 0.1506 0.9835
vn -0.0991 0.5732 0.8134
vn -0.0685 0.9264 0.3702
vn -0.0261 0.9953 -0.0928
vn 0.0328 0.7820 -0.6224
vn 0.0736 0.4113 -0.9085
vn 0.1007 -0.1506 -0.9835
vn 0.0991 -0.5732 -0.8134
vn 0.0685 -0.9264 -0.3702
vn 0.0261 -0.9953 0.0928
vn -0.0328 -0.7820 0.6224
vn -0.0736 -0.4113 0.9085
vn 0.3019 0.1332 0.9440
vn 0.3035 0.5558 0.7739
vn 0.2180 0.9140 0.3421
vn 0.0926 0.9902 -0.1044
vn -0.0859 0.7871 -0.6108
vn -0.2129 0.4237 -0.8804
vn -0.3019 -0.1332 -0.9440
vn -0.3035 -0.5558 -0.7739
vn -0.2180 -0.9140 -0.3421
vn -0.0926 -0.9902 0.1044
vn 0.0859 -0.7871 0.6108
vn 0.2129 -0.4237 0.8804
vn 0.6522 0.0562 0.7560
vn 0.6538 0.4788 0.5859
vn 0.4672 0.8592 0.2083
vn 0.1959 0.9675 -0.1598
vn -0.1891 0.8098 -0.5554
vn -0.4622 0.4785 -0.7467
vn -0.6522 -0.0562 -0.7560
vn -0.6538 -0.4788 -0.5859
vn -0.4672 -0.8592 -0.2083
vn -0.1959 -0.9675 0.1598
vn 0.1891 -0.8098 0.5554
vn 0.4622 -0.4785 0.7466
vn 0.8895 -0.0670 0.4520
vn 0.8911 0.3556 0.2819
vn 0.6361 0.7715 -0.0080
vn 0.2658 0.9312 -0.2494
vn -0.2591 0.8461 -0.4658
vn -0.6311 0.5662 -0.5303
vn -0.8895 0.0670 -0.4520
vn -0.8911 -0.3556 -0.2819
vn -0.6361 -0.7715 0.0080
vn -0.2658 -0.9312 0.2494
vn 0.2591 -0.8461 0.4658
vn 0.6311 -0.5662 0.5303
vn 0.9729 -0.2152 0.0845
vn 0.9745 0.2074 -0.0855
vn 0.6955 0.6661 -0.2695
vn 0.2904 0.8875 -0.3578
vn -0.2837 0.8898 -0.3575
vn -0.6904 0.6716 -0.2688
vn -0.9729 0.2152 -0.0845
vn -0.9745 -0.2074 0.0855
vn -0.6955 -0.6661 0.2695
vn -0.2904 -0.8875 0.3578
vn 0.2837 -0.8898 0.3575
vn 0.6904 -0.6716 0.2688
vn 0.8879 -0.3627 -0.2828
vn 0.8895 0.0599 -0.4529
vn 0.6350 0.5611 -0.5310
vn 0.2653 0.8440 -0.4661
vn -0.2586 0.9333 -0.2492
vn -0.6300 0.7766 -0.0074
vn -0.8879 0.3627 0.2828
vn -0.8895 -0.0599 0.4529
vn -0.6350 -0.5611 0.5310
vn -0.2654 -0.8440 0.4660
vn 0.2586 -0.9333 0.2492
vn 0.6300 -0.7766 0.0073
vn 0.6493 -0.4840 -0.5866
vn 0.6509 -0.0614 -0.7567
vn 0.4652 0.4748 -0.7471
vn 0.1950 0.8083 -0.5556
vn -0.1883 0.9691 -0.1596
vn -0.4601 0.8629 0.2088
vn -0.6493 0.4840 0.5866
vn -0.6509 0.0614 0.7567
vn -0.4652 -0.4748 0.7471
vn -0.1950 -0.8083 0.5556
vn 0.1883 -0.9691 0.1596
vn 0.4601 -0.8630 -0.2088
vn 0.2983 -0.5582 -0.7742
vn 0.2999 -0.1356 -0.9443
vn 0.2154 0.4220 -0.8807
vn 0.0915 0.7864 -0.6109
vn -0.0848 0.9909 -0.1043
vn -0.2103 0.9157 0.3424
vn -0.2983 0.5582 0.7742
vn -0.2999 0.1356 0.9443
vn -0.2154 -0.4220 0.8807
vn -0.0915 -0.7864 0.6109
vn 0.0848 -0.9909 0.1043
vn 0.2103 -0.9157 -0.3424
vn -0.1045 -0.5724 -0.8133
vn -0.1029 -0.1498 -0.9833
vn -0.0713 0.4119 -0.9085
vn -0.0272 0.7822 -0.6224
vn 0.0339 0.9951 -0.0928
vn 0.0763 0.9258 0.3701
vn 0.1045 0.5724 0.8133
vn 0.1029 0.1498 0.9833
vn 0.0713 -0.4119 0.9085
vn 0.0272 -0.7822 0.6224
vn -0.0339 -0.9951 0.0928
vn -0.0763 -0.9258 -0.3701
vn -0.4893 -0.5242 -0.6970
vn -0.4877 -0.1016 -0.8671
vn -0.3451 0.4462 -0.8257
vn -0.1406 0.7964 -0.5881
vn 0.1474 0.9809 -0.1271
vn 0.3502 0.8915 0.2874
vn 0.4893 0.5242 0.6970
vn 0.4877 0.1015 0.8671
vn 0.3451 -0.4462 0.8257
vn 0.1406 -0.7964 0.5881
vn -0.1474 -0.9809 0.1271
vn -0.3502 -0.8915 -0.2874
vn -0.7897 -0.4218 -0.4455
vn -0.7881 0.0008 -0.6156
vn -0.5589 0.5190 -0.6467
vn -0.2292 0.8266 -0.5140
vn 0.2359 0.9507 -0.2012
vn 0.5639 0.8187 0.1084
vn 0.7897 0.4218 0.4455
vn 0.7881 -0.0008 0.6156
vn 0.5589 -0.5190 0.6467
vn 0.2292 -0.8266 0.5140
vn -0.2359 -0.9507 0.2012
vn -0.5639 -0.8187 -0.1084
vn -0.9520 0.1395 -0.2723
vn -0.9536 -0.2831 -0.1023
vn -0.2775 0.8675 -0.4128
vn -0.6756 0.6178 -0.4025
vn 0.6806 0.7199 -0.1358
vn 0.2842 0.9098 -0.3024
vn 0.9520 -0.1395 0.2723
vn 0.9536 0.2831 0.1023
vn 0.2775 -0.8675 0.4128
vn 0.6756 -0.6178 0.4025
vn -0.6806 -0.7199 0.1358
vn -0.2842 -0.9098 0.3024
vn -0.8503 0.3920 -0.3511
vn -0.8496 0.5272 -0.0152
vn -0.8531 -0.3851 0.3520
vn -0.8538 -0.5203 0.0160
vn 0.8531 0.3852 -0.3519
vn 0.8538 0.5203 -0.0160
vn 0.8497 -0.5271 0.0152
vn 0.8504 -0.3920 0.3511
vn -0.7052 -0.2623 0.6587
vn -0.7018 0.6500 0.2916
vn -1.0000 -0.0000 -0.0000
vn 0.7051 0.2623 -0.6588
vn 0.7017 -0.6501 -0.2916
vn -0.4356 -0.1729 0.8834
vn -0.4322 0.7394 0.5162
vn 0.4357 0.1729 -0.8833
vn 0.4322 -0.7394 -0.5162
vn -0.0000 -1.0000 -0.0000
vn -0.0910 -0.1326 0.9870
vn -0.0876 0.7798 0.6198
vn 0.0911 0.1325 -0.9870
vn 0.0876 -0.7798 -0.6198
vn 0.2689 -0.1481 0.9517
vn 0.2724 0.7642 0.5847
vn -0.2690 0.1481 -0.9517
vn -0.2725 -0.7642 -0.5845
vn 0.5823 -0.2169 0.7835
vn 0.5857 0.6954 0.4164
vn -0.5822 0.2169 -0.7836
vn -0.5856 -0.6955 -0.4164
vn 0.7944 -0.3271 0.5117
vn 0.7979 0.5852 0.1446
vn -0.7945 0.3271 -0.5117
vn -0.7979 -0.5852 -0.1446
vn 0.8690 -0.4597 0.1832
vn 0.8725 0.4527 -0.1840
vn -0.8690 0.4596 -0.1831
vn -0.8725 -0.4527 0.1840
vn 1.0000 0.0001 -0.0000
vn 0.7930 -0.5916 -0.1454
vn 0.7965 0.3208 -0.5125
vn -0.7930 0.5916 0.1454
vn -0.7966 -0.3207 0.5124
vn 0.9995 -0.0312 -0.0000
vn 0.5797 -0.7000 -0.4170
vn 0.5830 0.2123 -0.7842
vn -0.5797 0.7000 0.4170
vn -0.5832 -0.2122 0.7841
vn 0.2657 -0.7664 -0.5848
vn 0.2691 0.1460 -0.9520
vn -0.2657 0.7664 0.5849
vn -0.2692 -0.1459 0.9520
vn -0.2193 -0.9756 -0.0000
vn -0.0945 -0.7790 -0.6198
vn -0.0910 0.1332 -0.9869
vn 0.0945 0.7791 0.6197
vn 0.0910 -0.1332 0.9869
vn -0.4386 -0.7360 -0.5157
vn -0.4351 0.1764 -0.8829
vn 0.4386 0.7360 0.5157
vn 0.4352 -0.1764 0.8829
vn -0.7072 -0.6443 -0.2909
vn -0.7038 0.2679 -0.6580
vn 0.7072 0.6444 0.2908
vn 0.7037 -0.2679 0.6580
vn -0.9351 -0.2499 0.2513
vn -0.9357 0.3059 0.1758
vn -0.5637 0.8258 0.0186
vn -0.0184 0.9913 -0.1307
vn 0.5944 0.7668 -0.2425
vn 0.9202 0.2974 -0.2543
vn 0.9210 -0.3525 -0.1660
vn 0.5961 -0.8024 -0.0293
vn -0.0163 -0.9902 0.1386
vn -0.5619 -0.7921 0.2384
vn -0.7278 -0.1945 0.6576
vn -0.7285 0.3613 0.5820
vn -0.4390 0.8591 0.2630
vn -0.0146 0.9923 -0.1231
vn 0.4625 0.7315 -0.5010
vn 0.7163 0.2429 -0.6542
vn 0.7170 -0.4071 -0.5659
vn 0.4642 -0.8377 -0.2878
vn -0.0124 -0.9892 0.1461
vn -0.4372 -0.7587 0.4829
vn -0.3538 -0.1582 0.9219
vn -0.3544 0.3977 0.8463
vn -0.2140 0.8810 0.4220
vn -0.0077 0.9930 -0.1182
vn 0.2245 0.7084 -0.6692
vn 0.3482 0.2071 -0.9143
vn 0.3489 -0.4428 -0.8259
vn 0.2262 -0.8608 -0.4560
vn -0.0055 -0.9885 0.1510
vn -0.2122 -0.7369 0.6419
vn 0.1014 -0.1493 0.9836
vn 0.1008 0.4066 0.9081
vn 0.0599 0.8863 0.4592
vn 0.0008 0.9931 -0.1171
vn -0.0652 0.7027 -0.7085
vn -0.0998 0.1984 -0.9750
vn -0.0991 -0.4516 -0.8867
vn -0.0634 -0.8664 -0.4953
vn 0.0030 -0.9884 0.1522
vn 0.0617 -0.7315 0.6790
vn 0.5334 -0.1699 0.8286
vn 0.5328 0.3860 0.7531
vn 0.3199 0.8739 0.3659
vn 0.0088 0.9927 -0.1200
vn -0.3401 0.7158 -0.6099
vn -0.5250 0.2186 -0.8225
vn -0.5243 -0.4313 -0.7342
vn -0.3384 -0.8533 -0.3967
vn 0.0110 -0.9887 0.1493
vn 0.3216 -0.7439 0.5858
vn 0.8433 -0.2152 0.4925
vn 0.8427 0.3406 0.4170
vn 0.5063 0.8467 0.1637
vn 0.0145 0.9919 -0.1262
vn -0.5373 0.7447 -0.3960
vn -0.8300 0.2632 -0.4917
vn -0.8293 -0.3867 -0.4034
vn -0.5356 -0.8245 -0.1828
vn 0.0167 -0.9896 0.1431
vn 0.5081 -0.7712 0.3836
vn 0.9601 -0.2749 0.0522
vn 0.9594 0.2809 -0.0233
vn 0.5766 0.8107 -0.1012
vn 0.0167 0.9908 -0.1344
vn -0.6116 0.7826 -0.1158
vn -0.9449 0.3220 -0.0584
vn -0.9442 -0.3279 0.0299
vn -0.6099 -0.7865 0.0974
vn 0.0189 -0.9907 0.1349
vn 0.5784 -0.8071 0.1186
vn 0.8570 -0.3353 -0.3914
vn 0.8564 0.2205 -0.4669
vn 0.5146 0.7744 -0.3681
vn 0.0148 0.9897 -0.1426
vn -0.5460 0.8211 0.1665
vn -0.8435 0.3815 0.3782
vn -0.8428 -0.2685 0.4665
vn -0.5443 -0.7481 0.3797
vn 0.0170 -0.9918 0.1267
vn 0.5163 -0.8435 -0.1483
vn 0.5576 -0.3825 -0.7367
vn 0.5570 0.1733 -0.8122
vn 0.3344 0.7460 -0.5759
vn 0.0092 0.9888 -0.1490
vn -0.3555 0.8512 0.3862
vn -0.5489 0.4280 0.7180
vn -0.5482 -0.2220 0.8064
vn -0.3538 -0.7180 0.5994
vn 0.0114 -0.9927 0.1203
vn 0.3362 -0.8719 -0.3560
vn 0.1306 -0.4058 -0.9046
vn 0.1300 0.1500 -0.9801
vn 0.0775 0.7320 -0.6769
vn 0.0013 0.9884 -0.1521
vn -0.0838 0.8660 0.4930
vn -0.1286 0.4509 0.8833
vn -0.1279 -0.1991 0.9716
vn -0.0821 -0.7032 0.7063
vn 0.0035 -0.9931 0.1172
vn 0.0793 -0.8859 -0.4571
vn -0.3262 -0.3998 -0.8566
vn -0.3269 0.1560 -0.9321
vn -0.1974 0.7356 -0.6480
vn -0.0071 0.9885 -0.1512
vn 0.2069 0.8621 0.4625
vn 0.3210 0.4449 0.8360
vn 0.3217 -0.2050 0.9244
vn 0.2087 -0.7070 0.6757
vn -0.0050 -0.9930 0.1181
vn -0.1956 -0.8823 -0.4282
vn -0.7083 -0.3659 -0.6037
vn -0.7089 0.1900 -0.6792
vn -0.4273 0.7560 -0.4959
vn -0.0142 0.9891 -0.1465
vn 0.4501 0.8405 0.3016
vn 0.6971 0.4115 0.5872
vn 0.6978 -0.2384 0.6755
vn 0.4518 -0.7286 0.5148
vn -0.0120 -0.9924 0.1227
vn -0.4255 -0.8618 -0.2760
vn -0.9286 0.2441 -0.2794
vn -0.9280 -0.3118 -0.2039
vn -0.0183 0.9901 -0.1391
vn -0.5595 0.7886 -0.2553
vn 0.9133 0.3583 0.1936
vn 0.5899 0.8061 0.0471
vn 0.5916 -0.7630 0.2604
vn 0.9140 -0.2917 0.2820
vn -0.5577 -0.8293 -0.0355
vn -0.0161 -0.9914 0.1302
vn -0.7909 0.5423 -0.2833
vn -0.7970 0.5950 0.1042
vn -0.7957 -0.5473 0.2594
vn -0.7897 -0.6000 -0.1281
vn 0.9745 -0.0291 -0.2225
vn 0.9672 0.0353 0.2517
vn -0.6192 -0.5002 0.6053
vn -0.6205 0.6422 0.4500
vn 0.7586 -0.0869 -0.6457
vn 0.7524 -0.3762 -0.5408
vn -0.3008 -0.4693 0.8302
vn -0.3021 0.6731 0.6750
vn 0.3689 -0.1248 -0.9211
vn -0.0000 -0.9998 0.0208
vn 0.0867 -0.4617 0.8828
vn 0.0854 0.6807 0.7276
vn -0.1053 -0.1340 -0.9854
vn 0.4544 -0.4791 0.7509
vn 0.4532 0.6632 0.5957
vn -0.5554 -0.1126 -0.8239
vn 0.7182 -0.5178 0.4648
vn 0.7170 0.6246 0.3095
vn -0.8782 -0.0653 -0.4738
vn 0.8177 -0.5686 0.0899
vn 0.8164 0.5737 -0.0653
vn -1.0000 0.0088 -0.0000
vn -0.9999 -0.0031 -0.0151
vn 0.7299 -0.6201 -0.2877
vn 0.7286 0.5224 -0.4430
vn -0.8925 0.0597 0.4471
vn 0.4751 -0.6603 -0.5817
vn 0.4738 0.4822 -0.7369
vn -0.5806 0.1090 0.8068
vn 0.1116 -0.6801 -0.7246
vn 0.1103 0.4623 -0.8798
vn -0.1358 0.1333 0.9817
vn -0.2773 -0.6750 -0.6837
vn -0.2786 0.4674 -0.8390
vn 0.3402 0.1270 0.9317
vn 0.5534 0.5534 0.6225
vn -0.6025 -0.6461 -0.4685
vn -0.6039 0.4963 -0.6237
vn 0.7382 0.0916 0.6683
vn -0.9343 -0.3176 0.1618
vn -0.9252 0.2245 0.3060
vn -0.5461 0.7608 0.3506
vn -0.0010 0.9652 0.2614
vn 0.6046 0.7947 0.0547
vn 0.9204 0.3627 -0.1459
vn 0.9097 -0.2711 -0.3145
vn 0.5788 -0.7354 -0.3524
vn -0.0335 -0.9670 -0.2527
vn -0.5727 -0.8168 -0.0692
vn -0.7173 -0.4251 0.5521
vn -0.7081 0.1169 0.6963
vn -0.4155 0.6961 0.5855
vn 0.0031 0.9632 0.2686
vn 0.4664 0.8631 -0.1937
vn 0.7068 0.4685 -0.5301
vn 0.6961 -0.1653 -0.6987
vn 0.4406 -0.6670 -0.6008
vn -0.0295 -0.9690 -0.2455
vn -0.4421 -0.8815 0.1657
vn -0.3369 -0.4973 0.7995
vn -0.3278 0.0447 0.9437
vn -0.1867 0.6527 0.7343
vn 0.0101 0.9619 0.2732
vn 0.2244 0.9091 -0.3511
vn 0.3324 0.5396 -0.7735
vn 0.3217 -0.0942 -0.9421
vn 0.1986 -0.6211 -0.7582
vn -0.0225 -0.9703 -0.2409
vn -0.2133 -0.9250 0.3146
vn 0.1196 -0.5177 0.8472
vn 0.1287 0.0243 0.9914
vn 0.0880 0.6404 0.7630
vn 0.0186 0.9615 0.2741
vn -0.0661 0.9220 -0.3814
vn -0.1168 0.5597 -0.8204
vn -0.1275 -0.0741 -0.9891
vn -0.0919 -0.6081 -0.7885
vn -0.0140 -0.9707 -0.2400
vn 0.0614 -0.9372 0.3433
vn 0.5476 -0.4816 0.6843
vn 0.5568 0.0605 0.8285
vn 0.3456 0.6621 0.6650
vn 0.0265 0.9622 0.2711
vn -0.3385 0.8990 -0.2778
vn -0.5381 0.5241 -0.6601
vn -0.5488 -0.1097 -0.8287
vn -0.3643 -0.6311 -0.6849
vn -0.0061 -0.9700 -0.2430
vn 0.3189 -0.9155 0.2452
vn 0.8492 -0.3972 0.3481
vn 0.8583 0.1448 0.4923
vn 0.5270 0.7129 0.4627
vn 0.0321 0.9638 0.2648
vn -0.5304 0.8454 -0.0638
vn -0.8349 0.4411 -0.3292
vn -0.8456 -0.1927 -0.4979
vn -0.5562 -0.6848 -0.4709
vn -0.0005 -0.9684 -0.2492
vn 0.5004 -0.8647 0.0429
vn 0.9551 -0.2839 -0.0844
vn 0.9643 0.2581 0.0598
vn 0.5908 0.7810 0.2025
vn 0.0341 0.9659 0.2568
vn -0.5978 0.7733 0.2114
vn -0.9392 0.3296 0.0964
vn -0.9499 -0.3042 -0.0722
vn -0.6236 -0.7568 -0.1957
vn 0.0015 -0.9663 -0.2573
vn 0.5641 -0.7966 -0.2172
vn 0.8412 -0.1677 -0.5140
vn 0.8504 0.3743 -0.3698
vn 0.5222 0.8510 -0.0560
vn 0.0320 0.9680 0.2488
vn -0.5253 0.6993 0.4848
vn -0.8271 0.2152 0.5192
vn -0.8378 -0.4186 0.3506
vn -0.5511 -0.8308 0.0777
vn -0.0006 -0.9642 -0.2652
vn 0.4956 -0.7267 -0.4758
vn 0.5336 -0.0751 -0.8424
vn 0.5427 0.4669 -0.6982
vn 0.3371 0.9067 -0.2536
vn 0.0263 0.9697 0.2428
vn -0.3295 0.6404 0.6937
vn -0.5243 0.1241 0.8424
vn -0.5350 -0.5097 0.6738
vn -0.3554 -0.8897 0.2866
vn -0.0063 -0.9625 -0.2713
vn 0.3105 -0.6710 -0.6734
vn 0.1026 -0.0274 -0.9943
vn 0.1118 0.5146 -0.8501
vn 0.0778 0.9354 -0.3450
vn 0.0183 0.9706 0.2400
vn -0.0553 0.6101 0.7904
vn -0.1002 0.0772 0.9920
vn -0.1109 -0.5566 0.8233
vn -0.0811 -0.9200 0.3833
vn -0.0143 -0.9616 -0.2741
vn 0.0512 -0.6423 -0.7648
vn -0.3529 -0.0355 -0.9350
vn -0.3437 0.5065 -0.7908
vn -0.1963 0.9305 -0.3093
vn 0.0098 0.9705 0.2410
vn 0.2345 0.6152 0.7527
vn 0.3481 0.0852 0.9336
vn 0.3374 -0.5486 0.7649
vn 0.2087 -0.9149 0.3455
vn -0.0227 -0.9617 -0.2730
vn -0.2229 -0.6471 -0.7291
vn -0.7286 -0.0976 -0.6780
vn -0.7194 0.4444 -0.5338
vn -0.4223 0.8932 -0.1547
vn 0.0029 0.9693 0.2458
vn 0.4736 0.6547 0.5891
vn 0.7179 0.1462 0.6806
vn 0.7072 -0.4876 0.5120
vn 0.4478 -0.8754 0.1820
vn -0.0297 -0.9629 -0.2683
vn -0.4489 -0.6845 -0.5744
vn -0.9293 0.3426 -0.1380
vn -0.9384 -0.1994 -0.2822
vn -0.0010 0.9674 0.2531
vn -0.5486 0.8319 0.0835
vn 0.9244 0.2464 0.2911
vn 0.6072 0.7195 0.3372
vn 0.5814 -0.8106 -0.0699
vn 0.9137 -0.3874 0.1224
vn -0.5752 -0.7457 -0.3363
vn -0.0336 -0.9648 -0.2609
vn -0.7856 0.6180 -0.0306
vn -0.7820 0.5175 0.3473
vn -0.8010 -0.5965 0.0510
vn -0.8044 -0.4960 -0.3270
vn 0.9687 0.0485 -0.2436
vn 0.9729 -0.0746 0.2188
vn -0.6161 -0.6882 0.3832
vn -0.5974 0.4258 0.6796
vn 0.7425 0.1605 -0.6503
vn -0.0000 -0.9806 -0.1961
vn -0.2923 -0.7496 0.5938
vn -0.2735 0.3644 0.8902
vn 0.3463 0.2358 -0.9080
vn 0.0963 -0.7670 0.6343
vn 0.1151 0.3470 0.9308
vn -0.1293 0.2570 -0.9577
vn 0.4607 -0.7362 0.4957
vn 0.4794 0.3779 0.7921
vn -0.5753 0.2194 -0.7880
vn 0.7173 -0.6646 0.2094
vn 0.7362 0.4496 0.5059
vn -0.8894 0.1315 -0.4378
vn 0.8075 -0.5681 -0.1587
vn 0.8264 0.5460 0.1378
vn -0.9998 0.0135 0.0128
vn 0.7106 -0.4691 -0.5244
vn 0.7294 0.6450 -0.2280
vn -0.8812 -0.1075 0.4604
vn -0.0000 -0.9578 -0.2873
vn 0.4488 -0.3902 -0.8040
vn 0.4676 0.7236 -0.5077
vn -0.5606 -0.2042 0.8025
vn 0.0819 -0.3496 -0.9333
vn 0.1007 0.7643 -0.6369
vn -0.1117 -0.2537 0.9608
vn -0.1644 -0.9864 -0.0000
vn -0.3060 -0.3564 -0.8828
vn -0.2872 0.7573 -0.5866
vn -0.0000 -0.0000 -1.0000
vn 0.3629 -0.2453 0.8990
vn -0.6257 -0.4094 -0.6640
vn -0.6070 0.7045 -0.3677
vn 0.7543 -0.1806 0.6312
vn -0.0255 -0.5844 0.8110
vn 0.2803 0.2336 0.9311
vn -0.2266 0.2336 0.9456
vn 0.0466 0.9937 0.1020
vn -0.2261 0.6232 0.7486
vn 0.2686 0.6232 0.7345
vn -0.3511 -0.6439 0.6798
vn -0.3945 0.2100 0.8946
vn -0.7915 0.0830 0.6055
vn -0.2756 0.9607 0.0332
vn -0.7732 0.4769 0.4181
vn -0.3858 0.6008 0.7001
vn -0.5081 -0.7700 0.3861
vn -0.8840 0.0233 0.4669
vn -0.9852 -0.1713 0.0096
vn -0.4735 0.8552 -0.2106
vn -0.9599 0.2302 -0.1600
vn -0.8612 0.4201 0.2863
vn -0.4228 -0.9037 0.0672
vn -0.9590 -0.2392 -0.1518
vn -0.7171 -0.4103 -0.5634
vn -0.4544 0.7267 -0.5153
vn -0.6990 -0.0014 -0.7151
vn -0.9350 0.1656 -0.3135
vn -0.1353 -0.9826 -0.1275
vn -0.5846 -0.4546 -0.6720
vn -0.1127 -0.5222 -0.8453
vn -0.2272 0.6351 -0.7382
vn -0.1125 -0.1095 -0.9876
vn -0.5729 -0.0435 -0.8185
vn 0.2200 -0.9696 -0.1070
vn 0.0642 -0.5222 -0.8504
vn 0.5452 -0.4546 -0.7043
vn 0.1017 0.6235 -0.7752
vn 0.5252 -0.0435 -0.8499
vn 0.0558 -0.1095 -0.9924
vn 0.4768 -0.8709 0.1191
vn 0.6837 -0.4103 -0.6034
vn 0.9488 -0.2392 -0.2063
vn 0.3785 0.6972 -0.6088
vn 0.9156 0.1656 -0.3664
vn 0.6570 -0.0014 -0.7539
vn 0.5149 -0.7326 0.4451
vn 0.9841 -0.1713 -0.0467
vn 0.9092 0.0233 0.4156
vn 0.4736 0.8217 -0.3170
vn 0.8761 0.4201 0.2366
vn 0.9492 0.2302 -0.2146
vn 0.3166 -0.6195 0.7183
vn 0.8248 0.0830 0.5593
vn 0.4450 0.2100 0.8706
vn 0.3425 0.9388 -0.0363
vn 0.4252 0.6008 0.6770
vn 0.7958 0.4769 0.3732
vn -0.0202 0.7093 -0.7046
vn 0.3174 0.9272 -0.1989
vn -0.0927 -0.4244 0.9007
vn 0.2104 0.4033 0.8906
vn -0.2962 0.4033 0.8658
vn 0.0477 0.9956 -0.0802
vn -0.2771 0.7497 0.6009
vn 0.2172 0.7497 0.6251
vn -0.4079 -0.5088 0.7581
vn -0.4599 0.3698 0.8073
vn -0.8347 0.1894 0.5171
vn -0.2687 0.9488 -0.1663
vn -0.7985 0.5419 0.2621
vn -0.4328 0.7179 0.5453
vn -0.5430 -0.6879 0.4815
vn -0.9169 0.1046 0.3853
vn -0.9845 -0.1718 -0.0346
vn -0.4483 0.7990 -0.4008
vn -0.9427 0.1915 -0.2730
vn -0.8767 0.4612 0.1367
vn -0.4349 -0.8779 0.2004
vn -0.9467 -0.2682 -0.1782
vn -0.6756 -0.5112 -0.5312
vn -0.4071 0.6164 -0.6741
vn -0.6422 -0.1373 -0.7541
vn -0.9068 0.0998 -0.4096
vn -0.1340 -0.9899 0.0463
vn -0.5355 -0.5742 -0.6193
vn -0.0525 -0.6702 -0.7404
vn -0.1643 0.4864 -0.8581
vn -0.0376 -0.2909 -0.9560
vn -0.5090 -0.1972 -0.8379
vn 0.2188 -0.9715 0.0913
vn 0.1244 -0.6702 -0.7317
vn 0.5933 -0.5742 -0.5641
vn 0.1664 0.4699 -0.8669
vn 0.5882 -0.1972 -0.7843
vn 0.1306 -0.2909 -0.9478
vn 0.4584 -0.8313 0.3143
vn 0.7242 -0.5112 -0.4628
vn 0.9596 -0.2682 -0.0850
vn 0.4303 0.5745 -0.6963
vn 0.9424 0.0998 -0.3193
vn 0.7127 -0.1373 -0.6879
vn 0.4728 -0.6349 0.6110
vn 0.9832 -0.1718 0.0615
vn 0.8749 0.1046 0.4728
vn 0.5039 0.7514 -0.4261
vn 0.8592 0.4612 0.2215
vn 0.9649 0.1915 -0.1799
vn 0.2551 -0.4742 0.8426
vn 0.7803 0.1894 0.5960
vn 0.3790 0.3698 0.8483
vn 0.3528 0.9177 -0.1828
vn 0.3776 0.7179 0.5849
vn 0.7692 0.5419 0.3387
vn -0.3771 0.5758 0.7255
vn 0.9902 -0.0388 -0.1340
vn -0.0180 -0.2139 0.9767
vn 0.2775 0.5878 0.7599
vn -0.2294 0.5878 0.7758
vn 0.0343 0.9528 -0.3018
vn -0.2338 0.8669 0.4402
vn 0.2609 0.8669 0.4247
vn -0.3430 -0.3243 0.8816
vn -0.3970 0.5439 0.7393
vn -0.7923 0.3080 0.5266
vn -0.2876 0.8914 -0.3502
vn -0.7790 0.5950 0.1979
vn -0.3932 0.8252 0.4054
vn -0.4984 -0.5586 0.6630
vn -0.8841 0.1970 0.4237
vn -0.9830 -0.1645 0.0820
vn -0.4842 0.6955 -0.5309
vn -0.9627 0.1366 -0.2334
vn -0.8663 0.4894 0.1000
vn -0.4115 -0.8072 0.4232
vn -0.9560 -0.2907 -0.0392
vn -0.7120 -0.6087 -0.3501
vn -0.4635 0.4566 -0.7594
vn -0.6990 -0.2936 -0.6521
vn -0.9371 0.0166 -0.3487
vn -0.1230 -0.9537 0.2744
vn -0.5789 -0.6910 -0.4328
vn -0.1063 -0.8166 -0.5674
vn -0.2352 0.2865 -0.9287
vn -0.1112 -0.4945 -0.8620
vn -0.5724 -0.3720 -0.7307
vn 0.2321 -0.9296 0.2863
vn 0.0706 -0.8166 -0.5729
vn 0.5507 -0.6910 -0.4682
vn 0.0938 0.2649 -0.9597
vn 0.5255 -0.3720 -0.7651
vn 0.0571 -0.4945 -0.8673
vn 0.4876 -0.7462 0.4532
vn 0.6887 -0.6086 -0.3940
vn 0.9517 -0.2907 -0.0990
vn 0.3697 0.4018 -0.8378
vn 0.9134 0.0166 -0.4067
vn 0.6568 -0.2936 -0.6945
vn 0.5241 -0.4893 0.6971
vn 0.9862 -0.1645 0.0203
vn 0.9089 0.1970 0.3675
vn 0.4633 0.6332 -0.6201
vn 0.8709 0.4894 0.0456
vn 0.9462 0.1366 -0.2933
vn 0.3244 -0.2791 0.9038
vn 0.8238 0.3080 0.4760
vn 0.4425 0.5439 0.7130
vn 0.3308 0.8508 -0.4084
vn 0.4178 0.8252 0.3800
vn 0.7899 0.5950 0.1488
vn 0.7071 -0.0000 0.7071
vn -0.8003 0.1160 0.5883
vn -0.0000 -0.7071 -0.7071
vn -0.5571 -0.3714 0.7428
vn 0.3446 0.5934 -0.7275
vn 0.9955 0.0677 -0.0663
vn 0.9311 -0.0000 0.3648
vn -0.0000 -0.5222 -0.8529
vn 0.9688 -0.0000 -0.2480
vn -0.6024 0.6518 0.4608
vn -0.2351 -0.4865 -0.8414
vn -0.0947 -0.0292 0.9951
vn 0.2235 0.7201 0.6569
vn -0.2831 0.7201 0.6335
vn 0.0655 0.8804 -0.4696
vn -0.2594 0.9322 0.2526
vn 0.2350 0.9322 0.2754
vn -0.4123 -0.1572 0.8974
vn -0.4478 0.6693 0.5929
vn -0.8277 0.3957 0.3979
vn -0.2523 0.8093 -0.5304
vn -0.7867 0.6168 0.0237
vn -0.4160 0.8838 0.2140
vn -0.5525 -0.4289 0.7147
vn -0.9123 0.2670 0.3105
vn -0.9877 -0.1522 0.0352
vn -0.4361 0.5821 -0.6863
vn -0.9408 0.0854 -0.3281
vn -0.8672 0.4944 -0.0594
vn -0.4496 -0.7171 0.5326
vn -0.9526 -0.2985 -0.0581
vn -0.6883 -0.6671 -0.2849
vn -0.4000 0.3051 -0.8642
vn -0.6495 -0.4135 -0.6381
vn -0.9074 -0.0538 -0.4168
vn -0.1519 -0.8870 0.4362
vn -0.5500 -0.7627 -0.3404
vn -0.0695 -0.9082 -0.4126
vn -0.1609 0.1079 -0.9811
vn -0.0491 -0.6464 -0.7614
vn -0.5179 -0.5044 -0.6910
vn 0.2014 -0.8590 0.4706
vn 0.1073 -0.9082 -0.4045
vn 0.5790 -0.7627 -0.2882
vn 0.1694 0.0829 -0.9821
vn 0.5794 -0.5043 -0.6402
vn 0.1191 -0.6464 -0.7536
vn 0.4450 -0.6464 0.6198
vn 0.7117 -0.6671 -0.2202
vn 0.9539 -0.2985 0.0301
vn 0.4363 0.2416 -0.8668
vn 0.9420 -0.0538 -0.3313
vn 0.7056 -0.4135 -0.5755
vn 0.4649 -0.3485 0.8139
vn 0.9803 -0.1522 0.1262
vn 0.8797 0.2670 0.3934
vn 0.5149 0.5099 -0.6892
vn 0.8690 0.4944 0.0209
vn 0.9671 0.0854 -0.2398
vn 0.2517 -0.1047 0.9621
vn 0.7875 0.3957 0.4726
vn 0.3912 0.6693 0.6317
vn 0.3684 0.7622 -0.5323
vn 0.3945 0.8838 0.2515
vn 0.7812 0.6168 0.0962
vn -0.3292 0.4501 -0.8301
vn 0.7333 0.5931 0.3325
vn -0.0000 -0.9701 -0.2425
vn -0.4664 -0.8846 -0.0000
vn -0.0000 -0.6626 -0.7489
vn -0.8151 -0.0000 0.5793
vn -0.0284 0.1666 0.9856
vn 0.2637 0.8325 0.4873
vn -0.2434 0.8325 0.4977
vn 0.0306 0.7711 -0.6359
vn -0.2458 0.9658 0.0820
vn 0.2490 0.9658 0.0719
vn -0.3513 0.0248 0.9359
vn -0.4102 0.7762 0.4788
vn -0.8011 0.4732 0.3665
vn -0.2901 0.6924 -0.6606
vn -0.7859 0.6167 -0.0456
vn -0.4045 0.9123 0.0640
vn -0.5022 -0.2760 0.8195
vn -0.8908 0.3307 0.3117
vn -0.9826 -0.1335 0.1292
vn -0.4830 0.4408 -0.7566
vn -0.9608 0.0282 -0.2758
vn -0.8712 0.4811 -0.0977
vn -0.4105 -0.5952 0.6909
vn -0.9532 -0.2955 0.0642
vn -0.7030 -0.7037 -0.1031
vn -0.4576 0.1341 -0.8790
vn -0.6887 -0.5243 -0.5008
vn -0.9328 -0.1260 -0.3376
vn -0.1191 -0.7833 0.6101
vn -0.5683 -0.8095 -0.1479
vn -0.0931 -0.9707 -0.2217
vn -0.2260 -0.0843 -0.9705
vn -0.0969 -0.7822 -0.6155
vn -0.5605 -0.6249 -0.5434
vn 0.2357 -0.7524 0.6151
vn 0.0839 -0.9707 -0.2253
vn 0.5617 -0.8095 -0.1711
vn 0.1036 -0.1121 -0.9883
vn 0.5377 -0.6249 -0.5660
vn 0.0715 -0.7822 -0.6189
vn 0.4878 -0.5169 0.7035
vn 0.6982 -0.7037 -0.1319
vn 0.9550 -0.2955 0.0250
vn 0.3769 0.0637 -0.9241
vn 0.9182 -0.1260 -0.3756
vn 0.6675 -0.5243 -0.5287
vn 0.5193 -0.1870 0.8339
vn 0.9871 -0.1335 0.0887
vn 0.9028 0.3307 0.2748
vn 0.4660 0.3608 -0.8079
vn 0.8664 0.4811 -0.1334
vn 0.9487 0.0282 -0.3150
vn 0.3154 0.0829 0.9453
vn 0.8155 0.4732 0.3333
vn 0.4295 0.7762 0.4615
vn 0.3293 0.6402 -0.6941
vn 0.4067 0.9123 0.0474
vn 0.7834 0.6167 -0.0778
vn -0.1426 0.6681 -0.7303
vn -0.9253 -0.2734 0.2628
vn -0.0206 -0.0040 -0.9998
vn 0.8280 0.3182 0.4618
vn -0.0827 0.3290 0.9407
vn 0.2409 0.9032 0.3553
vn -0.2660 0.9032 0.3370
vn 0.0710 0.6540 -0.7532
vn -0.2442 0.9651 -0.0947
vn 0.2504 0.9651 -0.0768
vn -0.4032 0.1799 0.8973
vn -0.4317 0.8440 0.3183
vn -0.8175 0.5251 0.2364
vn -0.2483 0.5711 -0.7824
vn -0.7784 0.5976 -0.1923
vn -0.4019 0.9088 -0.1124
vn -0.5491 -0.1367 0.8245
vn -0.9049 0.3752 0.2013
vn -0.9891 -0.1133 0.0940
vn -0.4370 0.3063 -0.8457
vn -0.9436 -0.0217 -0.3304
vn -0.8614 0.4550 -0.2258
vn -0.4522 -0.4726 0.7564
vn -0.9571 -0.2839 0.0588
vn -0.7003 -0.7134 -0.0234
vn -0.4067 -0.0165 -0.9134
vn -0.6626 -0.6031 -0.4442
vn -0.9131 -0.1839 -0.3639
vn -0.1579 -0.6706 0.7248
vn -0.5639 -0.8247 -0.0422
vn -0.0864 -0.9944 -0.0611
vn -0.1716 -0.2462 -0.9539
vn -0.0668 -0.8745 -0.4804
vn -0.5329 -0.7089 -0.4620
vn 0.1962 -0.6380 0.7446
vn 0.0906 -0.9944 -0.0547
vn 0.5655 -0.8247 -0.0013
vn 0.1583 -0.2755 -0.9482
vn 0.5649 -0.7089 -0.4223
vn 0.1014 -0.8745 -0.4743
vn 0.4443 -0.3902 0.8064
vn 0.7002 -0.7134 0.0273
vn 0.9503 -0.2839 0.1279
vn 0.4286 -0.0905 -0.8990
vn 0.9371 -0.1839 -0.2969
vn 0.6930 -0.6031 -0.3951
vn 0.4704 -0.0431 0.8814
vn 0.9797 -0.1133 0.1653
vn 0.8879 0.3752 0.2662
vn 0.5128 0.2221 -0.8293
vn 0.8755 0.4550 -0.1629
vn 0.9650 -0.0217 -0.2613
vn 0.2623 0.2410 0.9344
vn 0.7983 0.5251 0.2949
vn 0.4076 0.8440 0.3487
vn 0.3716 0.5161 -0.7717
vn 0.4089 0.9088 -0.0830
vn 0.7902 0.5976 -0.1355
vn -0.0972 0.5360 -0.8386
vn 0.3667 -0.9026 -0.2256
vn 0.7911 0.5310 -0.3038
vn 0.1576 0.5360 -0.8293
vn -0.0897 0.5188 0.8502
vn 0.2460 0.9556 0.1621
vn -0.2605 0.9556 0.1376
vn 0.0859 0.4817 -0.8721
vn -0.2334 0.9259 -0.2971
vn 0.2609 0.9259 -0.2733
vn -0.4112 0.3663 0.8347
vn -0.4267 0.8951 0.1296
vn -0.8148 0.5691 0.1111
vn -0.2340 0.3970 -0.8875
vn -0.7701 0.5502 -0.3228
vn -0.3914 0.8683 -0.3047
vn -0.5595 0.0426 0.8278
vn -0.9032 0.4157 0.1069
vn -0.9912 -0.0837 0.1029
vn -0.4246 0.1263 -0.8965
vn -0.9401 -0.0831 -0.3307
vn -0.8542 0.4043 -0.3268
vn -0.4653 -0.3008 0.8325
vn -0.9605 -0.2581 0.1045
vn -0.7072 -0.6973 0.1170
vn -0.3968 -0.2037 -0.8950
vn -0.6637 -0.6775 -0.3170
vn -0.9109 -0.2489 -0.3292
vn -0.1726 -0.5032 0.8467
vn -0.5717 -0.8111 0.1236
vn -0.0957 -0.9845 0.1467
vn -0.1636 -0.4387 -0.8836
vn -0.0704 -0.9550 -0.2882
vn -0.5349 -0.7857 -0.3107
vn 0.1815 -0.4700 0.8638
vn 0.0811 -0.9845 0.1552
vn 0.5572 -0.8111 0.1781
vn 0.1659 -0.4686 -0.8677
vn 0.5623 -0.7857 -0.2577
vn 0.0978 -0.9550 -0.2801
vn 0.4315 -0.2166 0.8758
vn 0.6926 -0.6973 0.1846
vn 0.9459 -0.2581 0.1965
vn 0.4375 -0.2794 -0.8547
vn 0.9384 -0.2489 -0.2399
vn 0.6912 -0.6775 -0.2516
vn 0.4603 0.1384 0.8769
vn 0.9766 -0.0837 0.1979
vn 0.8887 0.4157 0.1934
vn 0.5241 0.0402 -0.8507
vn 0.8817 0.4044 -0.2430
vn 0.9676 -0.0831 -0.2386
vn 0.2544 0.4288 0.8668
vn 0.8003 0.5691 0.1890
vn 0.4122 0.8951 0.1701
vn 0.3852 0.3408 -0.8576
vn 0.4190 0.8683 -0.2656
vn 0.7977 0.5502 -0.2471
vn -0.3385 0.8881 0.3110
vn -0.0826 0.3499 -0.9331
vn -0.5160 0.8510 -0.0975
vn 0.8137 -0.0000 0.5812
vn -0.9409 0.3177 -0.1178
vn -0.4294 -0.0675 0.9006
vn 0.2841 -0.2861 -0.9151
vn 0.9137 -0.1639 0.3720
vn 0.3406 -0.0675 0.9378
vn 0.5229 0.8510 -0.0474
vn 0.1721 0.3499 -0.9209
vn 0.0482 -0.0005 -0.9988
vn 0.9950 -0.0000 0.0999
vn -0.0567 -0.0142 0.9983
vn 0.2174 0.6464 0.7314
vn -0.3420 0.6154 0.7102
vn -0.0757 0.8802 -0.4686
vn -0.3717 0.8987 0.2327
vn 0.2514 0.9333 0.2562
vn -0.4047 -0.2030 0.8916
vn -0.5839 0.4960 0.6426
vn -0.9034 0.0936 0.4184
vn -0.4708 0.6465 -0.6003
vn -0.9343 0.3485 -0.0749
vn -0.5784 0.7968 0.1749
vn -0.4521 -0.5595 0.6946
vn -0.9471 -0.1468 0.2855
vn -0.7861 -0.6175 0.0270
vn -0.5075 0.2296 -0.8305
vn -0.7923 -0.3812 -0.4764
vn -0.9716 0.1432 -0.1884
vn -0.1632 -0.8152 0.5557
vn -0.5986 -0.7979 -0.0711
vn -0.0784 -0.9825 -0.1692
vn -0.1580 -0.0565 -0.9858
vn -0.0526 -0.7410 -0.6695
vn -0.6321 -0.5354 -0.5602
vn 0.2444 -0.7775 0.5794
vn 0.1991 -0.9670 -0.1587
vn 0.6868 -0.7265 -0.0225
vn 0.3144 0.0036 -0.9493
vn 0.7278 -0.4598 -0.5088
vn 0.1845 -0.7278 -0.6605
vn 0.4638 -0.4749 0.7479
vn 0.8453 -0.5269 0.0887
vn 0.9333 -0.0423 0.3566
vn 0.5540 0.3646 -0.7484
vn 0.9612 0.2505 -0.1153
vn 0.8632 -0.2893 -0.4138
vn 0.3298 -0.1352 0.9343
vn 0.8534 0.1912 0.4848
vn 0.4755 0.5548 0.6827
vn 0.3804 0.7547 -0.5345
vn 0.4719 0.8551 0.2147
vn 0.8930 0.4500 -0.0058
vn -0.2012 0.7588 -0.6195
vn 0.1793 0.7897 0.5868
vn -0.3091 0.7625 0.5683
vn -0.9112 0.2901 0.2924
vn -0.6899 0.5688 0.4477
vn -0.8774 -0.4637 -0.1231
vn -0.9889 -0.1376 0.0560
vn -0.2762 -0.6647 0.6941
vn -0.1835 -0.9125 -0.3657
vn -0.5438 -0.7846 -0.2977
vn 0.0186 -0.7693 0.6386
vn 0.6481 -0.7184 -0.2527
vn 0.3102 -0.8851 -0.3470
vn 0.3506 0.2279 -0.9084
vn 0.9910 -0.0276 0.1308
vn 0.9301 -0.3633 -0.0547
vn 0.5871 0.6397 0.4960
vn 0.8490 0.3878 0.3590
vn -0.4907 0.7045 0.5128
vn 0.3697 0.7522 0.5454
vn -0.9821 0.0855 0.1679
vn -0.7345 -0.6385 -0.2297
vn 0.0656 -0.9224 -0.3805
vn 0.8158 -0.5524 -0.1710
vn 0.9512 0.1929 0.2410
vn 0.2352 0.8247 -0.5142
vn -0.4844 0.5281 0.6975
vn 0.1958 0.9675 -0.1598
vn -0.1958 -0.9675 0.1598
vn 0.4622 -0.4785 0.7467
vn -0.6299 0.7766 -0.0074
vn -0.2653 -0.8440 0.4661
vn 0.6299 -0.7766 0.0074
vn 0.4601 -0.8629 -0.2088
vn -0.0763 -0.9258 -0.3702
vn -0.4877 -0.1015 -0.8671
vn -0.2843 -0.9098 0.3024
vn -0.8505 0.3919 -0.3510
vn -0.8531 -0.3852 0.3520
vn -0.8538 -0.5203 0.0161
vn 0.9987 -0.0519 -0.0000
vn 0.8531 0.3852 -0.3520
vn 0.8538 0.5204 -0.0161
vn 0.8496 -0.5273 0.0152
vn 0.8503 -0.3921 0.3511
vn -0.9952 0.0977 -0.0000
vn -0.7051 -0.2623 0.6588
vn -0.7017 0.6501 0.2916
vn 0.7052 0.2623 -0.6587
vn -0.4355 -0.1729 0.8834
vn -0.4321 0.7395 0.5162
vn 0.4356 0.1729 -0.8834
vn 0.4321 -0.7395 -0.5162
vn -0.0910 -0.1325 0.9870
vn -0.0876 0.7798 0.6199
vn -0.1739 0.9848 -0.0000
vn 0.0910 0.1325 -0.9870
vn 0.0227 -0.9997 -0.0000
vn 0.2690 -0.1481 0.9517
vn 0.2724 0.7643 0.5845
vn -0.2724 -0.7643 -0.5845
vn 0.5823 -0.2169 0.7836
vn 0.5856 0.6955 0.4164
vn -0.5857 -0.6954 -0.4164
vn 0.7944 -0.3272 0.5118
vn -0.7945 0.3271 -0.5116
vn 0.4244 -0.2165 0.8792
vn 0.8691 -0.4595 0.1831
vn 1.0000 0.0009 -0.0000
vn -0.8690 0.4597 -0.1832
vn -0.8724 -0.4528 0.1840
vn 0.7965 0.3208 -0.5126
vn -0.7964 -0.3208 0.5126
vn 0.5796 -0.7001 -0.4170
vn 0.5831 0.2123 -0.7842
vn -0.9575 0.2885 -0.0000
vn -0.5796 0.7001 0.4170
vn -0.5831 -0.2123 0.7842
vn 0.4101 -0.9120 -0.0000
vn 0.2657 -0.7663 -0.5849
vn -0.2657 0.7664 0.5848
vn -0.2691 -0.1459 0.9520
vn -0.0944 -0.7791 -0.6197
vn 0.0910 -0.1333 0.9869
vn -0.4386 -0.7359 -0.5158
vn 0.4385 0.7360 0.5157
vn 0.4351 -0.1764 0.8829
vn -0.7073 -0.6443 -0.2908
vn -0.7037 0.2679 -0.6580
vn 0.7072 0.6444 0.2909
vn -0.0077 0.9930 -0.1183
vn -0.8435 0.3814 0.3782
vn 0.3345 0.7460 -0.5759
vn 0.3362 -0.8719 -0.3561
vn 0.3218 -0.2050 0.9244
vn -0.7910 0.5423 -0.2833
vn -0.7969 0.5950 0.1042
vn 0.9745 -0.0292 -0.2225
vn 0.9672 0.0354 0.2517
vn 0.8487 -0.5093 -0.1426
vn -0.6193 -0.5002 0.6053
vn -0.5855 0.8107 -0.0000
vn 0.2346 -0.9702 0.0611
vn -0.3008 -0.4692 0.8303
vn 0.3689 -0.1247 -0.9211
vn 0.0867 -0.4616 0.8828
vn 0.4544 -0.4792 0.7509
vn -0.5553 -0.1126 -0.8240
vn 0.7183 -0.5178 0.4648
vn -0.8261 0.2482 -0.5060
vn 0.8164 0.5738 -0.0653
vn -0.9999 -0.0032 -0.0151
vn 0.7299 -0.6200 -0.2877
vn 0.7287 0.5223 -0.4429
vn -0.8925 0.0598 0.4471
vn 0.4751 -0.6602 -0.5817
vn 0.1103 0.4624 -0.8798
vn -0.2967 -0.0000 0.9550
vn -0.2774 -0.6750 -0.6837
vn -0.1703 -0.9854 -0.0000
vn -0.6026 -0.6461 -0.4684
vn -0.9343 -0.3175 0.1618
vn -0.0005 -0.9684 -0.2493
vn 0.5907 0.7810 0.2025
vn 0.0183 0.9706 0.2399
vn -0.0811 -0.9201 0.3833
vn -0.3529 -0.0356 -0.9350
vn 0.2087 -0.9149 0.3456
vn -0.7855 0.6181 -0.0306
vn -0.7822 0.5173 0.3473
vn -0.8009 -0.5967 0.0509
vn -0.8044 -0.4959 -0.3270
vn 0.9686 0.0486 -0.2436
vn 0.9729 -0.0746 0.2189
vn -0.0000 -0.9865 -0.1639
vn -0.6161 -0.6881 0.3832
vn -0.5973 0.4258 0.6796
vn -0.2923 -0.7497 0.5937
vn -0.2736 0.3644 0.8901
vn 0.3462 0.2357 -0.9081
vn 0.0963 -0.7670 0.6344
vn 0.1151 0.3471 0.9308
vn 0.0085 1.0000 -0.0000
vn 0.4606 -0.7364 0.4955
vn 0.4795 0.3777 0.7921
vn 0.7172 -0.6646 0.2094
vn 0.8264 0.5460 0.1377
vn -0.0000 -0.9721 -0.2347
vn 0.7107 -0.4690 -0.5244
vn 0.7295 0.6448 -0.2280
vn -0.8812 -0.1077 0.4604
vn 0.4675 0.7238 -0.5076
vn -0.5607 -0.2040 0.8025
vn -0.3461 -0.9382 -0.0000
vn 0.1007 0.7642 -0.6370
vn 0.1685 0.9818 0.0876
vn -0.1117 -0.2538 0.9608
vn -0.3059 -0.3565 -0.8828
vn -0.2871 0.7573 -0.5865
vn 0.3628 -0.2452 0.8990
vn -0.6069 0.7046 -0.3676
vn 0.7543 -0.1807 0.6312
vt 0.750000 0.421238
vt 0.742397 0.487233
vt 0.792176 0.474649
vt 0.000000 0.596353
vt 0.030377 0.500000
vt 0.044670 0.594009
vt 0.969623 0.500000
vt 1.000000 0.596353
vt 0.955329 0.594009
vt 0.250000 0.413223
vt 0.257026 0.487443
vt 0.204599 0.473475
vt 1.000000 0.908334
vt 0.967300 1.000000
vt 0.952241 0.905991
vt 0.032700 1.000000
vt 0.000000 0.908334
vt 0.047760 0.905991
vt 0.860070 0.381176
vt 0.896666 0.436618
vt 0.926710 0.394981
vt 0.888889 0.596353
vt 0.919266 0.500000
vt 0.933559 0.594009
vt 0.858512 0.500000
vt 0.844218 0.594009
vt 0.354917 0.375036
vt 0.408008 0.427375
vt 0.358868 0.450375
vt 0.888889 0.908334
vt 0.856189 1.000000
vt 0.841130 0.905991
vt 0.921589 1.000000
vt 0.936648 0.905991
vt 0.918636 0.279735
vt 0.982308 0.298682
vt 0.978560 0.247475
vt 0.777778 0.596353
vt 0.808154 0.500000
vt 0.822448 0.594009
vt 0.747401 0.500000
vt 0.733107 0.594009
vt 0.410743 0.278343
vt 0.485056 0.284312
vt 0.462196 0.333518
vt 0.777778 0.908334
vt 0.745078 1.000000
vt 0.730018 0.905991
vt 0.810478 1.000000
vt 0.825537 0.905991
vt 0.898296 0.164381
vt 0.959251 0.137968
vt 0.923464 0.101150
vt 0.666667 0.596353
vt 0.697043 0.500000
vt 0.711337 0.594009
vt 0.636290 0.500000
vt 0.621996 0.594009
vt 0.391355 0.168389
vt 0.452118 0.125194
vt 0.466236 0.177581
vt 0.666667 0.908334
vt 0.633967 1.000000
vt 0.618907 0.905991
vt 0.699367 1.000000
vt 0.714426 0.905990
vt 0.808567 0.089089
vt 0.838283 0.029675
vt 0.787202 0.024474
vt 0.555556 0.596353
vt 0.585932 0.500000
vt 0.600226 0.594009
vt 0.525179 0.500000
vt 0.510885 0.594009
vt 0.305825 0.096621
vt 0.324608 0.024474
vt 0.369096 0.055530
vt 0.555556 0.908334
vt 0.522856 1.000000
vt 0.507796 0.905990
vt 0.588256 1.000000
vt 0.603315 0.905991
vt 0.691433 0.089089
vt 0.676006 0.024474
vt 0.633533 0.053324
vt 0.444444 0.596353
vt 0.474821 0.500000
vt 0.489115 0.594009
vt 0.414068 0.500000
vt 0.399774 0.594009
vt 0.194175 0.096621
vt 0.162187 0.029280
vt 0.216230 0.024474
vt 0.444444 0.908334
vt 0.411745 1.000000
vt 0.396685 0.905991
vt 0.477144 1.000000
vt 0.492204 0.905991
vt 0.601704 0.164381
vt 0.548352 0.124799
vt 0.534360 0.174201
vt 0.333333 0.596353
vt 0.363710 0.500000
vt 0.378004 0.594009
vt 0.302957 0.500000
vt 0.288663 0.594009
vt 0.108645 0.168389
vt 0.040856 0.137364
vt 0.079165 0.098944
vt 0.333333 0.908334
vt 0.300633 1.000000
vt 0.285574 0.905991
vt 0.366033 1.000000
vt 0.381093 0.905991
vt 0.581364 0.279735
vt 0.515051 0.283708
vt 0.536087 0.330545
vt 0.222222 0.596353
vt 0.252599 0.500000
vt 0.266893 0.594009
vt 0.191846 0.500000
vt 0.177552 0.594009
vt 0.089257 0.278343
vt 0.017385 0.298151
vt 0.022036 0.244095
vt 0.222222 0.908334
vt 0.189522 1.000000
vt 0.174463 0.905991
vt 0.254922 1.000000
vt 0.269982 0.905991
vt 0.639930 0.381176
vt 0.591685 0.426844
vt 0.637907 0.449201
vt 0.111111 0.596353
vt 0.141488 0.500000
vt 0.155782 0.594009
vt 0.080734 0.500000
vt 0.066441 0.594009
vt 0.145083 0.375036
vt 0.102757 0.436408
vt 0.071573 0.392009
vt 0.111111 0.908334
vt 0.078411 1.000000
vt 0.063352 0.905991
vt 0.143811 1.000000
vt 0.158871 0.905991
vt 0.862093 0.449201
vt 0.295401 0.473475
vt 0.477964 0.244095
vt 0.712798 0.024474
vt 0.283770 0.024474
vt 0.576536 0.101150
vt 0.130904 0.055530
vt 0.033764 0.177581
vt 0.037804 0.333518
vt 0.750000 0.413223
vt 0.741511 0.486910
vt 0.797092 0.472860
vt 0.000000 0.596353
vt 0.033918 0.500000
vt 0.049966 0.594009
vt 0.966082 0.500000
vt 1.000000 0.596353
vt 0.950034 0.594009
vt 0.250000 0.403092
vt 0.257953 0.487105
vt 0.198608 0.471295
vt 1.000000 0.908334
vt 0.962986 1.000000
vt 0.946057 0.905991
vt 0.037015 1.000000
vt 0.000000 0.908334
vt 0.053943 0.905991
vt 0.854917 0.375036
vt 0.895780 0.436940
vt 0.929326 0.390451
vt 0.888889 0.596353
vt 0.922806 0.500000
vt 0.938855 0.594009
vt 0.854971 0.500000
vt 0.838923 0.594009
vt 0.348406 0.367275
vt 0.408501 0.426521
vt 0.352877 0.452556
vt 0.888889 0.908334
vt 0.851874 1.000000
vt 0.834946 0.905991
vt 0.925904 1.000000
vt 0.942832 0.905991
vt 0.910743 0.278343
vt 0.981837 0.299499
vt 0.977652 0.242323
vt 0.777778 0.596353
vt 0.811695 0.500000
vt 0.827744 0.594009
vt 0.743860 0.500000
vt 0.727812 0.594009
vt 0.400766 0.276584
vt 0.484884 0.283340
vt 0.459009 0.339038
vt 0.777778 0.908334
vt 0.740763 1.000000
vt 0.723835 0.905991
vt 0.814792 1.000000
vt 0.831721 0.905991
vt 0.891355 0.168389
vt 0.959415 0.138897
vt 0.919456 0.097787
vt 0.666667 0.596353
vt 0.700584 0.500000
vt 0.716632 0.594009
vt 0.632749 0.500000
vt 0.616701 0.594009
vt 0.382582 0.173454
vt 0.451363 0.124560
vt 0.467343 0.183859
vt 0.666667 0.908334
vt 0.629652 1.000000
vt 0.612723 0.905991
vt 0.703681 1.000000
vt 0.720610 0.905991
vt 0.805825 0.096621
vt 0.839005 0.030281
vt 0.781971 0.024474
vt 0.555556 0.596353
vt 0.589473 0.500000
vt 0.605521 0.594009
vt 0.521638 0.500000
vt 0.505590 0.594009
vt 0.302361 0.106140
vt 0.323621 0.024474
vt 0.373980 0.059628
vt 0.518541 1.000000
vt 0.501612 0.905991
vt 0.592570 1.000000
vt 0.609499 0.905991
vt 0.694175 0.096621
vt 0.676949 0.024474
vt 0.629525 0.056686
vt 0.444444 0.596353
vt 0.478362 0.500000
vt 0.494410 0.594009
vt 0.410527 0.500000
vt 0.394479 0.594009
vt 0.197639 0.106140
vt 0.161432 0.029914
vt 0.222605 0.024474
vt 0.444444 0.908334
vt 0.407430 1.000000
vt 0.390501 0.905991
vt 0.481459 1.000000
vt 0.498388 0.905991
vt 0.608645 0.168389
vt 0.549074 0.124193
vt 0.533452 0.179353
vt 0.333333 0.596353
vt 0.367251 0.500000
vt 0.383299 0.594009
vt 0.299416 0.500000
vt 0.283368 0.594009
vt 0.117418 0.173454
vt 0.040684 0.138335
vt 0.084049 0.094846
vt 0.333333 0.908334
vt 0.296319 1.000000
vt 0.279390 0.905991
vt 0.370348 1.000000
vt 0.387277 0.905991
vt 0.589257 0.278343
vt 0.515215 0.282779
vt 0.538703 0.335076
vt 0.222222 0.596353
vt 0.256140 0.500000
vt 0.272188 0.594009
vt 0.188305 0.500000
vt 0.172256 0.594009
vt 0.099234 0.276584
vt 0.017878 0.299005
vt 0.023143 0.237816
vt 0.222222 0.908334
vt 0.185208 1.000000
vt 0.168279 0.905991
vt 0.259237 1.000000
vt 0.276165 0.905991
vt 0.645083 0.375036
vt 0.591214 0.426027
vt 0.642823 0.450991
vt 0.111111 0.596353
vt 0.145029 0.500000
vt 0.161077 0.594009
vt 0.077194 0.500000
vt 0.061145 0.594009
vt 0.151594 0.367275
vt 0.103684 0.436745
vt 0.068386 0.386488
vt 0.111111 0.908334
vt 0.074097 1.000000
vt 0.057168 0.905990
vt 0.148126 1.000000
vt 0.165054 0.905991
vt 0.857177 0.450991
vt 0.301392 0.471295
vt 0.966548 0.179353
vt 0.476857 0.237816
vt 0.415951 0.094846
vt 0.277395 0.024474
vt 0.126020 0.059628
vt 0.522348 0.242323
vt 0.032657 0.183859
vt 0.702908 0.472860
vt 0.750000 0.412259
vt 0.741404 0.486871
vt 0.797683 0.472645
vt 0.000000 0.586190
vt 0.034343 0.500000
vt 0.050606 0.584094
vt 0.965657 0.500000
vt 1.000000 0.586190
vt 0.949394 0.584094
vt 0.250000 0.400442
vt 0.258196 0.487017
vt 0.197041 0.470724
vt 1.000000 0.918002
vt 0.961857 1.000000
vt 0.944445 0.915906
vt 0.038143 1.000000
vt 0.000000 0.918002
vt 0.055556 0.915906
vt 0.854298 0.374297
vt 0.895673 0.436979
vt 0.929641 0.389906
vt 0.888889 0.586190
vt 0.923232 0.500000
vt 0.939495 0.584094
vt 0.854546 0.500000
vt 0.838283 0.584094
vt 0.346702 0.365245
vt 0.408630 0.426297
vt 0.351310 0.453126
vt 0.888889 0.918002
vt 0.850746 1.000000
vt 0.833333 0.915906
vt 0.927032 1.000000
vt 0.944444 0.915906
vt 0.909793 0.278176
vt 0.981780 0.299598
vt 0.977542 0.241703
vt 0.777778 0.586190
vt 0.812121 0.500000
vt 0.828383 0.584094
vt 0.743434 0.500000
vt 0.727172 0.584094
vt 0.398156 0.276124
vt 0.484839 0.283086
vt 0.458175 0.340483
vt 0.777778 0.918002
vt 0.739635 1.000000
vt 0.722222 0.915906
vt 0.815921 1.000000
vt 0.890520 0.168871
vt 0.959434 0.139008
vt 0.918975 0.097383
vt 0.666667 0.586190
vt 0.701010 0.500000
vt 0.717272 0.584094
vt 0.632323 0.500000
vt 0.616061 0.584094
vt 0.380286 0.174779
vt 0.451165 0.124394
vt 0.467633 0.185502
vt 0.666667 0.918002
vt 0.628523 1.000000
vt 0.611111 0.915906
vt 0.704810 1.000000
vt 0.722222 0.915906
vt 0.805496 0.097527
vt 0.839092 0.030354
vt 0.781342 0.024474
vt 0.555556 0.586190
vt 0.589899 0.500000
vt 0.606161 0.584094
vt 0.521212 0.500000
vt 0.504950 0.584094
vt 0.301454 0.108631
vt 0.323363 0.024474
vt 0.375257 0.060700
vt 0.555556 0.918002
vt 0.517412 1.000000
vt 0.500000 0.915906
vt 0.593699 1.000000
vt 0.611111 0.915906
vt 0.694504 0.097527
vt 0.677063 0.024474
vt 0.629044 0.057091
vt 0.444444 0.586190
vt 0.478788 0.500000
vt 0.495050 0.584094
vt 0.410101 0.500000
vt 0.393839 0.584094
vt 0.198546 0.108631
vt 0.161234 0.030080
vt 0.224273 0.024474
vt 0.444444 0.918002
vt 0.406301 1.000000
vt 0.388889 0.915906
vt 0.482588 1.000000
vt 0.500000 0.915906
vt 0.609480 0.168871
vt 0.549161 0.124120
vt 0.533342 0.179972
vt 0.333333 0.586190
vt 0.367677 0.500000
vt 0.383939 0.584094
vt 0.298990 0.500000
vt 0.282728 0.584094
vt 0.119714 0.174779
vt 0.040639 0.138589
vt 0.085326 0.093774
vt 0.333333 0.918002
vt 0.295190 1.000000
vt 0.277778 0.915906
vt 0.371477 1.000000
vt 0.388889 0.915906
vt 0.590207 0.278176
vt 0.515235 0.282667
vt 0.539018 0.335621
vt 0.222222 0.586190
vt 0.256566 0.500000
vt 0.272828 0.584094
vt 0.187879 0.500000
vt 0.171617 0.584094
vt 0.101844 0.276124
vt 0.018007 0.299229
vt 0.023433 0.236174
vt 0.222222 0.918002
vt 0.184079 1.000000
vt 0.166667 0.915906
vt 0.260366 1.000000
vt 0.277778 0.915906
vt 0.645702 0.374297
vt 0.591157 0.425929
vt 0.643414 0.451206
vt 0.111111 0.586190
vt 0.145455 0.500000
vt 0.161717 0.584094
vt 0.076768 0.500000
vt 0.060506 0.584094
vt 0.153298 0.365245
vt 0.103927 0.436834
vt 0.067552 0.385043
vt 0.111111 0.918002
vt 0.072968 1.000000
vt 0.055556 0.915906
vt 0.149254 1.000000
vt 0.166667 0.915906
vt 0.960982 0.335621
vt 0.476567 0.236174
vt 0.414674 0.093774
vt 0.718658 0.024474
vt 0.275727 0.024474
vt 0.522458 0.241703
vt 0.032367 0.185502
vt 0.750000 0.414055
vt 0.741603 0.486944
vt 0.796581 0.473046
vt 0.000000 0.573089
vt 0.033550 0.500000
vt 0.049419 0.571312
vt 0.966450 0.500000
vt 1.000000 0.573089
vt 0.950581 0.571312
vt 0.250000 0.400442
vt 0.258196 0.487017
vt 0.197041 0.470725
vt 1.000000 0.930466
vt 0.961857 1.000000
vt 0.944444 0.928688
vt 0.038143 1.000000
vt 0.000000 0.930466
vt 0.055556 0.928688
vt 0.855452 0.375673
vt 0.895872 0.436907
vt 0.929054 0.390921
vt 0.888889 0.573089
vt 0.922439 0.500000
vt 0.938308 0.571312
vt 0.855339 0.500000
vt 0.839470 0.571312
vt 0.346702 0.365245
vt 0.408630 0.426297
vt 0.351310 0.453126
vt 0.888889 0.930466
vt 0.850746 1.000000
vt 0.833333 0.928688
vt 0.927032 1.000000
vt 0.944444 0.928688
vt 0.911562 0.278488
vt 0.981886 0.299414
vt 0.977746 0.242858
vt 0.777778 0.573089
vt 0.811328 0.500000
vt 0.827197 0.571312
vt 0.744228 0.500000
vt 0.728359 0.571312
vt 0.398156 0.276124
vt 0.484839 0.283086
vt 0.458175 0.340483
vt 0.777778 0.930466
vt 0.739634 1.000000
vt 0.722222 0.928688
vt 0.815921 1.000000
vt 0.833333 0.928688
vt 0.892075 0.167973
vt 0.959398 0.138800
vt 0.919873 0.098136
vt 0.666667 0.573089
vt 0.700217 0.500000
vt 0.716086 0.571312
vt 0.633117 0.500000
vt 0.617247 0.571312
vt 0.380286 0.174779
vt 0.451165 0.124394
vt 0.467633 0.185502
vt 0.666667 0.930466
vt 0.611111 0.928688
vt 0.704810 1.000000
vt 0.722222 0.928688
vt 0.806110 0.095839
vt 0.838930 0.030218
vt 0.782514 0.024474
vt 0.555556 0.573089
vt 0.589105 0.500000
vt 0.604975 0.571312
vt 0.522006 0.500000
vt 0.506136 0.571312
vt 0.301454 0.108631
vt 0.323363 0.024474
vt 0.375257 0.060700
vt 0.555556 0.930466
vt 0.500000 0.928688
vt 0.593699 1.000000
vt 0.693890 0.095839
vt 0.676851 0.024474
vt 0.629942 0.056337
vt 0.444445 0.573089
vt 0.477994 0.500000
vt 0.493864 0.571312
vt 0.410895 0.500000
vt 0.395025 0.571312
vt 0.198546 0.108631
vt 0.161234 0.030080
vt 0.224273 0.024474
vt 0.444444 0.930466
vt 0.406301 1.000000
vt 0.388889 0.928688
vt 0.482588 1.000000
vt 0.500000 0.928688
vt 0.607925 0.167973
vt 0.548999 0.124256
vt 0.533546 0.178818
vt 0.333333 0.573089
vt 0.366883 0.500000
vt 0.382753 0.571312
vt 0.299783 0.500000
vt 0.283914 0.571312
vt 0.119714 0.174779
vt 0.040639 0.138589
vt 0.085326 0.093774
vt 0.333333 0.930466
vt 0.295190 1.000000
vt 0.277778 0.928688
vt 0.388889 0.928688
vt 0.588438 0.278488
vt 0.515198 0.282875
vt 0.538432 0.334605
vt 0.222222 0.573089
vt 0.255772 0.500000
vt 0.271642 0.571312
vt 0.188672 0.500000
vt 0.172803 0.571312
vt 0.101844 0.276124
vt 0.023433 0.236174
vt 0.222222 0.930466
vt 0.184079 1.000000
vt 0.166667 0.928688
vt 0.277778 0.928688
vt 0.644548 0.375673
vt 0.591263 0.426112
vt 0.642312 0.450805
vt 0.111111 0.573089
vt 0.144661 0.500000
vt 0.160530 0.571312
vt 0.077561 0.500000
vt 0.061692 0.571312
vt 0.153298 0.365245
vt 0.103927 0.436834
vt 0.067552 0.385043
vt 0.111111 0.930466
vt 0.072968 1.000000
vt 0.055556 0.928688
vt 0.149254 1.000000
vt 0.166667 0.928688
vt 0.857688 0.450805
vt 0.302959 0.470725
vt 0.432448 0.385043
vt 0.966454 0.178818
vt 0.476567 0.236174
vt 0.717486 0.024474
vt 0.275727 0.024474
vt 0.580127 0.098136
vt 0.124743 0.060700
vt 0.522254 0.242858
vt 0.032367 0.185502
vt 0.041825 0.340483
vt 0.703419 0.473046
vt 0.148690 0.453126
vt 0.750000 0.416495
vt 0.741873 0.487042
vt 0.795085 0.473590
vt 0.000000 0.559988
vt 0.032472 0.500000
vt 0.047810 0.558530
vt 0.967528 0.500000
vt 1.000000 0.559988
vt 0.952190 0.558529
vt 0.250000 0.400442
vt 0.258196 0.487017
vt 0.197041 0.470724
vt 1.000000 0.942930
vt 0.944444 0.941471
vt 0.038143 1.000000
vt 0.000000 0.942930
vt 0.055556 0.941471
vt 0.857021 0.377542
vt 0.896142 0.436809
vt 0.928258 0.392300
vt 0.888889 0.559988
vt 0.921361 0.500000
vt 0.936699 0.558529
vt 0.856417 0.500000
vt 0.841079 0.558529
vt 0.346702 0.365245
vt 0.888889 0.942930
vt 0.850746 1.000000
vt 0.833333 0.941471
vt 0.927032 1.000000
vt 0.944445 0.941471
vt 0.913965 0.278912
vt 0.982029 0.299166
vt 0.978023 0.244426
vt 0.777778 0.559988
vt 0.810250 0.500000
vt 0.825588 0.558529
vt 0.745306 0.500000
vt 0.729968 0.558529
vt 0.398156 0.276124
vt 0.484839 0.283086
vt 0.458175 0.340483
vt 0.777778 0.942930
vt 0.722222 0.941471
vt 0.815921 1.000000
vt 0.833333 0.941471
vt 0.894189 0.166753
vt 0.959348 0.138518
vt 0.921093 0.099160
vt 0.666667 0.559988
vt 0.699139 0.500000
vt 0.714477 0.558529
vt 0.634195 0.500000
vt 0.618857 0.558529
vt 0.380286 0.174779
vt 0.467633 0.185502
vt 0.666667 0.942930
vt 0.628523 1.000000
vt 0.611111 0.941471
vt 0.722222 0.941471
vt 0.806945 0.093546
vt 0.838710 0.030033
vt 0.784107 0.024474
vt 0.555556 0.559988
vt 0.588028 0.500000
vt 0.603365 0.558529
vt 0.523084 0.500000
vt 0.507746 0.558529
vt 0.301454 0.108631
vt 0.323363 0.024474
vt 0.375257 0.060700
vt 0.555556 0.942930
vt 0.500000 0.941471
vt 0.611111 0.941471
vt 0.693055 0.093546
vt 0.676564 0.024474
vt 0.631162 0.055314
vt 0.444444 0.559988
vt 0.476916 0.500000
vt 0.492254 0.558529
vt 0.411973 0.500000
vt 0.396635 0.558529
vt 0.198546 0.108631
vt 0.161234 0.030080
vt 0.224273 0.024474
vt 0.444445 0.942930
vt 0.388889 0.941471
vt 0.482588 1.000000
vt 0.500000 0.941471
vt 0.605811 0.166753
vt 0.548779 0.124441
vt 0.533823 0.177249
vt 0.333333 0.559988
vt 0.365805 0.500000
vt 0.381143 0.558529
vt 0.300861 0.500000
vt 0.285524 0.558529
vt 0.119714 0.174779
vt 0.085326 0.093774
vt 0.333333 0.942930
vt 0.295190 1.000000
vt 0.277778 0.941471
vt 0.371477 1.000000
vt 0.388889 0.941471
vt 0.586035 0.278912
vt 0.515148 0.283158
vt 0.537635 0.333226
vt 0.222222 0.559988
vt 0.254694 0.500000
vt 0.270032 0.558529
vt 0.189750 0.500000
vt 0.174412 0.558529
vt 0.101844 0.276124
vt 0.018007 0.299229
vt 0.023433 0.236174
vt 0.222222 0.942930
vt 0.184079 1.000000
vt 0.166667 0.941471
vt 0.260366 1.000000
vt 0.277778 0.941471
vt 0.642979 0.377542
vt 0.591406 0.426360
vt 0.640816 0.450260
vt 0.111111 0.559988
vt 0.143583 0.500000
vt 0.158921 0.558529
vt 0.078639 0.500000
vt 0.063301 0.558529
vt 0.103927 0.436834
vt 0.067552 0.385043
vt 0.111111 0.942930
vt 0.055556 0.941471
vt 0.149254 1.000000
vt 0.166667 0.941471
vt 0.859184 0.450260
vt 0.302959 0.470725
vt 0.962365 0.333226
vt 0.432448 0.385043
vt 0.868838 0.055314
vt 0.414674 0.093774
vt 0.578907 0.099160
vt 0.521977 0.244426
vt 0.041825 0.340483
vt 0.148690 0.453126
vt 0.750000 0.420001
vt 0.742260 0.487183
vt 0.792935 0.474373
vt 0.000000 0.546888
vt 0.030923 0.500000
vt 0.045501 0.545747
vt 0.969077 0.500000
vt 1.000000 0.546887
vt 0.954499 0.545747
vt 0.250000 0.400442
vt 0.258196 0.487017
vt 0.197041 0.470725
vt 1.000000 0.955393
vt 0.944444 0.954253
vt 0.000000 0.955393
vt 0.055556 0.954253
vt 0.859274 0.380228
vt 0.896529 0.436668
vt 0.927114 0.394282
vt 0.888889 0.546887
vt 0.919812 0.500000
vt 0.934390 0.545747
vt 0.857966 0.500000
vt 0.843388 0.545747
vt 0.888889 0.955393
vt 0.833333 0.954253
vt 0.927032 1.000000
vt 0.944444 0.954253
vt 0.917418 0.279520
vt 0.982236 0.298809
vt 0.978420 0.246680
vt 0.777778 0.546887
vt 0.808701 0.500000
vt 0.823279 0.545747
vt 0.746855 0.500000
vt 0.732276 0.545747
vt 0.398156 0.276124
vt 0.458175 0.340483
vt 0.777778 0.955393
vt 0.739635 1.000000
vt 0.722222 0.954253
vt 0.833333 0.954253
vt 0.897225 0.165000
vt 0.959276 0.138111
vt 0.922846 0.100631
vt 0.666667 0.546887
vt 0.697590 0.500000
vt 0.712168 0.545747
vt 0.635743 0.500000
vt 0.621165 0.545747
vt 0.380286 0.174779
vt 0.451165 0.124394
vt 0.467632 0.185502
vt 0.666667 0.955393
vt 0.628523 1.000000
vt 0.611111 0.954253
vt 0.704810 1.000000
vt 0.722222 0.954253
vt 0.808144 0.090252
vt 0.838394 0.029768
vt 0.786395 0.024474
vt 0.555556 0.546887
vt 0.586479 0.500000
vt 0.601057 0.545747
vt 0.524632 0.500000
vt 0.510054 0.545747
vt 0.301454 0.108631
vt 0.375257 0.060700
vt 0.555556 0.955393
vt 0.500000 0.954253
vt 0.593699 1.000000
vt 0.691856 0.090252
vt 0.676152 0.024474
vt 0.632915 0.053843
vt 0.444445 0.546887
vt 0.475368 0.500000
vt 0.489946 0.545747
vt 0.413521 0.500000
vt 0.398943 0.545747
vt 0.161234 0.030080
vt 0.444444 0.955393
vt 0.406301 1.000000
vt 0.388889 0.954253
vt 0.602775 0.165000
vt 0.548463 0.124706
vt 0.534220 0.174996
vt 0.333333 0.546887
vt 0.364257 0.500000
vt 0.378835 0.545747
vt 0.302410 0.500000
vt 0.287832 0.545747
vt 0.119714 0.174779
vt 0.040639 0.138589
vt 0.085326 0.093774
vt 0.333333 0.955393
vt 0.295190 1.000000
vt 0.277778 0.954253
vt 0.371477 1.000000
vt 0.388889 0.954253
vt 0.582582 0.279520
vt 0.515076 0.283564
vt 0.536491 0.331244
vt 0.222222 0.546887
vt 0.253145 0.500000
vt 0.267723 0.545747
vt 0.191299 0.500000
vt 0.176721 0.545747
vt 0.101844 0.276124
vt 0.018007 0.299229
vt 0.222222 0.955393
vt 0.166667 0.954253
vt 0.260366 1.000000
vt 0.640726 0.380228
vt 0.591613 0.426718
vt 0.638665 0.449478
vt 0.111111 0.546887
vt 0.142034 0.500000
vt 0.156612 0.545747
vt 0.080188 0.500000
vt 0.065610 0.545747
vt 0.153298 0.365245
vt 0.103927 0.436834
vt 0.067552 0.385043
vt 0.111111 0.955393
vt 0.072968 1.000000
vt 0.055556 0.954253
vt 0.166667 0.954253
vt 0.965780 0.174996
vt 0.476567 0.236174
vt 0.713605 0.024474
vt 0.275727 0.024474
vt 0.521580 0.246680
vt 0.032367 0.185502
vt 0.572886 0.394282
vt 0.707066 0.474373
vt 0.750000 0.425465
vt 0.742864 0.487403
vt 0.789583 0.475593
vt 0.000000 0.533787
vt 0.028509 0.500000
vt 0.041911 0.532965
vt 0.971491 0.500000
vt 1.000000 0.533787
vt 0.958089 0.532965
vt 0.250000 0.400442
vt 0.197041 0.470725
vt 1.000000 0.967857
vt 0.961857 1.000000
vt 0.944444 0.967035
vt 0.000000 0.967857
vt 0.055556 0.967035
vt 0.862787 0.384414
vt 0.897134 0.436448
vt 0.925331 0.397371
vt 0.888889 0.533787
vt 0.917398 0.500000
vt 0.930800 0.532965
vt 0.860380 0.500000
vt 0.846978 0.532965
vt 0.346702 0.365245
vt 0.888889 0.967857
vt 0.833333 0.967035
vt 0.944445 0.967035
vt 0.922800 0.280469
vt 0.982557 0.298252
vt 0.979039 0.250193
vt 0.777778 0.533787
vt 0.806287 0.500000
vt 0.819689 0.532965
vt 0.749269 0.500000
vt 0.735867 0.532965
vt 0.398156 0.276124
vt 0.777778 0.967857
vt 0.739634 1.000000
vt 0.722222 0.967035
vt 0.833333 0.967035
vt 0.901958 0.162267
vt 0.959165 0.137478
vt 0.925578 0.102924
vt 0.666667 0.533787
vt 0.695176 0.500000
vt 0.708578 0.532965
vt 0.638158 0.500000
vt 0.624756 0.532965
vt 0.380286 0.174779
vt 0.467633 0.185502
vt 0.666667 0.967857
vt 0.628523 1.000000
vt 0.611111 0.967035
vt 0.704810 1.000000
vt 0.810013 0.085116
vt 0.837902 0.029355
vt 0.789962 0.024474
vt 0.555556 0.533787
vt 0.584065 0.500000
vt 0.597466 0.532965
vt 0.527047 0.500000
vt 0.513645 0.532965
vt 0.323363 0.024474
vt 0.375257 0.060700
vt 0.555556 0.967857
vt 0.500000 0.967035
vt 0.593699 1.000000
vt 0.611111 0.967035
vt 0.689987 0.085116
vt 0.675509 0.024474
vt 0.635647 0.051550
vt 0.444444 0.533787
vt 0.472953 0.500000
vt 0.486355 0.532965
vt 0.415935 0.500000
vt 0.402533 0.532965
vt 0.198546 0.108631
vt 0.161234 0.030080
vt 0.224273 0.024474
vt 0.444445 0.967857
vt 0.388889 0.967035
vt 0.500000 0.967035
vt 0.598042 0.162267
vt 0.547971 0.125119
vt 0.534839 0.171483
vt 0.333333 0.533787
vt 0.361842 0.500000
vt 0.375244 0.532965
vt 0.304824 0.500000
vt 0.291422 0.532965
vt 0.119714 0.174779
vt 0.040639 0.138589
vt 0.333333 0.967857
vt 0.277778 0.967035
vt 0.388889 0.967035
vt 0.577200 0.280469
vt 0.514965 0.284197
vt 0.534708 0.328155
vt 0.222222 0.533787
vt 0.250731 0.500000
vt 0.264133 0.532965
vt 0.193713 0.500000
vt 0.180311 0.532965
vt 0.018007 0.299229
vt 0.023433 0.236174
vt 0.222222 0.967857
vt 0.184079 1.000000
vt 0.166667 0.967035
vt 0.260366 1.000000
vt 0.277778 0.967035
vt 0.637213 0.384414
vt 0.591934 0.427275
vt 0.635314 0.448258
vt 0.111111 0.533787
vt 0.139620 0.500000
vt 0.153022 0.532965
vt 0.082602 0.500000
vt 0.069200 0.532965
vt 0.153298 0.365245
vt 0.103927 0.436834
vt 0.067552 0.385043
vt 0.111111 0.967857
vt 0.055556 0.967035
vt 0.149254 1.000000
vt 0.166667 0.967035
vt 0.432448 0.385043
vt 0.864353 0.051550
vt 0.414674 0.093774
vt 0.710038 0.024474
vt 0.574422 0.102924
vt 0.520961 0.250193
vt 0.032367 0.185502
vt 0.710417 0.475593
vt 0.750000 0.368025
vt 0.735631 0.483080
vt 0.820751 0.455928
vt 0.000000 0.575343
vt 0.053865 0.500000
vt 0.071429 0.579629
vt 0.946135 0.500000
vt 1.000000 0.575343
vt 0.928571 0.579629
vt 0.250000 0.400124
vt 0.264900 0.482825
vt 0.185316 0.458850
vt 1.000000 0.918353
vt 0.950753 1.000000
vt 0.941803 0.920371
vt 0.049247 1.000000
vt 0.000000 0.918353
vt 0.058198 0.920371
vt 0.842276 0.323588
vt 0.923270 0.406557
vt 0.955114 0.323079
vt 0.857143 0.575343
vt 0.911008 0.500000
vt 0.803278 0.500000
vt 0.785714 0.579629
vt 0.367372 0.343601
vt 0.441319 0.383515
vt 0.372955 0.430788
vt 0.857143 0.918353
vt 0.807896 1.000000
vt 0.798945 0.920371
vt 0.906390 1.000000
vt 0.915341 0.920371
vt 0.865066 0.223737
vt 0.980434 0.212144
vt 0.935022 0.135200
vt 0.714286 0.575343
vt 0.768151 0.500000
vt 0.785714 0.579629
vt 0.660420 0.500000
vt 0.642857 0.579629
vt 0.396360 0.216594
vt 0.473672 0.183665
vt 0.468007 0.266589
vt 0.714286 0.918353
vt 0.665039 1.000000
vt 0.656088 0.920371
vt 0.763532 1.000000
vt 0.772483 0.920371
vt 0.801209 0.143663
vt 0.864076 0.046237
vt 0.775605 0.033767
vt 0.571429 0.575343
vt 0.625294 0.500000
vt 0.642857 0.579629
vt 0.517563 0.500000
vt 0.500000 0.579629
vt 0.315136 0.114743
vt 0.337595 0.033767
vt 0.398895 0.089898
vt 0.571429 0.918353
vt 0.522182 1.000000
vt 0.513231 0.920371
vt 0.620675 1.000000
vt 0.629626 0.920371
vt 0.698791 0.143663
vt 0.661817 0.033767
vt 0.596907 0.095163
vt 0.428571 0.575343
vt 0.482437 0.500000
vt 0.374706 0.500000
vt 0.357143 0.579629
vt 0.184864 0.114743
vt 0.135557 0.046697
vt 0.217662 0.033767
vt 0.428571 0.918353
vt 0.379325 1.000000
vt 0.370374 0.920371
vt 0.477818 1.000000
vt 0.486769 0.920371
vt 0.634934 0.223737
vt 0.525961 0.184126
vt 0.533491 0.273154
vt 0.285714 0.575343
vt 0.339580 0.500000
vt 0.357143 0.579629
vt 0.231849 0.500000
vt 0.214286 0.579629
vt 0.103640 0.216594
vt 0.019697 0.212718
vt 0.060780 0.140464
vt 0.285714 0.918353
vt 0.236468 1.000000
vt 0.227517 0.920371
vt 0.334961 1.000000
vt 0.343912 0.920371
vt 0.657724 0.323588
vt 0.558812 0.384089
vt 0.633111 0.433709
vt 0.142857 0.575343
vt 0.196722 0.500000
vt 0.214286 0.579629
vt 0.088992 0.500000
vt 0.071429 0.579629
vt 0.132628 0.343601
vt 0.077260 0.406813
vt 0.046385 0.329643
vt 0.142857 0.918353
vt 0.093611 1.000000
vt 0.084660 0.920371
vt 0.192104 1.000000
vt 0.201055 0.920371
vt 0.314684 0.458850
vt 0.453615 0.329644
vt 0.439220 0.140464
vt 0.282338 0.033767
vt 0.544887 0.323079
vt 0.127045 0.430788
vt 0.600000 0.418044
vt 0.533333 0.500000
vt 0.533333 0.418044
vt 0.600000 0.500000
vt 0.533333 0.581956
vt 0.600000 0.584710
vt 0.533333 0.666667
vt 0.533333 0.584710
vt 0.600000 0.750000
vt 0.533333 0.750000
vt 0.600000 0.750000
vt 0.533333 0.833333
vt 0.533333 0.750000
vt 0.600000 0.915290
vt 0.533333 0.915290
vt 0.533333 0.918044
vt 0.600000 1.000000
vt 0.533333 1.000000
vt 0.533333 -0.000000
vt 0.600000 0.081956
vt 0.533333 0.081956
vt 0.600000 0.084710
vt 0.533333 0.166667
vt 0.533333 0.084710
vt 0.600000 0.250000
vt 0.533333 0.250000
vt 0.533333 0.333333
vt 0.533333 0.250000
vt 0.600000 0.333333
vt 0.533333 0.415290
vt 0.666667 0.500000
vt 0.600000 0.581956
vt 0.666667 0.584710
vt 0.600000 0.666667
vt 0.666667 0.750000
vt 0.666667 0.750000
vt 0.600000 0.833333
vt 0.666667 0.833333
vt 0.666667 0.918044
vt 0.600000 0.918044
vt 0.600000 -0.000000
vt 0.666667 0.081956
vt 0.666667 0.166667
vt 0.600000 0.166667
vt 0.666667 0.333333
vt 0.600000 0.415290
vt 0.666667 0.418044
vt 0.733333 0.500000
vt 0.666667 0.581956
vt 0.733333 0.584710
vt 0.666667 0.666667
vt 0.733333 0.750000
vt 0.733333 0.750000
vt 0.733333 0.833333
vt 0.666667 0.915290
vt 0.733333 0.918044
vt 0.666667 1.000000
vt 0.666667 -0.000000
vt 0.733333 0.081956
vt 0.666667 0.084710
vt 0.733333 0.166667
vt 0.733333 0.250000
vt 0.666667 0.250000
vt 0.666667 0.250000
vt 0.733333 0.333333
vt 0.666667 0.415290
vt 0.733333 0.418044
vt 0.800000 0.500000
vt 0.733333 0.581956
vt 0.800000 0.584710
vt 0.733333 0.666667
vt 0.800000 0.750000
vt 0.800000 0.750000
vt 0.800000 0.833333
vt 0.733333 0.915290
vt 0.800000 1.000000
vt 0.733333 1.000000
vt 0.733333 -0.000000
vt 0.800000 0.081956
vt 0.733333 0.084710
vt 0.800000 0.166667
vt 0.800000 0.250000
vt 0.800000 0.333333
vt 0.733333 0.415290
vt 0.866667 0.418044
vt 0.800000 0.418044
vt 0.866667 0.500000
vt 0.800000 0.581956
vt 0.866667 0.584710
vt 0.800000 0.666667
vt 0.866667 0.666667
vt 0.866667 0.750000
vt 0.866667 0.833333
vt 0.800000 0.915290
vt 0.866667 0.918044
vt 0.800000 0.918044
vt 0.866667 -0.000000
vt 0.800000 -0.000000
vt 0.866667 0.084710
vt 0.800000 0.084710
vt 0.866667 0.166667
vt 0.800000 0.250000
vt 0.866667 0.250000
vt 0.866667 0.415290
vt 0.800000 0.415290
vt 0.933333 0.418044
vt 0.933333 0.581956
vt 0.866667 0.581956
vt 0.933333 0.666667
vt 0.933333 0.750000
vt 0.866667 0.750000
vt 0.933333 0.750000
vt 0.933333 0.915290
vt 0.866667 0.915290
vt 0.933333 0.918044
vt 0.866667 1.000000
vt 0.933333 -0.000000
vt 0.866667 0.081956
vt 0.933333 0.166667
vt 0.866667 0.250000
vt 0.933333 0.250000
vt 0.866667 0.333333
vt 0.933333 0.333333
vt 0.999212 0.500000
vt 0.933333 0.500000
vt 1.000000 0.584710
vt 0.933333 0.584710
vt 1.000000 0.750000
vt 1.000000 0.833333
vt 0.933333 0.833333
vt 1.000000 0.915290
vt 1.000000 0.918044
vt 0.933333 1.000000
vt 1.000000 0.081956
vt 0.933333 0.081956
vt 0.933333 0.084710
vt 1.000000 0.166667
vt 0.933333 0.250000
vt 1.000000 0.250000
vt 0.999556 0.333333
vt 0.933333 0.415290
vt 0.066667 0.418044
vt 0.000788 0.500000
vt -0.000000 0.418044
vt 0.066667 0.500000
vt -0.000000 0.581956
vt 0.066667 0.584710
vt 0.000444 0.666667
vt -0.000000 0.584710
vt 0.066667 0.750000
vt -0.000000 0.750000
vt 0.066667 0.750000
vt -0.000000 0.833333
vt -0.000000 0.750000
vt 0.066667 0.833333
vt -0.000000 0.915290
vt 0.066667 0.918044
vt -0.000000 1.000000
vt -0.000000 0.918044
vt -0.000000 -0.000000
vt 0.066667 0.081956
vt -0.000000 0.081956
vt -0.000000 0.084710
vt 0.066667 0.166667
vt -0.000000 0.166667
vt -0.000000 0.250000
vt -0.000000 0.250000
vt 0.066667 0.333333
vt 0.000444 0.333333
vt -0.000000 0.415290
vt 0.133333 0.500000
vt 0.066667 0.581956
vt 0.133333 0.666667
vt 0.066667 0.666667
vt 0.133333 0.750000
vt 0.133333 0.833333
vt 0.066667 0.915290
vt 0.133333 0.918044
vt 0.066667 1.000000
vt 0.066667 -0.000000
vt 0.133333 0.081956
vt 0.066667 0.084710
vt 0.133333 0.166667
vt 0.066667 0.250000
vt 0.133333 0.250000
vt 0.066667 0.250000
vt 0.133333 0.333333
vt 0.066667 0.415290
vt 0.200000 0.418044
vt 0.133333 0.418044
vt 0.200000 0.500000
vt 0.133333 0.581956
vt 0.133333 0.584710
vt 0.200000 0.666667
vt 0.133333 0.750000
vt 0.200000 0.833333
vt 0.133333 0.915290
vt 0.200000 0.918044
vt 0.133333 1.000000
vt 0.133333 -0.000000
vt 0.200000 0.081956
vt 0.200000 0.084710
vt 0.133333 0.084710
vt 0.200000 0.250000
vt 0.133333 0.250000
vt 0.200000 0.250000
vt 0.200000 0.415290
vt 0.133333 0.415290
vt 0.266667 0.500000
vt 0.266667 0.581956
vt 0.200000 0.581956
vt 0.266667 0.584710
vt 0.200000 0.584710
vt 0.266667 0.666667
vt 0.200000 0.750000
vt 0.200000 0.750000
vt 0.266667 0.833333
vt 0.200000 0.915290
vt 0.266667 0.918044
vt 0.200000 1.000000
vt 0.266667 -0.000000
vt 0.200000 -0.000000
vt 0.266667 0.084710
vt 0.200000 0.166667
vt 0.266667 0.250000
vt 0.266667 0.250000
vt 0.200000 0.333333
vt 0.266667 0.415290
vt 0.333333 0.418044
vt 0.266667 0.418044
vt 0.333333 0.581956
vt 0.333333 0.666667
vt 0.333333 0.750000
vt 0.266667 0.750000
vt 0.266667 0.750000
vt 0.333333 0.833333
vt 0.266667 0.915290
vt 0.333333 0.918044
vt 0.266667 1.000000
vt 0.333333 -0.000000
vt 0.266667 0.081956
vt 0.333333 0.084710
vt 0.266667 0.166667
vt 0.333333 0.250000
vt 0.333333 0.250000
vt 0.266667 0.333333
vt 0.333333 0.415290
vt 0.400000 0.418044
vt 0.333333 0.500000
vt 0.400000 0.500000
vt 0.400000 0.584710
vt 0.333333 0.584710
vt 0.400000 0.750000
vt 0.400000 0.750000
vt 0.333333 0.750000
vt 0.400000 0.833333
vt 0.333333 0.915290
vt 0.400000 0.918044
vt 0.333333 1.000000
vt 0.400000 0.081956
vt 0.333333 0.081956
vt 0.400000 0.166667
vt 0.333333 0.166667
vt 0.400000 0.250000
vt 0.333333 0.333333
vt 0.400000 0.333333
vt 0.466667 0.418044
vt 0.466667 0.500000
vt 0.400000 0.581956
vt 0.466667 0.584710
vt 0.400000 0.666667
vt 0.466667 0.666667
vt 0.466667 0.833333
vt 0.400000 0.915290
vt 0.466667 0.918044
vt 0.400000 1.000000
vt 0.466667 -0.000000
vt 0.400000 -0.000000
vt 0.466667 0.084710
vt 0.400000 0.084710
vt 0.466667 0.166667
vt 0.400000 0.250000
vt 0.466667 0.333333
vt 0.400000 0.415290
vt 0.466667 0.750000
vt 0.466667 0.915290
vt 0.466667 0.250000
vt 0.466667 0.415290
vt 0.466667 0.581956
vt 0.466667 0.750000
vt 0.466667 0.081956
vt 1.000000 0.415290
vt 1.000000 0.581956
vt 1.000000 0.084710
vt 0.538462 0.501647
vt 0.615385 0.600000
vt 0.538462 0.600000
vt 0.615385 0.698353
vt 0.538462 0.698353
vt 0.615385 0.701647
vt 0.538462 0.800000
vt 0.538462 0.701647
vt 0.615385 0.900000
vt 0.538462 0.900000
vt 0.615385 1.000000
vt 0.538462 1.000000
vt 0.615385 0.000000
vt 0.538462 0.097375
vt 0.538462 0.000000
vt 0.615385 0.102625
vt 0.538462 0.200000
vt 0.538462 0.102625
vt 0.615385 0.300000
vt 0.538462 0.300000
vt 0.615385 0.300000
vt 0.538462 0.400000
vt 0.615385 0.400000
vt 0.538462 0.498353
vt 0.692308 0.501647
vt 0.615385 0.501647
vt 0.692308 0.698353
vt 0.692308 0.701647
vt 0.615385 0.800000
vt 0.692308 0.900000
vt 0.615385 0.900000
vt 0.692308 1.000000
vt 0.692308 0.000000
vt 0.615385 0.097375
vt 0.692308 0.102625
vt 0.615385 0.200000
vt 0.692308 0.200000
vt 0.692308 0.300000
vt 0.692308 0.498353
vt 0.615385 0.498353
vt 0.769231 0.600000
vt 0.692308 0.600000
vt 0.769231 0.698353
vt 0.769231 0.701647
vt 0.692308 0.800000
vt 0.769231 0.900000
vt 0.692308 0.900000
vt 0.769231 0.000000
vt 0.692308 0.097375
vt 0.769231 0.200000
vt 0.692308 0.300000
vt 0.769231 0.300000
vt 0.692308 0.400000
vt 0.769231 0.498353
vt 0.846154 0.501647
vt 0.769231 0.501647
vt 0.846154 0.698353
vt 0.846154 0.800000
vt 0.769231 0.800000
vt 0.846154 0.900000
vt 0.846154 0.900000
vt 0.769231 1.000000
vt 0.846154 0.000000
vt 0.769231 0.097375
vt 0.846154 0.102625
vt 0.769231 0.102625
vt 0.846154 0.300000
vt 0.769231 0.300000
vt 0.846154 0.400000
vt 0.769231 0.400000
vt 0.846154 0.498353
vt 0.923077 0.600000
vt 0.846154 0.600000
vt 0.923077 0.701647
vt 0.846154 0.701647
vt 0.923077 0.900000
vt 0.923077 0.900000
vt 0.846154 1.000000
vt 0.923077 0.000000
vt 0.846154 0.097375
vt 0.923077 0.102625
vt 0.846154 0.200000
vt 0.923077 0.200000
vt 0.923077 0.300000
vt 0.846154 0.300000
vt 0.923077 0.498353
vt 1.000000 0.501647
vt 0.923077 0.501647
vt 0.998775 0.600000
vt 0.923077 0.698353
vt 0.999556 0.800000
vt 0.923077 0.800000
vt 1.000000 0.900000
vt 1.000000 1.000000
vt 0.923077 1.000000
vt 1.000000 0.000000
vt 0.923077 0.097375
vt 1.000000 0.200000
vt 0.923077 0.300000
vt 0.999556 0.400000
vt 0.923077 0.400000
vt 0.076923 0.501647
vt 0.001225 0.600000
vt -0.000000 0.501647
vt 0.076923 0.698353
vt -0.000000 0.698353
vt -0.000000 0.701647
vt 0.076923 0.800000
vt 0.000444 0.800000
vt -0.000000 0.900000
vt -0.000000 0.900000
vt 0.076923 1.000000
vt -0.000000 1.000000
vt 0.076923 0.000000
vt -0.000000 0.097375
vt -0.000000 0.000000
vt 0.076923 0.102625
vt -0.000000 0.200000
vt -0.000000 0.102625
vt 0.076923 0.200000
vt -0.000000 0.300000
vt 0.076923 0.300000
vt 0.000444 0.400000
vt -0.000000 0.300000
vt 0.076923 0.400000
vt -0.000000 0.498353
vt 0.153846 0.501647
vt 0.076923 0.600000
vt 0.153846 0.600000
vt 0.076923 0.701647
vt 0.153846 0.800000
vt 0.076923 0.900000
vt 0.153846 0.900000
vt 0.076923 0.900000
vt 0.153846 0.097375
vt 0.076923 0.097375
vt 0.153846 0.200000
vt 0.076923 0.300000
vt 0.153846 0.300000
vt 0.153846 0.498353
vt 0.076923 0.498353
vt 0.230769 0.600000
vt 0.153846 0.698353
vt 0.230769 0.701647
vt 0.153846 0.701647
vt 0.230769 0.900000
vt 0.153846 0.900000
vt 0.230769 0.900000
vt 0.153846 1.000000
vt 0.153846 0.000000
vt 0.230769 0.097375
vt 0.230769 0.102625
vt 0.153846 0.102625
vt 0.230769 0.200000
vt 0.153846 0.300000
vt 0.230769 0.300000
vt 0.153846 0.400000
vt 0.230769 0.400000
vt 0.230769 0.501647
vt 0.307692 0.600000
vt 0.230769 0.698353
vt 0.307692 0.800000
vt 0.230769 0.800000
vt 0.307692 0.900000
vt 0.230769 1.000000
vt 0.307692 0.000000
vt 0.230769 0.000000
vt 0.307692 0.200000
vt 0.307692 0.300000
vt 0.230769 0.300000
vt 0.307692 0.300000
vt 0.307692 0.498353
vt 0.230769 0.498353
vt 0.307692 0.501647
vt 0.384615 0.600000
vt 0.307692 0.698353
vt 0.307692 0.701647
vt 0.384615 0.800000
vt 0.384615 1.000000
vt 0.307692 1.000000
vt 0.384615 0.000000
vt 0.307692 0.097375
vt 0.307692 0.102625
vt 0.384615 0.200000
vt 0.384615 0.300000
vt 0.307692 0.400000
vt 0.384615 0.498353
vt 0.384615 0.501647
vt 0.461538 0.600000
vt 0.384615 0.698353
vt 0.384615 0.701647
vt 0.461538 0.800000
vt 0.384615 0.900000
vt 0.461538 0.900000
vt 0.384615 0.900000
vt 0.461538 0.000000
vt 0.384615 0.097375
vt 0.384615 0.102625
vt 0.461538 0.200000
vt 0.384615 0.300000
vt 0.461538 0.400000
vt 0.384615 0.400000
vt 0.461538 0.701647
vt 0.461538 1.000000
vt 0.461538 0.300000
vt 0.461538 0.498353
vt 0.461538 0.698353
vt 0.461538 0.501647
vt 0.461538 0.900000
vt 0.461538 0.097375
vt 0.461538 0.102625
vt 0.461538 0.300000
vt 1.000000 0.498353
vt 1.000000 0.698353
vt 1.000000 0.900000
vt 1.000000 0.097375
vt 1.000000 0.300000
vt 0.538462 0.600000
vt 0.538462 0.501647
vt 0.615385 0.698353
vt 0.538462 0.698353
vt 0.615385 0.701647
vt 0.538462 0.800000
vt 0.538462 0.701647
vt 0.615385 0.900000
vt 0.538462 0.900000
vt 0.615385 0.900000
vt 0.538462 1.000000
vt 0.538462 0.900000
vt 0.538462 0.000000
vt 0.615385 0.097375
vt 0.538462 0.097375
vt 0.538462 0.102625
vt 0.615385 0.200000
vt 0.538462 0.200000
vt 0.538462 0.300000
vt 0.538462 0.300000
vt 0.615385 0.400000
vt 0.538462 0.400000
vt 0.538462 0.498353
vt 0.692308 0.501647
vt 0.692308 0.698353
vt 0.692308 0.701647
vt 0.615385 0.800000
vt 0.692308 0.900000
vt 0.692308 0.900000
vt 0.615385 1.000000
vt 0.615385 0.000000
vt 0.692308 0.097375
vt 0.615385 0.102625
vt 0.692308 0.200000
vt 0.615385 0.300000
vt 0.692308 0.300000
vt 0.692308 0.498353
vt 0.769231 0.501647
vt 0.769231 0.698353
vt 0.769231 0.701647
vt 0.692308 0.800000
vt 0.769231 0.800000
vt 0.769231 1.000000
vt 0.692308 1.000000
vt 0.692308 0.000000
vt 0.769231 0.097375
vt 0.769231 0.102625
vt 0.692308 0.102625
vt 0.769231 0.300000
vt 0.692308 0.300000
vt 0.692308 0.400000
vt 0.769231 0.400000
vt 0.846154 0.501647
vt 0.769231 0.600000
vt 0.846154 0.698353
vt 0.846154 0.701647
vt 0.769231 0.900000
vt 0.769231 0.000000
vt 0.846154 0.102625
vt 0.769231 0.200000
vt 0.846154 0.300000
vt 0.846154 0.300000
vt 0.846154 0.400000
vt 0.769231 0.498353
vt 0.923077 0.600000
vt 0.846154 0.600000
vt 0.923077 0.701647
vt 0.923077 0.900000
vt 0.846154 0.900000
vt 0.923077 0.097375
vt 0.846154 0.097375
vt 0.923077 0.200000
vt 0.846154 0.200000
vt 0.923077 0.400000
vt 0.846154 0.498353
vt 0.998469 0.600000
vt 0.923077 0.698353
vt 1.000000 0.701647
vt 0.923077 0.800000
vt 1.000000 0.900000
vt 0.923077 1.000000
vt 0.923077 0.000000
vt 1.000000 0.102625
vt 0.923077 0.102625
vt 1.000000 0.200000
vt 0.923077 0.300000
vt 0.999427 0.400000
vt 0.923077 0.498353
vt 0.076923 0.501647
vt 0.001531 0.600000
vt 0.076923 0.600000
vt 0.076923 0.701647
vt 0.000573 0.800000
vt -0.000000 0.701647
vt 0.076923 0.900000
vt -0.000000 0.900000
vt 0.076923 0.900000
vt 0.076923 0.000000
vt -0.000000 0.097375
vt 0.076923 0.102625
vt 0.076923 0.300000
vt -0.000000 0.300000
vt -0.000000 0.300000
vt 0.076923 0.400000
vt 0.000573 0.400000
vt -0.000000 0.498353
vt 0.153846 0.501647
vt 0.153846 0.600000
vt 0.076923 0.698353
vt 0.153846 0.701647
vt 0.076923 0.800000
vt 0.153846 0.900000
vt 0.153846 0.900000
vt 0.076923 1.000000
vt 0.153846 0.000000
vt 0.076923 0.097375
vt 0.153846 0.102625
vt 0.076923 0.200000
vt 0.153846 0.300000
vt 0.153846 0.300000
vt 0.076923 0.300000
vt 0.153846 0.400000
vt 0.076923 0.498353
vt 0.230769 0.501647
vt 0.230769 0.698353
vt 0.153846 0.698353
vt 0.230769 0.701647
vt 0.153846 0.800000
vt 0.230769 0.900000
vt 0.230769 0.900000
vt 0.153846 1.000000
vt 0.230769 0.000000
vt 0.153846 0.097375
vt 0.230769 0.102625
vt 0.153846 0.200000
vt 0.230769 0.300000
vt 0.230769 0.400000
vt 0.153846 0.498353
vt 0.307692 0.600000
vt 0.307692 0.800000
vt 0.230769 0.800000
vt 0.307692 0.900000
vt 0.307692 0.097375
vt 0.230769 0.097375
vt 0.307692 0.200000
vt 0.230769 0.200000
vt 0.230769 0.300000
vt 0.307692 0.400000
vt 0.230769 0.498353
vt 0.307692 0.501647
vt 0.384615 0.600000
vt 0.384615 0.701647
vt 0.307692 0.701647
vt 0.384615 0.900000
vt 0.307692 1.000000
vt 0.384615 0.097375
vt 0.307692 0.102625
vt 0.384615 0.200000
vt 0.384615 0.300000
vt 0.307692 0.300000
vt 0.384615 0.400000
vt 0.307692 0.498353
vt 0.461538 0.501647
vt 0.384615 0.501647
vt 0.461539 0.698353
vt 0.384615 0.698353
vt 0.461538 0.701647
vt 0.461538 0.900000
vt 0.384615 1.000000
vt 0.384615 0.000000
vt 0.461538 0.097375
vt 0.384615 0.102625
vt 0.461538 0.200000
vt 0.461538 0.300000
vt 0.461538 0.300000
vt 0.384615 0.300000
vt 0.461538 0.400000
vt 0.384615 0.498353
vt 0.461538 0.600000
vt 0.461538 0.800000
vt 0.461538 1.000000
vt 0.461538 0.498353
vt 0.461538 0.102625
vt 1.000000 0.501647
vt 1.000000 0.300000
vt 0.707824 0.474649
vt 0.000000 0.542229
vt 0.994524 0.500000
vt 1.000000 0.962755
vt 0.005061 1.000000
vt 0.886151 0.521115
vt 0.428427 0.392009
vt 0.891419 0.981378
vt 0.963913 0.330545
vt 0.775040 0.521114
vt 0.780308 0.981378
vt 0.965640 0.174201
vt 0.663929 0.521115
vt 0.420835 0.098944
vt 0.669197 0.981378
vt 0.866467 0.053324
vt 0.552818 0.521115
vt 0.558086 0.981378
vt 0.441706 0.521115
vt 0.446975 0.981378
vt 0.330595 0.521115
vt 0.335864 0.981378
vt 0.521440 0.247475
vt 0.219484 0.521115
vt 0.224753 0.981378
vt 0.573290 0.394981
vt 0.108373 0.521115
vt 0.141132 0.450375
vt 0.113641 0.981378
vt 0.000000 0.542229
vt 0.993886 0.500000
vt 1.000000 0.962755
vt 0.005728 1.000000
vt 0.885832 0.521115
vt 0.431614 0.386488
vt 0.891753 0.981378
vt 0.961297 0.335076
vt 0.774721 0.521115
vt 0.780642 0.981378
vt 0.663610 0.521115
vt 0.669531 0.981378
vt 0.870474 0.056686
vt 0.552498 0.521115
vt 0.558420 0.981378
vt 0.718029 0.024474
vt 0.441387 0.521115
vt 0.447309 0.981378
vt 0.580543 0.097787
vt 0.330276 0.521115
vt 0.336198 0.981378
vt 0.219165 0.521115
vt 0.040991 0.339038
vt 0.225086 0.981378
vt 0.570674 0.390451
vt 0.108054 0.521115
vt 0.147123 0.452556
vt 0.113975 0.981378
vt 0.702317 0.472645
vt 0.000000 0.537775
vt 0.993809 0.500000
vt 0.302959 0.470724
vt 1.000000 0.966684
vt 0.005903 1.000000
vt 0.856586 0.451206
vt 0.885793 0.518888
vt 0.432448 0.385043
vt 0.891840 0.983342
vt 0.774682 0.518888
vt 0.780729 0.983342
vt 0.966657 0.179972
vt 0.663571 0.518888
vt 0.669618 0.983342
vt 0.870956 0.057091
vt 0.552460 0.518888
vt 0.558507 0.983342
vt 0.441349 0.518888
vt 0.124743 0.060700
vt 0.447396 0.983342
vt 0.581025 0.097383
vt 0.330238 0.518888
vt 0.336285 0.983342
vt 0.219127 0.518888
vt 0.041825 0.340483
vt 0.225174 0.983342
vt 0.570359 0.389906
vt 0.108016 0.518888
vt 0.148690 0.453126
vt 0.114063 0.983342
vt 0.000000 0.532033
vt 0.993952 0.500000
vt 1.000000 0.971748
vt 0.005903 1.000000
vt 0.885865 0.516017
vt 0.891840 0.985874
vt 0.961568 0.334605
vt 0.774754 0.516017
vt 0.780729 0.985874
vt 0.663643 0.516017
vt 0.414674 0.093774
vt 0.669618 0.985874
vt 0.870058 0.056337
vt 0.552532 0.516017
vt 0.558507 0.985874
vt 0.441420 0.516017
vt 0.447396 0.985874
vt 0.330309 0.516017
vt 0.336285 0.985874
vt 0.219198 0.516017
vt 0.225174 0.985874
vt 0.570945 0.390921
vt 0.108087 0.516017
vt 0.114063 0.985874
vt 0.704915 0.473590
vt 0.000000 0.526291
vt 0.994146 0.500000
vt 1.000000 0.976812
vt 0.005903 1.000000
vt 0.885962 0.513146
vt 0.891840 0.988406
vt 0.774851 0.513146
vt 0.476567 0.236174
vt 0.780729 0.988406
vt 0.966178 0.177249
vt 0.663740 0.513146
vt 0.669618 0.988406
vt 0.552629 0.513146
vt 0.275727 0.024474
vt 0.558507 0.988406
vt 0.715893 0.024474
vt 0.441518 0.513146
vt 0.124743 0.060700
vt 0.447396 0.988406
vt 0.330406 0.513146
vt 0.032367 0.185502
vt 0.336285 0.988406
vt 0.219295 0.513146
vt 0.225174 0.988406
vt 0.571742 0.392300
vt 0.108184 0.513146
vt 0.114063 0.988406
vt 0.000000 0.520550
vt 0.994425 0.500000
vt 1.000000 0.981876
vt 0.861335 0.449478
vt 0.886102 0.510275
vt 0.432448 0.385043
vt 0.891840 0.990938
vt 0.963509 0.331244
vt 0.774990 0.510275
vt 0.780729 0.990938
vt 0.663880 0.510275
vt 0.414674 0.093774
vt 0.669618 0.990938
vt 0.867085 0.053843
vt 0.552768 0.510275
vt 0.558507 0.990938
vt 0.441657 0.510275
vt 0.447396 0.990938
vt 0.577154 0.100631
vt 0.330546 0.510275
vt 0.336285 0.990938
vt 0.219435 0.510275
vt 0.041825 0.340483
vt 0.225174 0.990938
vt 0.108324 0.510275
vt 0.148690 0.453126
vt 0.114063 0.990938
vt 0.000000 0.514808
vt 0.994861 0.500000
vt 0.302959 0.470724
vt 1.000000 0.986940
vt 0.864687 0.448258
vt 0.886319 0.507404
vt 0.891840 0.993470
vt 0.965292 0.328155
vt 0.775208 0.507404
vt 0.780729 0.993470
vt 0.965161 0.171483
vt 0.664097 0.507404
vt 0.669618 0.993470
vt 0.552986 0.507404
vt 0.275727 0.024474
vt 0.558507 0.993470
vt 0.441875 0.507404
vt 0.124743 0.060700
vt 0.447396 0.993470
vt 0.330764 0.507404
vt 0.336285 0.993470
vt 0.219653 0.507404
vt 0.041825 0.340483
vt 0.225174 0.993470
vt 0.574670 0.397371
vt 0.108542 0.507404
vt 0.148690 0.453126
vt 0.114063 0.993470
vt 0.679249 0.455928
vt 0.000000 0.529474
vt 0.989060 0.500000
vt 1.000000 0.962221
vt 0.011344 1.000000
vt 0.866889 0.433709
vt 0.851673 0.514737
vt 0.862815 0.981110
vt 0.966509 0.273154
vt 0.708816 0.514737
vt 0.719958 0.981110
vt 0.903093 0.095163
vt 0.565959 0.514737
vt 0.577101 0.981110
vt 0.724395 0.033767
vt 0.423101 0.514737
vt 0.101105 0.089898
vt 0.434243 0.981110
vt 0.564978 0.135200
vt 0.280244 0.514737
vt 0.031993 0.266589
vt 0.291386 0.981110
vt 0.137387 0.514737
vt 0.148529 0.981110
vt 1.000000 0.418044
vt 0.999556 0.666667
vt 1.000000 -0.000000
vt 0.466667 1.000000
vt 1.000000 0.701647
vt 1.000000 0.102625
vt 1.000000 0.300000
vt 1.000000 0.698353
vt 0.999427 0.800000
vt 1.000000 0.097375
vt 1.000000 0.300000
vt 0.461538 0.000000
s 0
usemtl bone
f 1/1/1 5/2/1 7/3/1
f 6/4/2 4/5/2 2/6/2
f 7/7/3 6/8/3 3/9/3
f 8/10/4 12/11/4 14/12/4
f 13/13/5 11/14/5 9/15/5
f 14/16/6 13/17/6 10/18/6
f 15/19/7 19/20/7 21/21/7
f 20/22/8 18/23/8 16/24/8
f 21/25/9 20/22/9 17/26/9
f 22/27/10 26/28/10 28/29/10
f 27/30/11 25/31/11 23/32/11
f 28/33/12 27/30/12 24/34/12
f 29/35/13 33/36/13 35/37/13
f 34/38/14 32/39/14 30/40/14
f 35/41/15 34/38/15 31/42/15
f 36/43/16 40/44/16 42/45/16
f 41/46/17 39/47/17 37/48/17
f 42/49/18 41/46/18 38/50/18
f 43/51/19 47/52/19 49/53/19
f 48/54/20 46/55/20 44/56/20
f 49/57/21 48/54/21 45/58/21
f 50/59/22 54/60/22 56/61/22
f 55/62/23 53/63/23 51/64/23
f 56/65/24 55/62/24 52/66/24
f 57/67/25 61/68/25 63/69/25
f 62/70/26 60/71/26 58/72/26
f 63/73/27 62/70/27 59/74/27
f 64/75/28 68/76/28 70/77/28
f 69/78/29 67/79/29 65/80/29
f 70/81/30 69/78/30 66/82/30
f 71/83/31 75/84/31 77/85/31
f 76/86/32 74/87/32 72/88/32
f 77/89/33 76/86/33 73/90/33
f 78/91/34 82/92/34 84/93/34
f 83/94/35 81/95/35 79/96/35
f 84/97/36 83/94/36 80/98/36
f 85/99/37 89/100/37 91/101/37
f 90/102/38 88/103/38 86/104/38
f 91/105/39 90/102/39 87/106/39
f 92/107/40 96/108/40 98/109/40
f 97/110/41 95/111/41 93/112/41
f 98/113/42 97/110/42 94/114/42
f 99/115/43 103/116/43 105/117/43
f 104/118/44 102/119/44 100/120/44
f 105/121/45 104/118/45 101/122/45
f 106/123/46 110/124/46 112/125/46
f 111/126/47 109/127/47 107/128/47
f 112/129/48 111/126/48 108/130/48
f 113/131/49 117/132/49 119/133/49
f 118/134/50 116/135/50 114/136/50
f 119/137/51 118/134/51 115/138/51
f 120/139/52 124/140/52 126/141/52
f 125/142/53 123/143/53 121/144/53
f 126/145/54 125/142/54 122/146/54
f 3/9/55 18/23/55 7/7/55
f 18/147/56 1/1/56 7/3/56
f 24/34/57 11/14/57 28/33/57
f 11/148/58 22/27/58 28/29/58
f 10/18/59 6/4/59 2/6/59
f 13/13/60 3/9/60 6/8/60
f 17/26/61 27/30/61 23/32/61
f 27/30/62 16/24/62 24/34/62
f 17/26/63 32/39/63 21/25/63
f 21/21/64 29/35/64 15/19/64
f 38/50/65 25/31/65 42/49/65
f 42/45/66 22/27/66 36/43/66
f 37/48/67 34/38/67 41/46/67
f 34/38/68 38/50/68 41/46/68
f 31/42/69 46/55/69 35/41/69
f 35/37/70 43/51/70 29/35/70
f 52/66/71 39/47/71 56/65/71
f 39/149/72 50/59/72 56/61/72
f 45/58/73 55/62/73 51/64/73
f 55/62/74 44/56/74 52/66/74
f 45/58/75 60/71/75 49/57/75
f 49/53/76 57/67/76 43/51/76
f 51/64/77 70/81/77 66/82/77
f 70/77/78 50/59/78 64/75/78
f 65/80/79 62/70/79 69/78/79
f 62/70/80 66/82/80 69/78/80
f 72/88/81 63/73/81 59/74/81
f 74/150/82 57/67/82 63/69/82
f 65/80/83 84/97/83 80/98/83
f 67/151/84 78/91/84 84/93/84
f 73/90/85 83/94/85 79/96/85
f 76/86/86 80/98/86 83/94/86
f 86/104/87 77/89/87 73/90/87
f 88/152/88 71/83/88 77/85/88
f 94/114/89 81/95/89 98/113/89
f 81/153/90 92/107/90 98/109/90
f 93/112/91 90/102/91 97/110/91
f 97/110/92 86/104/92 94/114/92
f 87/106/93 102/119/93 91/105/93
f 91/101/94 99/115/94 85/99/94
f 93/112/95 112/129/95 108/130/95
f 95/154/96 106/123/96 112/125/96
f 101/122/97 111/126/97 107/128/97
f 104/118/98 108/130/98 111/126/98
f 101/122/99 116/135/99 105/121/99
f 105/117/100 113/131/100 99/115/100
f 122/146/101 109/127/101 126/145/101
f 109/155/102 120/139/102 126/141/102
f 115/138/103 125/142/103 121/144/103
f 125/142/104 114/136/104 122/146/104
f 2/6/105 119/137/105 115/138/105
f 119/133/106 1/1/106 113/131/106
f 10/18/107 123/143/107 14/16/107
f 14/12/108 120/139/108 8/10/108
f 15/19/109 71/83/109 99/115/109
f 9/15/110 16/24/110 3/9/110
f 115/138/111 10/18/111 2/6/111
f 8/10/112 78/91/112 50/59/112
f 17/26/113 38/50/113 30/40/113
f 37/48/114 44/56/114 31/42/114
f 51/64/115 58/72/115 45/58/115
f 65/80/116 72/88/116 59/74/116
f 79/96/117 86/104/117 73/90/117
f 87/106/118 108/130/118 100/120/118
f 107/128/119 114/136/119 101/122/119
f 127/156/120 131/157/120 133/158/120
f 132/159/121 130/160/121 128/161/121
f 133/162/122 132/163/122 129/164/122
f 134/165/123 138/166/123 140/167/123
f 139/168/124 137/169/124 135/170/124
f 140/171/125 139/172/125 136/173/125
f 141/174/126 145/175/126 147/176/126
f 146/177/127 144/178/127 142/179/127
f 147/180/128 146/177/128 143/181/128
f 148/182/129 152/183/129 154/184/129
f 153/185/130 151/186/130 149/187/130
f 154/188/131 153/185/131 150/189/131
f 155/190/132 159/191/132 161/192/132
f 160/193/133 158/194/133 156/195/133
f 161/196/134 160/193/134 157/197/134
f 162/198/135 166/199/135 168/200/135
f 167/201/136 165/202/136 163/203/136
f 168/204/137 167/201/137 164/205/137
f 169/206/138 173/207/138 175/208/138
f 174/209/139 172/210/139 170/211/139
f 175/212/140 174/209/140 171/213/140
f 176/214/141 180/215/141 182/216/141
f 181/217/142 179/218/142 177/219/142
f 182/220/143 181/217/143 178/221/143
f 183/222/144 187/223/144 189/224/144
f 188/225/145 186/226/145 184/227/145
f 189/228/146 188/225/146 185/229/146
f 190/230/147 194/231/147 196/232/147
f 195/78/148 193/233/148 191/234/148
f 196/235/149 195/78/149 192/236/149
f 197/237/150 201/238/150 203/239/150
f 202/240/151 200/241/151 198/242/151
f 203/243/152 202/240/152 199/244/152
f 204/245/153 208/246/153 210/247/153
f 209/248/154 207/249/154 205/250/154
f 210/251/155 209/248/155 206/252/155
f 211/253/156 215/254/156 217/255/156
f 216/256/157 214/257/157 212/258/157
f 217/259/158 216/256/158 213/260/158
f 218/261/159 222/262/159 224/263/159
f 223/264/160 221/265/160 219/266/160
f 224/267/161 223/264/161 220/268/161
f 225/269/162 229/270/162 231/271/162
f 230/272/163 228/273/163 226/274/163
f 231/275/164 230/272/164 227/276/164
f 232/277/165 236/278/165 238/279/165
f 237/280/166 235/281/166 233/282/166
f 238/283/167 237/280/167 234/284/167
f 239/285/168 243/286/168 245/287/168
f 244/288/169 242/289/169 240/290/169
f 245/291/170 244/288/170 241/292/170
f 246/293/171 250/294/171 252/295/171
f 251/296/172 249/297/172 247/298/172
f 252/299/173 251/296/173 248/300/173
f 142/179/174 133/162/174 129/164/174
f 144/301/175 127/156/175 133/158/175
f 135/170/176 154/188/176 150/189/176
f 137/302/177 148/182/177 154/184/177
f 136/173/178 132/159/178 128/161/178
f 139/168/179 129/164/179 132/163/179
f 149/187/180 146/177/180 153/185/180
f 146/177/181 150/189/181 153/185/181
f 143/181/182 158/194/182 147/180/182
f 147/176/183 155/190/183 141/174/183
f 164/205/184 151/186/184 168/204/184
f 168/200/185 148/182/185 162/198/185
f 157/197/186 167/201/186 163/203/186
f 160/193/187 164/205/187 167/201/187
f 157/197/188 172/210/188 161/196/188
f 172/303/189 155/190/189 161/192/189
f 163/203/190 182/220/190 178/221/190
f 165/304/191 176/214/191 182/216/191
f 171/213/192 181/217/192 177/219/192
f 181/217/193 170/211/193 178/221/193
f 184/227/194 175/212/194 171/213/194
f 175/208/195 183/222/195 169/206/195
f 192/236/196 179/218/196 196/235/196
f 179/305/197 190/230/197 196/232/197
f 191/234/198 188/225/198 195/78/198
f 195/78/199 184/227/199 192/236/199
f 198/242/200 189/228/200 185/229/200
f 189/224/201 197/237/201 183/222/201
f 191/234/202 210/251/202 206/252/202
f 193/306/203 204/245/203 210/247/203
f 199/244/204 209/248/204 205/250/204
f 202/240/205 206/252/205 209/248/205
f 199/244/206 214/257/206 203/243/206
f 203/239/207 211/253/207 197/237/207
f 205/250/208 224/267/208 220/268/208
f 207/307/209 218/261/209 224/263/209
f 213/260/210 223/264/210 219/266/210
f 223/264/211 212/258/211 220/268/211
f 226/274/212 217/259/212 213/260/212
f 228/308/213 211/253/213 217/255/213
f 219/266/214 238/283/214 234/284/214
f 221/309/215 232/277/215 238/279/215
f 227/276/216 237/280/216 233/282/216
f 230/272/217 234/284/217 237/280/217
f 240/290/218 231/275/218 227/276/218
f 231/271/219 239/285/219 225/269/219
f 248/300/220 235/281/220 252/299/220
f 252/295/221 232/277/221 246/293/221
f 241/292/222 251/296/222 247/298/222
f 244/288/223 248/300/223 251/296/223
f 128/161/224 245/291/224 241/292/224
f 130/310/225 239/285/225 245/287/225
f 136/173/226 249/297/226 140/171/226
f 140/167/227 246/293/227 134/165/227
f 141/174/228 197/237/228 225/269/228
f 129/164/229 150/189/229 142/179/229
f 241/292/230 136/173/230 128/161/230
f 134/165/231 204/245/231 176/214/231
f 149/187/232 156/195/232 143/181/232
f 157/197/233 178/221/233 170/211/233
f 171/213/234 192/236/234 184/227/234
f 185/229/235 206/252/235 198/242/235
f 205/250/236 212/258/236 199/244/236
f 213/260/237 234/284/237 226/274/237
f 233/282/238 240/290/238 227/276/238
f 253/311/239 257/312/239 259/313/239
f 258/314/240 256/315/240 254/316/240
f 259/317/241 258/318/241 255/319/241
f 260/320/242 264/321/242 266/322/242
f 265/323/243 263/324/243 261/325/243
f 266/326/244 265/327/244 262/328/244
f 267/329/245 271/330/245 273/331/245
f 272/332/246 270/333/246 268/334/246
f 273/335/247 272/332/247 269/336/247
f 274/337/248 278/338/248 280/339/248
f 279/340/249 277/341/249 275/342/249
f 280/343/250 279/340/250 276/344/250
f 281/345/251 285/346/251 287/347/251
f 286/348/252 284/349/252 282/350/252
f 287/351/253 286/348/253 283/352/253
f 288/353/254 292/354/254 294/355/254
f 293/356/255 291/357/255 289/358/255
f 294/359/256 293/356/256 290/342/256
f 295/360/257 299/361/257 301/362/257
f 300/363/258 298/364/258 296/365/258
f 301/366/259 300/363/259 297/367/259
f 302/368/260 306/369/260 308/370/260
f 307/371/261 305/372/261 303/373/261
f 308/374/262 307/371/262 304/375/262
f 309/376/263 313/377/263 315/378/263
f 314/379/264 312/380/264 310/381/264
f 315/382/265 314/379/265 311/383/265
f 316/384/266 320/385/266 322/386/266
f 321/387/267 319/388/267 317/389/267
f 322/390/268 321/387/268 318/391/268
f 323/392/269 327/393/269 329/394/269
f 328/395/270 326/396/270 324/397/270
f 329/398/271 328/395/271 325/399/271
f 330/400/272 334/401/272 336/402/272
f 335/403/273 333/404/273 331/405/273
f 336/406/274 335/403/274 332/407/274
f 337/408/275 341/409/275 343/410/275
f 342/411/276 340/412/276 338/413/276
f 343/414/277 342/411/277 339/415/277
f 344/416/278 348/417/278 350/418/278
f 349/419/279 347/420/279 345/421/279
f 350/422/280 349/419/280 346/423/280
f 351/424/281 355/425/281 357/426/281
f 356/427/282 354/428/282 352/429/282
f 357/430/283 356/427/283 353/431/283
f 358/432/284 362/433/284 364/434/284
f 363/435/285 361/436/285 359/437/285
f 364/438/286 363/435/286 360/439/286
f 365/440/287 369/441/287 371/442/287
f 370/443/288 368/444/288 366/445/288
f 371/446/289 370/443/289 367/447/289
f 372/448/290 376/449/290 378/450/290
f 377/451/291 375/452/291 373/453/291
f 378/454/292 377/451/292 374/455/292
f 268/334/293 259/317/293 255/319/293
f 259/313/294 267/329/294 253/311/294
f 276/344/295 263/324/295 280/343/295
f 280/339/296 260/320/296 274/337/296
f 262/328/297 258/314/297 254/316/297
f 265/323/298 255/319/298 258/318/298
f 275/342/299 272/332/299 279/340/299
f 272/332/300 276/344/300 279/340/300
f 282/350/301 273/335/301 269/336/301
f 284/456/302 267/329/302 273/331/302
f 290/342/303 277/341/303 294/359/303
f 294/355/304 274/337/304 288/353/304
f 283/352/305 293/356/305 289/358/305
f 293/356/306 282/350/306 290/342/306
f 296/365/307 287/351/307 283/352/307
f 287/347/308 295/360/308 281/345/308
f 304/375/309 291/357/309 308/374/309
f 291/457/310 302/368/310 308/370/310
f 303/373/311 300/363/311 307/371/311
f 307/371/312 296/365/312 304/375/312
f 310/381/313 301/366/313 297/367/313
f 301/362/314 309/376/314 295/360/314
f 318/391/315 305/372/315 322/390/315
f 305/458/316 316/384/316 322/386/316
f 311/383/317 321/387/317 317/389/317
f 314/379/318 318/391/318 321/387/318
f 311/383/319 326/396/319 315/382/319
f 326/459/320 309/376/320 315/378/320
f 332/407/321 319/388/321 336/406/321
f 319/460/322 330/400/322 336/402/322
f 331/405/323 328/395/323 335/403/323
f 328/395/324 332/407/324 335/403/324
f 338/413/325 329/398/325 325/399/325
f 329/394/326 337/408/326 323/392/326
f 346/423/327 333/404/327 350/422/327
f 350/418/328 330/400/328 344/416/328
f 339/415/329 349/419/329 345/421/329
f 342/411/330 346/423/330 349/419/330
f 339/415/331 354/428/331 343/414/331
f 354/461/332 337/408/332 343/410/332
f 360/439/333 347/420/333 364/438/333
f 347/462/334 358/432/334 364/434/334
f 353/431/335 363/435/335 359/437/335
f 356/427/336 360/439/336 363/435/336
f 366/445/337 357/430/337 353/431/337
f 357/426/338 365/440/338 351/424/338
f 374/455/339 361/436/339 378/454/339
f 378/450/340 358/432/340 372/448/340
f 373/453/341 370/443/341 377/451/341
f 370/443/342 374/455/342 377/451/342
f 367/447/343 256/315/343 371/446/343
f 371/442/344 253/311/344 365/440/344
f 262/328/345 375/452/345 266/326/345
f 266/322/346 372/448/346 260/320/346
f 267/329/347 323/392/347 351/424/347
f 255/319/348 276/344/348 268/334/348
f 367/447/349 262/328/349 254/316/349
f 260/320/350 330/400/350 302/368/350
f 269/336/351 290/342/351 282/350/351
f 283/352/352 304/375/352 296/365/352
f 297/367/353 318/391/353 310/381/353
f 311/383/354 332/407/354 324/397/354
f 325/399/355 346/423/355 338/413/355
f 339/415/356 360/439/356 352/429/356
f 353/431/357 374/455/357 366/445/357
f 379/463/358 383/464/358 385/465/358
f 384/466/359 382/467/359 380/468/359
f 385/469/360 384/470/360 381/471/360
f 386/472/361 390/473/361 392/474/361
f 391/475/362 389/476/362 387/477/362
f 392/478/363 391/479/363 388/480/363
f 393/481/364 397/482/364 399/483/364
f 398/484/365 396/485/365 394/486/365
f 399/487/366 398/484/366 395/488/366
f 400/489/367 404/490/367 406/491/367
f 405/492/368 403/493/368 401/494/368
f 406/495/369 405/492/369 402/496/369
f 407/497/370 411/498/370 413/499/370
f 412/500/371 410/501/371 408/502/371
f 413/503/372 412/500/372 409/504/372
f 414/505/373 418/506/373 420/507/373
f 419/508/374 417/509/374 415/510/374
f 420/511/375 419/508/375 416/512/375
f 421/513/376 425/514/376 427/515/376
f 426/516/377 424/517/377 422/518/377
f 427/519/378 426/516/378 423/520/378
f 428/521/379 432/522/379 434/523/379
f 433/524/380 431/372/380 429/525/380
f 434/526/381 433/524/381 430/527/381
f 435/528/382 439/529/382 441/530/382
f 440/531/383 438/532/383 436/533/383
f 441/534/384 440/531/384 437/535/384
f 442/536/385 446/537/385 448/538/385
f 447/539/386 445/388/386 443/540/386
f 448/541/387 447/539/387 444/525/387
f 449/542/388 453/543/388 455/544/388
f 454/545/389 452/546/389 450/547/389
f 455/548/390 454/545/390 451/549/390
f 456/550/391 460/551/391 462/552/391
f 461/553/392 459/554/392 457/555/392
f 462/556/393 461/553/393 458/557/393
f 463/558/394 467/559/394 469/560/394
f 468/561/395 466/562/395 464/563/395
f 469/564/396 468/561/396 465/565/396
f 470/566/397 474/567/397 476/568/397
f 475/569/398 473/570/398 471/571/398
f 476/422/399 475/569/399 472/572/399
f 477/573/400 481/574/400 483/575/400
f 482/576/401 480/577/401 478/578/401
f 483/579/402 482/576/402 479/580/402
f 484/581/403 488/433/403 490/582/403
f 489/583/404 487/584/404 485/585/404
f 490/438/405 489/583/405 486/586/405
f 491/587/406 495/588/406 497/589/406
f 496/590/407 494/591/407 492/592/407
f 497/593/408 496/590/408 493/594/408
f 498/595/409 502/596/409 504/597/409
f 503/598/410 501/599/410 499/600/410
f 504/601/411 503/598/411 500/602/411
f 394/486/412 385/469/412 381/471/412
f 396/603/413 379/463/413 385/465/413
f 402/496/414 389/476/414 406/495/414
f 389/604/415 400/489/415 406/491/415
f 388/480/416 384/466/416 380/468/416
f 391/475/417 381/471/417 384/470/417
f 395/488/418 405/492/418 401/494/418
f 405/492/419 394/486/419 402/496/419
f 395/488/420 410/501/420 399/487/420
f 399/483/421 407/497/421 393/481/421
f 416/512/422 403/493/422 420/511/422
f 403/605/423 414/505/423 420/507/423
f 409/504/424 419/508/424 415/510/424
f 419/508/425 408/502/425 416/512/425
f 422/518/426 413/503/426 409/504/426
f 424/606/427 407/497/427 413/499/427
f 430/527/428 417/509/428 434/526/428
f 417/607/429 428/521/429 434/523/429
f 423/520/430 433/524/430 429/525/430
f 426/516/431 430/527/431 433/524/431
f 436/533/432 427/519/432 423/520/432
f 427/515/433 435/528/433 421/513/433
f 444/525/434 431/372/434 448/541/434
f 448/538/435 428/521/435 442/536/435
f 437/535/436 447/539/436 443/540/436
f 440/531/437 444/525/437 447/539/437
f 450/547/438 441/534/438 437/535/438
f 452/608/439 435/528/439 441/530/439
f 458/557/440 445/388/440 462/556/440
f 445/609/441 456/550/441 462/552/441
f 457/555/442 454/545/442 461/553/442
f 454/545/443 458/557/443 461/553/443
f 451/549/444 466/562/444 455/548/444
f 466/610/445 449/542/445 455/544/445
f 472/572/446 459/554/446 476/422/446
f 459/611/447 470/566/447 476/568/447
f 471/571/448 468/561/448 475/569/448
f 475/569/449 464/563/449 472/572/449
f 478/578/450 469/564/450 465/565/450
f 480/612/451 463/558/451 469/560/451
f 486/586/452 473/570/452 490/438/452
f 473/613/453 484/581/453 490/582/453
f 479/580/454 489/583/454 485/585/454
f 482/576/455 486/586/455 489/583/455
f 479/580/456 494/591/456 483/579/456
f 483/575/457 491/587/457 477/573/457
f 500/602/458 487/584/458 504/601/458
f 487/614/459 498/595/459 504/597/459
f 499/600/460 496/590/460 503/598/460
f 503/598/461 492/592/461 500/602/461
f 493/594/462 382/467/462 497/593/462
f 382/615/463 491/587/463 497/589/463
f 388/480/464 501/599/464 392/478/464
f 501/616/465 386/472/465 392/474/465
f 393/481/466 449/542/466 477/573/466
f 381/471/467 402/496/467 394/486/467
f 493/594/468 388/480/468 380/468/468
f 386/472/469 456/550/469 428/521/469
f 395/488/470 416/512/470 408/502/470
f 409/504/471 430/527/471 422/518/471
f 423/520/472 444/525/472 436/533/472
f 437/535/473 458/557/473 450/547/473
f 451/549/474 472/572/474 464/563/474
f 465/565/475 486/586/475 478/578/475
f 479/580/476 500/602/476 492/592/476
f 505/617/477 509/618/477 511/619/477
f 510/620/478 508/621/478 506/622/478
f 511/623/479 510/624/479 507/625/479
f 512/626/480 516/627/480 518/628/480
f 517/629/481 515/476/481 513/630/481
f 518/631/482 517/632/482 514/633/482
f 519/634/483 523/635/483 525/636/483
f 524/637/484 522/638/484 520/639/484
f 525/640/485 524/637/485 521/641/485
f 526/642/486 530/490/486 532/491/486
f 531/643/487 529/644/487 527/645/487
f 532/646/488 531/643/488 528/647/488
f 533/648/489 537/649/489 539/650/489
f 538/651/490 536/652/490 534/653/490
f 539/654/491 538/651/491 535/655/491
f 540/656/492 544/657/492 546/658/492
f 545/659/493 543/509/493 541/660/493
f 546/661/494 545/659/494 542/662/494
f 547/663/495 551/664/495 553/665/495
f 552/666/496 550/667/496 548/668/496
f 553/669/497 552/666/497 549/670/497
f 554/671/498 558/522/498 560/672/498
f 559/673/499 557/674/499 555/675/499
f 560/526/500 559/673/500 556/676/500
f 561/677/501 565/678/501 567/679/501
f 566/680/502 564/681/502 562/682/502
f 567/683/503 566/680/503 563/684/503
f 568/685/504 572/686/504 574/687/504
f 573/688/505 571/388/505 569/689/505
f 574/390/506 573/688/506 570/690/506
f 575/691/507 579/692/507 581/693/507
f 580/694/508 578/695/508 576/696/508
f 581/697/509 580/694/509 577/698/509
f 582/699/510 586/700/510 588/701/510
f 587/702/511 585/554/511 583/703/511
f 588/704/512 587/702/512 584/705/512
f 589/706/513 593/707/513 595/708/513
f 594/709/514 592/710/514 590/711/514
f 595/712/515 594/709/515 591/713/515
f 596/714/516 600/567/516 602/715/516
f 601/716/517 599/717/517 597/718/517
f 602/719/518 601/716/518 598/720/518
f 603/721/519 607/722/519 609/723/519
f 608/724/520 606/725/520 604/726/520
f 609/727/521 608/724/521 605/728/521
f 610/729/522 614/730/522 616/731/522
f 615/732/523 613/733/523 611/734/523
f 616/735/524 615/732/524 612/736/524
f 617/737/525 621/738/525 623/739/525
f 622/740/526 620/741/526 618/742/526
f 623/743/527 622/740/527 619/744/527
f 624/448/528 628/745/528 630/746/528
f 629/747/529 627/452/529 625/748/529
f 630/749/530 629/747/530 626/750/530
f 520/639/531 511/623/531 507/625/531
f 522/751/532 505/617/532 511/619/532
f 528/647/533 515/476/533 532/646/533
f 515/752/534 526/642/534 532/491/534
f 514/633/535 510/620/535 506/622/535
f 510/624/536 513/630/536 507/625/536
f 527/645/537 524/637/537 531/643/537
f 531/643/538 520/639/538 528/647/538
f 534/653/539 525/640/539 521/641/539
f 536/753/540 519/634/540 525/636/540
f 542/662/541 529/644/541 546/661/541
f 529/754/542 540/656/542 546/658/542
f 541/660/543 538/651/543 545/659/543
f 538/651/544 542/662/544 545/659/544
f 535/655/545 550/667/545 539/654/545
f 539/650/546 547/663/546 533/648/546
f 556/676/547 543/509/547 560/526/547
f 560/672/548 540/656/548 554/671/548
f 555/675/549 552/666/549 559/673/549
f 552/666/550 556/676/550 559/673/550
f 549/670/551 564/681/551 553/669/551
f 564/755/552 547/663/552 553/665/552
f 570/690/553 557/674/553 574/390/553
f 557/756/554 568/685/554 574/687/554
f 563/684/555 573/688/555 569/689/555
f 566/680/556 570/690/556 573/688/556
f 563/684/557 578/695/557 567/683/557
f 567/679/558 575/691/558 561/677/558
f 584/705/559 571/388/559 588/704/559
f 588/701/560 568/685/560 582/699/560
f 583/703/561 580/694/561 587/702/561
f 580/694/562 584/705/562 587/702/562
f 577/698/563 592/710/563 581/697/563
f 592/757/564 575/691/564 581/693/564
f 598/720/565 585/554/565 602/719/565
f 602/715/566 582/699/566 596/714/566
f 597/718/567 594/709/567 601/716/567
f 594/709/568 598/720/568 601/716/568
f 591/713/569 606/725/569 595/712/569
f 606/758/570 589/706/570 595/708/570
f 612/736/571 599/717/571 616/735/571
f 616/731/572 596/714/572 610/729/572
f 611/734/573 608/724/573 615/732/573
f 608/724/574 612/736/574 615/732/574
f 618/742/575 609/727/575 605/728/575
f 609/723/576 617/737/576 603/721/576
f 626/750/577 613/733/577 630/749/577
f 613/759/578 624/448/578 630/746/578
f 625/748/579 622/740/579 629/747/579
f 629/747/580 618/742/580 626/750/580
f 619/744/581 508/621/581 623/743/581
f 623/739/582 505/617/582 617/737/582
f 514/633/583 627/452/583 518/631/583
f 627/760/584 512/626/584 518/628/584
f 519/634/585 575/691/585 603/721/585
f 507/625/586 528/647/586 520/639/586
f 619/744/587 514/633/587 506/622/587
f 512/626/588 582/699/588 554/671/588
f 521/641/589 542/662/589 534/653/589
f 535/655/590 556/676/590 548/668/590
f 549/670/591 570/690/591 562/682/591
f 563/684/592 584/705/592 576/696/592
f 577/698/593 598/720/593 590/711/593
f 591/713/594 612/736/594 604/726/594
f 605/728/595 626/750/595 618/742/595
f 631/761/596 635/762/596 637/763/596
f 636/764/597 634/765/597 632/766/597
f 637/767/598 636/768/598 633/769/598
f 638/770/599 642/771/599 644/772/599
f 643/773/600 641/324/600 639/774/600
f 644/326/601 643/775/601 640/776/601
f 645/777/602 649/778/602 651/779/602
f 650/780/603 648/781/603 646/782/603
f 651/783/604 650/780/604 647/784/604
f 652/489/605 656/490/605 658/491/605
f 657/785/606 655/493/606 653/786/606
f 658/787/607 657/785/607 654/788/607
f 659/789/608 663/790/608 665/791/608
f 664/792/609 662/793/609 660/794/609
f 665/795/610 664/792/610 661/796/610
f 666/797/611 670/354/611 672/798/611
f 671/799/612 669/800/612 667/801/612
f 672/661/613 671/799/613 668/802/613
f 673/803/614 677/804/614 679/805/614
f 678/806/615 676/807/615 674/808/615
f 679/809/616 678/806/616 675/810/616
f 680/811/617 684/812/617 686/813/617
f 685/814/618 683/815/618 681/816/618
f 686/817/619 685/814/619 682/818/619
f 687/819/620 691/820/620 693/821/620
f 692/822/621 690/823/621 688/824/621
f 693/825/622 692/822/622 689/826/622
f 694/827/623 698/537/623 700/828/623
f 699/829/624 697/388/624 695/830/624
f 700/831/625 699/829/625 696/816/625
f 701/832/626 705/833/626 707/834/626
f 706/835/627 704/836/627 702/837/627
f 707/838/628 706/835/628 703/839/628
f 708/699/629 712/840/629 714/701/629
f 713/841/630 711/842/630 709/843/630
f 714/406/631 713/841/631 710/830/631
f 715/844/632 719/845/632 721/846/632
f 720/847/633 718/848/633 716/849/633
f 721/850/634 720/847/634 717/851/634
f 722/852/635 726/853/635 728/854/635
f 727/855/636 725/856/636 723/857/636
f 728/858/637 727/855/637 724/859/637
f 729/860/638 733/861/638 735/862/638
f 734/863/639 732/864/639 730/865/639
f 735/866/640 734/863/640 731/867/640
f 736/868/641 740/869/641 742/434/641
f 741/870/642 739/584/642 737/871/642
f 742/872/643 741/870/643 738/857/643
f 743/873/644 747/874/644 749/875/644
f 748/876/645 746/877/645 744/878/645
f 749/879/646 748/876/646 745/880/646
f 750/881/647 754/882/647 756/883/647
f 755/884/648 753/885/648 751/886/648
f 756/601/649 755/884/649 752/887/649
f 633/769/650 648/781/650 637/767/650
f 637/763/651 645/777/651 631/761/651
f 654/788/652 641/324/652 658/787/652
f 641/752/653 652/489/653 658/491/653
f 640/776/654 636/764/654 632/766/654
f 636/768/655 639/774/655 633/769/655
f 653/786/656 650/780/656 657/785/656
f 650/780/657 654/788/657 657/785/657
f 660/794/658 651/783/658 647/784/658
f 651/779/659 659/789/659 645/777/659
f 668/802/660 655/493/660 672/661/660
f 672/798/661 652/489/661 666/797/661
f 661/796/662 671/799/662 667/801/662
f 671/799/663 660/794/663 668/802/663
f 674/808/664 665/795/664 661/796/664
f 676/888/665 659/789/665 665/791/665
f 682/818/666 669/800/666 686/817/666
f 669/889/667 680/811/667 686/813/667
f 675/810/668 685/814/668 681/816/668
f 678/806/669 682/818/669 685/814/669
f 675/810/670 690/823/670 679/809/670
f 679/805/671 687/819/671 673/803/671
f 696/816/672 683/815/672 700/831/672
f 700/828/673 680/811/673 694/827/673
f 689/826/674 699/829/674 695/830/674
f 699/829/675 688/824/675 696/816/675
f 689/826/676 704/836/676 693/825/676
f 704/890/677 687/819/677 693/821/677
f 710/830/678 697/388/678 714/406/678
f 697/891/679 708/699/679 714/701/679
f 703/839/680 713/841/680 709/843/680
f 713/841/681 702/837/681 710/830/681
f 716/849/682 707/838/682 703/839/682
f 707/834/683 715/844/683 701/832/683
f 724/859/684 711/842/684 728/858/684
f 728/854/685 708/699/685 722/852/685
f 723/857/686 720/847/686 727/855/686
f 720/847/687 724/859/687 727/855/687
f 717/851/688 732/864/688 721/850/688
f 732/892/689 715/844/689 721/846/689
f 738/857/690 725/856/690 742/872/690
f 725/893/691 736/868/691 742/434/691
f 731/867/692 741/870/692 737/871/692
f 734/863/693 738/857/693 741/870/693
f 731/867/694 746/877/694 735/866/694
f 746/894/695 729/860/695 735/862/695
f 737/871/696 756/601/696 752/887/696
f 756/883/697 736/868/697 750/881/697
f 751/886/698 748/876/698 755/884/698
f 748/876/699 752/887/699 755/884/699
f 745/880/700 634/765/700 749/879/700
f 634/895/701 743/873/701 749/875/701
f 640/776/702 753/885/702 644/326/702
f 644/772/703 750/881/703 638/770/703
f 645/777/704 701/832/704 729/860/704
f 633/769/705 654/788/705 646/782/705
f 745/880/706 640/776/706 632/766/706
f 638/770/707 708/699/707 680/811/707
f 647/784/708 668/802/708 660/794/708
f 661/796/709 682/818/709 674/808/709
f 675/810/710 696/816/710 688/824/710
f 689/826/711 710/830/711 702/837/711
f 709/843/712 716/849/712 703/839/712
f 717/851/713 738/857/713 730/865/713
f 731/867/714 752/887/714 744/878/714
f 757/896/715 761/897/715 763/898/715
f 762/899/716 760/900/716 758/901/716
f 763/902/717 762/903/717 759/904/717
f 764/905/718 768/473/718 770/906/718
f 769/907/719 767/908/719 765/909/719
f 770/478/720 769/910/720 766/911/720
f 771/912/721 775/913/721 777/914/721
f 776/915/722 774/916/722 772/917/722
f 777/918/723 776/915/723 773/919/723
f 778/920/724 782/490/724 784/491/724
f 783/921/725 781/644/725 779/922/725
f 784/495/726 783/921/726 780/923/726
f 785/924/727 789/925/727 791/926/727
f 790/927/728 788/928/728 786/929/728
f 791/930/729 790/927/729 787/931/729
f 792/932/730 796/506/730 798/658/730
f 797/933/731 795/934/731 793/935/731
f 798/359/732 797/933/732 794/936/732
f 799/937/733 803/938/733 805/939/733
f 804/940/734 802/941/734 800/942/734
f 805/943/735 804/940/735 801/944/735
f 806/945/736 810/522/736 812/946/736
f 811/947/737 809/948/737 807/949/737
f 812/950/738 811/947/738 808/935/738
f 813/951/739 817/952/739 819/953/739
f 818/954/740 816/955/740 814/956/740
f 819/957/741 818/954/741 815/958/741
f 820/685/742 824/959/742 826/960/742
f 825/961/743 823/388/743 821/962/743
f 826/963/744 825/961/744 822/964/744
f 827/965/745 831/966/745 833/967/745
f 832/968/746 830/969/746 828/970/746
f 833/971/747 832/968/747 829/972/747
f 834/973/748 838/974/748 840/975/748
f 839/976/749 837/404/749 835/977/749
f 840/704/750 839/976/750 836/978/750
f 841/979/751 845/980/751 847/981/751
f 846/982/752 844/983/752 842/984/752
f 847/985/753 846/982/753 843/986/753
f 848/987/754 852/988/754 854/715/754
f 853/989/755 851/717/755 849/990/755
f 854/719/756 853/989/756 850/991/756
f 855/992/757 859/993/757 861/994/757
f 860/995/758 858/996/758 856/997/758
f 861/998/759 860/995/759 857/999/759
f 862/729/760 866/1000/760 868/1001/760
f 867/1002/761 865/1003/761 863/1004/761
f 868/1005/762 867/1002/762 864/1006/762
f 869/1007/763 873/1008/763 875/1009/763
f 874/1010/764 872/1011/764 870/1012/764
f 875/1013/765 874/1010/765 871/1014/765
f 876/1015/766 880/1016/766 882/1017/766
f 881/1018/767 879/452/767 877/1019/767
f 882/1020/768 881/1018/768 878/1021/768
f 759/904/769 774/916/769 763/902/769
f 763/898/770 771/912/770 757/896/770
f 780/923/771 767/908/771 784/495/771
f 784/491/772 764/905/772 778/920/772
f 758/901/773 769/910/773 762/899/773
f 769/907/774 759/904/774 762/903/774
f 773/919/775 783/921/775 779/922/775
f 783/921/776 772/917/776 780/923/776
f 786/929/777 777/918/777 773/919/777
f 777/914/778 785/924/778 771/912/778
f 794/936/779 781/644/779 798/359/779
f 781/1022/780 792/932/780 798/658/780
f 787/931/781 797/933/781 793/935/781
f 797/933/782 786/929/782 794/936/782
f 800/942/783 791/930/783 787/931/783
f 791/926/784 799/937/784 785/924/784
f 808/935/785 795/934/785 812/950/785
f 795/889/786 806/945/786 812/946/786
f 807/949/787 804/940/787 811/947/787
f 804/940/788 808/935/788 811/947/788
f 814/956/789 805/943/789 801/944/789
f 816/1023/790 799/937/790 805/939/790
f 822/964/791 809/948/791 826/963/791
f 809/1024/792 820/685/792 826/960/792
f 821/962/793 818/954/793 825/961/793
f 818/954/794 822/964/794 825/961/794
f 815/958/795 830/969/795 819/957/795
f 830/1025/796 813/951/796 819/953/796
f 836/978/797 823/388/797 840/704/797
f 840/975/798 820/685/798 834/973/798
f 829/972/799 839/976/799 835/977/799
f 839/976/800 828/970/800 836/978/800
f 842/984/801 833/971/801 829/972/801
f 844/1026/802 827/965/802 833/967/802
f 850/991/803 837/404/803 854/719/803
f 854/715/804 834/973/804 848/987/804
f 843/986/805 853/989/805 849/990/805
f 853/989/806 842/984/806 850/991/806
f 856/997/807 847/985/807 843/986/807
f 858/1027/808 841/979/808 847/981/808
f 864/1006/809 851/717/809 868/1005/809
f 851/1028/810 862/729/810 868/1001/810
f 857/999/811 867/1002/811 863/1004/811
f 867/1002/812 856/997/812 864/1006/812
f 857/999/813 872/1011/813 861/998/813
f 861/994/814 869/1007/814 855/992/814
f 878/1021/815 865/1003/815 882/1020/815
f 882/1017/816 862/729/816 876/1015/816
f 871/1014/817 881/1018/817 877/1019/817
f 874/1010/818 878/1021/818 881/1018/818
f 871/1014/819 760/900/819 875/1013/819
f 760/1029/820 869/1007/820 875/1009/820
f 766/911/821 879/452/821 770/478/821
f 770/906/822 876/1015/822 764/905/822
f 771/912/823 827/965/823 855/992/823
f 759/904/824 780/923/824 772/917/824
f 871/1014/825 766/911/825 758/901/825
f 764/905/826 834/973/826 806/945/826
f 773/919/827 794/936/827 786/929/827
f 787/931/828 808/935/828 800/942/828
f 801/944/829 822/964/829 814/956/829
f 815/958/830 836/978/830 828/970/830
f 829/972/831 850/991/831 842/984/831
f 843/986/832 864/1006/832 856/997/832
f 857/999/833 878/1021/833 870/1012/833
f 883/1030/834 887/1031/834 889/1032/834
f 888/1033/835 886/1034/835 884/1035/835
f 889/1036/836 888/1037/836 885/1038/836
f 890/1039/837 894/1040/837 896/1041/837
f 895/1042/838 893/1043/838 891/1044/838
f 896/1045/839 895/1046/839 892/1047/839
f 897/1048/840 901/1049/840 903/1050/840
f 902/1051/841 900/1052/841 898/1038/841
f 903/1053/842 902/1051/842 899/1054/842
f 904/1055/843 908/1056/843 910/1057/843
f 909/1058/844 907/1059/844 905/1060/844
f 910/1061/845 909/1058/845 906/1062/845
f 911/1063/846 915/1064/846 917/1065/846
f 916/1066/847 914/1067/847 912/1068/847
f 917/1069/848 916/1066/848 913/1070/848
f 918/1071/849 922/1072/849 924/1073/849
f 923/1074/850 921/1075/850 919/1076/850
f 924/1077/851 923/1074/851 920/1078/851
f 925/1079/852 929/1080/852 931/1081/852
f 930/1082/853 928/1083/853 926/1084/853
f 931/1085/854 930/1082/854 927/1086/854
f 932/1087/855 936/1088/855 938/1089/855
f 937/1090/856 935/1091/856 933/1092/856
f 938/1093/857 937/1090/857 934/1094/857
f 939/1095/858 943/1096/858 945/1097/858
f 944/1098/859 942/1099/859 940/1086/859
f 945/1100/860 944/1098/860 941/1101/860
f 946/1102/861 950/1103/861 952/1104/861
f 951/1105/862 949/1106/862 947/1107/862
f 952/1108/863 951/1105/863 948/1109/863
f 953/1110/864 957/1111/864 959/1112/864
f 958/1113/865 956/1114/865 954/1115/865
f 959/1116/866 958/1113/866 955/1117/866
f 960/1118/867 964/1119/867 966/1120/867
f 965/1121/868 963/1122/868 961/1123/868
f 966/1124/869 965/1121/869 962/1125/869
f 967/1126/870 971/1127/870 973/1128/870
f 972/1129/871 970/1130/871 968/1131/871
f 973/1132/872 972/1129/872 969/1133/872
f 974/1134/873 978/1135/873 980/1136/873
f 979/1137/874 977/1138/874 975/1139/874
f 980/1140/875 979/1137/875 976/1141/875
f 885/1038/876 900/1052/876 889/1036/876
f 889/1032/877 897/1048/877 883/1030/877
f 891/1044/878 910/1061/878 906/1062/878
f 893/1142/879 904/1055/879 910/1057/879
f 892/1047/880 888/1033/880 884/1035/880
f 888/1037/881 891/1044/881 885/1038/881
f 905/1060/882 902/1051/882 909/1058/882
f 902/1051/883 906/1062/883 909/1058/883
f 899/1054/884 914/1067/884 903/1053/884
f 903/1050/885 911/1063/885 897/1048/885
f 920/1078/886 907/1059/886 924/1077/886
f 907/1143/887 918/1071/887 924/1073/887
f 919/1076/888 916/1066/888 923/1074/888
f 916/1066/889 920/1078/889 923/1074/889
f 913/1070/890 928/1083/890 917/1069/890
f 917/1065/891 925/1079/891 911/1063/891
f 934/1094/892 921/1075/892 938/1093/892
f 921/1144/893 932/1087/893 938/1089/893
f 933/1092/894 930/1082/894 937/1090/894
f 930/1082/895 934/1094/895 937/1090/895
f 927/1086/896 942/1099/896 931/1085/896
f 931/1081/897 939/1095/897 925/1079/897
f 948/1109/898 935/1091/898 952/1108/898
f 935/1145/899 946/1102/899 952/1104/899
f 947/1107/900 944/1098/900 951/1105/900
f 944/1098/901 948/1109/901 951/1105/901
f 941/1101/902 956/1114/902 945/1100/902
f 945/1097/903 953/1110/903 939/1095/903
f 962/1125/904 949/1106/904 966/1124/904
f 966/1120/905 946/1102/905 960/1118/905
f 961/1123/906 958/1113/906 965/1121/906
f 958/1113/907 962/1125/907 965/1121/907
f 955/1117/908 970/1130/908 959/1116/908
f 970/1146/909 953/1110/909 959/1112/909
f 961/1123/910 980/1140/910 976/1141/910
f 980/1136/911 960/1118/911 974/1134/911
f 975/1139/912 972/1129/912 979/1137/912
f 972/1129/913 976/1141/913 979/1137/913
f 969/1133/914 886/1034/914 973/1132/914
f 973/1128/915 883/1030/915 967/1126/915
f 892/1047/916 977/1138/916 896/1045/916
f 977/1147/917 890/1039/917 896/1041/917
f 897/1048/918 925/1079/918 953/1110/918
f 885/1038/919 906/1062/919 898/1038/919
f 969/1133/919 892/1047/919 884/1035/919
f 890/1039/920 960/1118/920 932/1087/920
f 899/1054/919 920/1078/919 912/1068/919
f 913/1070/919 934/1094/919 926/1084/919
f 927/1086/919 948/1109/919 940/1086/919
f 941/1101/919 962/1125/919 954/1115/919
f 955/1117/919 976/1141/919 968/1131/919
f 1/1/1512 4/1844/1512 5/2/1512
f 6/4/1513 5/1845/1513 4/5/1513
f 7/7/1514 5/1846/1514 6/8/1514
f 8/10/1515 11/148/1515 12/11/1515
f 13/13/1516 12/1847/1516 11/14/1516
f 14/16/1517 12/1848/1517 13/17/1517
f 15/19/1518 18/147/1518 19/20/1518
f 20/22/1519 19/1849/1519 18/23/1519
f 21/25/1520 19/1849/1520 20/22/1520
f 22/27/1521 25/1850/1521 26/28/1521
f 27/30/1522 26/1851/1522 25/31/1522
f 28/33/1523 26/1851/1523 27/30/1523
f 29/35/1524 32/1852/1524 33/36/1524
f 34/38/1525 33/1853/1525 32/39/1525
f 35/41/1526 33/1853/1526 34/38/1526
f 36/43/1527 39/149/1527 40/44/1527
f 41/46/1528 40/1854/1528 39/47/1528
f 42/49/1529 40/1854/1529 41/46/1529
f 43/51/1530 46/1855/1530 47/52/1530
f 48/54/1531 47/1856/1531 46/55/1531
f 49/57/1532 47/1856/1532 48/54/1532
f 50/59/1533 53/1857/1533 54/60/1533
f 55/62/1534 54/1858/1534 53/63/1534
f 56/65/1535 54/1858/1535 55/62/1535
f 57/67/1536 60/1859/1536 61/68/1536
f 62/70/1537 61/1860/1537 60/71/1537
f 63/73/1538 61/1860/1538 62/70/1538
f 64/75/1539 67/151/1539 68/76/1539
f 69/78/1540 68/1861/1540 67/79/1540
f 70/81/1541 68/1861/1541 69/78/1541
f 71/83/1542 74/150/1542 75/84/1542
f 76/86/1543 75/1862/1543 74/87/1543
f 77/89/1544 75/1862/1544 76/86/1544
f 78/91/1545 81/153/1545 82/92/1545
f 83/94/1546 82/1863/1546 81/95/1546
f 84/97/1547 82/1863/1547 83/94/1547
f 85/99/1548 88/152/1548 89/100/1548
f 90/102/1549 89/1864/1549 88/103/1549
f 91/105/1550 89/1864/1550 90/102/1550
f 92/107/1551 95/154/1551 96/108/1551
f 97/110/1552 96/1865/1552 95/111/1552
f 98/113/1553 96/1865/1553 97/110/1553
f 99/115/1554 102/1866/1554 103/116/1554
f 104/118/1555 103/1867/1555 102/119/1555
f 105/121/1556 103/1867/1556 104/118/1556
f 106/123/1557 109/155/1557 110/124/1557
f 111/126/1558 110/1868/1558 109/127/1558
f 112/129/1559 110/1868/1559 111/126/1559
f 113/131/1560 116/1869/1560 117/132/1560
f 118/134/1561 117/1870/1561 116/135/1561
f 119/137/1562 117/1870/1562 118/134/1562
f 120/139/1563 123/1871/1563 124/140/1563
f 125/142/1564 124/1872/1564 123/143/1564
f 126/145/1565 124/1872/1565 125/142/1565
f 3/9/55 16/24/55 18/23/55
f 18/147/56 15/19/56 1/1/56
f 24/34/57 9/15/57 11/14/57
f 11/148/58 8/10/58 22/27/58
f 10/18/59 13/17/59 6/4/59
f 13/13/60 9/15/60 3/9/60
f 17/26/61 20/22/61 27/30/61
f 27/30/62 20/22/62 16/24/62
f 17/26/63 30/40/63 32/39/63
f 21/21/64 32/1852/64 29/35/64
f 38/50/65 23/32/65 25/31/65
f 42/45/66 25/1850/66 22/27/66
f 37/48/67 31/42/67 34/38/67
f 34/38/68 30/40/68 38/50/68
f 31/42/69 44/56/69 46/55/69
f 35/37/70 46/1855/70 43/51/70
f 52/66/71 37/48/71 39/47/71
f 39/149/72 36/43/72 50/59/72
f 45/58/73 48/54/73 55/62/73
f 55/62/74 48/54/74 44/56/74
f 45/58/75 58/72/75 60/71/75
f 49/53/76 60/1859/76 57/67/76
f 51/64/77 53/63/77 70/81/77
f 70/77/78 53/1857/78 50/59/78
f 65/80/79 59/74/79 62/70/79
f 62/70/80 58/72/80 66/82/80
f 72/88/81 74/87/81 63/73/81
f 74/150/82 71/83/82 57/67/82
f 65/80/83 67/79/83 84/97/83
f 67/151/1566 64/75/1566 78/91/1566
f 73/90/85 76/86/85 83/94/85
f 76/86/86 72/88/86 80/98/86
f 86/104/87 88/103/87 77/89/87
f 88/152/88 85/99/88 71/83/88
f 94/114/89 79/96/89 81/95/89
f 81/153/90 78/91/90 92/107/90
f 93/112/91 87/106/91 90/102/91
f 97/110/92 90/102/92 86/104/92
f 87/106/93 100/120/93 102/119/93
f 91/101/94 102/1866/94 99/115/94
f 93/112/95 95/111/95 112/129/95
f 95/154/96 92/107/96 106/123/96
f 101/122/97 104/118/97 111/126/97
f 104/118/98 100/120/98 108/130/98
f 101/122/99 114/136/99 116/135/99
f 105/117/100 116/1869/100 113/131/100
f 122/146/101 107/128/101 109/127/101
f 109/155/1567 106/123/1567 120/139/1567
f 115/138/103 118/134/103 125/142/103
f 125/142/104 118/134/104 114/136/104
f 2/6/105 4/5/105 119/137/105
f 119/133/106 4/1844/106 1/1/106
f 10/18/107 121/144/107 123/143/107
f 14/12/108 123/1871/108 120/139/108
f 113/131/109 1/1/109 15/19/109
f 15/19/109 29/35/109 43/51/109
f 43/51/109 57/67/109 71/83/109
f 71/83/109 85/99/109 99/115/109
f 99/115/109 113/131/109 15/19/109
f 15/19/109 43/51/109 71/83/109
f 9/15/110 24/34/110 16/24/110
f 115/138/111 121/144/111 10/18/111
f 36/43/112 22/27/112 8/10/112
f 8/10/112 120/139/112 106/123/112
f 106/123/112 92/107/112 78/91/112
f 78/91/112 64/75/112 50/59/112
f 50/59/112 36/43/112 8/10/112
f 8/10/112 106/123/112 78/91/112
f 17/26/113 23/32/113 38/50/113
f 37/48/114 52/66/114 44/56/114
f 51/64/115 66/82/115 58/72/115
f 65/80/116 80/98/116 72/88/116
f 79/96/117 94/114/117 86/104/117
f 87/106/118 93/112/118 108/130/118
f 107/128/119 122/146/119 114/136/119
f 127/156/1568 130/310/1568 131/157/1568
f 132/159/1569 131/1873/1569 130/160/1569
f 133/162/1570 131/1874/1570 132/163/1570
f 134/165/1571 137/302/1571 138/166/1571
f 139/168/1572 138/1875/1572 137/169/1572
f 140/171/1573 138/1876/1573 139/172/1573
f 141/174/1574 144/301/1574 145/175/1574
f 146/177/1575 145/1877/1575 144/178/1575
f 147/180/1576 145/1877/1576 146/177/1576
f 148/182/1577 151/1878/1577 152/183/1577
f 153/185/1578 152/1879/1578 151/186/1578
f 154/188/1579 152/1879/1579 153/185/1579
f 155/190/1580 158/1880/1580 159/191/1580
f 160/193/1581 159/1881/1581 158/194/1581
f 161/196/1582 159/1881/1582 160/193/1582
f 162/198/1583 165/304/1583 166/199/1583
f 167/201/1584 166/1882/1584 165/202/1584
f 168/204/1585 166/1882/1585 167/201/1585
f 169/206/1586 172/303/1586 173/207/1586
f 174/209/1587 173/1883/1587 172/210/1587
f 175/212/1588 173/1883/1588 174/209/1588
f 176/214/1589 179/305/1589 180/215/1589
f 181/217/1590 180/1884/1590 179/218/1590
f 182/220/1591 180/1884/1591 181/217/1591
f 183/222/1592 186/1885/1592 187/223/1592
f 188/225/1593 187/1886/1593 186/226/1593
f 189/228/1594 187/1886/1594 188/225/1594
f 190/230/1595 193/306/1595 194/231/1595
f 195/78/1596 194/1887/1596 193/233/1596
f 196/235/1597 194/1887/1597 195/78/1597
f 197/237/1598 200/1888/1598 201/238/1598
f 202/240/1599 201/1889/1599 200/241/1599
f 203/243/1600 201/1889/1600 202/240/1600
f 204/245/1601 207/307/1601 208/246/1601
f 209/248/1602 208/1890/1602 207/249/1602
f 210/251/1603 208/1890/1603 209/248/1603
f 211/253/1604 214/1891/1604 215/254/1604
f 216/256/1605 215/1892/1605 214/257/1605
f 217/259/1606 215/1892/1606 216/256/1606
f 218/261/1607 221/309/1607 222/262/1607
f 223/264/1608 222/1893/1608 221/265/1608
f 224/267/1609 222/1893/1609 223/264/1609
f 225/269/1610 228/308/1610 229/270/1610
f 230/272/1611 229/1894/1611 228/273/1611
f 231/275/1612 229/1894/1612 230/272/1612
f 232/277/1613 235/1895/1613 236/278/1613
f 237/280/1614 236/1896/1614 235/281/1614
f 238/283/1615 236/1896/1615 237/280/1615
f 239/285/1616 242/1897/1616 243/286/1616
f 244/288/1617 243/1898/1617 242/289/1617
f 245/291/1618 243/1898/1618 244/288/1618
f 246/293/1619 249/1899/1619 250/294/1619
f 251/296/1620 250/1900/1620 249/297/1620
f 252/299/1621 250/1900/1621 251/296/1621
f 142/179/174 144/178/174 133/162/174
f 144/301/175 141/174/175 127/156/175
f 135/170/176 137/169/176 154/188/176
f 137/302/177 134/165/177 148/182/177
f 136/173/178 139/172/178 132/159/178
f 139/168/179 135/170/179 129/164/179
f 149/187/180 143/181/180 146/177/180
f 146/177/181 142/179/181 150/189/181
f 143/181/182 156/195/182 158/194/182
f 147/176/183 158/1880/183 155/190/183
f 164/205/184 149/187/184 151/186/184
f 168/200/185 151/1878/185 148/182/185
f 157/197/186 160/193/186 167/201/186
f 160/193/187 156/195/187 164/205/187
f 157/197/188 170/211/188 172/210/188
f 172/303/189 169/206/189 155/190/189
f 163/203/190 165/202/190 182/220/190
f 165/304/191 162/198/191 176/214/191
f 171/213/192 174/209/192 181/217/192
f 181/217/193 174/209/193 170/211/193
f 184/227/194 186/226/194 175/212/194
f 175/208/195 186/1885/195 183/222/195
f 192/236/196 177/219/196 179/218/196
f 179/305/197 176/214/197 190/230/197
f 191/234/198 185/229/198 188/225/198
f 195/78/199 188/225/199 184/227/199
f 198/242/200 200/241/200 189/228/200
f 189/224/201 200/1888/201 197/237/201
f 191/234/202 193/233/202 210/251/202
f 193/306/203 190/230/203 204/245/203
f 199/244/204 202/240/204 209/248/204
f 202/240/205 198/242/205 206/252/205
f 199/244/206 212/258/206 214/257/206
f 203/239/207 214/1891/207 211/253/207
f 205/250/208 207/249/208 224/267/208
f 207/307/209 204/245/209 218/261/209
f 213/260/210 216/256/210 223/264/210
f 223/264/211 216/256/211 212/258/211
f 226/274/212 228/273/212 217/259/212
f 228/308/213 225/269/213 211/253/213
f 219/266/214 221/265/214 238/283/214
f 221/309/215 218/261/215 232/277/215
f 227/276/216 230/272/216 237/280/216
f 230/272/217 226/274/217 234/284/217
f 240/290/218 242/289/218 231/275/218
f 231/271/219 242/1897/219 239/285/219
f 248/300/220 233/282/220 235/281/220
f 252/295/221 235/1895/221 232/277/221
f 241/292/222 244/288/222 251/296/222
f 244/288/223 240/290/223 248/300/223
f 128/161/224 130/160/224 245/291/224
f 130/310/225 127/156/225 239/285/225
f 136/173/226 247/298/226 249/297/226
f 140/167/227 249/1899/227 246/293/227
f 239/285/228 127/156/228 141/174/228
f 141/174/228 155/190/228 169/206/228
f 169/206/228 183/222/228 197/237/228
f 197/237/228 211/253/228 225/269/228
f 225/269/228 239/285/228 141/174/228
f 141/174/228 169/206/228 197/237/228
f 129/164/1622 135/170/1622 150/189/1622
f 241/292/230 247/298/230 136/173/230
f 162/198/231 148/182/231 134/165/231
f 134/165/231 246/293/231 232/277/231
f 232/277/231 218/261/231 204/245/231
f 204/245/231 190/230/231 176/214/231
f 176/214/231 162/198/231 134/165/231
f 134/165/231 232/277/231 204/245/231
f 149/187/232 164/205/232 156/195/232
f 157/197/233 163/203/233 178/221/233
f 171/213/234 177/219/234 192/236/234
f 185/229/235 191/234/235 206/252/235
f 205/250/236 220/268/236 212/258/236
f 213/260/1623 219/266/1623 234/284/1623
f 233/282/238 248/300/238 240/290/238
f 253/311/1624 256/1901/1624 257/312/1624
f 258/314/1625 257/1902/1625 256/315/1625
f 259/317/1626 257/1903/1626 258/318/1626
f 260/320/1627 263/1904/1627 264/321/1627
f 265/323/1628 264/1905/1628 263/324/1628
f 266/326/1629 264/1906/1629 265/327/1629
f 267/329/1630 270/1907/1630 271/330/1630
f 272/332/1631 271/1908/1631 270/333/1631
f 273/335/1632 271/1908/1632 272/332/1632
f 274/337/1633 277/1909/1633 278/338/1633
f 279/340/1634 278/1910/1634 277/341/1634
f 280/343/1635 278/1910/1635 279/340/1635
f 281/345/1636 284/456/1636 285/346/1636
f 286/348/1637 285/1911/1637 284/349/1637
f 287/351/1638 285/1911/1638 286/348/1638
f 288/353/1639 291/457/1639 292/354/1639
f 293/356/1640 292/1912/1640 291/357/1640
f 294/359/1641 292/1912/1641 293/356/1641
f 295/360/1642 298/1913/1642 299/361/1642
f 300/363/1643 299/1914/1643 298/364/1643
f 301/366/1644 299/1914/1644 300/363/1644
f 302/368/1645 305/458/1645 306/369/1645
f 307/371/1646 306/1915/1646 305/372/1646
f 308/374/1647 306/1915/1647 307/371/1647
f 309/376/1648 312/1916/1648 313/377/1648
f 314/379/1649 313/1917/1649 312/380/1649
f 315/382/1650 313/1917/1650 314/379/1650
f 316/384/1651 319/460/1651 320/385/1651
f 321/387/1652 320/1918/1652 319/388/1652
f 322/390/1653 320/1918/1653 321/387/1653
f 323/392/1654 326/459/1654 327/393/1654
f 328/395/1655 327/1919/1655 326/396/1655
f 329/398/1656 327/1919/1656 328/395/1656
f 330/400/1657 333/1920/1657 334/401/1657
f 335/403/1658 334/1921/1658 333/404/1658
f 336/406/1659 334/1921/1659 335/403/1659
f 337/408/1660 340/1922/1660 341/409/1660
f 342/411/1661 341/1923/1661 340/412/1661
f 343/414/1662 341/1923/1662 342/411/1662
f 344/416/1663 347/462/1663 348/417/1663
f 349/419/1664 348/1924/1664 347/420/1664
f 350/422/1665 348/1924/1665 349/419/1665
f 351/424/1666 354/461/1666 355/425/1666
f 356/427/1667 355/1925/1667 354/428/1667
f 357/430/1668 355/1925/1668 356/427/1668
f 358/432/1669 361/1926/1669 362/433/1669
f 363/435/1670 362/1927/1670 361/436/1670
f 364/438/1671 362/1927/1671 363/435/1671
f 365/440/1672 368/1928/1672 369/441/1672
f 370/443/1673 369/1929/1673 368/444/1673
f 371/446/1674 369/1929/1674 370/443/1674
f 372/448/1675 375/1930/1675 376/449/1675
f 377/451/1676 376/1931/1676 375/452/1676
f 378/454/1677 376/1931/1677 377/451/1677
f 268/334/293 270/333/293 259/317/293
f 259/313/294 270/1907/294 267/329/294
f 276/344/1678 261/325/1678 263/324/1678
f 280/339/296 263/1904/296 260/320/296
f 262/328/297 265/327/297 258/314/297
f 265/323/298 261/325/298 255/319/298
f 275/342/299 269/336/299 272/332/299
f 272/332/300 268/334/300 276/344/300
f 282/350/1679 284/349/1679 273/335/1679
f 284/456/302 281/345/302 267/329/302
f 290/342/1680 275/342/1680 277/341/1680
f 294/355/304 277/1909/304 274/337/304
f 283/352/305 286/348/305 293/356/305
f 293/356/306 286/348/306 282/350/306
f 296/365/307 298/364/307 287/351/307
f 287/347/308 298/1913/308 295/360/308
f 304/375/696 289/358/696 291/357/696
f 291/457/310 288/353/310 302/368/310
f 303/373/311 297/367/311 300/363/311
f 307/371/312 300/363/312 296/365/312
f 310/381/313 312/380/313 301/366/313
f 301/362/314 312/1916/314 309/376/314
f 318/391/696 303/373/696 305/372/696
f 305/458/316 302/368/316 316/384/316
f 311/383/317 314/379/317 321/387/317
f 314/379/318 310/381/318 318/391/318
f 311/383/319 324/397/319 326/396/319
f 326/459/320 323/392/320 309/376/320
f 332/407/919 317/389/919 319/388/919
f 319/460/322 316/384/322 330/400/322
f 331/405/323 325/399/323 328/395/323
f 328/395/324 324/397/324 332/407/324
f 338/413/325 340/412/325 329/398/325
f 329/394/326 340/1922/326 337/408/326
f 346/423/1681 331/405/1681 333/404/1681
f 350/418/328 333/1920/328 330/400/328
f 339/415/329 342/411/329 349/419/329
f 342/411/330 338/413/330 346/423/330
f 339/415/331 352/429/331 354/428/331
f 354/461/332 351/424/332 337/408/332
f 360/439/919 345/421/919 347/420/919
f 347/462/1682 344/416/1682 358/432/1682
f 353/431/335 356/427/335 363/435/335
f 356/427/1683 352/429/1683 360/439/1683
f 366/445/337 368/444/337 357/430/337
f 357/426/338 368/1928/338 365/440/338
f 374/455/1118 359/437/1118 361/436/1118
f 378/450/340 361/1926/340 358/432/340
f 373/453/341 367/447/341 370/443/341
f 370/443/342 366/445/342 374/455/342
f 367/447/343 254/316/343 256/315/343
f 371/442/344 256/1901/344 253/311/344
f 262/328/919 373/453/919 375/452/919
f 266/322/346 375/1930/346 372/448/346
f 365/440/347 253/311/347 267/329/347
f 267/329/347 281/345/347 295/360/347
f 295/360/347 309/376/347 323/392/347
f 323/392/347 337/408/347 351/424/347
f 351/424/347 365/440/347 267/329/347
f 267/329/347 295/360/347 323/392/347
f 255/319/1684 261/325/1684 276/344/1684
f 367/447/1111 373/453/1111 262/328/1111
f 288/353/350 274/337/350 260/320/350
f 260/320/350 372/448/350 358/432/350
f 358/432/350 344/416/350 330/400/350
f 330/400/350 316/384/350 302/368/350
f 302/368/350 288/353/350 260/320/350
f 260/320/350 358/432/350 330/400/350
f 269/336/1685 275/342/1685 290/342/1685
f 283/352/696 289/358/696 304/375/696
f 297/367/1686 303/373/1686 318/391/1686
f 311/383/919 317/389/919 332/407/919
f 325/399/1687 331/405/1687 346/423/1687
f 339/415/919 345/421/919 360/439/919
f 353/431/1688 359/437/1688 374/455/1688
f 379/463/1689 382/615/1689 383/464/1689
f 384/466/1690 383/1932/1690 382/467/1690
f 385/469/1691 383/1933/1691 384/470/1691
f 386/472/1692 389/604/1692 390/473/1692
f 391/475/1693 390/1934/1693 389/476/1693
f 392/478/1694 390/1935/1694 391/479/1694
f 393/481/1695 396/603/1695 397/482/1695
f 398/484/1696 397/1936/1696 396/485/1696
f 399/487/1697 397/1936/1697 398/484/1697
f 400/489/1698 403/605/1698 404/490/1698
f 405/492/1699 404/1937/1699 403/493/1699
f 406/495/1700 404/1937/1700 405/492/1700
f 407/497/1701 410/1938/1701 411/498/1701
f 412/500/1702 411/1939/1702 410/501/1702
f 413/503/1703 411/1939/1703 412/500/1703
f 414/505/1704 417/607/1704 418/506/1704
f 419/508/1705 418/1940/1705 417/509/1705
f 420/511/1706 418/1940/1706 419/508/1706
f 421/513/1707 424/606/1707 425/514/1707
f 426/516/1708 425/1941/1708 424/517/1708
f 427/519/1709 425/1941/1709 426/516/1709
f 428/521/1710 431/1942/1710 432/522/1710
f 433/524/1711 432/1943/1711 431/372/1711
f 434/526/1712 432/1943/1712 433/524/1712
f 435/528/1713 438/1944/1713 439/529/1713
f 440/531/1714 439/1945/1714 438/532/1714
f 441/534/1715 439/1945/1715 440/531/1715
f 442/536/1716 445/609/1716 446/537/1716
f 447/539/1717 446/1946/1717 445/388/1717
f 448/541/1718 446/1946/1718 447/539/1718
f 449/542/1719 452/608/1719 453/543/1719
f 454/545/1720 453/1947/1720 452/546/1720
f 455/548/1721 453/1947/1721 454/545/1721
f 456/550/1722 459/611/1722 460/551/1722
f 461/553/1723 460/1948/1723 459/554/1723
f 462/556/1724 460/1948/1724 461/553/1724
f 463/558/1725 466/610/1725 467/559/1725
f 468/561/1726 467/1949/1726 466/562/1726
f 469/564/1727 467/1949/1727 468/561/1727
f 470/566/1728 473/613/1728 474/567/1728
f 475/569/1729 474/1950/1729 473/570/1729
f 476/422/1730 474/1950/1730 475/569/1730
f 477/573/1731 480/612/1731 481/574/1731
f 482/576/1732 481/1951/1732 480/577/1732
f 483/579/1733 481/1951/1733 482/576/1733
f 484/581/1734 487/614/1734 488/433/1734
f 489/583/1735 488/1952/1735 487/584/1735
f 490/438/1736 488/1952/1736 489/583/1736
f 491/587/1737 494/1953/1737 495/588/1737
f 496/590/1738 495/1954/1738 494/591/1738
f 497/593/1739 495/1954/1739 496/590/1739
f 498/595/1740 501/616/1740 502/596/1740
f 503/598/1741 502/1955/1741 501/599/1741
f 504/601/1742 502/1955/1742 503/598/1742
f 394/486/412 396/485/412 385/469/412
f 396/603/413 393/481/413 379/463/413
f 402/496/919 387/477/919 389/476/919
f 389/604/415 386/472/415 400/489/415
f 388/480/416 391/479/416 384/466/416
f 391/475/417 387/477/417 381/471/417
f 395/488/418 398/484/418 405/492/418
f 405/492/419 398/484/419 394/486/419
f 395/488/420 408/502/420 410/501/420
f 399/483/421 410/1938/421 407/497/421
f 416/512/1507 401/494/1507 403/493/1507
f 403/605/423 400/489/423 414/505/423
f 409/504/424 412/500/424 419/508/424
f 419/508/425 412/500/425 408/502/425
f 422/518/426 424/517/426 413/503/426
f 424/606/427 421/513/427 407/497/427
f 430/527/919 415/510/919 417/509/919
f 417/607/1743 414/505/1743 428/521/1743
f 423/520/430 426/516/430 433/524/430
f 426/516/431 422/518/431 430/527/431
f 436/533/432 438/532/432 427/519/432
f 427/515/433 438/1944/433 435/528/433
f 444/525/919 429/525/919 431/372/919
f 448/538/435 431/1942/435 428/521/435
f 437/535/436 440/531/436 447/539/436
f 440/531/437 436/533/437 444/525/437
f 450/547/438 452/546/438 441/534/438
f 452/608/439 449/542/439 435/528/439
f 458/557/919 443/540/919 445/388/919
f 445/609/441 442/536/441 456/550/441
f 457/555/442 451/549/442 454/545/442
f 454/545/443 450/547/443 458/557/443
f 451/549/444 464/563/444 466/562/444
f 466/610/445 463/558/445 449/542/445
f 472/572/919 457/555/919 459/554/919
f 459/611/447 456/550/447 470/566/447
f 471/571/448 465/565/448 468/561/448
f 475/569/449 468/561/449 464/563/449
f 478/578/450 480/577/450 469/564/450
f 480/612/451 477/573/451 463/558/451
f 486/586/1111 471/571/1111 473/570/1111
f 473/613/453 470/566/453 484/581/453
f 479/580/454 482/576/454 489/583/454
f 482/576/455 478/578/455 486/586/455
f 479/580/456 492/592/456 494/591/456
f 483/575/457 494/1953/457 491/587/457
f 500/602/919 485/585/919 487/584/919
f 487/614/459 484/581/459 498/595/459
f 499/600/460 493/594/460 496/590/460
f 503/598/1744 496/590/1744 492/592/1744
f 493/594/462 380/468/462 382/467/462
f 382/615/463 379/463/463 491/587/463
f 388/480/1745 499/600/1745 501/599/1745
f 501/616/465 498/595/465 386/472/465
f 491/587/466 379/463/466 393/481/466
f 393/481/466 407/497/466 421/513/466
f 421/513/466 435/528/466 449/542/466
f 449/542/466 463/558/466 477/573/466
f 477/573/466 491/587/466 393/481/466
f 393/481/466 421/513/466 449/542/466
f 381/471/919 387/477/919 402/496/919
f 493/594/1746 499/600/1746 388/480/1746
f 414/505/469 400/489/469 386/472/469
f 386/472/469 498/595/469 484/581/469
f 484/581/469 470/566/469 456/550/469
f 456/550/469 442/536/469 428/521/469
f 428/521/469 414/505/469 386/472/469
f 386/472/469 484/581/469 456/550/469
f 395/488/1747 401/494/1747 416/512/1747
f 409/504/919 415/510/919 430/527/919
f 423/520/919 429/525/919 444/525/919
f 437/535/919 443/540/919 458/557/919
f 451/549/919 457/555/919 472/572/919
f 465/565/1748 471/571/1748 486/586/1748
f 479/580/919 485/585/919 500/602/919
f 505/617/1749 508/1956/1749 509/618/1749
f 510/620/1750 509/1957/1750 508/621/1750
f 511/623/1751 509/1958/1751 510/624/1751
f 512/626/1752 515/752/1752 516/627/1752
f 517/629/1753 516/1959/1753 515/476/1753
f 518/631/1754 516/1960/1754 517/632/1754
f 519/634/1755 522/751/1755 523/635/1755
f 524/637/1756 523/1961/1756 522/638/1756
f 525/640/1757 523/1961/1757 524/637/1757
f 526/642/1758 529/754/1758 530/490/1758
f 531/643/1759 530/1962/1759 529/644/1759
f 532/646/1760 530/1962/1760 531/643/1760
f 533/648/1761 536/753/1761 537/649/1761
f 538/651/1762 537/1963/1762 536/652/1762
f 539/654/1763 537/1963/1763 538/651/1763
f 540/656/1764 543/1964/1764 544/657/1764
f 545/659/1765 544/1965/1765 543/509/1765
f 546/661/1766 544/1965/1766 545/659/1766
f 547/663/1767 550/1966/1767 551/664/1767
f 552/666/1768 551/1967/1768 550/667/1768
f 553/669/1769 551/1967/1769 552/666/1769
f 554/671/1770 557/756/1770 558/522/1770
f 559/673/1771 558/1968/1771 557/674/1771
f 560/526/1772 558/1968/1772 559/673/1772
f 561/677/1773 564/755/1773 565/678/1773
f 566/680/1774 565/1969/1774 564/681/1774
f 567/683/1775 565/1969/1775 566/680/1775
f 568/685/1776 571/1970/1776 572/686/1776
f 573/688/1777 572/1971/1777 571/388/1777
f 574/390/1778 572/1971/1778 573/688/1778
f 575/691/1779 578/1972/1779 579/692/1779
f 580/694/1780 579/1973/1780 578/695/1780
f 581/697/1781 579/1973/1781 580/694/1781
f 582/699/1782 585/1974/1782 586/700/1782
f 587/702/1783 586/1975/1783 585/554/1783
f 588/704/1784 586/1975/1784 587/702/1784
f 589/706/1785 592/757/1785 593/707/1785
f 594/709/1786 593/1976/1786 592/710/1786
f 595/712/1787 593/1976/1787 594/709/1787
f 596/714/1788 599/1977/1788 600/567/1788
f 601/716/1789 600/1978/1789 599/717/1789
f 602/719/1790 600/1978/1790 601/716/1790
f 603/721/1791 606/758/1791 607/722/1791
f 608/724/1792 607/1979/1792 606/725/1792
f 609/727/1793 607/1979/1793 608/724/1793
f 610/729/1794 613/759/1794 614/730/1794
f 615/732/1795 614/1980/1795 613/733/1795
f 616/735/1796 614/1980/1796 615/732/1796
f 617/737/1797 620/1981/1797 621/738/1797
f 622/740/1798 621/1982/1798 620/741/1798
f 623/743/1799 621/1982/1799 622/740/1799
f 624/448/1800 627/760/1800 628/745/1800
f 629/747/1801 628/1983/1801 627/452/1801
f 630/749/1802 628/1983/1802 629/747/1802
f 520/639/531 522/638/531 511/623/531
f 522/751/532 519/634/532 505/617/532
f 528/647/919 513/630/919 515/476/919
f 515/752/1803 512/626/1803 526/642/1803
f 514/633/535 517/632/535 510/620/535
f 510/624/536 517/629/536 513/630/536
f 527/645/537 521/641/537 524/637/537
f 531/643/538 524/637/538 520/639/538
f 534/653/539 536/652/539 525/640/539
f 536/753/540 533/648/540 519/634/540
f 542/662/919 527/645/919 529/644/919
f 529/754/542 526/642/542 540/656/542
f 541/660/543 535/655/543 538/651/543
f 538/651/544 534/653/544 542/662/544
f 535/655/1804 548/668/1804 550/667/1804
f 539/650/546 550/1966/546 547/663/546
f 556/676/919 541/660/919 543/509/919
f 560/672/548 543/1964/548 540/656/548
f 555/675/549 549/670/549 552/666/549
f 552/666/550 548/668/550 556/676/550
f 549/670/551 562/682/551 564/681/551
f 564/755/552 561/677/552 547/663/552
f 570/690/919 555/675/919 557/674/919
f 557/756/554 554/671/554 568/685/554
f 563/684/555 566/680/555 573/688/555
f 566/680/556 562/682/556 570/690/556
f 563/684/557 576/696/557 578/695/557
f 567/679/558 578/1972/558 575/691/558
f 584/705/919 569/689/919 571/388/919
f 588/701/1805 571/1970/1805 568/685/1805
f 583/703/561 577/698/561 580/694/561
f 580/694/562 576/696/562 584/705/562
f 577/698/563 590/711/563 592/710/563
f 592/757/564 589/706/564 575/691/564
f 598/720/919 583/703/919 585/554/919
f 602/715/566 585/1974/566 582/699/566
f 597/718/567 591/713/567 594/709/567
f 594/709/568 590/711/568 598/720/568
f 591/713/569 604/726/569 606/725/569
f 606/758/570 603/721/570 589/706/570
f 612/736/919 597/718/919 599/717/919
f 616/731/572 599/1977/572 596/714/572
f 611/734/573 605/728/573 608/724/573
f 608/724/574 604/726/574 612/736/574
f 618/742/1806 620/741/1806 609/727/1806
f 609/723/576 620/1981/576 617/737/576
f 626/750/919 611/734/919 613/733/919
f 613/759/578 610/729/578 624/448/578
f 625/748/579 619/744/579 622/740/579
f 629/747/580 622/740/580 618/742/580
f 619/744/581 506/622/581 508/621/581
f 623/739/582 508/1956/582 505/617/582
f 514/633/919 625/748/919 627/452/919
f 627/760/584 624/448/584 512/626/584
f 617/737/585 505/617/585 519/634/585
f 519/634/585 533/648/585 547/663/585
f 547/663/585 561/677/585 575/691/585
f 575/691/585 589/706/585 603/721/585
f 603/721/585 617/737/585 519/634/585
f 519/634/585 547/663/585 575/691/585
f 507/625/919 513/630/919 528/647/919
f 619/744/919 625/748/919 514/633/919
f 540/656/588 526/642/588 512/626/588
f 512/626/588 624/448/588 610/729/588
f 610/729/588 596/714/588 582/699/588
f 582/699/588 568/685/588 554/671/588
f 554/671/588 540/656/588 512/626/588
f 512/626/588 610/729/588 582/699/588
f 521/641/919 527/645/919 542/662/919
f 535/655/919 541/660/919 556/676/919
f 549/670/919 555/675/919 570/690/919
f 563/684/919 569/689/919 584/705/919
f 577/698/919 583/703/919 598/720/919
f 591/713/919 597/718/919 612/736/919
f 605/728/919 611/734/919 626/750/919
f 631/761/1807 634/895/1807 635/762/1807
f 636/764/1808 635/1984/1808 634/765/1808
f 637/767/1809 635/1985/1809 636/768/1809
f 638/770/1810 641/752/1810 642/771/1810
f 643/773/1811 642/1986/1811 641/324/1811
f 644/326/1812 642/1935/1812 643/775/1812
f 645/777/1813 648/1987/1813 649/778/1813
f 650/780/1814 649/1988/1814 648/781/1814
f 651/783/1815 649/1988/1815 650/780/1815
f 652/489/1816 655/1989/1816 656/490/1816
f 657/785/1817 656/1990/1817 655/493/1817
f 658/787/1818 656/1990/1818 657/785/1818
f 659/789/1819 662/1991/1819 663/790/1819
f 664/792/1820 663/1992/1820 662/793/1820
f 665/795/1821 663/1992/1821 664/792/1821
f 666/797/1822 669/889/1822 670/354/1822
f 671/799/1823 670/1993/1823 669/800/1823
f 672/661/1824 670/1993/1824 671/799/1824
f 673/803/1825 676/888/1825 677/804/1825
f 678/806/1826 677/1994/1826 676/807/1826
f 679/809/1827 677/1994/1827 678/806/1827
f 680/811/1828 683/1995/1828 684/812/1828
f 685/814/1829 684/1996/1829 683/815/1829
f 686/817/1830 684/1996/1830 685/814/1830
f 687/819/1831 690/1997/1831 691/820/1831
f 692/822/1832 691/1998/1832 690/823/1832
f 693/825/1833 691/1998/1833 692/822/1833
f 694/827/1834 697/891/1834 698/537/1834
f 699/829/1835 698/1999/1835 697/388/1835
f 700/831/1836 698/1999/1836 699/829/1836
f 701/832/1837 704/890/1837 705/833/1837
f 706/835/1838 705/2000/1838 704/836/1838
f 707/838/1839 705/2000/1839 706/835/1839
f 708/699/1840 711/1974/1840 712/840/1840
f 713/841/1841 712/2001/1841 711/842/1841
f 714/406/1842 712/2001/1842 713/841/1842
f 715/844/1843 718/2002/1843 719/845/1843
f 720/847/1844 719/2003/1844 718/848/1844
f 721/850/1845 719/2003/1845 720/847/1845
f 722/852/1846 725/893/1846 726/853/1846
f 727/855/1847 726/2004/1847 725/856/1847
f 728/858/1848 726/2004/1848 727/855/1848
f 729/860/1849 732/892/1849 733/861/1849
f 734/863/1850 733/2005/1850 732/864/1850
f 735/866/1851 733/2005/1851 734/863/1851
f 736/868/1852 739/2006/1852 740/869/1852
f 741/870/1853 740/2007/1853 739/584/1853
f 742/872/1854 740/2007/1854 741/870/1854
f 743/873/1855 746/894/1855 747/874/1855
f 748/876/1856 747/2008/1856 746/877/1856
f 749/879/1857 747/2008/1857 748/876/1857
f 750/881/1858 753/2009/1858 754/882/1858
f 755/884/1859 754/2010/1859 753/885/1859
f 756/601/1860 754/2010/1860 755/884/1860
f 633/769/650 646/782/650 648/781/650
f 637/763/651 648/1987/651 645/777/651
f 654/788/919 639/774/919 641/324/919
f 641/752/1861 638/770/1861 652/489/1861
f 640/776/654 643/775/654 636/764/654
f 636/768/655 643/773/655 639/774/655
f 653/786/656 647/784/656 650/780/656
f 650/780/657 646/782/657 654/788/657
f 660/794/658 662/793/658 651/783/658
f 651/779/659 662/1991/659 659/789/659
f 668/802/919 653/786/919 655/493/919
f 672/798/661 655/1989/661 652/489/661
f 661/796/662 664/792/662 671/799/662
f 671/799/663 664/792/663 660/794/663
f 674/808/664 676/807/664 665/795/664
f 676/888/665 673/803/665 659/789/665
f 682/818/919 667/801/919 669/800/919
f 669/889/667 666/797/667 680/811/667
f 675/810/668 678/806/668 685/814/668
f 678/806/669 674/808/669 682/818/669
f 675/810/670 688/824/670 690/823/670
f 679/805/671 690/1997/671 687/819/671
f 696/816/919 681/816/919 683/815/919
f 700/828/673 683/1995/673 680/811/673
f 689/826/674 692/822/674 699/829/674
f 699/829/675 692/822/675 688/824/675
f 689/826/676 702/837/676 704/836/676
f 704/890/677 701/832/677 687/819/677
f 710/830/919 695/830/919 697/388/919
f 697/891/679 694/827/679 708/699/679
f 703/839/680 706/835/680 713/841/680
f 713/841/681 706/835/681 702/837/681
f 716/849/682 718/848/682 707/838/682
f 707/834/683 718/2002/683 715/844/683
f 724/859/1862 709/843/1862 711/842/1862
f 728/854/685 711/1974/685 708/699/685
f 723/857/686 717/851/686 720/847/686
f 720/847/687 716/849/687 724/859/687
f 717/851/688 730/865/688 732/864/688
f 732/892/689 729/860/689 715/844/689
f 738/857/919 723/857/919 725/856/919
f 725/893/691 722/852/691 736/868/691
f 731/867/692 734/863/692 741/870/692
f 734/863/693 730/865/693 738/857/693
f 731/867/694 744/878/694 746/877/694
f 746/894/695 743/873/695 729/860/695
f 737/871/1863 739/584/1863 756/601/1863
f 756/883/697 739/2006/697 736/868/697
f 751/886/698 745/880/698 748/876/698
f 748/876/699 744/878/699 752/887/699
f 745/880/700 632/766/700 634/765/700
f 634/895/701 631/761/701 743/873/701
f 640/776/919 751/886/919 753/885/919
f 644/772/1864 753/2009/1864 750/881/1864
f 743/873/704 631/761/704 645/777/704
f 645/777/704 659/789/704 673/803/704
f 673/803/704 687/819/704 701/832/704
f 701/832/704 715/844/704 729/860/704
f 729/860/704 743/873/704 645/777/704
f 645/777/704 673/803/704 701/832/704
f 633/769/919 639/774/919 654/788/919
f 745/880/919 751/886/919 640/776/919
f 666/797/707 652/489/707 638/770/707
f 638/770/707 750/881/707 736/868/707
f 736/868/707 722/852/707 708/699/707
f 708/699/707 694/827/707 680/811/707
f 680/811/707 666/797/707 638/770/707
f 638/770/707 736/868/707 708/699/707
f 647/784/919 653/786/919 668/802/919
f 661/796/919 667/801/919 682/818/919
f 675/810/919 681/816/919 696/816/919
f 689/826/919 695/830/919 710/830/919
f 709/843/696 724/859/696 716/849/696
f 717/851/919 723/857/919 738/857/919
f 731/867/696 737/871/696 752/887/696
f 757/896/1865 760/1029/1865 761/897/1865
f 762/899/1866 761/2011/1866 760/900/1866
f 763/902/1867 761/2012/1867 762/903/1867
f 764/905/1868 767/2013/1868 768/473/1868
f 769/907/1869 768/2014/1869 767/908/1869
f 770/478/1870 768/1960/1870 769/910/1870
f 771/912/1871 774/2015/1871 775/913/1871
f 776/915/1872 775/2016/1872 774/916/1872
f 777/918/1873 775/2016/1873 776/915/1873
f 778/920/1874 781/1022/1874 782/490/1874
f 783/921/1875 782/2017/1875 781/644/1875
f 784/495/1876 782/2017/1876 783/921/1876
f 785/924/1877 788/2018/1877 789/925/1877
f 790/927/1878 789/2019/1878 788/928/1878
f 791/930/1879 789/2019/1879 790/927/1879
f 792/932/1880 795/889/1880 796/506/1880
f 797/933/1881 796/2020/1881 795/934/1881
f 798/359/1882 796/2020/1882 797/933/1882
f 799/937/1883 802/2021/1883 803/938/1883
f 804/940/1884 803/2022/1884 802/941/1884
f 805/943/1885 803/2022/1885 804/940/1885
f 806/945/1886 809/1024/1886 810/522/1886
f 811/947/1887 810/2023/1887 809/948/1887
f 812/950/1888 810/2023/1888 811/947/1888
f 813/951/1889 816/1023/1889 817/952/1889
f 818/954/1890 817/2024/1890 816/955/1890
f 819/957/1891 817/2024/1891 818/954/1891
f 820/685/1892 823/2025/1892 824/959/1892
f 825/961/1893 824/2026/1893 823/388/1893
f 826/963/1894 824/2026/1894 825/961/1894
f 827/965/1895 830/1025/1895 831/966/1895
f 832/968/1896 831/2027/1896 830/969/1896
f 833/971/1897 831/2027/1897 832/968/1897
f 834/973/1898 837/2028/1898 838/974/1898
f 839/976/1899 838/2029/1899 837/404/1899
f 840/704/1900 838/2029/1900 839/976/1900
f 841/979/1901 844/1026/1901 845/980/1901
f 846/982/1902 845/2030/1902 844/983/1902
f 847/985/1903 845/2030/1903 846/982/1903
f 848/987/1904 851/1028/1904 852/988/1904
f 853/989/1905 852/2031/1905 851/717/1905
f 854/719/1906 852/2031/1906 853/989/1906
f 855/992/1907 858/1027/1907 859/993/1907
f 860/995/1908 859/2032/1908 858/996/1908
f 861/998/1909 859/2032/1909 860/995/1909
f 862/729/1910 865/2033/1910 866/1000/1910
f 867/1002/1911 866/2034/1911 865/1003/1911
f 868/1005/1912 866/2034/1912 867/1002/1912
f 869/1007/1913 872/2035/1913 873/1008/1913
f 874/1010/1914 873/2036/1914 872/1011/1914
f 875/1013/1915 873/2036/1915 874/1010/1915
f 876/1015/1916 879/2037/1916 880/1016/1916
f 881/1018/1917 880/2038/1917 879/452/1917
f 882/1020/1918 880/2038/1918 881/1018/1918
f 759/904/1919 772/917/1919 774/916/1919
f 763/898/770 774/2015/770 771/912/770
f 780/923/919 765/909/919 767/908/919
f 784/491/1920 767/2013/1920 764/905/1920
f 758/901/773 766/911/773 769/910/773
f 769/907/774 765/909/774 759/904/774
f 773/919/775 776/915/775 783/921/775
f 783/921/1921 776/915/1921 772/917/1921
f 786/929/777 788/928/777 777/918/777
f 777/914/778 788/2018/778 785/924/778
f 794/936/1922 779/922/1922 781/644/1922
f 781/1022/780 778/920/780 792/932/780
f 787/931/781 790/927/781 797/933/781
f 797/933/1923 790/927/1923 786/929/1923
f 800/942/783 802/941/783 791/930/783
f 791/926/1924 802/2021/1924 799/937/1924
f 808/935/919 793/935/919 795/934/919
f 795/889/786 792/932/786 806/945/786
f 807/949/787 801/944/787 804/940/787
f 804/940/788 800/942/788 808/935/788
f 814/956/789 816/955/789 805/943/789
f 816/1023/790 813/951/790 799/937/790
f 822/964/919 807/949/919 809/948/919
f 809/1024/792 806/945/792 820/685/792
f 821/962/793 815/958/793 818/954/793
f 818/954/794 814/956/794 822/964/794
f 815/958/795 828/970/795 830/969/795
f 830/1025/796 827/965/796 813/951/796
f 836/978/919 821/962/919 823/388/919
f 840/975/798 823/2025/798 820/685/798
f 829/972/799 832/968/799 839/976/799
f 839/976/800 832/968/800 828/970/800
f 842/984/801 844/983/801 833/971/801
f 844/1026/802 841/979/802 827/965/802
f 850/991/919 835/977/919 837/404/919
f 854/715/1925 837/2028/1925 834/973/1925
f 843/986/805 846/982/805 853/989/805
f 853/989/806 846/982/806 842/984/806
f 856/997/1926 858/996/1926 847/985/1926
f 858/1027/1927 855/992/1927 841/979/1927
f 864/1006/919 849/990/919 851/717/919
f 851/1028/810 848/987/810 862/729/810
f 857/999/811 860/995/811 867/1002/811
f 867/1002/812 860/995/812 856/997/812
f 857/999/813 870/1012/813 872/1011/813
f 861/994/814 872/2035/814 869/1007/814
f 878/1021/919 863/1004/919 865/1003/919
f 882/1017/816 865/2033/816 862/729/816
f 871/1014/1928 874/1010/1928 881/1018/1928
f 874/1010/818 870/1012/818 878/1021/818
f 871/1014/819 758/901/819 760/900/819
f 760/1029/820 757/896/820 869/1007/820
f 766/911/919 877/1019/919 879/452/919
f 770/906/1929 879/2037/1929 876/1015/1929
f 869/1007/823 757/896/823 771/912/823
f 771/912/823 785/924/823 799/937/823
f 799/937/823 813/951/823 827/965/823
f 827/965/823 841/979/823 855/992/823
f 855/992/823 869/1007/823 771/912/823
f 771/912/823 799/937/823 827/965/823
f 759/904/919 765/909/919 780/923/919
f 871/1014/919 877/1019/919 766/911/919
f 792/932/1930 778/920/1930 764/905/1930
f 764/905/1930 876/1015/1930 862/729/1930
f 862/729/826 848/987/826 834/973/826
f 834/973/826 820/685/826 806/945/826
f 806/945/826 792/932/826 764/905/826
f 764/905/826 862/729/826 834/973/826
f 773/919/1931 779/922/1931 794/936/1931
f 787/931/919 793/935/919 808/935/919
f 801/944/919 807/949/919 822/964/919
f 815/958/919 821/962/919 836/978/919
f 829/972/919 835/977/919 850/991/919
f 843/986/919 849/990/919 864/1006/919
f 857/999/919 863/1004/919 878/1021/919
f 883/1030/1932 886/2039/1932 887/1031/1932
f 888/1033/1933 887/2040/1933 886/1034/1933
f 889/1036/1934 887/2041/1934 888/1037/1934
f 890/1039/1935 893/1142/1935 894/1040/1935
f 895/1042/1936 894/2042/1936 893/1043/1936
f 896/1045/1937 894/2043/1937 895/1046/1937
f 897/1048/1938 900/2044/1938 901/1049/1938
f 902/1051/1939 901/2045/1939 900/1052/1939
f 903/1053/1940 901/2045/1940 902/1051/1940
f 904/1055/1941 907/1143/1941 908/1056/1941
f 909/1058/1942 908/2046/1942 907/1059/1942
f 910/1061/1943 908/2046/1943 909/1058/1943
f 911/1063/1944 914/2047/1944 915/1064/1944
f 916/1066/1945 915/2048/1945 914/1067/1945
f 917/1069/1946 915/2048/1946 916/1066/1946
f 918/1071/1947 921/1144/1947 922/1072/1947
f 923/1074/1948 922/2049/1948 921/1075/1948
f 924/1077/1949 922/2049/1949 923/1074/1949
f 925/1079/1950 928/2050/1950 929/1080/1950
f 930/1082/1951 929/2051/1951 928/1083/1951
f 931/1085/1952 929/2051/1952 930/1082/1952
f 932/1087/1953 935/1145/1953 936/1088/1953
f 937/1090/1954 936/2052/1954 935/1091/1954
f 938/1093/1955 936/2052/1955 937/1090/1955
f 939/1095/1956 942/2053/1956 943/1096/1956
f 944/1098/1957 943/2054/1957 942/1099/1957
f 945/1100/1958 943/2054/1958 944/1098/1958
f 946/1102/1959 949/2055/1959 950/1103/1959
f 951/1105/1960 950/2056/1960 949/1106/1960
f 952/1108/1961 950/2056/1961 951/1105/1961
f 953/1110/1962 956/2057/1962 957/1111/1962
f 958/1113/1963 957/2058/1963 956/1114/1963
f 959/1116/1964 957/2058/1964 958/1113/1964
f 960/1118/1965 963/2059/1965 964/1119/1965
f 965/1121/1966 964/2060/1966 963/1122/1966
f 966/1124/1967 964/2060/1967 965/1121/1967
f 967/1126/1968 970/1146/1968 971/1127/1968
f 972/1129/1969 971/2061/1969 970/1130/1969
f 973/1132/1970 971/2061/1970 972/1129/1970
f 974/1134/1971 977/1147/1971 978/1135/1971
f 979/1137/1972 978/2062/1972 977/1138/1972
f 980/1140/1973 978/2062/1973 979/1137/1973
f 885/1038/919 898/1038/919 900/1052/919
f 889/1032/877 900/2044/877 897/1048/877
f 891/1044/878 893/1043/878 910/1061/878
f 893/1142/1974 890/1039/1974 904/1055/1974
f 892/1047/1975 895/1046/1975 888/1033/1975
f 888/1037/1976 895/1042/1976 891/1044/1976
f 905/1060/1977 899/1054/1977 902/1051/1977
f 902/1051/1978 898/1038/1978 906/1062/1978
f 899/1054/919 912/1068/919 914/1067/919
f 903/1050/885 914/2047/885 911/1063/885
f 920/1078/886 905/1060/886 907/1059/886
f 907/1143/887 904/1055/887 918/1071/887
f 919/1076/1979 913/1070/1979 916/1066/1979
f 916/1066/1980 912/1068/1980 920/1078/1980
f 913/1070/919 926/1084/919 928/1083/919
f 917/1065/1981 928/2050/1981 925/1079/1981
f 934/1094/892 919/1076/892 921/1075/892
f 921/1144/893 918/1071/893 932/1087/893
f 933/1092/1982 927/1086/1982 930/1082/1982
f 930/1082/1983 926/1084/1983 934/1094/1983
f 927/1086/919 940/1086/919 942/1099/919
f 931/1081/1984 942/2053/1984 939/1095/1984
f 948/1109/898 933/1092/898 935/1091/898
f 935/1145/899 932/1087/899 946/1102/899
f 947/1107/1985 941/1101/1985 944/1098/1985
f 944/1098/1986 940/1086/1986 948/1109/1986
f 941/1101/919 954/1115/919 956/1114/919
f 945/1097/903 956/2057/903 953/1110/903
f 962/1125/904 947/1107/904 949/1106/904
f 966/1120/1987 949/2055/1987 946/1102/1987
f 961/1123/1988 955/1117/1988 958/1113/1988
f 958/1113/1989 954/1115/1989 962/1125/1989
f 955/1117/919 968/1131/919 970/1130/919
f 970/1146/909 967/1126/909 953/1110/909
f 961/1123/910 963/1122/910 980/1140/910
f 980/1136/911 963/2059/911 960/1118/911
f 975/1139/1990 969/1133/1990 972/1129/1990
f 972/1129/1991 968/1131/1991 976/1141/1991
f 969/1133/919 884/1035/919 886/1034/919
f 973/1128/915 886/2039/915 883/1030/915
f 892/1047/916 975/1139/916 977/1138/916
f 977/1147/917 974/1134/917 890/1039/917
f 967/1126/918 883/1030/918 897/1048/918
f 897/1048/918 911/1063/918 925/1079/918
f 925/1079/918 939/1095/918 953/1110/918
f 953/1110/918 967/1126/918 897/1048/918
f 885/1038/1992 891/1044/1992 906/1062/1992
f 969/1133/1993 975/1139/1993 892/1047/1993
f 918/1071/920 904/1055/920 890/1039/920
f 890/1039/920 974/1134/920 960/1118/920
f 960/1118/920 946/1102/920 932/1087/920
f 932/1087/920 918/1071/920 890/1039/920
f 899/1054/1994 905/1060/1994 920/1078/1994
f 913/1070/1995 919/1076/1995 934/1094/1995
f 927/1086/1996 933/1092/1996 948/1109/1996
f 941/1101/1997 947/1107/1997 962/1125/1997
f 955/1117/1998 961/1123/1998 976/1141/1998
usemtl iron
f 999/1148/921 983/1149/921 982/1150/921
f 1001/1151/922 981/1152/922 983/1149/922
f 1002/1153/923 986/1154/923 985/1155/923
f 986/1154/924 1003/1156/924 984/1157/924
f 1005/1158/925 989/1159/925 988/1160/925
f 989/1159/926 1006/1161/926 987/1162/926
f 991/1163/927 1010/1164/927 992/1165/927
f 992/1166/928 1009/1167/928 990/1168/928
f 1011/1169/929 995/1170/929 994/1171/929
f 995/1170/930 1012/1172/930 993/1173/930
f 1014/1172/931 998/1174/931 997/1175/931
f 1016/1176/932 996/1177/932 998/1174/932
f 999/1148/933 1019/1178/933 1001/1151/933
f 1019/1178/934 1000/1179/934 1001/1151/934
f 1020/1180/935 1004/1181/935 1002/1153/935
f 1004/1181/936 1021/1182/936 1003/1156/936
f 1023/1183/937 1007/1184/937 1005/1158/937
f 1025/1185/938 1006/1161/938 1007/1184/938
f 1026/1186/939 1010/1164/939 1008/1187/939
f 1010/1188/940 1027/1189/940 1009/1167/940
f 1011/1169/941 1031/1190/941 1013/1191/941
f 1031/1190/942 1012/1172/942 1013/1191/942
f 1014/1172/943 1034/1192/943 1016/1176/943
f 1034/1192/944 1015/1193/944 1016/1176/944
f 1017/1194/945 1037/1195/945 1019/1178/945
f 1037/1195/946 1018/1196/946 1019/1178/946
f 1038/1197/947 1022/1198/947 1020/1180/947
f 1022/1198/948 1039/1199/948 1021/1182/948
f 1041/1200/949 1025/1185/949 1023/1183/949
f 1043/1201/950 1024/1202/950 1025/1185/950
f 1044/1203/951 1028/1204/951 1026/1186/951
f 1028/1205/952 1045/1206/952 1027/1189/952
f 1029/1207/953 1049/1208/953 1031/1190/953
f 1031/1190/954 1048/1209/954 1030/1210/954
f 1050/1209/955 1034/1192/955 1032/1211/955
f 1052/1212/956 1033/1213/956 1034/1192/956
f 1035/1214/957 1055/1215/957 1037/1195/957
f 1055/1215/958 1036/1216/958 1037/1195/958
f 1056/1217/959 1040/1218/959 1038/1197/959
f 1040/1218/960 1057/1219/960 1039/1199/960
f 1059/1220/961 1043/1201/961 1041/1200/961
f 1061/1221/962 1042/1222/962 1043/1201/962
f 1044/1203/963 1064/1223/963 1046/1224/963
f 1046/1225/964 1063/1226/964 1045/1206/964
f 1047/1227/965 1067/1228/965 1049/1208/965
f 1067/1228/966 1048/1209/966 1049/1208/966
f 1068/1229/967 1052/1212/967 1050/1209/967
f 1070/1230/968 1051/1231/968 1052/1212/968
f 1071/1232/969 1055/1215/969 1053/1233/969
f 1073/1234/970 1054/1235/970 1055/1215/970
f 1074/1236/971 1058/1237/971 1056/1217/971
f 1076/1238/972 1057/1219/972 1058/1237/972
f 1077/1239/973 1061/1221/973 1059/1220/973
f 1079/1240/974 1060/1241/974 1061/1221/974
f 1080/1242/975 1064/1223/975 1062/1243/975
f 1082/1244/976 1063/1226/976 1064/1245/976
f 1083/1246/977 1067/1228/977 1065/1247/977
f 1085/1248/978 1066/1249/978 1067/1228/978
f 1086/1250/979 1070/1230/979 1068/1229/979
f 1070/1230/980 1087/1251/980 1069/1252/980
f 1089/1253/981 1073/1234/981 1071/1232/981
f 1073/1234/982 1090/1254/982 1072/1255/982
f 1074/1236/983 1094/1256/983 1076/1238/983
f 1076/1238/984 1093/1257/984 1075/1258/984
f 1095/1259/985 1079/1240/985 1077/1239/985
f 1079/1240/986 1096/1260/986 1078/1261/986
f 1098/1262/987 1082/1263/987 1080/1242/987
f 1100/1264/988 1081/1265/988 1082/1244/988
f 1083/1246/989 1103/1266/989 1085/1248/989
f 1103/1266/990 1084/1267/990 1085/1248/990
f 1104/1268/991 1088/1269/991 1086/1250/991
f 1106/1270/992 1087/1251/992 1088/1269/992
f 1089/1253/993 1109/1271/993 1091/1272/993
f 1109/1271/994 1090/1254/994 1091/1272/994
f 1110/1273/995 1094/1256/995 1092/1274/995
f 1094/1256/996 1111/1275/996 1093/1257/996
f 1095/1259/997 1115/1276/997 1097/1277/997
f 1097/1277/998 1114/1278/998 1096/1260/998
f 1116/1279/999 1100/1280/999 1098/1262/999
f 1100/1264/1000 1117/1281/1000 1099/1282/1000
f 1101/1283/1001 1121/1284/1001 1103/1266/1001
f 1121/1284/1002 1102/1285/1002 1103/1266/1002
f 1122/1286/1003 1106/1270/1003 1104/1268/1003
f 1124/1287/1004 1105/1288/1004 1106/1270/1004
f 1125/1289/1005 1109/1290/1005 1107/1291/1005
f 1127/1292/1006 1108/1293/1006 1109/1290/1006
f 1128/1294/1007 1112/1295/1007 1110/1296/1007
f 1112/1295/1008 1129/1297/1008 1111/1298/1008
f 1131/1299/1009 1115/1300/1009 1113/1301/1009
f 1133/1302/1010 1114/1303/1010 1115/1300/1010
f 1134/1304/1011 1118/1305/1011 1116/1306/1011
f 1118/1307/1012 1135/1308/1012 1117/1309/1012
f 1119/1310/1013 1139/1311/1013 1121/1312/1013
f 1139/1311/1014 1120/1313/1014 1121/1312/1014
f 1122/1314/1015 1142/1315/1015 1124/1316/1015
f 1142/1315/1016 1123/1317/1016 1124/1316/1016
f 1125/1289/1017 1145/1318/1017 1127/1292/1017
f 1145/1318/1018 1126/1319/1018 1127/1292/1018
f 1128/1294/1019 1148/1320/1019 1130/1321/1019
f 1148/1320/1020 1129/1297/1020 1130/1321/1020
f 1149/1322/1021 1133/1302/1021 1131/1299/1021
f 1151/1323/1022 1132/1324/1022 1133/1302/1022
f 1152/1325/1023 1136/1326/1023 1134/1304/1023
f 1136/1327/1024 1153/1328/1024 1135/1308/1024
f 1137/1329/1025 1157/1330/1025 1139/1311/1025
f 1157/1330/1026 1138/1331/1026 1139/1311/1026
f 1158/1332/1027 1142/1315/1027 1140/1333/1027
f 1160/1334/1028 1141/1335/1028 1142/1315/1028
f 1161/1336/1029 1145/1318/1029 1143/1337/1029
f 1163/1338/1030 1144/1339/1030 1145/1318/1030
f 1146/1340/1031 1166/1341/1031 1148/1320/1031
f 1166/1341/1032 1147/1342/1032 1148/1320/1032
f 1149/1322/1033 1169/1343/1033 1151/1323/1033
f 1169/1343/1034 1150/1344/1034 1151/1323/1034
f 1170/1345/1035 1154/1346/1035 1152/1325/1035
f 1154/1347/1036 1171/1348/1036 1153/1328/1036
f 1173/1349/1037 1157/1330/1037 1155/1350/1037
f 1157/1330/1038 1174/1351/1038 1156/1352/1038
f 1176/1353/1039 1160/1334/1039 1158/1332/1039
f 1160/1334/1040 1177/1354/1040 1159/1355/1040
f 1161/1336/1041 1181/1356/1041 1163/1338/1041
f 1163/1338/1042 1180/1357/1042 1162/1358/1042
f 1182/1359/1043 1166/1341/1043 1164/1360/1043
f 1184/1361/1044 1165/1362/1044 1166/1341/1044
f 1167/1363/1045 1187/1364/1045 1169/1343/1045
f 1187/1364/1046 1168/1365/1046 1169/1343/1046
f 1188/1366/1047 1172/1367/1047 1170/1345/1047
f 1190/1368/1048 1171/1348/1048 1172/1369/1048
f 1191/1370/1049 1175/1371/1049 1173/1349/1049
f 1175/1371/1050 1192/1372/1050 1174/1351/1050
f 1194/1373/1051 1178/1374/1051 1176/1353/1051
f 1178/1374/1052 1195/1375/1052 1177/1354/1052
f 1197/1376/1053 1181/1356/1053 1179/1377/1053
f 1181/1356/1054 1198/1378/1054 1180/1357/1054
f 1182/1359/1055 1202/1379/1055 1184/1361/1055
f 1184/1361/1056 1201/1380/1056 1183/1381/1056
f 1185/1382/1057 1205/1383/1057 1187/1364/1057
f 1205/1383/1058 1186/1384/1058 1187/1364/1058
f 1206/1385/1059 1190/1386/1059 1188/1366/1059
f 1208/1387/1060 1189/1388/1060 1190/1368/1060
f 1209/1389/1061 1193/1390/1061 1191/1370/1061
f 1193/1390/1062 1210/1391/1062 1192/1372/1062
f 1212/1392/1063 1196/1393/1063 1194/1373/1063
f 1196/1393/1064 1213/1394/1064 1195/1375/1064
f 1215/1395/1065 1199/1396/1065 1197/1376/1065
f 1217/1397/1066 1198/1378/1066 1199/1396/1066
f 1218/1398/1067 1202/1379/1067 1200/1399/1067
f 1202/1379/1068 1219/1400/1068 1201/1380/1068
f 1221/1401/1069 1205/1383/1069 1203/1402/1069
f 1223/1403/1070 1204/1404/1070 1205/1383/1070
f 1224/1405/1071 1208/1406/1071 1206/1385/1071
f 1208/1387/1072 1225/1407/1072 1207/1408/1072
f 1209/1389/1073 1229/1409/1073 1211/1410/1073
f 1229/1409/1074 1210/1391/1074 1211/1410/1074
f 1230/1411/1075 1214/1412/1075 1212/1392/1075
f 1232/1413/1076 1213/1394/1076 1214/1412/1076
f 1233/1414/1077 1217/1397/1077 1215/1395/1077
f 1235/1415/1078 1216/1416/1078 1217/1397/1078
f 1236/1417/1079 1220/1418/1079 1218/1398/1079
f 1238/1419/1080 1219/1400/1080 1220/1418/1080
f 1221/1401/1081 1241/1420/1081 1223/1403/1081
f 1241/1420/1082 1222/1421/1082 1223/1403/1082
f 1242/1422/1083 1226/1423/1083 1224/1405/1083
f 1244/1424/1084 1225/1407/1084 1226/1425/1084
f 1245/1426/1085 1229/1409/1085 1227/1427/1085
f 1247/1428/1086 1228/1429/1086 1229/1409/1086
f 1230/1411/1087 1250/1430/1087 1232/1413/1087
f 1250/1430/1088 1231/1431/1088 1232/1413/1088
f 981/1152/1089 1235/1415/1089 983/1149/1089
f 1235/1415/1090 982/1150/1090 983/1149/1090
f 1237/1432/1091 986/1154/1091 984/1157/1091
f 1238/1419/1092 985/1155/1092 986/1154/1092
f 1240/1433/1093 989/1159/1093 987/1162/1093
f 1241/1420/1094 988/1160/1094 989/1159/1094
f 990/1168/1095 1244/1424/1095 992/1166/1095
f 992/1165/1096 1242/1422/1096 991/1163/1096
f 1246/1434/1097 995/1170/1097 993/1173/1097
f 1247/1428/1098 994/1171/1098 995/1170/1098
f 1249/1435/1099 998/1174/1099 996/1177/1099
f 1250/1430/1100 997/1175/1100 998/1174/1100
f 1234/1436/1101 985/1155/1101 1236/1417/1101
f 1000/1179/1102 985/1155/1102 981/1152/1102
f 1015/1193/1103 982/1150/1103 996/1177/1103
f 996/1177/1104 1233/1414/1104 1249/1435/1104
f 984/1157/919 1005/1158/919 988/1160/919
f 1237/1432/919 988/1160/919 1239/1437/919
f 987/1162/1105 1008/1187/1105 991/1163/1105
f 1240/1433/1106 991/1163/1106 1242/1422/1106
f 1009/1167/1107 994/1171/1107 990/1168/1107
f 1243/1438/1108 994/1171/1108 1245/1426/1108
f 993/1173/919 1014/1172/919 997/1175/919
f 1246/1434/919 997/1175/919 1248/1434/919
f 1015/1193/1109 1017/1194/1109 999/1148/1109
f 1000/1179/1110 1020/1180/1110 1002/1153/1110
f 1003/1156/1111 1023/1183/1111 1005/1158/1111
f 1024/1202/1112 1008/1187/1112 1006/1161/1112
f 1027/1189/1113 1011/1169/1113 1009/1167/1113
f 1012/1172/919 1032/1211/919 1014/1172/919
f 1051/1231/1114 1017/1194/1114 1033/1213/1114
f 1018/1196/1115 1038/1197/1115 1020/1180/1115
f 1021/1182/919 1041/1200/919 1023/1183/919
f 1042/1222/1116 1026/1186/1116 1024/1202/1116
f 1045/1206/1117 1029/1207/1117 1027/1189/1117
f 1030/1210/1118 1050/1209/1118 1032/1211/1118
f 1069/1252/1119 1035/1214/1119 1051/1231/1119
f 1036/1216/1120 1056/1217/1120 1038/1197/1120
f 1039/1199/919 1059/1220/919 1041/1200/919
f 1060/1241/1121 1044/1203/1121 1042/1222/1121
f 1063/1226/1122 1047/1227/1122 1045/1206/1122
f 1048/1209/919 1068/1229/919 1050/1209/919
f 1087/1251/1123 1053/1233/1123 1069/1252/1123
f 1072/1255/1124 1056/1217/1124 1054/1235/1124
f 1075/1258/696 1059/1220/696 1057/1219/696
f 1060/1241/1125 1080/1242/1125 1062/1243/1125
f 1081/1265/1126 1065/1247/1126 1063/1226/1126
f 1066/1249/1118 1086/1250/1118 1068/1229/1118
f 1105/1288/1127 1071/1232/1127 1087/1251/1127
f 1072/1255/1128 1092/1274/1128 1074/1236/1128
f 1075/1258/919 1095/1259/919 1077/1239/919
f 1096/1260/1129 1080/1242/1129 1078/1261/1129
f 1081/1265/1130 1101/1283/1130 1083/1246/1130
f 1084/1267/919 1104/1268/919 1086/1250/919
f 1123/1439/1131 1089/1253/1131 1105/1288/1131
f 1108/1440/1132 1092/1274/1132 1090/1254/1132
f 1093/1257/919 1113/1275/919 1095/1259/919
f 1096/1260/1133 1116/1279/1133 1098/1262/1133
f 1099/1282/1134 1119/1441/1134 1101/1283/1134
f 1102/1285/1118 1122/1286/1118 1104/1268/1118
f 1141/1335/1135 1107/1291/1135 1123/1317/1135
f 1108/1293/1136 1128/1294/1136 1110/1296/1136
f 1111/1298/919 1131/1299/919 1113/1301/919
f 1114/1303/1137 1134/1304/1137 1116/1306/1137
f 1135/1308/1138 1119/1310/1138 1117/1309/1138
f 1120/1313/1139 1140/1333/1139 1122/1314/1139
f 1159/1355/1140 1125/1289/1140 1141/1335/1140
f 1126/1319/1141 1146/1340/1141 1128/1294/1141
f 1129/1297/696 1149/1322/696 1131/1299/696
f 1132/1324/1142 1152/1325/1142 1134/1304/1142
f 1153/1328/1143 1137/1329/1143 1135/1308/1143
f 1138/1331/1144 1158/1332/1144 1140/1333/1144
f 1177/1354/1145 1143/1337/1145 1159/1355/1145
f 1162/1358/1146 1146/1340/1146 1144/1339/1146
f 1147/1342/919 1167/1363/919 1149/1322/919
f 1168/1365/1147 1152/1325/1147 1150/1344/1147
f 1171/1348/1148 1155/1350/1148 1153/1328/1148
f 1156/1352/919 1176/1353/919 1158/1332/919
f 1195/1375/1149 1161/1336/1149 1177/1354/1149
f 1162/1358/1150 1182/1359/1150 1164/1360/1150
f 1165/1362/919 1185/1382/919 1167/1363/919
f 1168/1365/1151 1188/1366/1151 1170/1345/1151
f 1171/1348/1152 1191/1370/1152 1173/1349/1152
f 1192/1372/1153 1176/1353/1153 1174/1351/1153
f 1213/1394/1154 1179/1377/1154 1195/1375/1154
f 1180/1357/1155 1200/1399/1155 1182/1359/1155
f 1183/1381/919 1203/1402/919 1185/1382/919
f 1186/1384/1156 1206/1385/1156 1188/1366/1156
f 1189/1388/1157 1209/1389/1157 1191/1370/1157
f 1192/1372/919 1212/1392/919 1194/1373/919
f 1213/1394/1158 1215/1395/1158 1197/1376/1158
f 1198/1378/1159 1218/1398/1159 1200/1399/1159
f 1201/1380/919 1221/1401/919 1203/1402/919
f 1222/1421/1160 1206/1385/1160 1204/1404/1160
f 1225/1407/1161 1209/1389/1161 1207/1408/1161
f 1210/1391/919 1230/1411/919 1212/1392/919
f 1249/1435/1162 1215/1395/1162 1231/1431/1162
f 1234/1436/1163 1218/1398/1163 1216/1416/1163
f 1219/1400/919 1239/1437/919 1221/1401/919
f 1222/1421/1164 1242/1422/1164 1224/1405/1164
f 1243/1438/1165 1227/1427/1165 1225/1407/1165
f 1228/1429/919 1248/1434/919 1230/1411/919
f 1252/1442/1166 1268/1443/1166 1253/1444/1166
f 1253/1444/1167 1267/1445/1167 1251/1446/1167
f 1269/1447/1168 1256/1448/1168 1255/1449/1168
f 1256/1448/1169 1270/1450/1169 1254/1451/1169
f 1258/1451/1170 1274/1452/1170 1259/1453/1170
f 1274/1454/1171 1257/1455/1171 1259/1456/1171
f 1275/1457/1172 1262/1458/1172 1261/1459/1172
f 1262/1458/1173 1276/1460/1173 1260/1461/1173
f 1278/1462/1174 1265/1463/1174 1264/1461/1174
f 1280/1464/1175 1263/1465/1175 1265/1463/1175
f 1281/1466/1176 1268/1443/1176 1266/1467/1176
f 1268/1443/1177 1282/1468/1177 1267/1445/1177
f 1284/1469/1178 1271/1470/1178 1269/1447/1178
f 1271/1470/1179 1285/1471/1179 1270/1450/1179
f 1272/1472/1180 1289/1473/1180 1274/1452/1180
f 1289/1474/1181 1273/1475/1181 1274/1454/1181
f 1290/1476/1182 1277/1477/1182 1275/1457/1182
f 1292/1478/1183 1276/1460/1183 1277/1477/1183
f 1293/1479/1184 1280/1464/1184 1278/1462/1184
f 1280/1464/1185 1294/1480/1185 1279/1481/1185
f 1281/1466/1186 1298/1482/1186 1283/1483/1186
f 1283/1483/1187 1297/1484/1187 1282/1468/1187
f 1299/1485/1188 1286/1486/1188 1284/1469/1188
f 1286/1486/1189 1300/1487/1189 1285/1471/1189
f 1302/1487/1190 1289/1473/1190 1287/1488/1190
f 1304/1489/1191 1288/1490/1191 1289/1474/1191
f 1290/1476/1192 1307/1491/1192 1292/1478/1192
f 1307/1491/1193 1291/1492/1193 1292/1478/1193
f 1308/1493/1194 1295/1494/1194 1293/1479/1194
f 1295/1494/1195 1309/1495/1195 1294/1480/1195
f 1311/1496/1196 1298/1482/1196 1296/1497/1196
f 1298/1482/1197 1312/1498/1197 1297/1484/1197
f 1299/1485/1198 1316/1499/1198 1301/1500/1198
f 1301/1500/1199 1315/1501/1199 1300/1487/1199
f 1317/1502/1200 1304/1503/1200 1302/1487/1200
f 1319/1504/1201 1303/1505/1201 1304/1489/1201
f 1320/1506/1202 1307/1491/1202 1305/1507/1202
f 1307/1491/1203 1321/1508/1203 1306/1509/1203
f 1308/1493/1204 1325/1510/1204 1310/1511/1204
f 1310/1511/1205 1324/1512/1205 1309/1495/1205
f 1311/1496/1206 1328/1513/1206 1313/1514/1206
f 1328/1513/1207 1312/1498/1207 1313/1514/1207
f 1329/1515/1208 1316/1499/1208 1314/1516/1208
f 1316/1499/1209 1330/1517/1209 1315/1501/1209
f 1332/1518/1210 1319/1519/1210 1317/1502/1210
f 1334/1520/1211 1318/1521/1211 1319/1504/1211
f 1335/1522/1212 1322/1523/1212 1320/1506/1212
f 1337/1524/1213 1321/1508/1213 1322/1523/1213
f 1338/1525/1214 1325/1510/1214 1323/1526/1214
f 1325/1510/1215 1339/1527/1215 1324/1512/1215
f 1341/1528/1216 1328/1513/1216 1326/1529/1216
f 1343/1530/1217 1327/1531/1217 1328/1513/1217
f 1329/1515/1218 1346/1532/1218 1331/1533/1218
f 1331/1533/1219 1345/1534/1219 1330/1517/1219
f 1332/1518/1220 1349/1535/1220 1334/1536/1220
f 1349/1537/1221 1333/1538/1221 1334/1520/1221
f 1335/1522/1222 1352/1539/1222 1337/1524/1222
f 1352/1539/1223 1336/1540/1223 1337/1524/1223
f 1338/1525/1224 1355/1541/1224 1340/1542/1224
f 1355/1541/1225 1339/1527/1225 1340/1542/1225
f 1356/1543/1226 1343/1544/1226 1341/1545/1226
f 1343/1544/1227 1357/1546/1227 1342/1547/1227
f 1344/1548/1228 1361/1549/1228 1346/1550/1228
f 1361/1549/1229 1345/1551/1229 1346/1550/1229
f 1347/1552/1230 1364/1553/1230 1349/1554/1230
f 1364/1555/1231 1348/1556/1231 1349/1557/1231
f 1365/1558/1232 1352/1559/1232 1350/1560/1232
f 1367/1561/1233 1351/1562/1233 1352/1559/1233
f 1368/1563/1234 1355/1564/1234 1353/1565/1234
f 1370/1566/1235 1354/1567/1235 1355/1564/1235
f 1371/1568/1236 1358/1569/1236 1356/1543/1236
f 1373/1570/1237 1357/1546/1237 1358/1569/1237
f 1359/1571/1238 1376/1572/1238 1361/1549/1238
f 1376/1572/1239 1360/1573/1239 1361/1549/1239
f 1377/1574/1240 1364/1553/1240 1362/1575/1240
f 1364/1555/1241 1378/1576/1241 1363/1577/1241
f 1365/1558/1242 1382/1578/1242 1367/1561/1242
f 1382/1578/1243 1366/1579/1243 1367/1561/1243
f 1383/1580/1244 1370/1566/1244 1368/1563/1244
f 1370/1566/1245 1384/1581/1245 1369/1582/1245
f 1371/1568/1246 1388/1583/1246 1373/1570/1246
f 1388/1583/1247 1372/1584/1247 1373/1570/1247
f 1389/1585/1248 1376/1572/1248 1374/1586/1248
f 1376/1572/1249 1390/1587/1249 1375/1588/1249
f 1392/1589/1250 1379/1590/1250 1377/1574/1250
f 1379/1591/1251 1393/1592/1251 1378/1576/1251
f 1395/1593/1252 1382/1578/1252 1380/1594/1252
f 1397/1595/1253 1381/1596/1253 1382/1578/1253
f 1398/1597/1254 1385/1598/1254 1383/1580/1254
f 1400/1599/1255 1384/1581/1255 1385/1598/1255
f 1386/1600/1256 1403/1601/1256 1388/1583/1256
f 1403/1601/1257 1387/1602/1257 1388/1583/1257
f 1389/1585/1258 1406/1603/1258 1391/1604/1258
f 1406/1603/1259 1390/1587/1259 1391/1604/1259
f 1407/1605/1260 1394/1606/1260 1392/1589/1260
f 1409/1607/1261 1393/1592/1261 1394/1608/1261
f 1395/1593/1262 1412/1609/1262 1397/1595/1262
f 1397/1595/1263 1411/1610/1263 1396/1611/1263
f 1413/1612/1264 1400/1599/1264 1398/1597/1264
f 1400/1599/1265 1414/1613/1265 1399/1614/1265
f 1401/1615/1266 1418/1616/1266 1403/1601/1266
f 1418/1616/1267 1402/1617/1267 1403/1601/1267
f 1404/1618/1268 1421/1619/1268 1406/1603/1268
f 1421/1619/1269 1405/1605/1269 1406/1603/1269
f 1407/1605/1270 1424/1620/1270 1409/1621/1270
f 1424/1622/1271 1408/1623/1271 1409/1607/1271
f 1410/1624/1272 1427/1625/1272 1412/1609/1272
f 1427/1625/1273 1411/1610/1273 1412/1609/1273
f 1428/1626/1274 1415/1627/1274 1413/1612/1274
f 1415/1627/1275 1429/1628/1275 1414/1613/1275
f 1416/1629/1276 1433/1630/1276 1418/1616/1276
f 1433/1630/1277 1417/1631/1277 1418/1616/1277
f 1419/1632/1278 1436/1633/1278 1421/1619/1278
f 1436/1633/1279 1420/1634/1279 1421/1619/1279
f 1437/1635/1280 1424/1620/1280 1422/1636/1280
f 1439/1637/1281 1423/1638/1281 1424/1622/1281
f 1425/1639/1282 1442/1640/1282 1427/1625/1282
f 1442/1640/1283 1426/1641/1283 1427/1625/1283
f 1428/1626/1284 1445/1642/1284 1430/1643/1284
f 1445/1642/1285 1429/1628/1285 1430/1643/1285
f 1251/1446/1286 1433/1630/1286 1253/1444/1286
f 1433/1630/1287 1252/1442/1287 1253/1444/1287
f 1254/1451/1288 1436/1633/1288 1256/1448/1288
f 1256/1448/1289 1434/1644/1289 1255/1449/1289
f 1257/1455/1290 1439/1637/1290 1259/1456/1290
f 1439/1645/1291 1258/1451/1291 1259/1453/1291
f 1441/1646/1292 1262/1458/1292 1260/1461/1292
f 1442/1640/1293 1261/1459/1293 1262/1458/1293
f 1444/1647/1294 1265/1463/1294 1263/1465/1294
f 1445/1642/1295 1264/1461/1295 1265/1463/1295
f 1251/1446/1296 1434/1644/1296 1432/1648/1296
f 1251/1446/1297 1269/1447/1297 1255/1449/1297
f 1279/1481/1298 1252/1442/1298 1263/1465/1298
f 1263/1465/1299 1431/1649/1299 1444/1647/1299
f 1254/1451/919 1272/1472/919 1258/1451/919
f 1435/1650/919 1258/1451/919 1437/1635/919
f 1257/1455/1300 1275/1457/1300 1261/1459/1300
f 1438/1651/1301 1261/1459/1301 1440/1652/1301
f 1260/1461/919 1278/1462/919 1264/1461/919
f 1441/1646/919 1264/1461/919 1443/1653/919
f 1279/1481/1302 1281/1466/1302 1266/1467/1302
f 1267/1445/1303 1284/1469/1303 1269/1447/1303
f 1270/1450/919 1287/1488/919 1272/1472/919
f 1273/1475/1304 1290/1476/1304 1275/1457/1304
f 1276/1460/1305 1293/1479/1305 1278/1462/1305
f 1309/1495/1306 1281/1466/1306 1294/1480/1306
f 1297/1484/1307 1284/1469/1307 1282/1468/1307
f 1285/1471/919 1302/1487/919 1287/1488/919
f 1288/1490/1308 1305/1507/1308 1290/1476/1308
f 1291/1492/1309 1308/1493/1309 1293/1479/1309
f 1324/1512/1310 1296/1497/1310 1309/1495/1310
f 1312/1498/1311 1299/1485/1311 1297/1484/1311
f 1300/1487/919 1317/1502/919 1302/1487/919
f 1303/1505/1312 1320/1506/1312 1305/1507/1312
f 1306/1509/919 1323/1526/919 1308/1493/919
f 1339/1527/1313 1311/1496/1313 1324/1512/1313
f 1312/1498/1314 1329/1515/1314 1314/1516/1314
f 1315/1501/919 1332/1518/919 1317/1502/919
f 1333/1538/1315 1320/1506/1315 1318/1521/1315
f 1321/1508/919 1338/1525/919 1323/1526/919
f 1354/1654/1316 1326/1529/1316 1339/1527/1316
f 1342/1655/1317 1329/1515/1317 1327/1531/1317
f 1330/1517/919 1347/1656/919 1332/1518/919
f 1348/1657/1318 1335/1522/1318 1333/1538/1318
f 1336/1540/919 1353/1658/919 1338/1525/919
f 1354/1567/1319 1356/1543/1319 1341/1545/1319
f 1357/1546/1320 1344/1548/1320 1342/1547/1320
f 1345/1551/1321 1362/1575/1321 1347/1552/1321
f 1363/1577/1322 1350/1560/1322 1348/1556/1322
f 1351/1562/919 1368/1563/919 1353/1565/919
f 1384/1581/1323 1356/1543/1323 1369/1582/1323
f 1372/1584/1324 1359/1571/1324 1357/1546/1324
f 1360/1573/919 1377/1574/919 1362/1575/919
f 1363/1577/1325 1380/1594/1325 1365/1558/1325
f 1366/1579/919 1383/1580/919 1368/1563/919
f 1384/1581/1326 1386/1600/1326 1371/1568/1326
f 1387/1602/1327 1374/1586/1327 1372/1584/1327
f 1375/1588/919 1392/1589/919 1377/1574/919
f 1378/1576/1328 1395/1593/1328 1380/1594/1328
f 1381/1596/919 1398/1597/919 1383/1580/919
f 1399/1614/1329 1401/1615/1329 1386/1600/1329
f 1402/1617/1330 1389/1585/1330 1387/1602/1330
f 1390/1587/919 1407/1605/919 1392/1589/919
f 1393/1592/1331 1410/1624/1331 1395/1593/1331
f 1396/1611/919 1413/1612/919 1398/1597/919
f 1429/1628/1332 1401/1615/1332 1414/1613/1332
f 1417/1631/1333 1404/1618/1333 1402/1617/1333
f 1405/1605/919 1422/1636/919 1407/1605/919
f 1423/1638/1334 1410/1624/1334 1408/1623/1334
f 1411/1610/1335 1428/1626/1335 1413/1612/1335
f 1429/1628/1336 1431/1649/1336 1416/1629/1336
f 1432/1648/1337 1419/1632/1337 1417/1631/1337
f 1420/1634/919 1437/1635/919 1422/1636/919
f 1423/1638/1338 1440/1652/1338 1425/1639/1338
f 1426/1641/1118 1443/1653/1118 1428/1626/1118
f 1461/1467/1339 1448/1659/1339 1447/1660/1339
f 1448/1659/1340 1462/1661/1340 1446/1662/1340
f 1464/1663/1341 1451/1664/1341 1450/1665/1341
f 1451/1664/1342 1465/1666/1342 1449/1667/1342
f 1467/1668/1343 1454/1669/1343 1453/1670/1343
f 1454/1671/1344 1468/1672/1344 1452/1673/1344
f 1456/1674/1345 1472/1675/1345 1457/1676/1345
f 1472/1675/1346 1455/1677/1346 1457/1676/1346
f 1459/1678/1347 1475/1679/1347 1460/1680/1347
f 1475/1679/1348 1458/1681/1348 1460/1680/1348
f 1476/1682/1349 1463/1443/1349 1461/1467/1349
f 1463/1443/1350 1477/1683/1350 1462/1661/1350
f 1479/1684/1351 1466/1685/1351 1464/1663/1351
f 1466/1685/1352 1480/1686/1352 1465/1666/1352
f 1482/1687/1353 1469/1688/1353 1467/1668/1353
f 1469/1689/1354 1483/1690/1354 1468/1672/1354
f 1470/1691/1355 1487/1692/1355 1472/1675/1355
f 1487/1692/1356 1471/1693/1356 1472/1675/1356
f 1488/1694/1357 1475/1679/1357 1473/1462/1357
f 1475/1679/1358 1489/1695/1358 1474/1481/1358
f 1491/1696/1359 1478/1483/1359 1476/1682/1359
f 1478/1483/1360 1492/1697/1360 1477/1683/1360
f 1494/1698/1361 1481/1699/1361 1479/1684/1361
f 1496/1700/1362 1480/1686/1362 1481/1699/1362
f 1482/1687/1363 1499/1701/1363 1484/1702/1363
f 1484/1703/1364 1498/1704/1364 1483/1690/1364
f 1500/1705/1365 1487/1692/1365 1485/1706/1365
f 1487/1692/1366 1501/1707/1366 1486/1708/1366
f 1503/1707/1367 1490/1709/1367 1488/1694/1367
f 1505/1710/1368 1489/1695/1368 1490/1709/1368
f 1506/1711/1369 1493/1712/1369 1491/1696/1369
f 1493/1712/1370 1507/1713/1370 1492/1697/1370
f 1509/1714/1371 1496/1700/1371 1494/1698/1371
f 1511/1499/1372 1495/1715/1372 1496/1700/1372
f 1497/1715/1373 1514/1519/1373 1499/1701/1373
f 1514/1504/1374 1498/1704/1374 1499/1716/1374
f 1515/1717/1375 1502/1718/1375 1500/1705/1375
f 1502/1718/1376 1516/1719/1376 1501/1707/1376
f 1518/1720/1377 1505/1710/1377 1503/1707/1377
f 1520/1721/1378 1504/1722/1378 1505/1710/1378
f 1506/1711/1379 1523/1723/1379 1508/1724/1379
f 1523/1723/1380 1507/1713/1380 1508/1724/1380
f 1524/1725/1381 1511/1499/1381 1509/1714/1381
f 1511/1499/1382 1525/1726/1382 1510/1727/1382
f 1527/1517/1383 1514/1519/1383 1512/1502/1383
f 1514/1504/1384 1528/1728/1384 1513/1729/1384
f 1515/1717/1385 1532/1730/1385 1517/1731/1385
f 1532/1730/1386 1516/1719/1386 1517/1731/1386
f 1533/1525/1387 1520/1721/1387 1518/1720/1387
f 1535/1732/1388 1519/1733/1388 1520/1721/1388
f 1521/1529/1389 1538/1734/1389 1523/1723/1389
f 1538/1734/1390 1522/1735/1390 1523/1723/1390
f 1539/1736/1391 1526/1737/1391 1524/1725/1391
f 1526/1737/1392 1540/1738/1392 1525/1726/1392
f 1527/1517/1393 1544/1535/1393 1529/1739/1393
f 1544/1537/1394 1528/1728/1394 1529/1740/1394
f 1545/1741/1395 1532/1730/1395 1530/1742/1395
f 1547/1743/1396 1531/1744/1396 1532/1730/1396
f 1533/1525/1397 1550/1745/1397 1535/1732/1397
f 1550/1745/1398 1534/1746/1398 1535/1732/1398
f 1551/1747/1399 1538/1748/1399 1536/1545/1399
f 1553/1749/1400 1537/1547/1400 1538/1748/1400
f 1554/1750/1401 1541/1751/1401 1539/1752/1401
f 1541/1751/1402 1555/1753/1402 1540/1754/1402
f 1557/1755/1403 1544/1554/1403 1542/1552/1403
f 1559/1756/1404 1543/1757/1404 1544/1557/1404
f 1560/1758/1405 1547/1559/1405 1545/1560/1405
f 1547/1559/1406 1561/1759/1406 1546/1760/1406
f 1548/1761/1407 1565/1762/1407 1550/1763/1407
f 1565/1762/1408 1549/1764/1408 1550/1763/1408
f 1566/1765/1409 1553/1749/1409 1551/1747/1409
f 1568/1766/1410 1552/1767/1410 1553/1749/1410
f 1569/1768/1411 1556/1769/1411 1554/1750/1411
f 1556/1769/1412 1570/1770/1412 1555/1753/1412
f 1572/1771/1413 1559/1772/1413 1557/1755/1413
f 1574/1773/1414 1558/1774/1414 1559/1756/1414
f 1575/1775/1415 1562/1776/1415 1560/1758/1415
f 1562/1776/1416 1576/1777/1416 1561/1759/1416
f 1578/1778/1417 1565/1762/1417 1563/1779/1417
f 1580/1780/1418 1564/1781/1418 1565/1762/1418
f 1581/1782/1419 1568/1766/1419 1566/1765/1419
f 1568/1766/1420 1582/1783/1420 1567/1784/1420
f 1584/1785/1421 1571/1786/1421 1569/1768/1421
f 1571/1786/1422 1585/1787/1422 1570/1770/1422
f 1587/1788/1423 1574/1789/1423 1572/1771/1423
f 1589/1790/1424 1573/1791/1424 1574/1773/1424
f 1590/1792/1425 1577/1793/1425 1575/1775/1425
f 1577/1793/1426 1591/1794/1426 1576/1777/1426
f 1578/1778/1427 1595/1795/1427 1580/1780/1427
f 1595/1795/1428 1579/1796/1428 1580/1780/1428
f 1581/1782/1429 1598/1797/1429 1583/1583/1429
f 1598/1797/1430 1582/1783/1430 1583/1583/1430
f 1584/1785/1431 1601/1798/1431 1586/1799/1431
f 1586/1799/1432 1600/1605/1432 1585/1787/1432
f 1602/1800/1433 1589/1606/1433 1587/1788/1433
f 1589/1790/1434 1603/1801/1434 1588/1802/1434
f 1590/1792/1435 1607/1803/1435 1592/1804/1435
f 1607/1803/1436 1591/1794/1436 1592/1804/1436
f 1593/1805/1437 1610/1806/1437 1595/1795/1437
f 1610/1806/1438 1594/1807/1438 1595/1795/1438
f 1596/1808/1439 1613/1809/1439 1598/1797/1439
f 1613/1809/1440 1597/1617/1440 1598/1797/1440
f 1614/1810/1441 1601/1798/1441 1599/1811/1441
f 1601/1798/1442 1615/1812/1442 1600/1605/1442
f 1617/1812/1443 1604/1813/1443 1602/1800/1443
f 1604/1607/1444 1618/1814/1444 1603/1801/1444
f 1605/1815/1445 1622/1816/1445 1607/1803/1445
f 1607/1803/1446 1621/1817/1446 1606/1818/1446
f 1608/1612/1447 1625/1819/1447 1610/1806/1447
f 1625/1819/1448 1609/1820/1448 1610/1806/1448
f 1626/1821/1449 1613/1809/1449 1611/1822/1449
f 1613/1809/1450 1627/1823/1450 1612/1824/1450
f 1629/1825/1451 1616/1619/1451 1614/1810/1451
f 1616/1619/1452 1630/1826/1452 1615/1812/1452
f 1632/1650/1453 1619/1827/1453 1617/1812/1453
f 1619/1828/1454 1633/1829/1454 1618/1814/1454
f 1620/1830/1455 1637/1831/1455 1622/1816/1455
f 1622/1816/1456 1636/1832/1456 1621/1817/1456
f 1638/1833/1457 1625/1819/1457 1623/1834/1457
f 1640/1835/1458 1624/1836/1458 1625/1819/1458
f 1446/1662/1459 1628/1837/1459 1448/1659/1459
f 1628/1837/1460 1447/1660/1460 1448/1659/1460
f 1449/1667/1461 1631/1838/1461 1451/1664/1461
f 1631/1838/1462 1450/1665/1462 1451/1664/1462
f 1633/1829/1463 1454/1671/1463 1452/1673/1463
f 1634/1839/1464 1453/1670/1464 1454/1669/1464
f 1636/1832/1465 1457/1676/1465 1455/1677/1465
f 1637/1831/1466 1456/1674/1466 1457/1676/1466
f 1639/1840/1467 1460/1680/1467 1458/1681/1467
f 1460/1680/1468 1638/1833/1468 1459/1678/1468
f 1627/1823/1469 1450/1665/1469 1629/1825/1469
f 1446/1662/1470 1464/1663/1470 1450/1665/1470
f 1474/1481/1471 1447/1660/1471 1458/1681/1471
f 1639/1840/1472 1447/1660/1472 1626/1821/1472
f 1449/1667/919 1467/1668/919 1453/1670/919
f 1630/1826/919 1453/1670/919 1632/1650/919
f 1468/1672/1473 1456/1674/1473 1452/1673/1473
f 1633/1829/1474 1456/1674/1474 1635/1841/1474
f 1455/1677/919 1473/1462/919 1459/1678/919
f 1636/1832/919 1459/1678/919 1638/1833/919
f 1474/1481/1475 1476/1682/1475 1461/1467/1475
f 1477/1683/1476 1464/1663/1476 1462/1661/1476
f 1465/1666/919 1482/1687/919 1467/1668/919
f 1483/1690/1477 1470/1691/1477 1468/1672/1477
f 1471/1693/1478 1488/1694/1478 1473/1462/1478
f 1489/1695/1479 1491/1696/1479 1476/1682/1479
f 1492/1697/1480 1479/1684/1480 1477/1683/1480
f 1480/1686/919 1497/1715/919 1482/1687/919
f 1498/1704/1481 1485/1706/1481 1483/1690/1481
f 1486/1708/919 1503/1707/919 1488/1694/919
f 1504/1722/1482 1506/1711/1482 1491/1696/1482
f 1507/1713/1483 1494/1698/1483 1492/1697/1483
f 1495/1715/919 1512/1502/919 1497/1715/919
f 1498/1704/1484 1515/1717/1484 1500/1705/1484
f 1501/1707/919 1518/1720/919 1503/1707/919
f 1519/1733/1485 1521/1529/1485 1506/1711/1485
f 1507/1713/1486 1524/1725/1486 1509/1714/1486
f 1510/1727/919 1527/1517/919 1512/1502/919
f 1513/1729/1487 1530/1742/1487 1515/1717/1487
f 1516/1719/919 1533/1525/919 1518/1720/919
f 1534/1746/1488 1536/1842/1488 1521/1529/1488
f 1522/1735/1489 1539/1736/1489 1524/1725/1489
f 1525/1726/919 1542/1534/919 1527/1517/919
f 1528/1728/1490 1545/1741/1490 1530/1742/1490
f 1531/1744/919 1548/1843/919 1533/1525/919
f 1549/1764/1491 1551/1747/1491 1536/1545/1491
f 1537/1547/1492 1554/1750/1492 1539/1752/1492
f 1540/1754/919 1557/1755/919 1542/1552/919
f 1543/1757/1493 1560/1758/1493 1545/1560/1493
f 1546/1760/919 1563/1779/919 1548/1761/919
f 1564/1781/1494 1566/1765/1494 1551/1747/1494
f 1567/1784/1495 1554/1750/1495 1552/1767/1495
f 1555/1753/919 1572/1771/919 1557/1755/919
f 1573/1791/1496 1560/1758/1496 1558/1774/1496
f 1561/1759/1497 1578/1778/1497 1563/1779/1497
f 1594/1807/1498 1566/1765/1498 1579/1796/1498
f 1582/1783/1499 1569/1768/1499 1567/1784/1499
f 1570/1770/919 1587/1788/919 1572/1771/919
f 1573/1791/1500 1590/1792/1500 1575/1775/1500
f 1576/1777/919 1593/1805/919 1578/1778/919
f 1609/1820/1501 1581/1782/1501 1594/1807/1501
f 1597/1617/1502 1584/1785/1502 1582/1783/1502
f 1585/1787/919 1602/1800/919 1587/1788/919
f 1588/1802/1503 1605/1815/1503 1590/1792/1503
f 1591/1794/1504 1608/1612/1504 1593/1805/1504
f 1609/1820/1505 1611/1822/1505 1596/1808/1505
f 1612/1824/1506 1599/1811/1506 1597/1617/1506
f 1600/1605/1507 1617/1812/1507 1602/1800/1507
f 1603/1801/1508 1620/1830/1508 1605/1815/1508
f 1606/1818/919 1623/1834/919 1608/1612/919
f 1624/1836/1509 1626/1821/1509 1611/1822/1509
f 1612/1824/1510 1629/1825/1510 1614/1810/1510
f 1615/1812/919 1632/1650/919 1617/1812/919
f 1618/1814/1511 1635/1841/1511 1620/1830/1511
f 1621/1817/919 1638/1833/919 1623/1834/919
f 999/1148/921 1001/1151/921 983/1149/921
f 1001/1151/922 1000/1179/922 981/1152/922
f 1002/1153/923 1004/1181/923 986/1154/923
f 986/1154/924 1004/1181/924 1003/1156/924
f 1005/1158/925 1007/1184/925 989/1159/925
f 989/1159/926 1007/1184/926 1006/1161/926
f 991/1163/927 1008/1187/927 1010/1164/927
f 992/1166/928 1010/1188/928 1009/1167/928
f 1011/1169/929 1013/1191/929 995/1170/929
f 995/1170/930 1013/1191/930 1012/1172/930
f 1014/1172/931 1016/1176/931 998/1174/931
f 1016/1176/932 1015/1193/932 996/1177/932
f 999/1148/933 1017/1194/933 1019/1178/933
f 1019/1178/934 1018/1196/934 1000/1179/934
f 1020/1180/935 1022/1198/935 1004/1181/935
f 1004/1181/936 1022/1198/936 1021/1182/936
f 1023/1183/1999 1025/1185/1999 1007/1184/1999
f 1025/1185/938 1024/1202/938 1006/1161/938
f 1026/1186/939 1028/1204/939 1010/1164/939
f 1010/1188/940 1028/1205/940 1027/1189/940
f 1011/1169/941 1029/1207/941 1031/1190/941
f 1031/1190/942 1030/1210/942 1012/1172/942
f 1014/1172/943 1032/1211/943 1034/1192/943
f 1034/1192/944 1033/1213/944 1015/1193/944
f 1017/1194/945 1035/1214/945 1037/1195/945
f 1037/1195/2000 1036/1216/2000 1018/1196/2000
f 1038/1197/947 1040/1218/947 1022/1198/947
f 1022/1198/948 1040/1218/948 1039/1199/948
f 1041/1200/949 1043/1201/949 1025/1185/949
f 1043/1201/950 1042/1222/950 1024/1202/950
f 1044/1203/951 1046/1224/951 1028/1204/951
f 1028/1205/952 1046/1225/952 1045/1206/952
f 1029/1207/953 1047/1227/953 1049/1208/953
f 1031/1190/954 1049/1208/954 1048/1209/954
f 1050/1209/955 1052/1212/955 1034/1192/955
f 1052/1212/956 1051/1231/956 1033/1213/956
f 1035/1214/957 1053/1233/957 1055/1215/957
f 1055/1215/958 1054/1235/958 1036/1216/958
f 1056/1217/959 1058/1237/959 1040/1218/959
f 1040/1218/960 1058/1237/960 1057/1219/960
f 1059/1220/961 1061/1221/961 1043/1201/961
f 1061/1221/962 1060/1241/962 1042/1222/962
f 1044/1203/963 1062/1243/963 1064/1223/963
f 1046/1225/964 1064/1245/964 1063/1226/964
f 1047/1227/965 1065/1247/965 1067/1228/965
f 1067/1228/966 1066/1249/966 1048/1209/966
f 1068/1229/967 1070/1230/967 1052/1212/967
f 1070/1230/968 1069/1252/968 1051/1231/968
f 1071/1232/969 1073/1234/969 1055/1215/969
f 1073/1234/970 1072/1255/970 1054/1235/970
f 1074/1236/971 1076/1238/971 1058/1237/971
f 1076/1238/972 1075/1258/972 1057/1219/972
f 1077/1239/973 1079/1240/973 1061/1221/973
f 1079/1240/974 1078/1261/974 1060/1241/974
f 1080/1242/975 1082/1263/975 1064/1223/975
f 1082/1244/976 1081/1265/976 1063/1226/976
f 1083/1246/977 1085/1248/977 1067/1228/977
f 1085/1248/978 1084/1267/978 1066/1249/978
f 1086/1250/979 1088/1269/979 1070/1230/979
f 1070/1230/980 1088/1269/980 1087/1251/980
f 1089/1253/981 1091/1272/981 1073/1234/981
f 1073/1234/982 1091/1272/982 1090/1254/982
f 1074/1236/983 1092/1274/983 1094/1256/983
f 1076/1238/2001 1094/1256/2001 1093/1257/2001
f 1095/1259/985 1097/1277/985 1079/1240/985
f 1079/1240/986 1097/1277/986 1096/1260/986
f 1098/1262/987 1100/1280/987 1082/1263/987
f 1100/1264/988 1099/1282/988 1081/1265/988
f 1083/1246/989 1101/1283/989 1103/1266/989
f 1103/1266/2002 1102/1285/2002 1084/1267/2002
f 1104/1268/991 1106/1270/991 1088/1269/991
f 1106/1270/2003 1105/1288/2003 1087/1251/2003
f 1089/1253/993 1107/2063/993 1109/1271/993
f 1109/1271/994 1108/1440/994 1090/1254/994
f 1110/1273/995 1112/2064/995 1094/1256/995
f 1094/1256/996 1112/2064/996 1111/1275/996
f 1095/1259/997 1113/1275/997 1115/1276/997
f 1097/1277/998 1115/1276/998 1114/1278/998
f 1116/1279/999 1118/1535/999 1100/1280/999
f 1100/1264/1000 1118/2065/1000 1117/1281/1000
f 1101/1283/1001 1119/1441/1001 1121/1284/1001
f 1121/1284/1002 1120/1286/1002 1102/1285/1002
f 1122/1286/1003 1124/1287/1003 1106/1270/1003
f 1124/1287/1004 1123/1439/1004 1105/1288/1004
f 1125/1289/1005 1127/1292/1005 1109/1290/1005
f 1127/1292/1006 1126/1319/1006 1108/1293/1006
f 1128/1294/1007 1130/1321/1007 1112/1295/1007
f 1112/1295/1008 1130/1321/1008 1129/1297/1008
f 1131/1299/1009 1133/1302/1009 1115/1300/1009
f 1133/1302/1010 1132/1324/1010 1114/1303/1010
f 1134/1304/1011 1136/1326/1011 1118/1305/1011
f 1118/1307/1012 1136/1327/1012 1135/1308/1012
f 1119/1310/1013 1137/1329/1013 1139/1311/1013
f 1139/1311/1014 1138/1331/1014 1120/1313/1014
f 1122/1314/1015 1140/1333/1015 1142/1315/1015
f 1142/1315/1016 1141/1335/1016 1123/1317/1016
f 1125/1289/1017 1143/1337/1017 1145/1318/1017
f 1145/1318/1018 1144/1339/1018 1126/1319/1018
f 1128/1294/1019 1146/1340/1019 1148/1320/1019
f 1148/1320/1020 1147/1342/1020 1129/1297/1020
f 1149/1322/1021 1151/1323/1021 1133/1302/1021
f 1151/1323/2004 1150/1344/2004 1132/1324/2004
f 1152/1325/1023 1154/1346/1023 1136/1326/1023
f 1136/1327/1024 1154/1347/1024 1153/1328/1024
f 1137/1329/1025 1155/1350/1025 1157/1330/1025
f 1157/1330/2005 1156/1352/2005 1138/1331/2005
f 1158/1332/1027 1160/1334/1027 1142/1315/1027
f 1160/1334/2006 1159/1355/2006 1141/1335/2006
f 1161/1336/1029 1163/1338/1029 1145/1318/1029
f 1163/1338/1030 1162/1358/1030 1144/1339/1030
f 1146/1340/1031 1164/1360/1031 1166/1341/1031
f 1166/1341/1032 1165/1362/1032 1147/1342/1032
f 1149/1322/1033 1167/1363/1033 1169/1343/1033
f 1169/1343/1034 1168/1365/1034 1150/1344/1034
f 1170/1345/1035 1172/1367/1035 1154/1346/1035
f 1154/1347/1036 1172/1369/1036 1171/1348/1036
f 1173/1349/1037 1175/1371/1037 1157/1330/1037
f 1157/1330/1038 1175/1371/1038 1174/1351/1038
f 1176/1353/1039 1178/1374/1039 1160/1334/1039
f 1160/1334/2007 1178/1374/2007 1177/1354/2007
f 1161/1336/1041 1179/1377/1041 1181/1356/1041
f 1163/1338/1042 1181/1356/1042 1180/1357/1042
f 1182/1359/1043 1184/1361/1043 1166/1341/1043
f 1184/1361/1044 1183/1381/1044 1165/1362/1044
f 1167/1363/1045 1185/1382/1045 1187/1364/1045
f 1187/1364/1046 1186/1384/1046 1168/1365/1046
f 1188/1366/1047 1190/1386/1047 1172/1367/1047
f 1190/1368/1048 1189/1388/1048 1171/1348/1048
f 1191/1370/1049 1193/1390/1049 1175/1371/1049
f 1175/1371/1050 1193/1390/1050 1192/1372/1050
f 1194/1373/1051 1196/1393/1051 1178/1374/1051
f 1178/1374/1052 1196/1393/1052 1195/1375/1052
f 1197/1376/1053 1199/1396/1053 1181/1356/1053
f 1181/1356/1054 1199/1396/1054 1198/1378/1054
f 1182/1359/1055 1200/1399/1055 1202/1379/1055
f 1184/1361/1056 1202/1379/1056 1201/1380/1056
f 1185/1382/1057 1203/1402/1057 1205/1383/1057
f 1205/1383/1058 1204/1404/1058 1186/1384/1058
f 1206/1385/1059 1208/1406/1059 1190/1386/1059
f 1208/1387/1060 1207/1408/1060 1189/1388/1060
f 1209/1389/1061 1211/1410/1061 1193/1390/1061
f 1193/1390/1062 1211/1410/1062 1210/1391/1062
f 1212/1392/1063 1214/1412/1063 1196/1393/1063
f 1196/1393/2008 1214/1412/2008 1213/1394/2008
f 1215/1395/1065 1217/1397/1065 1199/1396/1065
f 1217/1397/2009 1216/1416/2009 1198/1378/2009
f 1218/1398/1067 1220/1418/1067 1202/1379/1067
f 1202/1379/1068 1220/1418/1068 1219/1400/1068
f 1221/1401/1069 1223/1403/1069 1205/1383/1069
f 1223/1403/1070 1222/1421/1070 1204/1404/1070
f 1224/1405/1071 1226/1423/1071 1208/1406/1071
f 1208/1387/1072 1226/1425/1072 1225/1407/1072
f 1209/1389/1073 1227/1427/1073 1229/1409/1073
f 1229/1409/1074 1228/1429/1074 1210/1391/1074
f 1230/1411/1075 1232/1413/1075 1214/1412/1075
f 1232/1413/1076 1231/1431/1076 1213/1394/1076
f 1233/1414/1077 1235/1415/1077 1217/1397/1077
f 1235/1415/1078 1234/1436/1078 1216/1416/1078
f 1236/1417/1079 1238/1419/1079 1220/1418/1079
f 1238/1419/1080 1237/1432/1080 1219/1400/1080
f 1221/1401/1081 1239/1437/1081 1241/1420/1081
f 1241/1420/1082 1240/1433/1082 1222/1421/1082
f 1242/1422/1083 1244/2066/1083 1226/1423/1083
f 1244/1424/1084 1243/1438/1084 1225/1407/1084
f 1245/1426/1085 1247/1428/1085 1229/1409/1085
f 1247/1428/1086 1246/1434/1086 1228/1429/1086
f 1230/1411/1087 1248/1434/1087 1250/1430/1087
f 1250/1430/1088 1249/1435/1088 1231/1431/1088
f 981/1152/1089 1234/1436/1089 1235/1415/1089
f 1235/1415/1090 1233/1414/1090 982/1150/1090
f 1237/1432/1091 1238/1419/1091 986/1154/1091
f 1238/1419/1092 1236/1417/1092 985/1155/1092
f 1240/1433/1093 1241/1420/1093 989/1159/1093
f 1241/1420/1094 1239/1437/1094 988/1160/1094
f 990/1168/1095 1243/1438/1095 1244/1424/1095
f 992/1165/1096 1244/2066/1096 1242/1422/1096
f 1246/1434/1097 1247/1428/1097 995/1170/1097
f 1247/1428/1098 1245/1426/1098 994/1171/1098
f 1249/1435/1099 1250/1430/1099 998/1174/1099
f 1250/1430/2010 1248/1434/2010 997/1175/2010
f 1234/1436/2011 981/1152/2011 985/1155/2011
f 1000/1179/1102 1002/1153/1102 985/1155/1102
f 1015/1193/2012 999/1148/2012 982/1150/2012
f 996/1177/2013 982/1150/2013 1233/1414/2013
f 984/1157/2014 1003/1156/2014 1005/1158/2014
f 1237/1432/919 984/1157/919 988/1160/919
f 987/1162/2015 1006/1161/2015 1008/1187/2015
f 1240/1433/2016 987/1162/2016 991/1163/2016
f 1009/1167/2017 1011/1169/2017 994/1171/2017
f 1243/1438/2018 990/1168/2018 994/1171/2018
f 993/1173/2019 1012/1172/2019 1014/1172/2019
f 1246/1434/919 993/1173/919 997/1175/919
f 1015/1193/2020 1033/1213/2020 1017/1194/2020
f 1000/1179/2021 1018/1196/2021 1020/1180/2021
f 1003/1156/919 1021/1182/919 1023/1183/919
f 1024/1202/2022 1026/1186/2022 1008/1187/2022
f 1027/1189/1113 1029/1207/1113 1011/1169/1113
f 1012/1172/1111 1030/1210/1111 1032/1211/1111
f 1051/1231/2023 1035/1214/2023 1017/1194/2023
f 1018/1196/2024 1036/1216/2024 1038/1197/2024
f 1021/1182/919 1039/1199/919 1041/1200/919
f 1042/1222/2025 1044/1203/2025 1026/1186/2025
f 1045/1206/2026 1047/1227/2026 1029/1207/2026
f 1030/1210/919 1048/1209/919 1050/1209/919
f 1069/1252/2027 1053/1233/2027 1035/1214/2027
f 1036/1216/2028 1054/1235/2028 1056/1217/2028
f 1039/1199/2029 1057/1219/2029 1059/1220/2029
f 1060/1241/2030 1062/1243/2030 1044/1203/2030
f 1063/1226/1122 1065/1247/1122 1047/1227/1122
f 1048/1209/2031 1066/1249/2031 1068/1229/2031
f 1087/1251/2032 1071/1232/2032 1053/1233/2032
f 1072/1255/2033 1074/1236/2033 1056/1217/2033
f 1075/1258/919 1077/1239/919 1059/1220/919
f 1060/1241/1125 1078/1261/1125 1080/1242/1125
f 1081/1265/2034 1083/1246/2034 1065/1247/2034
f 1066/1249/919 1084/1267/919 1086/1250/919
f 1105/1288/2035 1089/1253/2035 1071/1232/2035
f 1072/1255/2036 1090/1254/2036 1092/1274/2036
f 1075/1258/919 1093/1257/919 1095/1259/919
f 1096/1260/1129 1098/1262/1129 1080/1242/1129
f 1081/1265/2037 1099/1282/2037 1101/1283/2037
f 1084/1267/1118 1102/1285/1118 1104/1268/1118
f 1123/1439/2038 1107/2063/2038 1089/1253/2038
f 1108/1440/1132 1110/1273/1132 1092/1274/1132
f 1093/1257/919 1111/1275/919 1113/1275/919
f 1096/1260/2039 1114/1278/2039 1116/1279/2039
f 1099/1282/1134 1117/1281/1134 1119/1441/1134
f 1102/1285/2040 1120/1286/2040 1122/1286/2040
f 1141/1335/2041 1125/1289/2041 1107/1291/2041
f 1108/1293/1136 1126/1319/1136 1128/1294/1136
f 1111/1298/2042 1129/1297/2042 1131/1299/2042
f 1114/1303/2043 1132/1324/2043 1134/1304/2043
f 1135/1308/2044 1137/1329/2044 1119/1310/2044
f 1120/1313/1111 1138/1331/1111 1140/1333/1111
f 1159/1355/1140 1143/1337/1140 1125/1289/1140
f 1126/1319/2045 1144/1339/2045 1146/1340/2045
f 1129/1297/919 1147/1342/919 1149/1322/919
f 1132/1324/1142 1150/1344/1142 1152/1325/1142
f 1153/1328/2046 1155/1350/2046 1137/1329/2046
f 1138/1331/919 1156/1352/919 1158/1332/919
f 1177/1354/2047 1161/1336/2047 1143/1337/2047
f 1162/1358/2048 1164/1360/2048 1146/1340/2048
f 1147/1342/2049 1165/1362/2049 1167/1363/2049
f 1168/1365/2050 1170/1345/2050 1152/1325/2050
f 1171/1348/2051 1173/1349/2051 1155/1350/2051
f 1156/1352/2052 1174/1351/2052 1176/1353/2052
f 1195/1375/2053 1179/1377/2053 1161/1336/2053
f 1162/1358/1150 1180/1357/1150 1182/1359/1150
f 1165/1362/696 1183/1381/696 1185/1382/696
f 1168/1365/2054 1186/1384/2054 1188/1366/2054
f 1171/1348/2055 1189/1388/2055 1191/1370/2055
f 1192/1372/1118 1194/1373/1118 1176/1353/1118
f 1213/1394/2056 1197/1376/2056 1179/1377/2056
f 1180/1357/1155 1198/1378/1155 1200/1399/1155
f 1183/1381/919 1201/1380/919 1203/1402/919
f 1186/1384/1156 1204/1404/1156 1206/1385/1156
f 1189/1388/2057 1207/1408/2057 1209/1389/2057
f 1192/1372/919 1210/1391/919 1212/1392/919
f 1213/1394/2058 1231/1431/2058 1215/1395/2058
f 1198/1378/1159 1216/1416/1159 1218/1398/1159
f 1201/1380/919 1219/1400/919 1221/1401/919
f 1222/1421/2059 1224/1405/2059 1206/1385/2059
f 1225/1407/2060 1227/1427/2060 1209/1389/2060
f 1210/1391/919 1228/1429/919 1230/1411/919
f 1249/1435/2061 1233/1414/2061 1215/1395/2061
f 1234/1436/2062 1236/1417/2062 1218/1398/2062
f 1219/1400/919 1237/1432/919 1239/1437/919
f 1222/1421/2063 1240/1433/2063 1242/1422/2063
f 1243/1438/1165 1245/1426/1165 1227/1427/1165
f 1228/1429/919 1246/1434/919 1248/1434/919
f 1252/1442/1166 1266/1467/1166 1268/1443/1166
f 1253/1444/1167 1268/1443/1167 1267/1445/1167
f 1269/1447/1168 1271/1470/1168 1256/1448/1168
f 1256/1448/1169 1271/1470/1169 1270/1450/1169
f 1258/1451/1170 1272/1472/1170 1274/1452/1170
f 1274/1454/1171 1273/1475/1171 1257/1455/1171
f 1275/1457/1172 1277/1477/1172 1262/1458/1172
f 1262/1458/1173 1277/1477/1173 1276/1460/1173
f 1278/1462/1174 1280/1464/1174 1265/1463/1174
f 1280/1464/1175 1279/1481/1175 1263/1465/1175
f 1281/1466/1176 1283/1483/1176 1268/1443/1176
f 1268/1443/1177 1283/1483/1177 1282/1468/1177
f 1284/1469/1178 1286/1486/1178 1271/1470/1178
f 1271/1470/1179 1286/1486/1179 1285/1471/1179
f 1272/1472/1180 1287/1488/1180 1289/1473/1180
f 1289/1474/1181 1288/1490/1181 1273/1475/1181
f 1290/1476/1182 1292/1478/1182 1277/1477/1182
f 1292/1478/1183 1291/1492/1183 1276/1460/1183
f 1293/1479/1184 1295/1494/1184 1280/1464/1184
f 1280/1464/1185 1295/1494/1185 1294/1480/1185
f 1281/1466/1186 1296/1497/1186 1298/1482/1186
f 1283/1483/1187 1298/1482/1187 1297/1484/1187
f 1299/1485/1188 1301/1500/1188 1286/1486/1188
f 1286/1486/2064 1301/1500/2064 1300/1487/2064
f 1302/1487/1190 1304/1503/1190 1289/1473/1190
f 1304/1489/1191 1303/1505/1191 1288/1490/1191
f 1290/1476/1192 1305/1507/1192 1307/1491/1192
f 1307/1491/1193 1306/1509/1193 1291/1492/1193
f 1308/1493/1194 1310/1511/1194 1295/1494/1194
f 1295/1494/1195 1310/1511/1195 1309/1495/1195
f 1311/1496/1196 1313/1514/1196 1298/1482/1196
f 1298/1482/1197 1313/1514/1197 1312/1498/1197
f 1299/1485/1198 1314/1516/1198 1316/1499/1198
f 1301/1500/1199 1316/1499/1199 1315/1501/1199
f 1317/1502/1200 1319/1519/1200 1304/1503/1200
f 1319/1504/1201 1318/1521/1201 1303/1505/1201
f 1320/1506/1202 1322/1523/1202 1307/1491/1202
f 1307/1491/1203 1322/1523/1203 1321/1508/1203
f 1308/1493/1204 1323/1526/1204 1325/1510/1204
f 1310/1511/1205 1325/1510/1205 1324/1512/1205
f 1311/1496/1206 1326/1529/1206 1328/1513/1206
f 1328/1513/1207 1327/1531/1207 1312/1498/1207
f 1329/1515/1208 1331/1533/1208 1316/1499/1208
f 1316/1499/1209 1331/1533/1209 1330/1517/1209
f 1332/1518/1210 1334/1536/1210 1319/1519/1210
f 1334/1520/1211 1333/1538/1211 1318/1521/1211
f 1335/1522/1212 1337/1524/1212 1322/1523/1212
f 1337/1524/1213 1336/1540/1213 1321/1508/1213
f 1338/1525/1214 1340/1542/1214 1325/1510/1214
f 1325/1510/1215 1340/1542/1215 1339/1527/1215
f 1341/1528/1216 1343/1530/1216 1328/1513/1216
f 1343/1530/1217 1342/1655/1217 1327/1531/1217
f 1329/1515/1218 1344/2067/1218 1346/1532/1218
f 1331/1533/1219 1346/1532/1219 1345/1534/1219
f 1332/1518/1220 1347/1656/1220 1349/1535/1220
f 1349/1537/1221 1348/1657/1221 1333/1538/1221
f 1335/1522/1222 1350/2068/1222 1352/1539/1222
f 1352/1539/1223 1351/2069/1223 1336/1540/1223
f 1338/1525/1224 1353/1658/1224 1355/1541/1224
f 1355/1541/1225 1354/1654/1225 1339/1527/1225
f 1356/1543/1226 1358/1569/1226 1343/1544/1226
f 1343/1544/1227 1358/1569/1227 1357/1546/1227
f 1344/1548/1228 1359/1571/1228 1361/1549/1228
f 1361/1549/1229 1360/1573/1229 1345/1551/1229
f 1347/1552/1230 1362/1575/1230 1364/1553/1230
f 1364/1555/1231 1363/1577/1231 1348/1556/1231
f 1365/1558/1232 1367/1561/1232 1352/1559/1232
f 1367/1561/1233 1366/1579/1233 1351/1562/1233
f 1368/1563/1234 1370/1566/1234 1355/1564/1234
f 1370/1566/1235 1369/1582/1235 1354/1567/1235
f 1371/1568/1236 1373/1570/1236 1358/1569/1236
f 1373/1570/1237 1372/1584/1237 1357/1546/1237
f 1359/1571/1238 1374/1586/1238 1376/1572/1238
f 1376/1572/1239 1375/1588/1239 1360/1573/1239
f 1377/1574/1240 1379/1590/1240 1364/1553/1240
f 1364/1555/2065 1379/1591/2065 1378/1576/2065
f 1365/1558/1242 1380/1594/1242 1382/1578/1242
f 1382/1578/1243 1381/1596/1243 1366/1579/1243
f 1383/1580/1244 1385/1598/1244 1370/1566/1244
f 1370/1566/1245 1385/1598/1245 1384/1581/1245
f 1371/1568/1246 1386/1600/1246 1388/1583/1246
f 1388/1583/1247 1387/1602/1247 1372/1584/1247
f 1389/1585/2066 1391/1604/2066 1376/1572/2066
f 1376/1572/1249 1391/1604/1249 1390/1587/1249
f 1392/1589/1250 1394/1606/1250 1379/1590/1250
f 1379/1591/1251 1394/1608/1251 1393/1592/1251
f 1395/1593/1252 1397/1595/1252 1382/1578/1252
f 1397/1595/1253 1396/1611/1253 1381/1596/1253
f 1398/1597/1254 1400/1599/1254 1385/1598/1254
f 1400/1599/2067 1399/1614/2067 1384/1581/2067
f 1386/1600/1256 1401/1615/1256 1403/1601/1256
f 1403/1601/1257 1402/1617/1257 1387/1602/1257
f 1389/1585/1258 1404/1618/1258 1406/1603/1258
f 1406/1603/1259 1405/1605/1259 1390/1587/1259
f 1407/1605/1260 1409/1621/1260 1394/1606/1260
f 1409/1607/1261 1408/1623/1261 1393/1592/1261
f 1395/1593/1262 1410/1624/1262 1412/1609/1262
f 1397/1595/1263 1412/1609/1263 1411/1610/1263
f 1413/1612/1264 1415/1627/1264 1400/1599/1264
f 1400/1599/1265 1415/1627/1265 1414/1613/1265
f 1401/1615/1266 1416/1629/1266 1418/1616/1266
f 1418/1616/1267 1417/1631/1267 1402/1617/1267
f 1404/1618/1268 1419/1632/1268 1421/1619/1268
f 1421/1619/1269 1420/1634/1269 1405/1605/1269
f 1407/1605/1270 1422/1636/1270 1424/1620/1270
f 1424/1622/1271 1423/1638/1271 1408/1623/1271
f 1410/1624/2068 1425/1639/2068 1427/1625/2068
f 1427/1625/1273 1426/1641/1273 1411/1610/1273
f 1428/1626/1274 1430/1643/1274 1415/1627/1274
f 1415/1627/1275 1430/1643/1275 1429/1628/1275
f 1416/1629/1276 1431/1649/1276 1433/1630/1276
f 1433/1630/1277 1432/1648/1277 1417/1631/1277
f 1419/1632/1278 1434/1644/1278 1436/1633/1278
f 1436/1633/1279 1435/1650/1279 1420/1634/1279
f 1437/1635/1280 1439/1645/1280 1424/1620/1280
f 1439/1637/1281 1438/1651/1281 1423/1638/1281
f 1425/1639/1282 1440/1652/1282 1442/1640/1282
f 1442/1640/1283 1441/1646/1283 1426/1641/1283
f 1428/1626/1284 1443/1653/1284 1445/1642/1284
f 1445/1642/1285 1444/1647/1285 1429/1628/1285
f 1251/1446/1286 1432/1648/1286 1433/1630/1286
f 1433/1630/1287 1431/1649/1287 1252/1442/1287
f 1254/1451/1288 1435/1650/1288 1436/1633/1288
f 1256/1448/1289 1436/1633/1289 1434/1644/1289
f 1257/1455/1290 1438/1651/1290 1439/1637/1290
f 1439/1645/1291 1437/1635/1291 1258/1451/1291
f 1441/1646/1292 1442/1640/1292 1262/1458/1292
f 1442/1640/1293 1440/1652/1293 1261/1459/1293
f 1444/1647/1294 1445/1642/1294 1265/1463/1294
f 1445/1642/1295 1443/1653/1295 1264/1461/1295
f 1251/1446/2069 1255/1449/2069 1434/1644/2069
f 1251/1446/2070 1267/1445/2070 1269/1447/2070
f 1279/1481/1298 1266/1467/1298 1252/1442/1298
f 1263/1465/1299 1252/1442/1299 1431/1649/1299
f 1254/1451/919 1270/1450/919 1272/1472/919
f 1435/1650/919 1254/1451/919 1258/1451/919
f 1257/1455/2071 1273/1475/2071 1275/1457/2071
f 1438/1651/2072 1257/1455/2072 1261/1459/2072
f 1260/1461/2073 1276/1460/2073 1278/1462/2073
f 1441/1646/919 1260/1461/919 1264/1461/919
f 1279/1481/2074 1294/1480/2074 1281/1466/2074
f 1267/1445/1303 1282/1468/1303 1284/1469/1303
f 1270/1450/2075 1285/1471/2075 1287/1488/2075
f 1273/1475/1304 1288/1490/1304 1290/1476/1304
f 1276/1460/2076 1291/1492/2076 1293/1479/2076
f 1309/1495/2077 1296/1497/2077 1281/1466/2077
f 1297/1484/1307 1299/1485/1307 1284/1469/1307
f 1285/1471/919 1300/1487/919 1302/1487/919
f 1288/1490/2078 1303/1505/2078 1305/1507/2078
f 1291/1492/919 1306/1509/919 1308/1493/919
f 1324/1512/2079 1311/1496/2079 1296/1497/2079
f 1312/1498/1311 1314/1516/1311 1299/1485/1311
f 1300/1487/919 1315/1501/919 1317/1502/919
f 1303/1505/1312 1318/1521/1312 1320/1506/1312
f 1306/1509/919 1321/1508/919 1323/1526/919
f 1339/1527/2080 1326/1529/2080 1311/1496/2080
f 1312/1498/1314 1327/1531/1314 1329/1515/1314
f 1315/1501/919 1330/1517/919 1332/1518/919
f 1333/1538/2081 1335/1522/2081 1320/1506/2081
f 1321/1508/919 1336/1540/919 1338/1525/919
f 1354/1654/2082 1341/1528/2082 1326/1529/2082
f 1342/1655/1317 1344/2067/1317 1329/1515/1317
f 1330/1517/2083 1345/1534/2083 1347/1656/2083
f 1348/1657/1318 1350/2068/1318 1335/1522/1318
f 1336/1540/919 1351/2069/919 1353/1658/919
f 1354/1567/1319 1369/1582/1319 1356/1543/1319
f 1357/1546/2084 1359/1571/2084 1344/1548/2084
f 1345/1551/919 1360/1573/919 1362/1575/919
f 1363/1577/2085 1365/1558/2085 1350/1560/2085
f 1351/1562/919 1366/1579/919 1368/1563/919
f 1384/1581/2086 1371/1568/2086 1356/1543/2086
f 1372/1584/2087 1374/1586/2087 1359/1571/2087
f 1360/1573/919 1375/1588/919 1377/1574/919
f 1363/1577/2088 1378/1576/2088 1380/1594/2088
f 1366/1579/919 1381/1596/919 1383/1580/919
f 1384/1581/2089 1399/1614/2089 1386/1600/2089
f 1387/1602/1327 1389/1585/1327 1374/1586/1327
f 1375/1588/919 1390/1587/919 1392/1589/919
f 1378/1576/1328 1393/1592/1328 1395/1593/1328
f 1381/1596/919 1396/1611/919 1398/1597/919
f 1399/1614/1329 1414/1613/1329 1401/1615/1329
f 1402/1617/2090 1404/1618/2090 1389/1585/2090
f 1390/1587/919 1405/1605/919 1407/1605/919
f 1393/1592/1331 1408/1623/1331 1410/1624/1331
f 1396/1611/2091 1411/1610/2091 1413/1612/2091
f 1429/1628/2092 1416/1629/2092 1401/1615/2092
f 1417/1631/1333 1419/1632/1333 1404/1618/1333
f 1405/1605/919 1420/1634/919 1422/1636/919
f 1423/1638/1334 1425/1639/1334 1410/1624/1334
f 1411/1610/2093 1426/1641/2093 1428/1626/2093
f 1429/1628/2094 1444/1647/2094 1431/1649/2094
f 1432/1648/1337 1434/1644/1337 1419/1632/1337
f 1420/1634/919 1435/1650/919 1437/1635/919
f 1423/1638/1338 1438/1651/1338 1440/1652/1338
f 1426/1641/919 1441/1646/919 1443/1653/919
f 1461/1467/2095 1463/1443/2095 1448/1659/2095
f 1448/1659/1340 1463/1443/1340 1462/1661/1340
f 1464/1663/1341 1466/1685/1341 1451/1664/1341
f 1451/1664/1342 1466/1685/1342 1465/1666/1342
f 1467/1668/1343 1469/1688/1343 1454/1669/1343
f 1454/1671/1344 1469/1689/1344 1468/1672/1344
f 1456/1674/1345 1470/1691/1345 1472/1675/1345
f 1472/1675/1346 1471/1693/1346 1455/1677/1346
f 1459/1678/1347 1473/1462/1347 1475/1679/1347
f 1475/1679/1348 1474/1481/1348 1458/1681/1348
f 1476/1682/1349 1478/1483/1349 1463/1443/1349
f 1463/1443/1350 1478/1483/1350 1477/1683/1350
f 1479/1684/1351 1481/1699/1351 1466/1685/1351
f 1466/1685/1352 1481/1699/1352 1480/1686/1352
f 1482/1687/1353 1484/1702/1353 1469/1688/1353
f 1469/1689/1354 1484/1703/1354 1483/1690/1354
f 1470/1691/1355 1485/1706/1355 1487/1692/1355
f 1487/1692/1356 1486/1708/1356 1471/1693/1356
f 1488/1694/1357 1490/1709/1357 1475/1679/1357
f 1475/1679/1358 1490/1709/1358 1489/1695/1358
f 1491/1696/1359 1493/1712/1359 1478/1483/1359
f 1478/1483/1360 1493/1712/1360 1492/1697/1360
f 1494/1698/1361 1496/1700/1361 1481/1699/1361
f 1496/1700/1362 1495/1715/1362 1480/1686/1362
f 1482/1687/1363 1497/1715/1363 1499/1701/1363
f 1484/1703/1364 1499/1716/1364 1498/1704/1364
f 1500/1705/1365 1502/1718/1365 1487/1692/1365
f 1487/1692/1366 1502/1718/1366 1501/1707/1366
f 1503/1707/1367 1505/1710/1367 1490/1709/1367
f 1505/1710/1368 1504/1722/1368 1489/1695/1368
f 1506/1711/1369 1508/1724/1369 1493/1712/1369
f 1493/1712/1370 1508/1724/1370 1507/1713/1370
f 1509/1714/1371 1511/1499/1371 1496/1700/1371
f 1511/1499/1372 1510/1727/1372 1495/1715/1372
f 1497/1715/1373 1512/1502/1373 1514/1519/1373
f 1514/1504/1374 1513/1729/1374 1498/1704/1374
f 1515/1717/1375 1517/1731/1375 1502/1718/1375
f 1502/1718/1376 1517/1731/1376 1516/1719/1376
f 1518/1720/1377 1520/1721/1377 1505/1710/1377
f 1520/1721/1378 1519/1733/1378 1504/1722/1378
f 1506/1711/1379 1521/1529/1379 1523/1723/1379
f 1523/1723/1380 1522/1735/1380 1507/1713/1380
f 1524/1725/1381 1526/1737/1381 1511/1499/1381
f 1511/1499/1382 1526/1737/1382 1525/1726/1382
f 1527/1517/1383 1529/1739/1383 1514/1519/1383
f 1514/1504/1384 1529/1740/1384 1528/1728/1384
f 1515/1717/1385 1530/1742/1385 1532/1730/1385
f 1532/1730/1386 1531/1744/1386 1516/1719/1386
f 1533/1525/1387 1535/1732/1387 1520/1721/1387
f 1535/1732/1388 1534/1746/1388 1519/1733/1388
f 1521/1529/1389 1536/1842/1389 1538/1734/1389
f 1538/1734/1390 1537/2070/1390 1522/1735/1390
f 1539/1736/1391 1541/2071/1391 1526/1737/1391
f 1526/1737/1392 1541/2071/1392 1540/1738/1392
f 1527/1517/1393 1542/1534/1393 1544/1535/1393
f 1544/1537/1394 1543/2072/1394 1528/1728/1394
f 1545/1741/1395 1547/1743/1395 1532/1730/1395
f 1547/1743/1396 1546/2073/1396 1531/1744/1396
f 1533/1525/2096 1548/1843/2096 1550/1745/2096
f 1550/1745/1398 1549/1654/1398 1534/1746/1398
f 1551/1747/1399 1553/1749/1399 1538/1748/1399
f 1553/1749/1400 1552/1767/1400 1537/1547/1400
f 1554/1750/2097 1556/1769/2097 1541/1751/2097
f 1541/1751/1402 1556/1769/1402 1555/1753/1402
f 1557/1755/1403 1559/1772/1403 1544/1554/1403
f 1559/1756/1404 1558/1774/1404 1543/1757/1404
f 1560/1758/1405 1562/1776/1405 1547/1559/1405
f 1547/1559/1406 1562/1776/1406 1561/1759/1406
f 1548/1761/1407 1563/1779/1407 1565/1762/1407
f 1565/1762/1408 1564/1781/1408 1549/1764/1408
f 1566/1765/1409 1568/1766/1409 1553/1749/1409
f 1568/1766/1410 1567/1784/1410 1552/1767/1410
f 1569/1768/1411 1571/1786/1411 1556/1769/1411
f 1556/1769/1412 1571/1786/1412 1570/1770/1412
f 1572/1771/1413 1574/1789/1413 1559/1772/1413
f 1574/1773/1414 1573/1791/1414 1558/1774/1414
f 1575/1775/1415 1577/1793/1415 1562/1776/1415
f 1562/1776/1416 1577/1793/1416 1576/1777/1416
f 1578/1778/1417 1580/1780/1417 1565/1762/1417
f 1580/1780/1418 1579/1796/1418 1564/1781/1418
f 1581/1782/1419 1583/1583/1419 1568/1766/1419
f 1568/1766/1420 1583/1583/1420 1582/1783/1420
f 1584/1785/1421 1586/1799/1421 1571/1786/1421
f 1571/1786/1422 1586/1799/1422 1585/1787/1422
f 1587/1788/1423 1589/1606/1423 1574/1789/1423
f 1589/1790/1424 1588/1802/1424 1573/1791/1424
f 1590/1792/1425 1592/1804/1425 1577/1793/1425
f 1577/1793/1426 1592/1804/1426 1591/1794/1426
f 1578/1778/1427 1593/1805/1427 1595/1795/1427
f 1595/1795/1428 1594/1807/1428 1579/1796/1428
f 1581/1782/1429 1596/1808/1429 1598/1797/1429
f 1598/1797/1430 1597/1617/1430 1582/1783/1430
f 1584/1785/1431 1599/1811/1431 1601/1798/1431
f 1586/1799/2098 1601/1798/2098 1600/1605/2098
f 1602/1800/1433 1604/1813/1433 1589/1606/1433
f 1589/1790/1434 1604/1607/1434 1603/1801/1434
f 1590/1792/1435 1605/1815/1435 1607/1803/1435
f 1607/1803/2099 1606/1818/2099 1591/1794/2099
f 1593/1805/1437 1608/1612/1437 1610/1806/1437
f 1610/1806/1438 1609/1820/1438 1594/1807/1438
f 1596/1808/2100 1611/1822/2100 1613/1809/2100
f 1613/1809/1440 1612/1824/1440 1597/1617/1440
f 1614/1810/1441 1616/1619/1441 1601/1798/1441
f 1601/1798/1442 1616/1619/1442 1615/1812/1442
f 1617/1812/1443 1619/1827/1443 1604/1813/1443
f 1604/1607/1444 1619/1828/1444 1618/1814/1444
f 1605/1815/1445 1620/1830/1445 1622/1816/1445
f 1607/1803/2101 1622/1816/2101 1621/1817/2101
f 1608/1612/1447 1623/1834/1447 1625/1819/1447
f 1625/1819/1448 1624/1836/1448 1609/1820/1448
f 1626/1821/1449 1628/1837/1449 1613/1809/1449
f 1613/1809/1450 1628/1837/1450 1627/1823/1450
f 1629/1825/1451 1631/1838/1451 1616/1619/1451
f 1616/1619/1452 1631/1838/1452 1630/1826/1452
f 1632/1650/1453 1634/1839/1453 1619/1827/1453
f 1619/1828/1454 1634/2074/1454 1633/1829/1454
f 1620/1830/1455 1635/1841/1455 1637/1831/1455
f 1622/1816/1456 1637/1831/1456 1636/1832/1456
f 1638/1833/1457 1640/1835/1457 1625/1819/1457
f 1640/1835/1458 1639/1840/1458 1624/1836/1458
f 1446/1662/1459 1627/1823/1459 1628/1837/1459
f 1628/1837/1460 1626/1821/1460 1447/1660/1460
f 1449/1667/1461 1630/1826/1461 1631/1838/1461
f 1631/1838/1462 1629/1825/1462 1450/1665/1462
f 1633/1829/1463 1634/2074/1463 1454/1671/1463
f 1634/1839/1464 1632/1650/1464 1453/1670/1464
f 1636/1832/1465 1637/1831/1465 1457/1676/1465
f 1637/1831/1466 1635/1841/1466 1456/1674/1466
f 1639/1840/1467 1640/1835/1467 1460/1680/1467
f 1460/1680/1468 1640/1835/1468 1638/1833/1468
f 1627/1823/2102 1446/1662/2102 1450/1665/2102
f 1446/1662/2103 1462/1661/2103 1464/1663/2103
f 1474/1481/2104 1461/1467/2104 1447/1660/2104
f 1639/1840/2105 1458/1681/2105 1447/1660/2105
f 1449/1667/919 1465/1666/919 1467/1668/919
f 1630/1826/919 1449/1667/919 1453/1670/919
f 1468/1672/2106 1470/1691/2106 1456/1674/2106
f 1633/1829/2107 1452/1673/2107 1456/1674/2107
f 1455/1677/2108 1471/1693/2108 1473/1462/2108
f 1636/1832/919 1455/1677/919 1459/1678/919
f 1474/1481/2109 1489/1695/2109 1476/1682/2109
f 1477/1683/2110 1479/1684/2110 1464/1663/2110
f 1465/1666/919 1480/1686/919 1482/1687/919
f 1483/1690/1477 1485/1706/1477 1470/1691/1477
f 1471/1693/919 1486/1708/919 1488/1694/919
f 1489/1695/2111 1504/1722/2111 1491/1696/2111
f 1492/1697/2112 1494/1698/2112 1479/1684/2112
f 1480/1686/919 1495/1715/919 1497/1715/919
f 1498/1704/2113 1500/1705/2113 1485/1706/2113
f 1486/1708/919 1501/1707/919 1503/1707/919
f 1504/1722/2114 1519/1733/2114 1506/1711/2114
f 1507/1713/2115 1509/1714/2115 1494/1698/2115
f 1495/1715/2116 1510/1727/2116 1512/1502/2116
f 1498/1704/1484 1513/1729/1484 1515/1717/1484
f 1501/1707/919 1516/1719/919 1518/1720/919
f 1519/1733/2117 1534/1746/2117 1521/1529/2117
f 1507/1713/2118 1522/1735/2118 1524/1725/2118
f 1510/1727/919 1525/1726/919 1527/1517/919
f 1513/1729/1487 1528/1728/1487 1530/1742/1487
f 1516/1719/919 1531/1744/919 1533/1525/919
f 1534/1746/2119 1549/1654/2119 1536/1842/2119
f 1522/1735/1489 1537/2070/1489 1539/1736/1489
f 1525/1726/919 1540/1738/919 1542/1534/919
f 1528/1728/1490 1543/2072/1490 1545/1741/1490
f 1531/1744/919 1546/2073/919 1548/1843/919
f 1549/1764/1491 1564/1781/1491 1551/1747/1491
f 1537/1547/2120 1552/1767/2120 1554/1750/2120
f 1540/1754/919 1555/1753/919 1557/1755/919
f 1543/1757/1493 1558/1774/1493 1560/1758/1493
f 1546/1760/2121 1561/1759/2121 1563/1779/2121
f 1564/1781/2122 1579/1796/2122 1566/1765/2122
f 1567/1784/2123 1569/1768/2123 1554/1750/2123
f 1555/1753/919 1570/1770/919 1572/1771/919
f 1573/1791/2124 1575/1775/2124 1560/1758/2124
f 1561/1759/919 1576/1777/919 1578/1778/919
f 1594/1807/1498 1581/1782/1498 1566/1765/1498
f 1582/1783/2125 1584/1785/2125 1569/1768/2125
f 1570/1770/919 1585/1787/919 1587/1788/919
f 1573/1791/2126 1588/1802/2126 1590/1792/2126
f 1576/1777/2127 1591/1794/2127 1593/1805/2127
f 1609/1820/1501 1596/1808/1501 1581/1782/1501
f 1597/1617/2128 1599/1811/2128 1584/1785/2128
f 1585/1787/2129 1600/1605/2129 1602/1800/2129
f 1588/1802/2130 1603/1801/2130 1605/1815/2130
f 1591/1794/919 1606/1818/919 1608/1612/919
f 1609/1820/2131 1624/1836/2131 1611/1822/2131
f 1612/1824/2132 1614/1810/2132 1599/1811/2132
f 1600/1605/919 1615/1812/919 1617/1812/919
f 1603/1801/2133 1618/1814/2133 1620/1830/2133
f 1606/1818/919 1621/1817/919 1623/1834/919
f 1624/1836/1509 1639/1840/1509 1626/1821/1509
f 1612/1824/2134 1627/1823/2134 1629/1825/2134
f 1615/1812/919 1630/1826/919 1632/1650/919
f 1618/1814/2135 1633/1829/2135 1635/1841/2135
f 1621/1817/919 1636/1832/919 1638/1833/919
