# Blender 4.5.10 LTS
# www.blender.org
mtllib lur_stave.mtl
o lur_stave
v -0.018059 -0.304397 -0.000032
v -0.026233 -0.296715 0.001749
v -0.017646 -0.297235 -0.008837
v -0.023598 -0.301993 0.000395
v -0.022091 -0.301167 -0.003461
v -0.022738 -0.296973 -0.004192
v -0.018676 -0.302291 -0.005673
v -0.002347 0.315442 -0.017727
v -0.002301 0.308098 -0.026118
v -0.010889 0.308618 -0.015532
v -0.003044 0.313298 -0.023263
v -0.006530 0.312541 -0.020978
v -0.007393 0.308360 -0.021473
v -0.008004 0.313598 -0.017149
v -0.010278 -0.304823 -0.004695
v -0.017646 -0.297235 -0.008837
v -0.004268 -0.297916 -0.011417
v -0.014785 -0.302504 -0.008005
v -0.011149 -0.301766 -0.010019
v -0.011153 -0.297607 -0.011135
v -0.007117 -0.302895 -0.009484
v 0.016569 0.314407 -0.029065
v 0.021952 0.306822 -0.035216
v 0.008574 0.307504 -0.032636
v 0.019578 0.312089 -0.033681
v 0.015434 0.311340 -0.034143
v 0.015067 0.307132 -0.034935
v 0.011851 0.312483 -0.032191
v -0.001321 -0.305250 -0.003259
v -0.004268 -0.297916 -0.011417
v 0.007641 -0.298441 -0.004783
v -0.002638 -0.303108 -0.008766
v 0.001446 -0.302366 -0.008000
v 0.002184 -0.298243 -0.008997
v 0.004188 -0.303409 -0.004963
v 0.038345 0.313369 -0.025574
v 0.046379 0.305701 -0.026575
v 0.034470 0.306225 -0.033209
v 0.043603 0.310969 -0.027101
v 0.040718 0.310134 -0.030089
v 0.040922 0.305899 -0.030790
v 0.036725 0.311272 -0.030932
v 0.004621 -0.305479 0.003604
v 0.007641 -0.298441 -0.004783
v 0.012507 -0.298562 0.007960
v 0.007159 -0.303523 -0.001531
v 0.009802 -0.302688 0.001652
v 0.011031 -0.298583 0.001222
v 0.009948 -0.303593 0.005773
v 0.052791 0.312813 -0.008887
v 0.059550 0.305259 -0.004239
v 0.054684 0.305381 -0.016982
v 0.057789 0.310460 -0.006601
v 0.057492 0.309488 -0.010714
v 0.058074 0.305238 -0.010977
v 0.054978 0.310531 -0.013961
v 0.004768 -0.305402 0.012684
v 0.012507 -0.298562 0.007960
v 0.008055 -0.298225 0.020850
v 0.010022 -0.303555 0.010313
v 0.010009 -0.302580 0.014421
v 0.011249 -0.298469 0.014742
v 0.007470 -0.303361 0.017702
v 0.053148 0.312999 0.013188
v 0.055303 0.305704 0.021341
v 0.059755 0.305366 0.008451
v 0.055499 0.310802 0.018226
v 0.057906 0.309704 0.014917
v 0.058498 0.305459 0.015233
v 0.058070 0.310607 0.010781
v -0.000950 -0.305056 0.019732
v 0.008055 -0.298225 0.020850
v -0.003633 -0.297585 0.027856
v 0.004611 -0.303188 0.021225
v 0.001969 -0.302094 0.024331
v 0.002737 -0.297954 0.025235
v -0.002088 -0.302822 0.025241
v 0.039249 0.313840 0.030321
v 0.035625 0.306827 0.038197
v 0.047313 0.306188 0.031191
v 0.037803 0.311834 0.035763
v 0.041767 0.310681 0.034811
v 0.041995 0.306458 0.035576
v 0.044554 0.311465 0.031717
v -0.009856 -0.304603 0.021449
v -0.003633 -0.297585 0.027856
v -0.017087 -0.296944 0.025699
v -0.006541 -0.302595 0.026100
v -0.010555 -0.301456 0.026746
v -0.010523 -0.297279 0.027792
v -0.014254 -0.302227 0.024863
v 0.017597 0.314943 0.034496
v 0.009723 0.308103 0.038440
v 0.023178 0.307461 0.040597
v 0.012983 0.313073 0.037805
v 0.016627 0.311962 0.039659
v 0.016287 0.307768 0.040533
v 0.020754 0.312703 0.039051
v -0.017783 -0.304253 0.017033
v -0.017087 -0.296944 0.025699
v -0.026013 -0.296600 0.015388
v -0.018217 -0.302053 0.022655
v -0.021703 -0.300965 0.020536
v -0.022327 -0.296759 0.021216
v -0.023334 -0.301856 0.016745
v -0.001676 0.315792 0.023760
v -0.010283 0.308934 0.021958
v -0.001357 0.308591 0.032268
v -0.007348 0.313940 0.023396
v -0.005752 0.312947 0.027193
v -0.006597 0.308775 0.027786
v -0.002193 0.313741 0.029351
v -0.021023 -0.304172 0.008550
v -0.026013 -0.296600 0.015388
v -0.026233 -0.296715 0.001749
v -0.024954 -0.301815 0.012504
v -0.026259 -0.300851 0.008606
v -0.027151 -0.296638 0.008585
v -0.025080 -0.301881 0.004686
v -0.009553 0.315989 0.003135
v -0.015031 0.308933 -0.003538
v -0.014811 0.309048 0.010101
v -0.013678 0.314028 -0.000721
v -0.014897 0.313176 0.003245
v -0.015949 0.309009 0.003298
v -0.013551 0.314095 0.007156
v 0.013139 0.289571 0.017181
v 0.028799 0.300464 0.028490
v 0.005435 0.300178 0.035068
v 0.021822 0.292516 0.024063
v 0.016246 0.293681 0.028395
v 0.017455 0.299718 0.032951
v 0.009256 0.292362 0.027601
v 0.025065 0.386788 0.063770
v 0.014580 0.374720 0.070790
v 0.037944 0.375006 0.064212
v 0.019796 0.382941 0.071001
v 0.026978 0.381319 0.070327
v 0.026599 0.374260 0.068674
v 0.033418 0.383108 0.067166
v -0.002015 0.289662 0.017021
v 0.005435 0.300178 0.035068
v -0.017779 0.300745 0.027997
v 0.001679 0.292408 0.027521
v -0.005309 0.293811 0.028167
v -0.006541 0.299863 0.032697
v -0.010806 0.292713 0.023717
v -0.013752 0.387022 0.063359
v -0.026778 0.375396 0.063527
v -0.003564 0.374829 0.070598
v -0.022219 0.383444 0.066577
v -0.015869 0.381577 0.069873
v -0.015541 0.374514 0.068227
v -0.008684 0.383113 0.070700
v -0.014673 0.290250 0.008709
v -0.017779 0.300745 0.027997
v -0.033473 0.301986 0.009520
v -0.017135 0.293007 0.019562
v -0.023314 0.294648 0.016344
v -0.026586 0.300794 0.019535
v -0.025576 0.293674 0.009624
v -0.046177 0.388529 0.042068
v -0.057629 0.377341 0.035098
v -0.041935 0.376100 0.053575
v -0.055160 0.385272 0.040183
v -0.051662 0.383240 0.046371
v -0.050742 0.376149 0.045114
v -0.046010 0.384549 0.050955
v -0.020817 0.291148 -0.005115
v -0.033473 0.301986 0.009520
v -0.036664 0.303506 -0.014495
v -0.028649 0.294123 0.002712
v -0.032054 0.295925 -0.003320
v -0.036315 0.302216 -0.002355
v -0.030365 0.294941 -0.010205
v -0.061916 0.390829 0.006656
v -0.068177 0.379936 -0.005469
v -0.064985 0.378416 0.018546
v -0.068569 0.387847 0.000199
v -0.069035 0.385780 0.007282
v -0.067828 0.378647 0.006670
v -0.066708 0.386960 0.014200
v -0.018496 0.292072 -0.020063
v -0.036664 0.303506 -0.014495
v -0.026339 0.304823 -0.036424
v -0.029205 0.295402 -0.017678
v -0.028753 0.297238 -0.024581
v -0.032640 0.303678 -0.026025
v -0.023652 0.296111 -0.029473
v -0.055972 0.393194 -0.031633
v -0.055073 0.382359 -0.045296
v -0.065398 0.381042 -0.023367
v -0.058187 0.390349 -0.040680
v -0.062473 0.388390 -0.034983
v -0.061374 0.381214 -0.034897
v -0.064207 0.389582 -0.027895
v -0.008448 0.292726 -0.031388
v -0.026339 0.304823 -0.036424
v -0.005777 0.305519 -0.049305
v -0.018627 0.296438 -0.035136
v -0.014459 0.298170 -0.040690
v -0.016728 0.304715 -0.043958
v -0.007568 0.296812 -0.042064
v -0.030231 0.394871 -0.060644
v -0.022479 0.383839 -0.071737
v -0.043041 0.383143 -0.058856
v -0.027312 0.391986 -0.069476
v -0.034059 0.390242 -0.067005
v -0.033430 0.383035 -0.066390
v -0.039301 0.391580 -0.061966
v 0.006139 0.292905 -0.035495
v -0.005777 0.305519 -0.049305
v 0.018495 0.305372 -0.049048
v -0.000274 0.296902 -0.044117
v 0.006289 0.298424 -0.046532
v 0.006370 0.304998 -0.050462
v 0.012780 0.296823 -0.043979
v 0.007134 0.395329 -0.071164
v 0.019258 0.383906 -0.076397
v -0.005014 0.384053 -0.076654
v 0.014254 0.392236 -0.077045
v 0.007185 0.390747 -0.078618
v 0.007133 0.383532 -0.077811
v 0.000103 0.392322 -0.077195
v 0.020632 0.292551 -0.031080
v 0.018495 0.305372 -0.049048
v 0.038770 0.304430 -0.035735
v 0.020027 0.296646 -0.041771
v 0.026904 0.297920 -0.040252
v 0.029320 0.304437 -0.043470
v 0.030932 0.296139 -0.034611
v 0.044259 0.394422 -0.059855
v 0.056887 0.382540 -0.057798
v 0.036612 0.383482 -0.071111
v 0.053315 0.391022 -0.060985
v 0.048165 0.389746 -0.066135
v 0.047436 0.382547 -0.065534
v 0.041494 0.391571 -0.068747
v 0.030430 0.291776 -0.019545
v 0.038770 0.304430 -0.035735
v 0.048612 0.302992 -0.013592
v 0.035831 0.295752 -0.028843
v 0.040841 0.296819 -0.023844
v 0.044835 0.303211 -0.025204
v 0.041124 0.294978 -0.016934
v 0.069358 0.392438 -0.030306
v 0.078460 0.380174 -0.021844
v 0.068619 0.381613 -0.043986
v 0.077468 0.388727 -0.026395
v 0.075870 0.387556 -0.033518
v 0.074684 0.380393 -0.033456
v 0.071730 0.389566 -0.039305
v 0.032422 0.290827 -0.004552
v 0.048612 0.302992 -0.013592
v 0.044895 0.301513 0.010350
v 0.042121 0.294504 -0.009437
v 0.043675 0.295469 -0.002518
v 0.047990 0.301708 -0.001463
v 0.040121 0.293709 0.003440
v 0.074462 0.390007 0.008100
v 0.077129 0.377559 0.020051
v 0.080846 0.379038 -0.003891
v 0.079046 0.386082 0.015744
v 0.081504 0.384872 0.008876
v 0.080224 0.377754 0.008238
v 0.081213 0.386944 0.001785
v 0.025976 0.290005 0.009139
v 0.044895 0.301513 0.010350
v 0.028799 0.300464 0.028490
v 0.036898 0.293297 0.010285
v 0.034506 0.294299 0.016956
v 0.037783 0.300406 0.020217
v 0.028241 0.292733 0.020042
v 0.057950 0.387901 0.043170
v 0.053315 0.375526 0.054583
v 0.069411 0.376575 0.036443
v 0.057547 0.383925 0.052052
v 0.063278 0.382547 0.047588
v 0.062299 0.375468 0.046310
v 0.066931 0.384536 0.041475
v 0.000409 -0.350675 -0.011412
v -0.004652 -0.342747 -0.017706
v 0.008885 -0.343531 -0.013688
v -0.003370 -0.348283 -0.015813
v 0.002026 -0.347652 -0.016273
v 0.002623 -0.343231 -0.017422
v 0.006202 -0.348837 -0.012972
v 0.001818 -0.300460 -0.006366
v 0.009856 -0.308927 -0.010210
v -0.003681 -0.308144 -0.014228
v 0.006895 -0.303188 -0.009392
v 0.003322 -0.304008 -0.012126
v 0.003490 -0.308413 -0.013551
v -0.001052 -0.302728 -0.011751
v 0.010240 -0.351044 -0.002491
v 0.011983 -0.343647 -0.010876
v 0.017311 -0.343572 0.002223
v 0.011311 -0.349029 -0.008336
v 0.015043 -0.348141 -0.004461
v 0.016311 -0.343745 -0.005002
v 0.015079 -0.348975 0.000927
v 0.007153 -0.300660 -0.001525
v 0.015184 -0.308852 0.002889
v 0.009856 -0.308927 -0.010210
v 0.012691 -0.303244 0.000719
v 0.012591 -0.304356 -0.003716
v 0.013811 -0.308801 -0.004186
v 0.009563 -0.303288 -0.006972
v 0.009425 -0.350548 0.010756
v 0.017054 -0.343415 0.006399
v 0.010162 -0.342538 0.018716
v 0.014655 -0.348717 0.007811
v 0.013964 -0.347484 0.013077
v 0.015176 -0.343053 0.013440
v 0.009781 -0.348097 0.016521
v 0.006710 -0.300391 0.005663
v 0.008291 -0.307975 0.015206
v 0.015184 -0.308852 0.002889
v 0.008423 -0.302594 0.011544
v 0.011822 -0.303888 0.008773
v 0.012955 -0.308279 0.009719
v 0.012469 -0.303109 0.004313
v -0.001424 -0.349559 0.018353
v 0.006743 -0.342226 0.021110
v -0.007180 -0.341207 0.023370
v 0.004143 -0.347583 0.020469
v -0.000400 -0.346175 0.023136
v 0.000072 -0.341677 0.024017
v -0.005702 -0.346862 0.022067
v 0.000823 -0.299854 0.009786
v -0.005632 -0.306956 0.017466
v 0.008291 -0.307975 0.015206
v -0.002695 -0.301728 0.014932
v 0.001595 -0.302956 0.015935
v 0.001566 -0.307242 0.017695
v 0.005479 -0.302326 0.013606
v -0.014136 -0.348823 0.014580
v -0.011187 -0.340975 0.022181
v -0.021656 -0.340582 0.012681
v -0.012309 -0.346480 0.020106
v -0.017231 -0.345200 0.018140
v -0.017626 -0.340653 0.018764
v -0.019712 -0.346202 0.013389
v -0.006075 -0.299455 0.007738
v -0.016101 -0.306562 0.007967
v -0.005632 -0.306956 0.017466
v -0.012290 -0.301297 0.008332
v -0.010390 -0.302262 0.012378
v -0.011779 -0.306469 0.013734
v -0.006144 -0.301528 0.013909
v -0.019140 -0.348894 0.002277
v -0.023233 -0.340605 0.008804
v -0.022365 -0.341133 -0.005301
v -0.022312 -0.346239 0.006995
v -0.023856 -0.345294 0.001852
v -0.024592 -0.340751 0.001636
v -0.021698 -0.346613 -0.002978
v -0.008790 -0.299494 0.001062
v -0.015232 -0.307091 -0.006139
v -0.016101 -0.306562 0.007967
v -0.013138 -0.301627 -0.003287
v -0.015107 -0.302329 0.000780
v -0.017031 -0.306543 0.000819
v -0.013648 -0.301316 0.004994
v -0.012667 -0.349718 -0.009290
v -0.020325 -0.341393 -0.008947
v -0.008773 -0.342446 -0.017037
v -0.018334 -0.347041 -0.008990
v -0.015286 -0.346385 -0.013463
v -0.015580 -0.341899 -0.014468
v -0.010166 -0.347785 -0.014710
v -0.005277 -0.299941 -0.005215
v -0.003681 -0.308144 -0.014228
v -0.015232 -0.307091 -0.006139
v -0.004600 -0.302468 -0.011175
v -0.009005 -0.303106 -0.010125
v -0.010236 -0.307409 -0.011324
v -0.011382 -0.301850 -0.006426
v -0.024991 -0.177004 0.002905
v -0.025028 -0.176582 0.002776
v -0.024721 -0.176584 0.002836
v -0.025018 -0.176880 0.002811
v -0.024857 -0.176825 0.002786
v -0.024826 -0.176582 0.002763
v -0.024800 -0.176881 0.002853
v -0.024961 -0.147426 0.003242
v -0.024923 -0.147008 0.003383
v -0.024654 -0.147427 0.003302
v -0.024949 -0.147129 0.003286
v -0.024789 -0.147184 0.003259
v -0.024732 -0.147131 0.003328
v -0.024759 -0.147426 0.003228
v -0.022382 -0.177160 0.012266
v -0.022111 -0.176739 0.012198
v -0.022343 -0.176742 0.012408
v -0.022191 -0.177036 0.012215
v -0.022204 -0.176983 0.012304
v -0.022164 -0.176741 0.012315
v -0.022355 -0.177038 0.012364
v -0.022313 -0.147164 0.012745
v -0.022277 -0.147586 0.012874
v -0.022044 -0.147583 0.012663
v -0.022287 -0.147288 0.012839
v -0.022136 -0.147342 0.012777
v -0.022097 -0.147585 0.012781
v -0.022123 -0.147286 0.012690
v -0.043718 -0.177045 0.008123
v -0.043986 -0.176625 0.008205
v -0.043754 -0.176622 0.007995
v -0.043908 -0.176922 0.008178
v -0.043895 -0.176866 0.008092
v -0.043934 -0.176623 0.008088
v -0.043744 -0.176920 0.008030
v -0.043649 -0.147048 0.008602
v -0.043687 -0.147466 0.008461
v -0.043920 -0.147469 0.008671
v -0.043676 -0.147170 0.008505
v -0.043827 -0.147225 0.008565
v -0.043867 -0.147467 0.008553
v -0.043840 -0.147172 0.008653
v -0.041108 -0.177200 0.017485
v -0.041070 -0.176782 0.017627
v -0.041377 -0.176781 0.017567
v -0.041081 -0.177079 0.017583
v -0.041242 -0.177024 0.017609
v -0.041271 -0.176782 0.017640
v -0.041299 -0.177077 0.017540
v -0.041040 -0.147204 0.017964
v -0.041310 -0.147624 0.018033
v -0.041003 -0.147626 0.018092
v -0.041231 -0.147327 0.018015
v -0.041174 -0.147383 0.018083
v -0.041205 -0.147626 0.018106
v -0.041013 -0.147328 0.018058
v -0.006764 -0.178882 0.015728
v -0.006912 -0.178464 0.015732
v -0.006830 -0.178479 0.015431
v -0.006864 -0.178760 0.015741
v -0.006880 -0.178715 0.015576
v -0.006911 -0.178476 0.015531
v -0.006807 -0.178771 0.015528
v -0.007620 -0.149360 0.014084
v -0.007493 -0.148939 0.014032
v -0.007538 -0.149375 0.013782
v -0.007587 -0.149063 0.014059
v -0.007600 -0.149126 0.013900
v -0.007529 -0.149073 0.013846
v -0.007619 -0.149371 0.013882
v 0.002760 -0.178760 0.013794
v 0.002695 -0.178357 0.013496
v 0.002887 -0.178339 0.013742
v 0.002718 -0.178649 0.013593
v 0.002803 -0.178591 0.013609
v 0.002808 -0.178351 0.013556
v 0.002854 -0.178636 0.013767
v 0.002032 -0.148817 0.012098
v 0.002179 -0.149234 0.012094
v 0.001987 -0.149253 0.011848
v 0.002132 -0.148938 0.012085
v 0.002084 -0.149002 0.011934
v 0.002100 -0.149246 0.011908
v 0.001996 -0.148951 0.011911
v -0.002916 -0.177711 0.034748
v -0.002871 -0.177275 0.034998
v -0.003064 -0.177294 0.034752
v -0.002880 -0.177576 0.034934
v -0.002968 -0.177525 0.034912
v -0.002984 -0.177281 0.034937
v -0.003016 -0.177589 0.034760
v -0.003644 -0.147768 0.033052
v -0.003771 -0.148189 0.033103
v -0.003579 -0.148170 0.033349
v -0.003738 -0.147892 0.033078
v -0.003687 -0.147936 0.033236
v -0.003692 -0.148176 0.033289
v -0.003602 -0.147879 0.033252
v 0.006609 -0.177589 0.032813
v 0.006736 -0.177168 0.032761
v 0.006654 -0.177153 0.033063
v 0.006703 -0.177465 0.032786
v 0.006715 -0.177401 0.032945
v 0.006735 -0.177157 0.032963
v 0.006645 -0.177454 0.033000
v 0.005880 -0.147646 0.031117
v 0.005946 -0.148048 0.031415
v 0.006028 -0.148063 0.031113
v 0.005923 -0.147757 0.031318
v 0.005996 -0.147812 0.031269
v 0.006027 -0.148052 0.031315
v 0.005980 -0.147767 0.031104
v 0.023659 -0.169198 0.008440
v 0.023698 -0.168771 0.008552
v 0.023400 -0.168764 0.008457
v 0.023679 -0.169070 0.008530
v 0.023519 -0.169008 0.008533
v 0.023497 -0.168763 0.008542
v 0.023469 -0.169065 0.008462
v 0.024927 -0.139691 0.006772
v 0.024923 -0.139280 0.006609
v 0.024629 -0.139685 0.006677
v 0.024933 -0.139398 0.006714
v 0.024769 -0.139445 0.006724
v 0.024722 -0.139393 0.006647
v 0.024725 -0.139684 0.006762
v 0.022142 -0.169720 -0.001147
v 0.021883 -0.169287 -0.001130
v 0.022138 -0.169309 -0.001311
v 0.021952 -0.169587 -0.001124
v 0.021977 -0.169539 -0.001213
v 0.021949 -0.169296 -0.001240
v 0.022132 -0.169603 -0.001252
v 0.023406 -0.139803 -0.002978
v 0.023367 -0.140229 -0.003090
v 0.023112 -0.140207 -0.002909
v 0.023385 -0.139931 -0.003068
v 0.023226 -0.139976 -0.003022
v 0.023178 -0.140217 -0.003020
v 0.023206 -0.139915 -0.002940
v 0.042843 -0.170191 0.005458
v 0.043137 -0.169786 0.005389
v 0.042883 -0.169764 0.005570
v 0.043044 -0.170078 0.005420
v 0.043023 -0.170018 0.005502
v 0.043072 -0.169777 0.005500
v 0.042864 -0.170063 0.005548
v 0.044107 -0.140273 0.003627
v 0.044112 -0.140685 0.003791
v 0.044366 -0.140706 0.003610
v 0.044118 -0.140391 0.003732
v 0.044272 -0.140454 0.003693
v 0.044300 -0.140697 0.003720
v 0.044298 -0.140406 0.003604
v 0.041326 -0.170713 -0.004129
v 0.041322 -0.170302 -0.004292
v 0.041620 -0.170309 -0.004197
v 0.041316 -0.170596 -0.004234
v 0.041481 -0.170549 -0.004244
v 0.041524 -0.170310 -0.004282
v 0.041527 -0.170601 -0.004167
v 0.042590 -0.140796 -0.005959
v 0.042849 -0.141229 -0.005977
v 0.042551 -0.141222 -0.006072
v 0.042781 -0.140929 -0.005982
v 0.042730 -0.140985 -0.006053
v 0.042753 -0.141230 -0.006062
v 0.042570 -0.140924 -0.006050
v -0.000673 -0.158160 -0.017665
v -0.000543 -0.157737 -0.017669
v -0.000639 -0.157750 -0.017372
v -0.000577 -0.158035 -0.017675
v -0.000572 -0.157986 -0.017510
v -0.000554 -0.157745 -0.017468
v -0.000646 -0.158044 -0.017464
v -0.001114 -0.128604 -0.016555
v -0.001261 -0.128188 -0.016518
v -0.001211 -0.128617 -0.016258
v -0.001161 -0.128308 -0.016538
v -0.001153 -0.128369 -0.016377
v -0.001229 -0.128317 -0.016327
v -0.001125 -0.128612 -0.016353
v -0.010283 -0.158403 -0.016225
v -0.010249 -0.157994 -0.015933
v -0.010429 -0.157987 -0.016189
v -0.010256 -0.158287 -0.016025
v -0.010342 -0.158234 -0.016047
v -0.010359 -0.157993 -0.015999
v -0.010383 -0.158283 -0.016206
v -0.010871 -0.128431 -0.015079
v -0.011001 -0.128854 -0.015074
v -0.010821 -0.128861 -0.014818
v -0.010966 -0.128557 -0.015069
v -0.010923 -0.128616 -0.014914
v -0.010931 -0.128860 -0.014885
v -0.010839 -0.128561 -0.014888
v -0.003567 -0.157482 -0.036876
v -0.003617 -0.157053 -0.037137
v -0.003437 -0.157059 -0.036881
v -0.003599 -0.157352 -0.037067
v -0.003515 -0.157297 -0.037041
v -0.003507 -0.157053 -0.037070
v -0.003472 -0.157357 -0.036886
v -0.004155 -0.127510 -0.035730
v -0.004009 -0.127926 -0.035766
v -0.004189 -0.127919 -0.036022
v -0.004055 -0.127630 -0.035749
v -0.004096 -0.127679 -0.035908
v -0.004079 -0.127920 -0.035956
v -0.004182 -0.127626 -0.035930
v -0.013177 -0.157726 -0.035437
v -0.013324 -0.157309 -0.035400
v -0.013227 -0.157296 -0.035697
v -0.013277 -0.157605 -0.035417
v -0.013285 -0.157545 -0.035578
v -0.013313 -0.157301 -0.035602
v -0.013209 -0.157596 -0.035628
v -0.013765 -0.127753 -0.034290
v -0.013799 -0.128163 -0.034583
v -0.013895 -0.128176 -0.034286
v -0.013792 -0.127869 -0.034491
v -0.013866 -0.127927 -0.034445
v -0.013884 -0.128168 -0.034487
v -0.013861 -0.127879 -0.034280
v -0.016199 0.002525 0.007904
v -0.016218 0.002934 0.007735
v -0.015912 0.002927 0.007798
v -0.016220 0.002641 0.007798
v -0.016057 0.002687 0.007770
v -0.016017 0.002925 0.007724
v -0.016003 0.002636 0.007843
v -0.015021 0.031975 0.005393
v -0.014968 0.032403 0.005494
v -0.014715 0.031968 0.005457
v -0.014998 0.032274 0.005409
v -0.014840 0.032211 0.005390
v -0.014782 0.032269 0.005454
v -0.014819 0.031966 0.005382
v -0.013685 0.003177 0.017270
v -0.013398 0.003578 0.017165
v -0.013632 0.003605 0.017371
v -0.013489 0.003288 0.017210
v -0.013501 0.003350 0.017293
v -0.013451 0.003590 0.017281
v -0.013655 0.003306 0.017356
v -0.012454 0.033055 0.014861
v -0.012435 0.032646 0.015030
v -0.012201 0.032620 0.014823
v -0.012433 0.032939 0.014966
v -0.012284 0.032874 0.014912
v -0.012254 0.032631 0.014940
v -0.012268 0.032920 0.014820
v -0.034961 0.003698 0.012858
v -0.035214 0.004134 0.012895
v -0.034980 0.004107 0.012689
v -0.035147 0.003833 0.012898
v -0.035130 0.003879 0.012807
v -0.035160 0.004122 0.012779
v -0.034981 0.003814 0.012752
v -0.033729 0.033576 0.010448
v -0.033783 0.033148 0.010347
v -0.034017 0.033175 0.010554
v -0.033760 0.033447 0.010363
v -0.033913 0.033404 0.010426
v -0.033963 0.033163 0.010437
v -0.033925 0.033465 0.010509
v -0.032447 0.004350 0.022224
v -0.032393 0.004778 0.022325
v -0.032700 0.004785 0.022262
v -0.032416 0.004479 0.022310
v -0.032575 0.004542 0.022329
v -0.032595 0.004787 0.022336
v -0.032633 0.004484 0.022265
v -0.031215 0.034228 0.019815
v -0.031503 0.033826 0.019920
v -0.031196 0.033819 0.019984
v -0.031411 0.034117 0.019875
v -0.031358 0.034066 0.019948
v -0.031398 0.033828 0.019995
v -0.031195 0.034112 0.019920
v -0.000373 0.014641 0.015517
v -0.000532 0.015052 0.015554
v -0.000467 0.015057 0.015248
v -0.000476 0.014758 0.015542
v -0.000501 0.014812 0.015381
v -0.000542 0.015053 0.015352
v -0.000429 0.014762 0.015326
v -0.002221 0.044163 0.015687
v -0.002110 0.044590 0.015654
v -0.002155 0.044168 0.015381
v -0.002198 0.044462 0.015678
v -0.002218 0.044407 0.015517
v -0.002152 0.044465 0.015462
v -0.002230 0.044163 0.015485
v 0.009024 0.015197 0.013094
v 0.008930 0.015614 0.012825
v 0.009135 0.015624 0.013061
v 0.008968 0.015318 0.012903
v 0.009052 0.015377 0.012918
v 0.009046 0.015620 0.012879
v 0.009113 0.015326 0.013070
v 0.007287 0.045146 0.013231
v 0.007447 0.044735 0.013195
v 0.007242 0.044724 0.012958
v 0.007390 0.045029 0.013206
v 0.007335 0.044972 0.013054
v 0.007358 0.044731 0.013013
v 0.007245 0.045022 0.013039
v 0.004470 0.014835 0.034343
v 0.004516 0.015257 0.034616
v 0.004310 0.015247 0.034380
v 0.004512 0.014960 0.034535
v 0.004422 0.015010 0.034521
v 0.004399 0.015251 0.034561
v 0.004367 0.014953 0.034368
v 0.002733 0.044785 0.034480
v 0.002622 0.044357 0.034513
v 0.002827 0.044368 0.034750
v 0.002645 0.044656 0.034505
v 0.002706 0.044605 0.034656
v 0.002711 0.044362 0.034695
v 0.002790 0.044664 0.034672
v 0.013867 0.015392 0.031920
v 0.013978 0.015819 0.031887
v 0.013912 0.015814 0.032193
v 0.013955 0.015520 0.031896
v 0.013975 0.015575 0.032057
v 0.013988 0.015818 0.032089
v 0.013909 0.015516 0.032112
v 0.012130 0.045341 0.032057
v 0.012224 0.044924 0.032327
v 0.012290 0.044930 0.032021
v 0.012186 0.045220 0.032249
v 0.012259 0.045170 0.032193
v 0.012299 0.044929 0.032223
v 0.012233 0.045224 0.032032
v 0.015670 0.020022 0.006135
v 0.015676 0.020448 0.006256
v 0.015379 0.020435 0.006157
v 0.015680 0.020150 0.006228
v 0.015515 0.020199 0.006230
v 0.015474 0.020441 0.006244
v 0.015470 0.020140 0.006158
v 0.014741 0.049569 0.005071
v 0.014708 0.049982 0.004915
v 0.014444 0.049556 0.004972
v 0.014726 0.049864 0.005018
v 0.014565 0.049804 0.005026
v 0.014516 0.049854 0.004949
v 0.014540 0.049562 0.005058
v 0.014301 0.019587 -0.003479
v 0.014010 0.019999 -0.003456
v 0.014267 0.020000 -0.003634
v 0.014101 0.019705 -0.003455
v 0.014124 0.019757 -0.003543
v 0.014077 0.019997 -0.003565
v 0.014283 0.019706 -0.003581
v 0.013339 0.049547 -0.004698
v 0.013333 0.049121 -0.004819
v 0.013075 0.049120 -0.004641
v 0.013329 0.049420 -0.004791
v 0.013173 0.049362 -0.004748
v 0.013143 0.049118 -0.004751
v 0.013147 0.049419 -0.004665
v 0.034906 0.020528 0.003372
v 0.035169 0.020954 0.003315
v 0.034912 0.020953 0.003494
v 0.035098 0.020656 0.003339
v 0.035071 0.020713 0.003422
v 0.035102 0.020957 0.003425
v 0.034916 0.020655 0.003465
v 0.033944 0.050487 0.002153
v 0.033977 0.050074 0.002308
v 0.034235 0.050075 0.002130
v 0.033962 0.050369 0.002256
v 0.034121 0.050318 0.002217
v 0.034167 0.050077 0.002240
v 0.034144 0.050370 0.002130
v 0.033537 0.020092 -0.006241
v 0.033504 0.020505 -0.006397
v 0.033800 0.020519 -0.006298
v 0.033519 0.020211 -0.006344
v 0.033680 0.020270 -0.006351
v 0.033705 0.020512 -0.006384
v 0.033729 0.020220 -0.006274
v 0.032575 0.050052 -0.007460
v 0.032866 0.049640 -0.007483
v 0.032569 0.049626 -0.007582
v 0.032775 0.049934 -0.007483
v 0.032729 0.049875 -0.007556
v 0.032770 0.049633 -0.007569
v 0.032565 0.049925 -0.007553
v -0.001869 0.012967 -0.018564
v -0.001745 0.013390 -0.018610
v -0.001806 0.013395 -0.018303
v -0.001777 0.013093 -0.018593
v -0.001753 0.013151 -0.018433
v -0.001732 0.013395 -0.018408
v -0.001820 0.013096 -0.018376
v -0.002552 0.042534 -0.019179
v -0.002699 0.042950 -0.019150
v -0.002613 0.042538 -0.018872
v -0.002600 0.042829 -0.019174
v -0.002573 0.042779 -0.019012
v -0.002643 0.042832 -0.018957
v -0.002539 0.042538 -0.018977
v -0.011238 0.012758 -0.015985
v -0.011175 0.013186 -0.015723
v -0.011384 0.013175 -0.015956
v -0.011189 0.012887 -0.015796
v -0.011278 0.012938 -0.015811
v -0.011292 0.013181 -0.015776
v -0.011337 0.012879 -0.015961
v -0.012068 0.042741 -0.016571
v -0.012191 0.042318 -0.016526
v -0.011982 0.042329 -0.016293
v -0.012160 0.042616 -0.016542
v -0.012098 0.042566 -0.016390
v -0.012099 0.042325 -0.016346
v -0.012012 0.042623 -0.016378
v -0.007016 0.012459 -0.037303
v -0.007102 0.012871 -0.037582
v -0.006893 0.012881 -0.037349
v -0.007072 0.012576 -0.037497
v -0.006986 0.012634 -0.037484
v -0.006985 0.012875 -0.037529
v -0.006924 0.012584 -0.037332
v -0.007846 0.042441 -0.037889
v -0.007700 0.042025 -0.037918
v -0.007909 0.042014 -0.038151
v -0.007748 0.042321 -0.037913
v -0.007806 0.042262 -0.038063
v -0.007792 0.042019 -0.038098
v -0.007896 0.042313 -0.038078
v -0.016385 0.012250 -0.034724
v -0.016532 0.012666 -0.034695
v -0.016471 0.012662 -0.035002
v -0.016484 0.012370 -0.034700
v -0.016511 0.012421 -0.034862
v -0.016545 0.012662 -0.034897
v -0.016441 0.012367 -0.034917
v -0.017216 0.042232 -0.035310
v -0.017278 0.041805 -0.035572
v -0.017339 0.041810 -0.035265
v -0.017265 0.042104 -0.035499
v -0.017331 0.042049 -0.035441
v -0.017352 0.041805 -0.035466
v -0.017308 0.042107 -0.035281
v -0.031579 0.186674 -0.007245
v -0.031598 0.187102 -0.007358
v -0.031297 0.187092 -0.007274
v -0.031596 0.186803 -0.007335
v -0.031433 0.186855 -0.007344
v -0.031396 0.187098 -0.007355
v -0.031383 0.186796 -0.007275
v -0.031100 0.216210 -0.005692
v -0.031066 0.216621 -0.005531
v -0.030798 0.216200 -0.005607
v -0.031087 0.216504 -0.005635
v -0.030926 0.216447 -0.005650
v -0.030874 0.216497 -0.005575
v -0.030898 0.216206 -0.005689
v -0.029761 0.186098 0.002286
v -0.029479 0.186515 0.002258
v -0.029728 0.186508 0.002447
v -0.029565 0.186219 0.002256
v -0.029584 0.186269 0.002345
v -0.029541 0.186510 0.002370
v -0.029741 0.186214 0.002390
v -0.029248 0.216044 0.004000
v -0.029229 0.215617 0.004114
v -0.028980 0.215623 0.003924
v -0.029232 0.215915 0.004090
v -0.029077 0.215861 0.004039
v -0.029042 0.215618 0.004036
v -0.029056 0.215920 0.003956
v -0.050673 0.186792 -0.003596
v -0.050941 0.187213 -0.003519
v -0.050692 0.187220 -0.003709
v -0.050866 0.186916 -0.003551
v -0.050844 0.186975 -0.003634
v -0.050879 0.187219 -0.003632
v -0.050690 0.186921 -0.003686
v -0.050160 0.216739 -0.001881
v -0.050194 0.216328 -0.002043
v -0.050443 0.216322 -0.001853
v -0.050181 0.216622 -0.001986
v -0.050337 0.216568 -0.001940
v -0.050381 0.216327 -0.001965
v -0.050357 0.216617 -0.001851
v -0.048855 0.186216 0.005935
v -0.048822 0.186627 0.006097
v -0.049123 0.186637 0.006012
v -0.048835 0.186333 0.006039
v -0.048996 0.186389 0.006055
v -0.049024 0.186630 0.006094
v -0.049048 0.186340 0.005980
v -0.048342 0.216162 0.007650
v -0.048625 0.215745 0.007678
v -0.048323 0.215735 0.007763
v -0.048539 0.216041 0.007680
v -0.048489 0.215981 0.007749
v -0.048525 0.215738 0.007760
v -0.048326 0.216034 0.007740
v -0.000952 0.181646 0.027723
v -0.001079 0.182070 0.027739
v -0.000988 0.182063 0.027440
v -0.001046 0.181772 0.027737
v -0.001054 0.181824 0.027574
v -0.001072 0.182066 0.027537
v -0.000982 0.181767 0.027526
v -0.000311 0.211216 0.027249
v -0.000162 0.211632 0.027218
v -0.000219 0.211208 0.026949
v -0.000262 0.211511 0.027237
v -0.000273 0.211455 0.027076
v -0.000198 0.211506 0.027025
v -0.000303 0.211212 0.027047
v 0.008628 0.181366 0.026105
v 0.008593 0.181783 0.025821
v 0.008777 0.181782 0.026074
v 0.008598 0.181487 0.025907
v 0.008686 0.181540 0.025929
v 0.008704 0.181781 0.025886
v 0.008729 0.181487 0.026086
v 0.009419 0.211352 0.025600
v 0.009546 0.210928 0.025584
v 0.009361 0.210929 0.025331
v 0.009513 0.211226 0.025586
v 0.009467 0.211170 0.025430
v 0.009472 0.210927 0.025396
v 0.009382 0.211226 0.025407
v 0.002292 0.181883 0.046889
v 0.002350 0.182306 0.047158
v 0.002166 0.182307 0.046905
v 0.002329 0.182009 0.047082
v 0.002244 0.182065 0.047059
v 0.002239 0.182308 0.047093
v 0.002198 0.182009 0.046903
v 0.003083 0.211868 0.046384
v 0.002934 0.211453 0.046415
v 0.003118 0.211452 0.046667
v 0.002982 0.211748 0.046403
v 0.003025 0.211695 0.046560
v 0.003007 0.211454 0.046603
v 0.003113 0.211748 0.046582
v 0.011873 0.181603 0.045270
v 0.012022 0.182019 0.045240
v 0.011930 0.182027 0.045539
v 0.011973 0.181724 0.045252
v 0.011984 0.181780 0.045413
v 0.012014 0.182023 0.045442
v 0.011909 0.181729 0.045464
v 0.012663 0.211589 0.044766
v 0.012699 0.211172 0.045049
v 0.012790 0.211165 0.044750
v 0.012693 0.211468 0.044963
v 0.012765 0.211411 0.044915
v 0.012783 0.211169 0.044952
v 0.012757 0.211463 0.044752
v 0.019896 0.185735 0.000901
v 0.019928 0.186157 0.001031
v 0.019629 0.186162 0.000937
v 0.019914 0.185859 0.000996
v 0.019753 0.185918 0.001003
v 0.019726 0.186161 0.001022
v 0.019703 0.185863 0.000930
v 0.020605 0.215303 0.000450
v 0.020592 0.215721 0.000303
v 0.020306 0.215308 0.000355
v 0.020605 0.215599 0.000403
v 0.020441 0.215549 0.000412
v 0.020394 0.215603 0.000336
v 0.020403 0.215308 0.000440
v 0.018370 0.185579 -0.008697
v 0.018103 0.186006 -0.008662
v 0.018358 0.185996 -0.008844
v 0.018177 0.185707 -0.008668
v 0.018202 0.185759 -0.008755
v 0.018169 0.186002 -0.008772
v 0.018357 0.185700 -0.008797
v 0.019066 0.215565 -0.009295
v 0.019035 0.215143 -0.009425
v 0.018780 0.215152 -0.009243
v 0.019048 0.215440 -0.009391
v 0.018890 0.215390 -0.009346
v 0.018845 0.215148 -0.009354
v 0.018868 0.215447 -0.009262
v 0.039090 0.185228 -0.002142
v 0.039376 0.185641 -0.002194
v 0.039121 0.185650 -0.002012
v 0.039288 0.185346 -0.002176
v 0.039266 0.185403 -0.002091
v 0.039310 0.185645 -0.002084
v 0.039108 0.185353 -0.002047
v 0.039786 0.215214 -0.002740
v 0.039798 0.214797 -0.002594
v 0.040053 0.214787 -0.002776
v 0.039799 0.215093 -0.002640
v 0.039954 0.215034 -0.002682
v 0.039987 0.214791 -0.002665
v 0.039979 0.215086 -0.002769
v 0.037564 0.185072 -0.011740
v 0.037551 0.185490 -0.011887
v 0.037850 0.185485 -0.011793
v 0.037551 0.185194 -0.011841
v 0.037715 0.185244 -0.011849
v 0.037753 0.185485 -0.011878
v 0.037762 0.185190 -0.011774
v 0.038260 0.215058 -0.012339
v 0.038527 0.214631 -0.012374
v 0.038228 0.214636 -0.012469
v 0.038452 0.214930 -0.012367
v 0.038403 0.214875 -0.012440
v 0.038430 0.214632 -0.012459
v 0.038241 0.214934 -0.012434
v -0.003086 0.190112 -0.024819
v -0.002978 0.190539 -0.024869
v -0.003038 0.190544 -0.024562
v -0.002999 0.190240 -0.024849
v -0.002977 0.190301 -0.024690
v -0.002965 0.190545 -0.024667
v -0.003041 0.190244 -0.024632
v -0.004785 0.219631 -0.025690
v -0.004946 0.220043 -0.025664
v -0.004846 0.219636 -0.025383
v -0.004843 0.219925 -0.025687
v -0.004814 0.219877 -0.025525
v -0.004886 0.219929 -0.025470
v -0.004772 0.219637 -0.025488
v -0.012439 0.189604 -0.022222
v -0.012391 0.190036 -0.021965
v -0.012600 0.190016 -0.022197
v -0.012394 0.189736 -0.022035
v -0.012485 0.189784 -0.022050
v -0.012508 0.190027 -0.022017
v -0.012542 0.189722 -0.022200
v -0.014299 0.219535 -0.023067
v -0.014408 0.219108 -0.023018
v -0.014199 0.219128 -0.022786
v -0.014387 0.219407 -0.023037
v -0.014323 0.219361 -0.022885
v -0.014316 0.219119 -0.022838
v -0.014239 0.219421 -0.022873
v -0.008240 0.189264 -0.043545
v -0.008340 0.189670 -0.043826
v -0.008131 0.189690 -0.043594
v -0.008300 0.189378 -0.043739
v -0.008216 0.189438 -0.043727
v -0.008223 0.189679 -0.043774
v -0.008152 0.189391 -0.043575
v -0.010099 0.219194 -0.044389
v -0.009939 0.218782 -0.044415
v -0.010147 0.218763 -0.044647
v -0.009996 0.219076 -0.044412
v -0.010053 0.219014 -0.044562
v -0.010030 0.218771 -0.044595
v -0.010144 0.219063 -0.044577
v -0.017592 0.188756 -0.040948
v -0.017753 0.189167 -0.040922
v -0.017693 0.189163 -0.041229
v -0.017695 0.188873 -0.040925
v -0.017724 0.188922 -0.041087
v -0.017766 0.189161 -0.041124
v -0.017653 0.188870 -0.041142
v -0.019452 0.218686 -0.041793
v -0.019500 0.218255 -0.042050
v -0.019561 0.218260 -0.041743
v -0.019497 0.218555 -0.041980
v -0.019562 0.218498 -0.041922
v -0.019574 0.218253 -0.041945
v -0.019540 0.218558 -0.041763
v -0.044648 0.341425 -0.006577
v -0.044676 0.332033 -0.006710
v -0.046076 0.336733 -0.006650
v -0.035552 0.344395 -0.006492
v -0.044562 0.341542 -0.006575
v -0.040504 0.344319 -0.006517
v -0.029984 0.336800 -0.006572
v -0.035552 0.344395 -0.006492
v -0.031608 0.341411 -0.006515
v -0.035598 0.329008 -0.006709
v -0.029985 0.336568 -0.006575
v -0.031636 0.331967 -0.006648
v -0.044591 0.331915 -0.006711
v -0.035598 0.329008 -0.006709
v -0.040549 0.329114 -0.006731
v -0.040401 0.331730 0.013885
v -0.040373 0.341123 0.014017
v -0.041681 0.336422 0.014520
v -0.040295 0.341240 0.013984
v -0.032045 0.344146 0.010403
v -0.036579 0.344041 0.012394
v -0.032045 0.344146 0.010403
v -0.026950 0.336585 0.008047
v -0.028435 0.341186 0.008770
v -0.026950 0.336353 0.008044
v -0.032091 0.328760 0.010186
v -0.028463 0.331743 0.008637
v -0.032091 0.328760 0.010186
v -0.040323 0.331613 0.013849
v -0.036624 0.328836 0.012180
v -0.028118 0.331453 0.030960
v -0.028090 0.340846 0.031092
v -0.029055 0.336138 0.032072
v -0.028033 0.340964 0.031030
v -0.021968 0.343919 0.024410
v -0.025300 0.343786 0.028073
v -0.021968 0.343919 0.024410
v -0.018231 0.336389 0.020167
v -0.019318 0.340981 0.021444
v -0.018231 0.336157 0.020164
v -0.022014 0.328532 0.024194
v -0.019346 0.331537 0.021311
v -0.022014 0.328532 0.024194
v -0.028061 0.331337 0.030895
v -0.025345 0.328582 0.027859
v -0.009952 0.331250 0.041563
v -0.009924 0.340642 0.041695
v -0.010381 0.335928 0.042971
v -0.009897 0.340761 0.041616
v -0.007065 0.343752 0.033108
v -0.008618 0.343600 0.037809
v -0.007065 0.343752 0.033108
v -0.005335 0.336244 0.027694
v -0.005835 0.340830 0.029313
v -0.005336 0.336012 0.027691
v -0.007111 0.328366 0.032892
v -0.005863 0.331386 0.029181
v -0.007111 0.328366 0.032892
v -0.009925 0.331134 0.041480
v -0.008664 0.328395 0.037595
v 0.010958 0.331155 0.043861
v 0.010986 0.340547 0.043993
v 0.011113 0.335831 0.045333
v 0.010978 0.340666 0.043910
v 0.010088 0.343675 0.034994
v 0.010582 0.343513 0.039919
v 0.010088 0.343675 0.034994
v 0.009508 0.336177 0.029325
v 0.009685 0.340760 0.031019
v 0.009507 0.335945 0.029322
v 0.010042 0.328288 0.034777
v 0.009657 0.331316 0.030886
v 0.010042 0.328288 0.034777
v 0.010949 0.331039 0.043774
v 0.010536 0.328308 0.039705
v 0.030995 0.331185 0.037456
v 0.031023 0.340578 0.037588
v 0.031709 0.335862 0.038749
v 0.030981 0.340696 0.037516
v 0.026525 0.343699 0.029739
v 0.028981 0.343540 0.034038
v 0.026525 0.343699 0.029739
v 0.023731 0.336199 0.024779
v 0.024557 0.340782 0.026265
v 0.023730 0.335967 0.024776
v 0.026479 0.328313 0.029523
v 0.024528 0.331338 0.026132
v 0.026479 0.328313 0.029523
v 0.030952 0.331069 0.037380
v 0.028935 0.328336 0.033824
v 0.046694 0.331336 0.023456
v 0.046722 0.340728 0.023588
v 0.047848 0.336017 0.024358
v 0.046654 0.340846 0.023539
v 0.039405 0.343823 0.018255
v 0.043397 0.343678 0.021183
v 0.039405 0.343823 0.018254
v 0.034875 0.336305 0.014841
v 0.036209 0.340893 0.015874
v 0.034875 0.336073 0.014838
v 0.039359 0.328436 0.018038
v 0.036181 0.331450 0.015741
v 0.039359 0.328436 0.018038
v 0.046625 0.331219 0.023404
v 0.043351 0.328474 0.020969
v 0.055342 0.331580 0.004282
v 0.055370 0.340972 0.004414
v 0.056737 0.336267 0.004648
v 0.055287 0.341090 0.004398
v 0.046499 0.344023 0.002525
v 0.051338 0.343902 0.003576
v 0.046499 0.344023 0.002525
v 0.041014 0.336479 0.001230
v 0.042628 0.341075 0.001643
v 0.041013 0.336246 0.001227
v 0.046453 0.328636 0.002308
v 0.042599 0.331631 0.001510
v 0.046453 0.328636 0.002308
v 0.055258 0.331463 0.004262
v 0.051292 0.328698 0.003362
v 0.055443 0.331875 -0.016751
v 0.055471 0.341268 -0.016619
v 0.056841 0.336571 -0.016973
v 0.055387 0.341385 -0.016600
v 0.046582 0.344265 -0.014730
v 0.051430 0.344174 -0.015738
v 0.046582 0.344265 -0.014730
v 0.041085 0.336688 -0.013700
v 0.042702 0.341294 -0.013968
v 0.041085 0.336456 -0.013704
v 0.046536 0.328879 -0.014947
v 0.042674 0.331850 -0.014101
v 0.046536 0.328879 -0.014947
v 0.055359 0.331758 -0.016736
v 0.051385 0.328970 -0.015952
v 0.046979 0.332172 -0.036007
v 0.047007 0.341564 -0.035875
v 0.048140 0.336876 -0.036766
v 0.046938 0.341681 -0.035823
v 0.039638 0.344508 -0.030526
v 0.043658 0.344446 -0.033419
v 0.039638 0.344508 -0.030526
v 0.035077 0.336899 -0.027369
v 0.036420 0.341514 -0.028260
v 0.035077 0.336667 -0.027372
v 0.039592 0.329122 -0.030743
v 0.036392 0.332070 -0.028393
v 0.039592 0.329122 -0.030743
v 0.046909 0.332054 -0.035959
v 0.043613 0.329242 -0.033633
v 0.031414 0.332417 -0.050155
v 0.031442 0.341809 -0.050023
v 0.032141 0.337128 -0.051309
v 0.031399 0.341926 -0.049947
v 0.026869 0.344710 -0.042133
v 0.029366 0.344671 -0.046411
v 0.026869 0.344710 -0.042133
v 0.024029 0.337073 -0.037412
v 0.024868 0.341696 -0.038761
v 0.024028 0.336841 -0.037415
v 0.026824 0.329323 -0.042349
v 0.024840 0.332253 -0.038894
v 0.026824 0.329323 -0.042349
v 0.031371 0.332299 -0.050083
v 0.029320 0.329467 -0.046625
v 0.011439 0.332570 -0.056750
v 0.011467 0.341962 -0.056617
v 0.011608 0.337285 -0.058088
v 0.011458 0.342078 -0.056531
v 0.010483 0.344835 -0.047543
v 0.011024 0.344811 -0.052466
v 0.010483 0.344835 -0.047543
v 0.009850 0.337181 -0.042093
v 0.010042 0.341809 -0.043656
v 0.009849 0.336949 -0.042096
v 0.010437 0.329448 -0.047759
v 0.010014 0.332366 -0.043789
v 0.010437 0.329448 -0.047759
v 0.011430 0.332451 -0.056666
v 0.010979 0.329607 -0.052680
v -0.009491 0.332603 -0.054650
v -0.009463 0.341995 -0.054518
v -0.009907 0.337319 -0.055930
v -0.009437 0.342111 -0.054435
v -0.006687 0.344862 -0.045821
v -0.008195 0.344842 -0.050538
v -0.006687 0.344862 -0.045821
v -0.005008 0.337205 -0.040603
v -0.005493 0.341834 -0.042098
v -0.005009 0.336973 -0.040606
v -0.006733 0.329475 -0.046037
v -0.005521 0.332390 -0.042230
v -0.006733 0.329475 -0.046037
v -0.009466 0.332484 -0.054571
v -0.008241 0.329637 -0.050752
v -0.027759 0.332510 -0.044220
v -0.027730 0.341902 -0.044088
v -0.028685 0.337224 -0.045209
v -0.027673 0.342019 -0.044023
v -0.021673 0.344786 -0.037264
v -0.024969 0.344757 -0.040961
v -0.021673 0.344786 -0.037264
v -0.017975 0.337139 -0.033199
v -0.019051 0.341765 -0.034356
v -0.017976 0.336907 -0.033202
v -0.021719 0.329399 -0.037481
v -0.019079 0.332322 -0.034489
v -0.021719 0.329399 -0.037481
v -0.027702 0.332392 -0.044158
v -0.025015 0.329553 -0.041175
v -0.040204 0.332309 -0.027262
v -0.040176 0.341701 -0.027130
v -0.041479 0.337017 -0.027777
v -0.040098 0.341818 -0.027094
v -0.031883 0.344621 -0.023353
v -0.036398 0.344572 -0.025390
v -0.031883 0.344621 -0.023353
v -0.026810 0.336996 -0.021162
v -0.028289 0.341616 -0.021770
v -0.026810 0.336764 -0.021165
v -0.031929 0.329234 -0.023569
v -0.028317 0.332172 -0.021903
v -0.031929 0.329234 -0.023569
v -0.040127 0.332191 -0.027229
v -0.036443 0.329368 -0.025604
vn -0.4534 -0.8501 -0.2678
vn -0.8297 -0.2922 -0.4756
vn -0.6507 -0.3031 -0.6962
vn -0.3220 0.8735 -0.3650
vn -0.6344 0.3005 -0.7123
vn -0.8131 0.3113 -0.4920
vn -0.1803 -0.8654 -0.4675
vn -0.3323 -0.3205 -0.8870
vn -0.0535 -0.3347 -0.9408
vn -0.0076 0.8567 -0.5158
vn -0.0273 0.2683 -0.9630
vn -0.3057 0.2825 -0.9093
vn 0.1572 -0.8818 -0.4447
vn 0.3130 -0.3522 -0.8821
vn 0.5612 -0.3631 -0.7438
vn 0.3301 0.8409 -0.4289
vn 0.5989 0.2393 -0.7643
vn 0.3511 0.2502 -0.9023
vn 0.4011 -0.8916 -0.2101
vn 0.8043 -0.3725 -0.4629
vn 0.9058 -0.3750 -0.1973
vn 0.5331 0.8335 -0.1451
vn 0.9511 0.2271 -0.2091
vn 0.8499 0.2297 -0.4743
vn 0.4374 -0.8903 0.1266
vn 0.9118 -0.3719 0.1742
vn 0.8190 -0.3648 0.4429
vn 0.5065 0.8380 0.2030
vn 0.8647 0.2374 0.4426
vn 0.9573 0.2304 0.1744
vn 0.2491 -0.8784 0.4078
vn 0.5851 -0.3507 0.7313
vn 0.3414 -0.3373 0.8773
vn 0.2626 0.8523 0.4523
vn 0.3800 0.2653 0.8861
vn 0.6232 0.2520 0.7403
vn -0.0758 -0.8616 0.5019
vn -0.0230 -0.3188 0.9476
vn -0.3034 -0.3054 0.9026
vn -0.0844 0.8697 0.4863
vn -0.2762 0.2978 0.9138
vn 0.0038 0.2845 0.9587
vn -0.3851 -0.8477 0.3649
vn -0.6278 -0.2911 0.7219
vn -0.8138 -0.2839 0.5070
vn -0.3721 0.8820 0.2891
vn -0.7968 0.3197 0.5127
vn -0.6111 0.3126 0.7272
vn -0.5342 -0.8431 0.0609
vn -0.9464 -0.2806 0.1599
vn -0.9510 -0.2830 -0.1244
vn -0.4660 0.8835 -0.0472
vn -0.9383 0.3208 -0.1295
vn -0.9337 0.3232 0.1543
vn -0.0000 -1.0000 -0.0000
vn -0.2398 -0.9178 -0.3164
vn -0.4613 0.3755 -0.8039
vn -0.1531 0.9278 -0.3401
vn -0.8617 0.0074 -0.5074
vn -0.6741 -0.0040 -0.7387
vn -0.0425 -0.0374 -0.9984
vn -0.3348 -0.0226 -0.9420
vn -0.0000 -0.4472 -0.8944
vn 0.0142 -0.9307 -0.3654
vn 0.1646 0.3436 -0.9246
vn 0.1062 0.9146 -0.3901
vn 0.6083 -0.0675 -0.7908
vn 0.3481 -0.0561 -0.9358
vn 0.6860 -0.5145 -0.5145
vn 0.2403 -0.9407 -0.2394
vn 0.7218 0.3191 -0.6142
vn 0.3369 0.9045 -0.2615
vn 0.9737 -0.0802 -0.2131
vn 0.8674 -0.0775 -0.4915
vn 0.3327 -0.9430 0.0026
vn 0.9495 0.3134 -0.0180
vn 0.4313 0.9021 -0.0146
vn 0.8829 -0.0694 0.4645
vn 0.9801 -0.0768 0.1829
vn -0.0000 -0.6585 0.7526
vn 0.2482 -0.9366 0.2473
vn 0.7412 0.3292 0.5851
vn 0.3450 0.9087 0.2352
vn 0.3782 -0.0404 0.9248
vn 0.6335 -0.0544 0.7718
vn -0.0000 -0.3417 0.9398
vn 0.0263 -0.9245 0.3804
vn 0.1943 0.3591 0.9128
vn 0.1185 0.9210 0.3710
vn -0.3041 -0.0066 0.9526
vn -0.0102 -0.0206 0.9997
vn -0.2292 -0.9123 0.3394
vn -0.4352 0.3891 0.8119
vn -0.1423 0.9335 0.3292
vn -0.8448 0.0161 0.5348
vn -0.6498 0.0086 0.7600
vn -0.3987 -0.9057 0.1436
vn -0.8528 0.4052 0.3295
vn -0.3153 0.9401 0.1294
vn -0.9909 0.0172 -0.1332
vn -0.9861 0.0197 0.1648
vn -0.8829 -0.3650 -0.2954
vn -0.4029 -0.9079 -0.1154
vn -0.8631 0.3998 -0.3086
vn -0.3195 0.9379 -0.1349
vn -0.0491 -0.9988 0.0092
vn -0.5159 0.0035 -0.8566
vn -0.5641 0.0060 -0.8257
vn 0.0491 0.9988 -0.0092
vn -0.0000 -0.0282 -0.9996
vn 0.5160 -0.0759 -0.8532
vn 0.9970 -0.0775 -0.0000
vn 0.9882 -0.1534 -0.0000
vn -0.0000 -0.0691 0.9976
vn -0.7675 0.0656 0.6377
vn -0.9997 0.0258 -0.0000
vn 0.1430 -0.9414 0.3055
vn 0.3130 -0.6568 0.6860
vn 0.1059 -0.6594 0.7443
vn 0.0895 0.7775 0.6224
vn 0.1671 -0.1311 0.9772
vn 0.3703 -0.1286 0.9200
vn -0.0771 -0.9416 0.3277
vn -0.1295 -0.6579 0.7419
vn -0.3354 -0.6529 0.6791
vn -0.2336 0.7821 0.5777
vn -0.3912 -0.1240 0.9119
vn -0.1893 -0.1289 0.9734
vn -0.2743 -0.9343 0.2277
vn -0.5320 -0.6438 0.5500
vn -0.6712 -0.6328 0.3862
vn -0.4811 0.7967 0.3658
vn -0.8254 -0.0994 0.5557
vn -0.6889 -0.1102 0.7164
vn -0.3859 -0.9218 0.0372
vn -0.7666 -0.6188 0.1715
vn -0.7949 -0.6053 -0.0415
vn -0.5746 0.8167 0.0539
vn -0.9976 -0.0650 0.0218
vn -0.9699 -0.0783 0.2306
vn -0.3766 -0.9080 -0.1834
vn -0.7588 -0.5910 -0.2736
vn -0.6673 -0.5793 -0.4681
vn -0.4842 0.8358 -0.2589
vn -0.8533 -0.0319 -0.5205
vn -0.9431 -0.0433 -0.3298
vn -0.2493 -0.8974 -0.3640
vn -0.5112 -0.5692 -0.6440
vn -0.3289 -0.5630 -0.7582
vn -0.2387 0.8479 -0.4734
vn -0.4381 -0.0104 -0.8989
vn -0.6169 -0.0165 -0.7868
vn -0.0444 -0.8933 -0.4473
vn -0.1023 -0.5602 -0.8220
vn 0.1129 -0.5615 -0.8197
vn 0.0840 0.8492 -0.5214
vn 0.1160 -0.0075 -0.9932
vn -0.0951 -0.0062 -0.9955
vn 0.1730 -0.8970 -0.4068
vn 0.3380 -0.5670 -0.7512
vn 0.5178 -0.5754 -0.6331
vn 0.3814 0.8392 -0.3877
vn 0.6332 -0.0240 -0.7736
vn 0.4569 -0.0158 -0.8894
vn 0.3340 -0.9073 -0.2553
vn 0.6700 -0.5874 -0.4539
vn 0.7573 -0.6001 -0.2576
vn 0.5590 0.8212 -0.1147
vn 0.9492 -0.0547 -0.3097
vn 0.8637 -0.0422 -0.5023
vn 0.3873 -0.9210 -0.0411
vn 0.7882 -0.6149 -0.0247
vn 0.7553 -0.6280 0.1876
vn 0.5606 0.8008 0.2109
vn 0.9638 -0.0899 0.2511
vn 0.9961 -0.0771 0.0429
vn 0.3161 -0.9337 0.1680
vn 0.6551 -0.6408 0.4003
vn 0.5124 -0.6501 0.5611
vn 0.3856 0.7845 0.4857
vn 0.6722 -0.1184 0.7308
vn 0.8122 -0.1093 0.5731
vn -0.0118 -0.6937 0.7201
vn -0.0085 -0.9667 0.2558
vn -0.0107 -0.0189 0.9998
vn 0.0003 0.8827 0.4699
vn 0.3537 -0.4392 0.8259
vn 0.1392 -0.4418 0.8863
vn -0.3764 -0.4348 0.8181
vn -0.1632 -0.4400 0.8831
vn -0.4225 -0.6837 0.5950
vn -0.1786 -0.9625 0.2040
vn -0.5491 -0.0057 0.8358
vn -0.2226 0.8882 0.4019
vn -0.7731 -0.4116 0.4826
vn -0.6290 -0.4230 0.6523
vn -0.1691 -0.1933 0.9665
vn -0.2936 -0.9535 0.0686
vn -0.9130 0.0231 0.4073
vn -0.3734 0.9001 0.2244
vn -0.9250 -0.3798 -0.0138
vn -0.8957 -0.3937 0.2067
vn -0.9923 -0.1240 -0.0000
vn -0.3170 -0.9423 -0.1074
vn -0.9870 0.0583 -0.1496
vn -0.4041 0.9147 -0.0062
vn -0.7839 -0.3492 -0.5134
vn -0.8787 -0.3613 -0.3120
vn -0.5739 -0.6116 -0.5446
vn -0.2414 -0.9327 -0.2681
vn -0.7476 0.0888 -0.6582
vn -0.3049 0.9274 -0.2169
vn -0.3945 -0.3298 -0.8577
vn -0.5833 -0.3362 -0.7394
vn -0.0000 -0.5547 -0.8321
vn -0.0907 -0.9276 -0.3625
vn -0.2707 0.1050 -0.9569
vn -0.1074 0.9340 -0.3406
vn 0.1194 -0.3276 -0.9373
vn -0.1035 -0.3262 -0.9396
vn 0.2192 -0.6018 -0.7679
vn 0.0872 -0.9286 -0.3606
vn 0.2922 0.1016 -0.9510
vn 0.1258 0.9326 -0.3382
vn 0.5948 -0.3433 -0.7269
vn 0.4086 -0.3346 -0.8492
vn 0.7071 -0.7071 -0.0000
vn 0.2357 -0.9355 -0.2631
vn 0.7624 0.0797 -0.6422
vn 0.3206 0.9236 -0.2103
vn 0.8807 -0.3719 -0.2934
vn 0.7903 -0.3587 -0.4967
vn 0.7520 -0.6440 -0.1407
vn 0.3079 -0.9461 -0.1008
vn 0.9906 0.0464 -0.1287
vn 0.4151 0.9098 0.0024
vn 0.8863 -0.4045 0.2256
vn 0.9204 -0.3909 0.0058
vn 0.6862 -0.6701 0.2829
vn 0.2806 -0.9569 0.0746
vn 0.9044 0.0121 0.4265
vn 0.3794 0.8956 0.2324
vn 0.6099 -0.4305 0.6654
vn 0.7577 -0.4209 0.4988
vn 0.4015 -0.6887 0.6038
vn 0.1627 -0.9646 0.2076
vn 0.5311 -0.0122 0.8472
vn 0.2248 0.8855 0.4067
vn -0.0054 -0.9980 -0.0625
vn 0.9635 -0.1766 0.2012
vn 0.9488 -0.1071 0.2972
vn 0.0054 0.9980 0.0625
vn -0.0000 1.0000 -0.0000
vn -0.2386 -0.1790 0.9545
vn -0.9769 -0.2135 -0.0000
vn 0.9939 -0.1100 -0.0000
vn 0.1417 -0.8611 -0.4883
vn 0.0156 -0.3202 -0.9472
vn 0.4682 -0.3464 -0.8129
vn 0.2100 0.8560 -0.4724
vn 0.4571 0.3522 -0.8167
vn 0.1011 0.3728 -0.9224
vn 0.4703 -0.8717 -0.1380
vn 0.7492 -0.3570 -0.5579
vn 0.9274 -0.3544 -0.1199
vn 0.4995 0.8459 -0.1871
vn 0.9230 0.3420 -0.1766
vn 0.7828 0.3400 -0.5211
vn 0.4023 -0.8512 0.3370
vn 0.9041 -0.3402 0.2587
vn 0.6736 -0.3109 0.6705
vn 0.4578 0.8622 0.2170
vn 0.7147 0.3815 0.5863
vn 0.8959 0.3584 0.2623
vn -0.0110 -0.8151 0.5792
vn 0.3635 -0.2827 0.8877
vn -0.1020 -0.2486 0.9632
vn 0.1164 0.8926 0.4356
vn -0.0110 0.4411 0.8974
vn 0.3552 0.4143 0.8380
vn -0.4584 -0.7906 0.4060
vn -0.4653 -0.2276 0.8554
vn -0.8154 -0.2144 0.5378
vn -0.2677 0.9142 0.3041
vn -0.7075 0.4758 0.5226
vn -0.4322 0.4654 0.7724
vn -0.6030 -0.7960 -0.0521
vn -0.9584 -0.2164 0.1862
vn -0.9294 -0.2341 -0.2855
vn -0.4053 0.9108 -0.0785
vn -0.8505 0.4595 -0.2560
vn -0.8733 0.4734 0.1149
vn -0.3359 -0.8274 -0.4501
vn -0.7444 -0.2577 -0.6161
vn -0.3581 -0.2929 -0.8866
vn -0.1927 0.8849 -0.4241
vn -0.3322 0.4045 -0.8521
vn -0.6360 0.4322 -0.6393
vn 0.6076 -0.3998 -0.6862
vn 0.2205 -0.9338 -0.2816
vn 0.6199 0.4148 -0.6661
vn 0.3064 0.9033 -0.3003
vn 0.0459 0.1093 -0.9930
vn 0.5134 0.0822 -0.8542
vn 0.9798 0.0637 -0.1896
vn 0.8338 0.0616 -0.5487
vn 0.9157 -0.3955 0.0712
vn 0.3583 -0.9319 0.0570
vn 0.9923 0.1240 -0.0000
vn 0.4253 0.9050 -0.0077
vn 0.7605 0.1062 0.6405
vn 0.9495 0.0821 0.3029
vn 0.5172 -0.3447 0.7834
vn 0.1801 -0.9092 0.3754
vn 0.5356 0.4661 0.7042
vn 0.2714 0.9246 0.2673
vn -0.0245 0.1709 0.9850
vn 0.3571 0.1430 0.9231
vn -0.2878 -0.2858 0.9140
vn -0.1799 -0.8829 0.4338
vn -0.2150 0.5211 0.8260
vn -0.0395 0.9473 0.3178
vn -0.7841 0.2090 0.5843
vn -0.4972 0.1983 0.8447
vn -0.8932 -0.2631 0.3648
vn -0.4505 -0.8727 0.1883
vn -0.7794 0.5423 0.3139
vn -0.2732 0.9561 0.1056
vn -0.9464 0.1919 -0.2598
vn -0.9702 0.2064 0.1268
vn -0.8429 -0.2937 -0.4508
vn -0.4281 -0.8864 -0.1764
vn -0.7326 0.5137 -0.4465
vn -0.2539 0.9443 -0.2093
vn -0.3891 0.1324 -0.9116
vn -0.7057 0.1613 -0.6899
vn -0.1750 -0.3545 -0.9185
vn -0.1294 -0.9136 -0.3855
vn -0.1098 0.4570 -0.8827
vn 0.0041 0.9208 -0.3900
vn -0.0676 -0.9972 0.0332
vn 0.6721 0.0553 -0.7384
vn -0.1520 0.1030 -0.9830
vn 0.0676 0.9972 -0.0332
vn 0.9965 0.0599 0.0591
vn 0.5768 0.1134 0.8090
vn -0.2708 0.1754 0.9465
vn -0.9081 0.1993 0.3682
vn -0.8553 0.1671 -0.4905
vn 0.1534 -0.5718 -0.8059
vn -0.1132 -0.1191 -0.9864
vn 0.5627 -0.1494 -0.8131
vn -0.0669 0.1192 -0.9906
vn 0.1560 0.5964 -0.7874
vn 0.6520 0.2370 -0.7203
vn 0.5432 -0.5950 0.5924
vn 0.9315 -0.2336 0.2789
vn 0.4556 -0.1183 0.8823
vn 0.5458 0.5733 0.6110
vn 0.4128 0.1198 0.9029
vn 0.9015 0.1526 0.4049
vn -0.5459 -0.5732 -0.6111
vn -0.9325 -0.2203 -0.2862
vn -0.4560 -0.0880 -0.8856
vn -0.5431 0.5950 -0.5924
vn -0.4122 0.1504 -0.8986
vn -0.9007 0.1695 -0.3999
vn -0.1561 -0.5964 0.7873
vn 0.1125 -0.1511 0.9821
vn -0.5634 -0.1727 0.8079
vn -0.1535 0.5717 0.8060
vn -0.6509 0.2169 0.7275
vn 0.0674 0.0872 0.9939
vn 0.5064 -0.8482 -0.1552
vn 0.9279 -0.2642 -0.2630
vn -0.0675 0.0161 -0.9976
vn 0.5705 0.0118 -0.8212
vn 0.5103 0.8504 -0.1281
vn 0.9291 0.2682 -0.2545
vn 0.4582 -0.0152 0.8887
vn 0.9131 -0.0086 0.4077
vn 0.2078 -0.6393 0.7404
vn 0.2656 -0.1526 0.9519
vn 0.2106 0.6145 0.7603
vn 0.2663 0.1209 0.9563
vn -0.5705 -0.0118 0.8212
vn 0.0675 -0.0161 0.9976
vn -0.5103 -0.8504 0.1281
vn -0.9291 -0.2682 0.2545
vn -0.5065 0.8482 0.1552
vn -0.9279 0.2642 0.2630
vn -0.4583 0.0152 -0.8887
vn -0.9130 0.0086 -0.4078
vn -0.2106 -0.6144 -0.7603
vn -0.2662 -0.1209 -0.9563
vn -0.2077 0.6394 -0.7403
vn -0.2656 0.1526 -0.9519
vn -0.0023 -0.9999 -0.0160
vn 0.9633 0.0021 -0.2685
vn -0.2685 0.0160 -0.9632
vn 0.0023 0.9999 0.0160
vn 0.2685 -0.0160 0.9632
vn -0.9633 -0.0021 0.2685
vn -0.7690 -0.6141 -0.1776
vn -0.9864 -0.1565 0.0503
vn -0.7635 -0.2144 -0.6091
vn -0.9969 0.0786 -0.0093
vn -0.7973 0.5522 -0.2437
vn -0.6802 0.1705 -0.7129
vn 0.6537 -0.5958 -0.4666
vn 0.3547 -0.2695 -0.8953
vn 0.9170 -0.1029 -0.3854
vn 0.6253 0.5703 -0.5326
vn 0.9248 0.1378 -0.3545
vn 0.4626 0.1229 -0.8780
vn -0.6253 -0.5704 0.5326
vn -0.3438 -0.1836 0.9209
vn -0.9120 -0.1031 0.3971
vn -0.6536 0.5959 0.4666
vn -0.9314 0.1319 0.3393
vn -0.4704 0.1986 0.8598
vn 0.7974 -0.5521 0.2436
vn 0.9930 -0.1132 -0.0350
vn 0.7713 -0.1070 0.6274
vn 0.7690 0.6141 0.1776
vn 0.6692 0.2826 0.6872
vn 0.9918 0.1274 -0.0024
vn -0.0839 -0.8796 -0.4683
vn -0.1843 -0.3238 -0.9280
vn -0.9997 -0.0245 -0.0035
vn -0.7776 -0.0544 -0.6264
vn -0.1251 0.8160 -0.5643
vn -0.1973 0.2076 -0.9581
vn 0.9194 0.0001 -0.3933
vn 0.4727 -0.0384 -0.8804
vn 0.7786 -0.6160 -0.1196
vn 0.9740 -0.1241 -0.1894
vn 0.7481 0.6356 -0.1905
vn 0.9674 0.1489 -0.2049
vn 0.7776 0.0544 0.6264
vn 0.9997 0.0245 0.0035
vn 0.1251 -0.8161 0.5643
vn 0.1973 -0.2076 0.9581
vn 0.0839 0.8796 0.4683
vn 0.1844 0.3238 0.9280
vn -0.9194 -0.0001 0.3933
vn -0.4727 0.0384 0.8804
vn -0.7482 -0.6356 0.1905
vn -0.9674 -0.1490 0.2049
vn -0.7786 0.6160 0.1196
vn -0.9740 0.1241 0.1895
vn 0.0243 -0.9981 0.0565
vn -0.1980 -0.0602 -0.9784
vn -0.9799 -0.0126 0.1990
vn -0.0243 0.9981 -0.0565
vn 0.9799 0.0126 -0.1990
vn 0.1980 0.0602 0.9784
vn -0.2695 -0.5250 0.8073
vn -0.0064 -0.0742 0.9972
vn -0.6585 -0.0879 0.7474
vn -0.0427 0.1656 0.9853
vn -0.2203 0.6402 0.7360
vn -0.7200 0.2964 0.6275
vn -0.4962 -0.6030 -0.6247
vn -0.9022 -0.2125 -0.3754
vn -0.3554 -0.1450 -0.9234
vn -0.4470 0.5621 -0.6959
vn -0.3005 0.0901 -0.9495
vn -0.8415 0.1656 -0.5143
vn 0.4470 -0.5621 0.6959
vn 0.8831 -0.2402 0.4031
vn 0.3467 -0.0608 0.9360
vn 0.4961 0.6030 0.6247
vn 0.3119 0.1794 0.9330
vn 0.8550 0.1556 0.4946
vn 0.2202 -0.6401 -0.7360
vn -0.0050 -0.1953 -0.9807
vn 0.6450 -0.2333 -0.7277
vn 0.2696 0.5250 -0.8073
vn 0.7391 0.1562 -0.6552
vn 0.0514 0.0402 -0.9979
vn -0.5568 -0.8200 0.1328
vn -0.9625 -0.2162 0.1641
vn -0.0473 0.0630 0.9969
vn -0.6604 0.0736 0.7473
vn -0.4850 0.8740 0.0291
vn -0.9400 0.3147 0.1316
vn -0.3530 -0.0423 -0.9347
vn -0.8595 0.0050 -0.5111
vn -0.1480 -0.6671 -0.7301
vn -0.1603 -0.1897 -0.9687
vn -0.0952 0.5833 -0.8066
vn -0.1488 0.0831 -0.9854
vn 0.6604 -0.0736 -0.7473
vn 0.0473 -0.0630 -0.9969
vn 0.4850 -0.8741 -0.0291
vn 0.9400 -0.3147 -0.1316
vn 0.5566 0.8201 -0.1328
vn 0.9625 0.2162 -0.1641
vn 0.3530 0.0423 0.9347
vn 0.8595 -0.0050 0.5111
vn 0.0951 -0.5833 0.8066
vn 0.1488 -0.0831 0.9854
vn 0.1480 0.6671 0.7301
vn 0.1604 0.1897 0.9687
vn -0.0421 -0.9972 0.0610
vn -0.9868 0.0511 0.1534
vn 0.1561 0.0538 0.9863
vn 0.0421 0.9972 -0.0610
vn -0.1561 -0.0538 -0.9863
vn 0.9868 -0.0511 -0.1534
vn 0.7832 -0.5781 0.2289
vn 0.9933 -0.1159 0.0036
vn 0.7388 -0.1716 0.6517
vn 0.9910 0.1205 0.0591
vn 0.7603 0.5892 0.2735
vn 0.6345 0.2112 0.7435
vn -0.6524 -0.6144 0.4438
vn -0.3897 -0.2685 0.8809
vn -0.9309 -0.1345 0.3396
vn -0.6752 0.5527 0.4884
vn -0.9470 0.1050 0.3037
vn -0.5125 0.1186 0.8505
vn 0.6750 -0.5529 -0.4886
vn 0.3986 -0.1850 -0.8983
vn 0.9349 -0.0717 -0.3475
vn 0.6522 0.6145 -0.4439
vn 0.9417 0.1649 -0.2934
vn 0.5061 0.2032 -0.8382
vn -0.7603 -0.5892 -0.2735
vn -0.9880 -0.1541 -0.0139
vn -0.7324 -0.1502 -0.6641
vn -0.7832 0.5781 -0.2288
vn -0.6433 0.2423 -0.7262
vn -0.9950 0.0857 -0.0512
vn 0.0952 -0.8670 0.4891
vn 0.1487 -0.2996 0.9424
vn 0.9983 0.0175 0.0554
vn 0.7454 -0.0109 0.6666
vn 0.0619 0.8302 0.5540
vn 0.1383 0.2323 0.9628
vn -0.9379 -0.0316 0.3454
vn -0.5160 -0.0428 0.8555
vn -0.7579 -0.6459 0.0914
vn -0.9767 -0.1615 0.1415
vn -0.7825 0.6069 0.1393
vn -0.9820 0.1118 0.1519
vn -0.7454 0.0109 -0.6665
vn -0.9983 -0.0175 -0.0554
vn -0.0619 -0.8302 -0.5540
vn -0.1383 -0.2323 -0.9628
vn -0.0952 0.8670 -0.4891
vn -0.1487 0.2995 -0.9424
vn 0.9379 0.0316 -0.3454
vn 0.5160 0.0428 -0.8555
vn 0.7826 -0.6068 -0.1393
vn 0.9820 -0.1118 -0.1519
vn 0.7580 0.6459 -0.0914
vn 0.9767 0.1615 -0.1415
vn 0.0196 -0.9991 -0.0382
vn 0.1489 -0.0349 0.9882
vn 0.9887 0.0251 -0.1481
vn -0.0196 0.9991 0.0382
vn -0.9887 -0.0251 0.1481
vn -0.1489 0.0349 -0.9882
vn 0.1385 -0.6524 -0.7451
vn -0.1086 -0.2096 -0.9718
vn 0.5640 -0.2485 -0.7875
vn -0.0530 0.0253 -0.9983
vn 0.1865 0.5113 -0.8389
vn 0.6674 0.1414 -0.7311
vn 0.5141 -0.5550 0.6540
vn 0.9190 -0.2406 0.3123
vn 0.4424 -0.0496 0.8955
vn 0.5620 0.6086 0.5601
vn 0.4087 0.1908 0.8925
vn 0.9030 0.1567 0.4001
vn -0.5620 -0.6086 -0.5601
vn -0.9377 -0.2115 -0.2757
vn -0.4508 -0.1559 -0.8789
vn -0.5141 0.5550 -0.6540
vn -0.3976 0.0783 -0.9142
vn -0.8897 0.1640 -0.4260
vn -0.1865 -0.5112 0.8389
vn 0.0975 -0.0596 0.9935
vn -0.5772 -0.0723 0.8134
vn -0.1386 0.6524 0.7451
vn -0.6488 0.3106 0.6947
vn 0.0615 0.1803 0.9817
vn 0.4745 -0.8778 -0.0663
vn 0.9194 -0.3232 -0.2243
vn -0.0575 -0.0779 -0.9953
vn 0.5782 -0.0892 -0.8110
vn 0.5442 0.8141 -0.2027
vn 0.9412 0.2069 -0.2670
vn 0.4490 0.0534 0.8919
vn 0.9082 -0.0037 0.4185
vn 0.1758 -0.5722 0.8011
vn 0.2506 -0.0698 0.9656
vn 0.2273 0.6766 0.7004
vn 0.2618 0.2026 0.9436
vn -0.5782 0.0892 0.8110
vn 0.0575 0.0779 0.9953
vn -0.5442 -0.8141 0.2027
vn -0.9412 -0.2069 0.2670
vn -0.4745 0.8778 0.0663
vn -0.9194 0.3232 0.2243
vn -0.4490 -0.0534 -0.8919
vn -0.9082 0.0037 -0.4185
vn -0.2272 -0.6766 -0.7004
vn -0.2618 -0.2026 -0.9436
vn -0.1758 0.5721 -0.8011
vn -0.2506 0.0698 -0.9656
vn -0.0411 -0.9959 0.0803
vn 0.9651 -0.0603 -0.2548
vn -0.2586 -0.0670 -0.9636
vn 0.0411 0.9959 -0.0803
vn 0.2586 0.0670 0.9636
vn -0.9651 0.0603 0.2548
vn -0.7584 -0.6284 -0.1732
vn -0.9769 -0.1924 0.0927
vn -0.7887 -0.2044 -0.5798
vn -0.9978 0.0453 0.0479
vn -0.8260 0.5381 -0.1679
vn -0.7230 0.1885 -0.6647
vn 0.6452 -0.5453 -0.5351
vn 0.3135 -0.2049 -0.9272
vn 0.8973 -0.0493 -0.4386
vn 0.5776 0.6211 -0.5298
vn 0.8994 0.1893 -0.3939
vn 0.4100 0.1892 -0.8922
vn -0.5776 -0.6211 0.5298
vn -0.2872 -0.2482 0.9251
vn -0.8854 -0.1567 0.4377
vn -0.6451 0.5453 0.5352
vn -0.9151 0.0804 0.3952
vn -0.4287 0.1324 0.8937
vn 0.8260 -0.5380 0.1679
vn 0.9926 -0.0773 -0.0940
vn 0.8074 -0.1171 0.5783
vn 0.7584 0.6284 0.1732
vn 0.6967 0.2647 0.6668
vn 0.9859 0.1608 -0.0470
vn -0.0823 -0.8532 -0.5150
vn -0.2247 -0.2754 -0.9347
vn -0.9972 -0.0581 0.0477
vn -0.8086 -0.0442 -0.5867
vn -0.1806 0.8427 -0.5072
vn -0.2555 0.2561 -0.9323
vn 0.8961 0.0540 -0.4405
vn 0.4249 0.0288 -0.9048
vn 0.7895 -0.5813 -0.1971
vn 0.9656 -0.0799 -0.2476
vn 0.7168 0.6705 -0.1913
vn 0.9497 0.1932 -0.2463
vn 0.8086 0.0442 0.5867
vn 0.9972 0.0581 -0.0477
vn 0.1806 -0.8427 0.5072
vn 0.2555 -0.2561 0.9323
vn 0.0823 0.8532 0.5150
vn 0.2247 0.2754 0.9347
vn -0.8961 -0.0540 0.4405
vn -0.4249 -0.0288 0.9048
vn -0.7169 -0.6704 0.1913
vn -0.9497 -0.1932 0.2463
vn -0.7895 0.5813 0.1971
vn -0.9656 0.0799 0.2476
vn 0.0579 -0.9983 -0.0046
vn -0.2491 -0.0100 -0.9684
vn -0.9667 -0.0572 0.2493
vn -0.0579 0.9983 0.0046
vn 0.9667 0.0572 -0.2493
vn 0.2491 0.0100 0.9684
vn -0.2382 -0.5603 0.7933
vn -0.0117 -0.0952 0.9954
vn -0.6582 -0.1524 0.7373
vn -0.0657 0.1414 0.9878
vn -0.2757 0.6065 0.7458
vn -0.7470 0.2287 0.6243
vn -0.4427 -0.6253 -0.6426
vn -0.8796 -0.2714 -0.3907
vn -0.3335 -0.1519 -0.9304
vn -0.4801 0.5415 -0.6901
vn -0.2960 0.0871 -0.9512
vn -0.8459 0.1129 -0.5212
vn 0.4801 -0.5415 0.6901
vn 0.8941 -0.1819 0.4091
vn 0.3401 -0.0542 0.9388
vn 0.4427 0.6253 0.6427
vn 0.2874 0.1828 0.9402
vn 0.8356 0.2088 0.5082
vn 0.2756 -0.6065 -0.7458
vn 0.0204 -0.1747 -0.9844
vn 0.6685 -0.1693 -0.7242
vn 0.2382 0.5603 -0.7933
vn 0.7324 0.2246 -0.6428
vn 0.0591 0.0647 -0.9962
vn -0.4950 -0.8620 0.1095
vn -0.9453 -0.2909 0.1478
vn -0.0627 0.0386 0.9973
vn -0.6721 0.0086 0.7404
vn -0.5494 0.8346 0.0405
vn -0.9623 0.2408 0.1262
vn -0.3386 -0.0491 -0.9396
vn -0.8519 -0.0486 -0.5215
vn -0.0896 -0.6610 -0.7450
vn -0.1351 -0.1809 -0.9742
vn -0.1298 0.5912 -0.7960
vn -0.1439 0.0922 -0.9853
vn 0.6721 -0.0086 -0.7404
vn 0.0627 -0.0386 -0.9973
vn 0.5494 -0.8345 -0.0405
vn 0.9623 -0.2408 -0.1262
vn 0.4950 0.8620 -0.1095
vn 0.9453 0.2909 -0.1478
vn 0.3386 0.0491 0.9396
vn 0.8518 0.0486 0.5216
vn 0.1298 -0.5912 0.7960
vn 0.1439 -0.0922 0.9853
vn 0.0896 0.6610 0.7450
vn 0.1351 0.1809 0.9742
vn 0.0321 -0.9987 0.0406
vn -0.9895 -0.0260 0.1421
vn 0.1409 0.0448 0.9890
vn -0.0321 0.9987 -0.0406
vn -0.1409 -0.0448 -0.9890
vn 0.9895 0.0260 -0.1421
vn 0.8120 -0.5587 0.1687
vn 0.9881 -0.1099 -0.1071
vn 0.8126 -0.1275 0.5687
vn 0.9894 0.1294 -0.0660
vn 0.7797 0.6090 0.1458
vn 0.7150 0.2596 0.6492
vn -0.5875 -0.5900 0.5539
vn -0.2797 -0.2165 0.9354
vn -0.8826 -0.1188 0.4549
vn -0.6198 0.5777 0.5311
vn -0.9058 0.1181 0.4069
vn -0.4101 0.1673 0.8966
vn 0.6198 -0.5777 -0.5311
vn 0.2923 -0.2371 -0.9265
vn 0.8883 -0.0875 -0.4509
vn 0.5875 0.5900 -0.5539
vn 0.8983 0.1520 -0.4122
vn 0.4012 0.1546 -0.9029
vn -0.7797 -0.6090 -0.1458
vn -0.9807 -0.1601 0.1124
vn -0.8037 -0.1944 -0.5624
vn -0.8120 0.5587 -0.1687
vn -0.7275 0.1941 -0.6581
vn -0.9951 0.0769 0.0620
vn 0.1633 -0.8351 0.5253
vn 0.2626 -0.2408 0.9344
vn 0.9976 0.0264 -0.0644
vn 0.8188 0.0339 0.5730
vn 0.1162 0.8627 0.4921
vn 0.2479 0.2912 0.9240
vn -0.8902 -0.0158 0.4553
vn -0.4110 0.0064 0.9116
vn -0.7336 -0.6433 0.2190
vn -0.9511 -0.1580 0.2655
vn -0.7683 0.6098 0.1945
vn -0.9586 0.1154 0.2602
vn -0.8189 -0.0339 -0.5730
vn -0.9976 -0.0264 0.0644
vn -0.1162 -0.8627 -0.4921
vn -0.2479 -0.2913 -0.9240
vn -0.1632 0.8351 -0.5253
vn -0.2626 0.2408 -0.9344
vn 0.8902 0.0158 -0.4553
vn 0.4110 -0.0064 -0.9116
vn 0.7683 -0.6098 -0.1945
vn 0.9586 -0.1154 -0.2602
vn 0.7336 0.6433 -0.2190
vn 0.9511 0.1580 -0.2655
vn 0.0277 -0.9994 0.0195
vn 0.2648 0.0262 0.9639
vn 0.9639 0.0215 -0.2654
vn -0.0277 0.9994 -0.0195
vn -0.9639 -0.0215 0.2654
vn -0.2648 -0.0262 -0.9639
vn 0.2107 -0.5423 -0.8133
vn -0.0326 -0.0778 -0.9964
vn 0.6260 -0.1280 -0.7693
vn 0.0177 0.1596 -0.9870
vn 0.2308 0.6240 -0.7466
vn 0.7134 0.2525 -0.6536
vn 0.4823 -0.6285 0.6103
vn 0.9011 -0.2625 0.3450
vn 0.3786 -0.1620 0.9113
vn 0.5022 0.5379 0.6771
vn 0.3381 0.0759 0.9381
vn 0.8671 0.1188 0.4839
vn -0.5023 -0.5379 -0.6771
vn -0.9089 -0.1906 -0.3709
vn -0.3821 -0.0440 -0.9231
vn -0.4822 0.6285 -0.6103
vn -0.3334 0.1939 -0.9226
vn -0.8615 0.2028 -0.4655
vn -0.2308 -0.6240 0.7465
vn 0.0279 -0.1920 0.9810
vn -0.6315 -0.1935 0.7508
vn -0.2108 0.5423 0.8133
vn -0.7057 0.2006 0.6796
vn -0.0142 0.0465 0.9988
vn 0.5039 -0.8511 -0.1476
vn 0.9422 -0.2716 -0.1962
vn 0.0160 0.0569 -0.9983
vn 0.6370 0.0332 -0.7701
vn 0.5329 0.8447 -0.0505
vn 0.9513 0.2598 -0.1657
vn 0.3824 -0.0593 0.9221
vn 0.8757 -0.0425 0.4810
vn 0.1350 -0.6721 0.7281
vn 0.1829 -0.1953 0.9635
vn 0.1564 0.5796 0.7998
vn 0.1876 0.0778 0.9792
vn -0.6371 -0.0332 0.7701
vn -0.0160 -0.0569 0.9983
vn -0.5329 -0.8447 0.0505
vn -0.9513 -0.2598 0.1657
vn -0.5038 0.8511 0.1476
vn -0.9422 0.2716 0.1962
vn -0.3823 0.0593 -0.9221
vn -0.8757 0.0425 -0.4809
vn -0.1564 -0.5796 -0.7998
vn -0.1876 -0.0778 -0.9792
vn -0.1350 0.6721 -0.7281
vn -0.1830 0.1953 -0.9635
vn -0.0171 -0.9982 -0.0571
vn 0.9822 -0.0061 -0.1877
vn -0.1870 0.0593 -0.9806
vn 0.0171 0.9982 0.0571
vn 0.1870 -0.0593 0.9806
vn -0.9822 0.0061 0.1877
vn -0.7915 -0.5674 -0.2272
vn -0.9940 -0.1088 0.0119
vn -0.7517 -0.1521 -0.6417
vn -0.9909 0.1287 -0.0384
vn -0.7608 0.6003 -0.2468
vn -0.6461 0.2319 -0.7271
vn 0.6395 -0.6092 -0.4689
vn 0.3718 -0.2519 -0.8935
vn 0.9236 -0.1336 -0.3593
vn 0.6702 0.5587 -0.4886
vn 0.9421 0.1050 -0.3185
vn 0.4979 0.1336 -0.8569
vn -0.6704 -0.5585 0.4885
vn -0.3838 -0.2018 0.9011
vn -0.9290 -0.0727 0.3628
vn -0.6395 0.6092 0.4689
vn -0.9350 0.1651 0.3139
vn -0.4895 0.1884 0.8514
vn 0.7606 -0.6004 0.2468
vn 0.9869 -0.1613 -0.0073
vn 0.7432 -0.1698 0.6472
vn 0.7915 0.5673 0.2271
vn 0.6581 0.2218 0.7195
vn 0.9964 0.0776 0.0350
vn -0.1104 -0.8554 -0.5060
vn -0.1679 -0.2778 -0.9459
vn -0.9990 0.0257 -0.0369
vn -0.7573 0.0090 -0.6530
vn -0.0657 0.8425 -0.5346
vn -0.1539 0.2543 -0.9548
vn 0.9313 -0.0307 -0.3630
vn 0.5002 -0.0277 -0.8654
vn 0.7514 -0.6490 -0.1192
vn 0.9728 -0.1652 -0.1626
vn 0.7843 0.6043 -0.1402
vn 0.9800 0.1082 -0.1672
vn 0.7573 -0.0090 0.6530
vn 0.9990 -0.0257 0.0369
vn 0.0657 -0.8426 0.5346
vn 0.1539 -0.2543 0.9548
vn 0.1104 0.8554 0.5061
vn 0.1679 0.2778 0.9458
vn -0.9313 0.0307 0.3630
vn -0.5003 0.0277 0.8654
vn -0.7843 -0.6043 0.1403
vn -0.9800 -0.1082 0.1672
vn -0.7513 0.6491 0.1192
vn -0.9728 0.1652 0.1626
vn -0.0263 -0.9995 0.0168
vn -0.1669 -0.0122 -0.9859
vn -0.9856 0.0288 0.1665
vn 0.0263 0.9995 -0.0168
vn 0.9856 -0.0288 -0.1665
vn 0.1669 0.0122 0.9859
vn -0.2580 -0.5628 0.7853
vn -0.0031 -0.1153 0.9933
vn -0.6553 -0.1310 0.7440
vn -0.0438 0.1240 0.9913
vn -0.2308 0.6050 0.7620
vn -0.7241 0.2567 0.6401
vn -0.4859 -0.5861 -0.6483
vn -0.8988 -0.2138 -0.3827
vn -0.3545 -0.1135 -0.9281
vn -0.4586 0.5818 -0.6717
vn -0.3041 0.1234 -0.9446
vn -0.8455 0.1707 -0.5060
vn 0.4587 -0.5817 0.6717
vn 0.8883 -0.2399 0.3917
vn 0.3497 -0.0928 0.9323
vn 0.4858 0.5861 0.6484
vn 0.3103 0.1467 0.9393
vn 0.8530 0.1513 0.4995
vn 0.2308 -0.6051 -0.7620
vn -0.0032 -0.1548 -0.9879
vn 0.6478 -0.1909 -0.7375
vn 0.2581 0.5628 -0.7853
vn 0.7347 0.1971 -0.6492
vn 0.0486 0.0822 -0.9954
vn -0.5408 -0.8353 0.0996
vn -0.9579 -0.2410 0.1562
vn -0.0465 0.0210 0.9987
vn -0.6602 0.0303 0.7505
vn -0.5014 0.8627 0.0657
vn -0.9455 0.2912 0.1456
vn -0.3540 -0.0104 -0.9352
vn -0.8605 0.0098 -0.5094
vn -0.1368 -0.6392 -0.7568
vn -0.1587 -0.1526 -0.9755
vn -0.1078 0.6142 -0.7818
vn -0.1524 0.1208 -0.9809
vn 0.6601 -0.0303 -0.7506
vn 0.0465 -0.0210 -0.9987
vn 0.5015 -0.8627 -0.0657
vn 0.9455 -0.2912 -0.1456
vn 0.5408 0.8353 -0.0996
vn 0.9579 0.2410 -0.1562
vn 0.3540 0.0104 0.9352
vn 0.8605 -0.0098 0.5094
vn 0.1078 -0.6141 0.7818
vn 0.1523 -0.1208 0.9809
vn 0.1368 0.6391 0.7568
vn 0.1587 0.1526 0.9755
vn -0.0232 -0.9995 0.0199
vn -0.9873 0.0261 0.1566
vn 0.1570 0.0161 0.9875
vn 0.0232 0.9995 -0.0199
vn -0.1570 -0.0161 -0.9875
vn 0.9873 -0.0261 -0.1566
vn 0.8310 -0.5290 0.1721
vn 0.9912 -0.0769 -0.1078
vn 0.8173 -0.0946 0.5684
vn 0.9843 0.1626 -0.0688
vn 0.7585 0.6366 0.1392
vn 0.7066 0.2896 0.6457
vn -0.5661 -0.6049 0.5600
vn -0.2708 -0.2178 0.9377
vn -0.8773 -0.1450 0.4574
vn -0.6385 0.5608 0.5271
vn -0.9088 0.0905 0.4074
vn -0.4143 0.1610 0.8958
vn 0.6385 -0.5607 -0.5271
vn 0.2989 -0.2350 -0.9249
vn 0.8901 -0.0609 -0.4516
vn 0.5659 0.6050 -0.5601
vn 0.8920 0.1791 -0.4150
vn 0.3943 0.1604 -0.9049
vn -0.7586 -0.6366 -0.1392
vn -0.9744 -0.1927 0.1155
vn -0.7973 -0.2268 -0.5594
vn -0.8310 0.5290 -0.1721
vn -0.7348 0.1632 -0.6584
vn -0.9971 0.0433 0.0630
vn 0.1925 -0.8244 0.5323
vn 0.2720 -0.2235 0.9360
vn 0.9960 0.0600 -0.0663
vn 0.8180 0.0670 0.5713
vn 0.0872 0.8705 0.4844
vn 0.2390 0.3076 0.9210
vn -0.8885 -0.0423 0.4570
vn -0.4097 0.0003 0.9122
vn -0.7108 -0.6661 0.2258
vn -0.9447 -0.1882 0.2685
vn -0.7884 0.5849 0.1905
vn -0.9617 0.0847 0.2608
vn -0.8180 -0.0669 -0.5713
vn -0.9960 -0.0600 0.0663
vn -0.0872 -0.8705 -0.4844
vn -0.2390 -0.3076 -0.9210
vn -0.1926 0.8244 -0.5322
vn -0.2720 0.2235 -0.9360
vn 0.8885 0.0423 -0.4570
vn 0.4097 -0.0003 -0.9122
vn 0.7885 -0.5848 -0.1905
vn 0.9617 -0.0847 -0.2608
vn 0.7108 0.6662 -0.2258
vn 0.9447 0.1882 -0.2685
vn 0.0620 -0.9977 0.0282
vn 0.2651 0.0437 0.9632
vn 0.9622 0.0522 -0.2672
vn -0.0620 0.9977 -0.0282
vn -0.9622 -0.0522 0.2672
vn -0.2651 -0.0437 -0.9632
vn -0.9401 -0.2823 0.1910
vn -0.9384 0.2824 0.1990
vn -0.5612 0.8177 0.1285
vn -0.0155 0.9997 0.0179
vn 0.5991 0.7927 -0.1127
vn 0.9258 0.3283 -0.1874
vn 0.9238 -0.3284 -0.1966
vn 0.5944 -0.7928 -0.1350
vn -0.0214 -0.9997 -0.0102
vn -0.5661 -0.8176 0.1055
vn -0.7796 -0.2879 0.5561
vn -0.7779 0.2768 0.5641
vn -0.4649 0.8143 0.3476
vn -0.0123 0.9996 0.0251
vn 0.4971 0.7963 -0.3447
vn 0.7678 0.3338 -0.5469
vn 0.7658 -0.3229 -0.5561
vn 0.4924 -0.7892 -0.3670
vn -0.0183 -0.9998 -0.0031
vn -0.4698 -0.8209 0.3246
vn -0.4845 -0.2926 0.8244
vn -0.4828 0.2721 0.8324
vn -0.2878 0.8115 0.5086
vn -0.0065 0.9995 0.0303
vn 0.3096 0.7993 -0.5151
vn 0.4772 0.3384 -0.8110
vn 0.4752 -0.3183 -0.8203
vn 0.3049 -0.7863 -0.5374
vn -0.0125 -0.9999 0.0022
vn -0.2926 -0.8237 0.4856
vn -0.1057 -0.2955 0.9495
vn -0.1040 0.2693 0.9574
vn -0.0605 0.8097 0.5837
vn 0.0009 0.9995 0.0328
vn 0.0690 0.8011 -0.5946
vn 0.1042 0.3413 -0.9342
vn 0.1022 -0.3155 -0.9434
vn 0.0642 -0.7844 -0.6169
vn -0.0050 -1.0000 0.0046
vn -0.0654 -0.8255 0.5606
vn 0.2912 -0.2961 0.9097
vn 0.2929 0.2686 0.9176
vn 0.1777 0.8094 0.5598
vn 0.0087 0.9994 0.0320
vn -0.1832 0.8015 -0.5693
vn -0.2866 0.3419 -0.8950
vn -0.2886 -0.3149 -0.9042
vn -0.1879 -0.7840 -0.5916
vn 0.0027 -1.0000 0.0039
vn 0.1728 -0.8258 0.5368
vn 0.6376 -0.2943 0.7119
vn 0.6393 0.2704 0.7198
vn 0.3856 0.8104 0.4411
vn 0.0155 0.9995 0.0281
vn -0.4032 0.8004 -0.4436
vn -0.6277 0.3402 -0.7002
vn -0.6296 -0.3166 -0.7095
vn -0.4080 -0.7852 -0.4659
vn 0.0096 -1.0000 -0.0000
vn 0.3807 -0.8248 0.4181
vn 0.8736 -0.2905 0.3903
vn 0.8753 0.2742 0.3983
vn 0.5272 0.8127 0.2481
vn 0.0202 0.9996 0.0218
vn -0.5532 0.7980 -0.2393
vn -0.8600 0.3364 -0.3836
vn -0.8620 -0.3203 -0.3929
vn -0.5579 -0.7876 -0.2616
vn 0.0142 -0.9999 -0.0063
vn 0.5223 -0.8225 0.2251
vn 0.9584 -0.2853 0.0006
vn 0.9601 0.2794 0.0085
vn 0.5781 0.8159 0.0142
vn 0.0218 0.9997 0.0142
vn -0.6070 0.7946 0.0083
vn -0.9435 0.3313 0.0001
vn -0.9455 -0.3255 -0.0091
vn -0.6118 -0.7909 -0.0140
vn 0.0159 -0.9998 -0.0140
vn 0.5732 -0.8194 -0.0088
vn 0.8774 -0.2795 -0.3900
vn 0.8791 0.2852 -0.3820
vn 0.5294 0.8193 -0.2201
vn 0.0202 0.9998 0.0065
vn -0.5555 0.7910 0.2564
vn -0.8637 0.3256 0.3847
vn -0.8657 -0.3311 0.3754
vn -0.5603 -0.7946 0.2340
vn 0.0143 -0.9997 -0.0216
vn 0.5246 -0.8159 -0.2431
vn 0.6445 -0.2743 -0.7137
vn 0.6461 0.2904 -0.7058
vn 0.3897 0.8224 -0.4144
vn 0.0156 0.9999 0.0001
vn -0.4076 0.7876 0.4621
vn -0.6344 0.3204 0.7035
vn -0.6363 -0.3363 0.6942
vn -0.4123 -0.7979 0.4397
vn 0.0097 -0.9996 -0.0280
vn 0.3848 -0.8128 -0.4374
vn 0.3000 -0.2704 -0.9148
vn 0.3016 0.2943 -0.9069
vn 0.1829 0.8248 -0.5351
vn 0.0089 1.0000 -0.0038
vn -0.1887 0.7852 0.5898
vn -0.2952 0.3166 0.9014
vn -0.2972 -0.3401 0.8922
vn -0.1935 -0.8003 0.5675
vn 0.0029 -0.9995 -0.0319
vn 0.1781 -0.8105 -0.5581
vn -0.0965 -0.2686 -0.9584
vn -0.0949 0.2961 -0.9504
vn -0.0550 0.8258 -0.5612
vn 0.0011 1.0000 -0.0047
vn 0.0632 0.7841 0.6175
vn 0.0952 0.3149 0.9443
vn 0.0933 -0.3419 0.9351
vn 0.0584 -0.8015 0.5952
vn -0.0049 -0.9995 -0.0328
vn -0.0599 -0.8094 -0.5842
vn -0.4765 -0.2692 -0.8369
vn -0.4748 0.2955 -0.8290
vn -0.2830 0.8255 -0.4883
vn -0.0064 1.0000 -0.0023
vn 0.3045 0.7844 0.5403
vn 0.4693 0.3154 0.8248
vn 0.4674 -0.3413 0.8155
vn 0.2998 -0.8011 0.5180
vn -0.0123 -0.9995 -0.0304
vn -0.2879 -0.8097 -0.5113
vn -0.7742 -0.2721 -0.5715
vn -0.7725 0.2927 -0.5635
vn -0.4616 0.8238 -0.3290
vn -0.0122 0.9999 0.0029
vn 0.4937 0.7862 0.3717
vn 0.7625 0.3182 0.5634
vn 0.7605 -0.3385 0.5541
vn 0.4889 -0.7993 0.3494
vn -0.0182 -0.9995 -0.0252
vn -0.4665 -0.8114 -0.3520
vn -0.9365 0.2880 -0.1999
vn -0.9382 -0.2767 -0.2079
vn -0.0154 0.9998 0.0101
vn -0.5600 0.8210 -0.1108
vn 0.9239 0.3228 0.2054
vn 0.5979 0.7892 0.1407
vn 0.5931 -0.7964 0.1184
vn 0.9220 -0.3340 0.1961
vn -0.5649 -0.8142 -0.1338
vn -0.0214 -0.9996 -0.0181
vn -0.7948 0.5841 -0.1651
vn -0.7964 0.5792 0.1738
vn -0.7998 -0.5793 0.1575
vn -0.7983 -0.5743 -0.1813
vn -0.9982 0.0597 -0.0000
vn 0.9791 -0.0001 -0.2032
vn 0.9771 -0.0059 0.2125
vn -0.6633 -0.5841 0.4678
vn -0.6601 0.5743 0.4841
vn 0.9991 0.0415 -0.0000
vn 0.8119 0.0058 -0.5838
vn -0.4127 -0.5878 0.6958
vn -0.4089 0.5706 0.7122
vn 0.9980 -0.0625 0.0039
vn 0.5041 0.0106 -0.8636
vn -0.0908 -0.5904 0.8020
vn -0.0873 0.5681 0.8183
vn -0.0000 1.0000 0.0012
vn 0.1093 0.0137 -0.9939
vn 0.2464 -0.5908 0.7683
vn 0.2498 0.5676 0.7845
vn -0.3045 0.0143 -0.9524
vn 0.5409 -0.5893 0.6001
vn 0.5440 0.5693 0.6164
vn -0.9981 0.0624 -0.0000
vn -0.6655 0.0125 -0.7463
vn 0.7413 -0.5862 0.3269
vn 0.7451 0.5719 0.3431
vn -0.9116 0.0085 -0.4111
vn 0.8135 -0.5816 -0.0043
vn 0.8169 0.5767 0.0120
vn 0.9906 0.1371 0.0019
vn -1.0000 0.0031 -0.0047
vn -0.9638 -0.2665 -0.0038
vn 0.7446 -0.5768 -0.3361
vn 0.7480 0.5815 -0.3198
vn -0.0000 0.9995 0.0312
vn -0.9155 -0.0029 0.4023
vn 0.9956 -0.0933 -0.0019
vn 0.5468 -0.5723 -0.6112
vn 0.5502 0.5860 -0.5949
vn -0.6726 -0.0084 0.7400
vn 0.2538 -0.5691 -0.7821
vn 0.2573 0.5894 -0.7657
vn -0.3136 -0.0124 0.9495
vn -0.0831 -0.5675 -0.8192
vn -0.0796 0.5909 -0.8028
vn 0.0998 -0.0143 0.9949
vn -0.4059 -0.5680 -0.7160
vn -0.4026 0.5904 -0.6995
vn 0.4958 -0.0137 0.8683
vn -0.6589 -0.5704 -0.4904
vn -0.6553 0.5881 -0.4741
vn 0.8061 -0.0107 0.5916
vn -0.3965 -0.8536 -0.3379
vn -0.8954 -0.2068 -0.3944
vn -0.5809 -0.2259 -0.7820
vn -0.3815 0.8771 -0.2917
vn -0.5675 0.2112 -0.7959
vn -0.8851 0.2304 -0.4042
vn -0.0917 -0.8699 -0.4846
vn -0.4343 -0.2339 -0.8699
vn 0.0555 -0.2588 -0.9643
vn -0.1003 0.8614 -0.4979
vn 0.0772 0.1778 -0.9810
vn -0.4177 0.2030 -0.8856
vn 0.2360 -0.8853 -0.4008
vn 0.2243 -0.2669 -0.9373
vn 0.6603 -0.2861 -0.6944
vn 0.2476 0.8445 -0.4749
vn 0.6901 0.1502 -0.7080
vn 0.2495 0.1696 -0.9534
vn 0.4333 -0.8924 -0.1257
vn 0.7723 -0.2904 -0.5650
vn 0.9505 -0.2949 -0.0985
vn 0.4994 0.8344 -0.2333
vn 0.9844 0.1413 -0.1045
vn 0.8044 0.1458 -0.5759
vn 0.4079 -0.8881 0.2120
vn 0.9532 -0.2934 0.0726
vn 0.7902 -0.2810 0.5446
vn 0.5373 0.8357 0.1137
vn 0.8226 0.1553 0.5471
vn 0.9873 0.1428 0.0702
vn 0.1717 -0.8742 0.4542
vn 0.6825 -0.2745 0.6774
vn 0.2546 -0.2511 0.9339
vn 0.3435 0.8479 0.4038
vn 0.2802 0.1856 0.9418
vn 0.7125 0.1619 0.6827
vn -0.1649 -0.8574 0.4876
vn 0.0867 -0.2426 0.9663
vn -0.4059 -0.2191 0.8873
vn 0.0088 0.8653 0.5013
vn -0.3889 0.2180 0.8951
vn 0.1088 0.1943 0.9749
vn -0.4442 -0.8454 0.2966
vn -0.5553 -0.2125 0.8041
vn -0.8821 -0.1999 0.4266
vn -0.3103 0.8796 0.3605
vn -0.8717 0.2375 0.4287
vn -0.5415 0.2248 0.8101
vn -0.5357 -0.8439 -0.0294
vn -0.9431 -0.1984 0.2667
vn -0.9512 -0.2026 -0.2327
vn -0.4645 0.8843 0.0473
vn -0.9422 0.2348 -0.2391
vn -0.9340 0.2390 0.2654
vn -0.4892 -0.3888 -0.7807
vn 0.1241 -0.4201 -0.8990
vn 0.6700 -0.4441 -0.5948
vn 0.3370 0.9045 -0.2615
vn 0.8931 -0.4497 -0.0107
vn 0.6890 -0.4342 0.5803
vn 0.1532 -0.4049 0.9014
vn 0.0262 -0.9245 0.3804
vn -0.4636 -0.3755 0.8025
vn -0.8728 -0.3597 0.3299
vn -0.5145 -0.0114 -0.8574
vn -0.9450 0.0146 -0.3268
vn 0.1560 -0.0456 -0.9867
vn 0.7529 -0.0719 -0.6542
vn 0.9968 -0.0780 -0.0155
vn 0.7737 -0.0610 0.6306
vn 0.1878 -0.0290 0.9818
vn -0.4865 0.0032 0.8737
vn -0.9339 0.0204 0.3569
vn 0.0588 -0.9424 0.3292
vn 0.4084 -0.6006 0.6874
vn 0.0239 -0.6053 0.7956
vn 0.2307 0.7793 0.5827
vn 0.0394 -0.2299 0.9724
vn 0.4789 -0.2245 0.8487
vn -0.1608 -0.9396 0.3022
vn -0.0480 -0.6049 0.7949
vn -0.4301 -0.5955 0.6785
vn -0.0933 0.7787 0.6205
vn -0.4995 -0.2186 0.8383
vn -0.0627 -0.2293 0.9713
vn -0.3308 -0.9298 0.1611
vn -0.4902 -0.5928 0.6390
vn -0.7485 -0.5723 0.3349
vn -0.3863 0.7892 0.4775
vn -0.8800 -0.1913 0.4347
vn -0.5848 -0.2146 0.7823
vn -0.3974 -0.9163 -0.0494
vn -0.7777 -0.5681 0.2693
vn -0.8302 -0.5430 -0.1260
vn -0.5553 0.8075 0.1990
vn -0.9815 -0.1566 -0.1103
vn -0.9214 -0.1852 0.3415
vn -0.3394 -0.9033 -0.2625
vn -0.8192 -0.5387 -0.1969
vn -0.6493 -0.5170 -0.5579
vn -0.5466 0.8278 -0.1264
vn -0.7716 -0.1256 -0.6236
vn -0.9658 -0.1504 -0.2110
vn -0.1752 -0.8949 -0.4105
vn -0.6016 -0.5139 -0.6116
vn -0.2631 -0.5024 -0.8236
vn -0.3629 0.8437 -0.3956
vn -0.3170 -0.1081 -0.9422
vn -0.7039 -0.1212 -0.6999
vn 0.0431 -0.8938 -0.4464
vn -0.1939 -0.5016 -0.8431
vn 0.2056 -0.5040 -0.8389
vn -0.0627 0.8500 -0.5230
vn 0.2379 -0.1097 -0.9651
vn -0.2187 -0.1069 -0.9699
vn 0.2461 -0.9004 -0.3588
vn 0.2744 -0.5057 -0.8179
vn 0.6081 -0.5212 -0.5988
vn 0.2588 0.8449 -0.4681
vn 0.7170 -0.1298 -0.6848
vn 0.3356 -0.1121 -0.9353
vn 0.3695 -0.9125 -0.1755
vn 0.6546 -0.5248 -0.5440
vn 0.8166 -0.5485 -0.1796
vn 0.4996 0.8299 -0.2485
vn 0.9682 -0.1621 -0.1905
vn 0.7831 -0.1350 -0.6071
vn 0.3739 -0.9264 0.0452
vn 0.8261 -0.5530 -0.1084
vn 0.7649 -0.5774 0.2856
vn 0.5831 0.8097 0.0662
vn 0.9117 -0.1963 0.3609
vn 0.9816 -0.1685 -0.0895
vn 0.2581 -0.9375 0.2333
vn 0.7343 -0.5813 0.3506
vn 0.4694 -0.5985 0.6492
vn 0.4829 0.7909 0.3760
vn 0.5655 -0.2216 0.7945
vn 0.8683 -0.2018 0.4532
vn -0.0000 -0.7071 0.7071
vn -0.7001 -0.6618 0.2682
vn -0.9130 0.0230 0.4073
vn -0.7566 -0.6349 -0.1567
vn -0.2102 -0.5993 -0.7725
vn 0.5779 -0.6185 -0.5324
vn 0.9428 -0.2357 0.2357
vn -0.0053 -0.9980 -0.0625
vn -0.0122 -0.4309 0.9023
vn 0.4909 -0.4248 0.7607
vn -0.5120 -0.4187 0.7501
vn -0.8499 -0.3920 0.3523
vn -0.9186 -0.3593 -0.1648
vn -0.6963 -0.3309 -0.6369
vn -0.2536 -0.3159 -0.9143
vn 0.2690 -0.3191 -0.9087
vn 0.7056 -0.3394 -0.6221
vn 0.9175 -0.3703 -0.1454
vn 0.8374 -0.4022 0.3701
vn 0.0563 -0.8561 -0.5137
vn -0.0539 -0.2444 -0.9682
vn 0.5455 -0.2791 -0.7903
vn 0.1729 0.8581 -0.4834
vn 0.5429 0.2772 -0.7927
vn 0.0086 0.3081 -0.9513
vn 0.4366 -0.8721 -0.2208
vn 0.7221 -0.2858 -0.6300
vn 0.9580 -0.2824 -0.0500
vn 0.4849 0.8457 -0.2230
vn 0.9580 0.2725 -0.0899
vn 0.7476 0.2695 -0.6069
vn 0.4458 -0.8568 0.2592
vn 0.9433 -0.2735 0.1879
vn 0.6381 -0.2346 0.7333
vn 0.4767 0.8598 0.1833
vn 0.6689 0.3175 0.6721
vn 0.9410 0.2828 0.1860
vn 0.0769 -0.8216 0.5649
vn 0.4433 -0.2169 0.8697
vn -0.1732 -0.1718 0.9698
vn 0.1545 0.8898 0.4294
vn -0.1066 0.3783 0.9195
vn 0.4430 0.3381 0.8303
vn -0.3923 -0.7931 0.4660
vn -0.4015 -0.1586 0.9020
vn -0.8651 -0.1412 0.4814
vn -0.2391 0.9132 0.3301
vn -0.7845 0.4091 0.4660
vn -0.3713 0.3936 0.8410
vn -0.6085 -0.7927 0.0370
vn -0.9549 -0.1424 0.2605
vn -0.9165 -0.1658 -0.3641
vn -0.4076 0.9123 -0.0399
vn -0.8544 0.3868 -0.3469
vn -0.8887 0.4076 0.2098
vn -0.4088 -0.8208 -0.3990
vn -0.8002 -0.1806 -0.5718
vn -0.2887 -0.2273 -0.9301
vn -0.2243 0.8878 -0.4019
vn -0.2637 0.3281 -0.9071
vn -0.7196 0.3696 -0.5878
vn 0.0971 0.0968 -0.9906
vn 0.4681 0.0753 -0.8804
vn 0.9876 0.0739 -0.1385
vn 0.8036 0.0713 -0.5909
vn 0.3582 -0.9319 0.0570
vn 0.9072 0.4188 0.0401
vn 0.7255 0.1189 0.6779
vn 0.9635 0.0886 0.2525
vn 0.9991 -0.0293 -0.0312
vn -0.0755 0.1832 0.9802
vn 0.4053 0.1480 0.9021
vn -0.0394 0.9473 0.3178
vn -0.8123 0.2185 0.5407
vn -0.4508 0.2050 0.8688
vn -0.8931 -0.2631 0.3648
vn -0.2733 0.9561 0.1056
vn -0.9300 0.1982 -0.3095
vn -0.9600 0.2164 0.1776
vn -0.4280 -0.8864 -0.1764
vn -0.0000 0.7071 -0.7071
vn -0.3400 0.1375 -0.9303
vn -0.7390 0.1738 -0.6509
vn -0.0000 -0.4472 0.8944
vn -0.0000 -0.0961 0.9954
vn -0.0000 -0.0890 0.9960
vn -0.9045 -0.0640 -0.4217
vn -0.4456 0.0836 -0.8913
vn 0.1314 -0.7062 -0.6957
vn -0.0674 -0.0872 -0.9939
vn 0.6510 -0.2169 -0.7275
vn -0.1126 0.1511 -0.9821
vn 0.1346 0.7274 -0.6729
vn 0.5635 0.1727 -0.8079
vn 0.4661 -0.7262 0.5054
vn 0.9008 -0.1695 0.3998
vn 0.4122 -0.1504 0.8986
vn 0.4694 0.7075 0.5283
vn 0.4560 0.0880 0.8856
vn 0.9325 0.2203 0.2863
vn -0.4691 -0.7076 -0.5284
vn -0.9015 -0.1525 -0.4050
vn -0.4128 -0.1198 -0.9029
vn -0.4661 0.7261 -0.5055
vn -0.4555 0.1183 -0.8823
vn -0.9315 0.2336 -0.2790
vn -0.1344 -0.7273 0.6730
vn 0.0669 -0.1192 0.9906
vn -0.6519 -0.2370 0.7203
vn -0.1313 0.7063 0.6957
vn -0.5627 0.1494 0.8130
vn 0.1132 0.1191 0.9864
vn 0.5065 -0.8481 -0.1552
vn 0.2077 -0.6393 0.7404
vn 0.2106 0.6144 0.7604
vn -0.5102 -0.8504 0.1281
vn -0.5064 0.8482 0.1552
vn -0.9279 0.2641 0.2630
vn -0.9131 0.0086 -0.4077
vn -0.2106 -0.6144 -0.7604
vn -0.2663 -0.1209 -0.9563
vn -0.2077 0.6393 -0.7404
vn -0.6554 -0.7421 -0.1404
vn -0.9919 -0.1274 0.0023
vn -0.6692 -0.2826 -0.6873
vn -0.9930 0.1132 0.0350
vn -0.6901 0.6890 -0.2214
vn -0.7713 0.1071 -0.6274
vn 0.5663 -0.7268 -0.3886
vn 0.4704 -0.1986 -0.8598
vn 0.9314 -0.1319 -0.3393
vn 0.5317 0.7047 -0.4697
vn 0.9120 0.1031 -0.3971
vn 0.3438 0.1836 -0.9209
vn -0.5320 -0.7046 0.4695
vn -0.4626 -0.1228 0.8780
vn -0.9248 -0.1378 0.3545
vn -0.5668 0.7264 0.3886
vn -0.9170 0.1029 0.3854
vn -0.3548 0.2695 0.8953
vn 0.6902 -0.6889 0.2214
vn 0.9969 -0.0786 0.0093
vn 0.6801 -0.1705 0.7130
vn 0.6554 0.7421 0.1404
vn 0.7635 0.2144 0.6092
vn 0.9864 0.1565 -0.0503
vn -0.1844 -0.3237 -0.9280
vn 0.7482 0.6356 -0.1905
vn 0.9674 0.1490 -0.2049
vn 0.1251 -0.8160 0.5643
vn 0.1843 0.3238 0.9280
vn -0.7482 -0.6355 0.1905
vn -0.7787 0.6159 0.1196
vn -0.9740 0.1241 0.1894
vn -0.2405 -0.6656 0.7065
vn -0.0514 -0.0402 0.9979
vn -0.7391 -0.1563 0.6552
vn 0.0050 0.1953 0.9807
vn -0.1800 0.7645 0.6190
vn -0.6450 0.2333 0.7277
vn -0.4353 -0.7326 -0.5233
vn -0.8551 -0.1556 -0.4946
vn -0.3119 -0.1794 -0.9330
vn -0.3748 0.6974 -0.6109
vn -0.3467 0.0608 -0.9360
vn -0.8830 0.2403 -0.4031
vn 0.3747 -0.6974 0.6109
vn 0.8416 -0.1656 0.5142
vn 0.3005 -0.0901 0.9495
vn 0.4351 0.7326 0.5235
vn 0.3554 0.1450 0.9234
vn 0.9022 0.2124 0.3754
vn 0.1800 -0.7645 -0.6189
vn 0.0427 -0.1656 -0.9853
vn 0.7200 -0.2964 -0.6274
vn 0.2406 0.6656 -0.7065
vn 0.6586 0.0879 -0.7474
vn 0.0064 0.0742 -0.9972
vn -0.5566 -0.8201 0.1328
vn -0.4851 0.8740 0.0291
vn -0.1604 -0.1897 -0.9687
vn -0.0951 0.5834 -0.8066
vn 0.4849 -0.8741 -0.0291
vn 0.3529 0.0423 0.9347
vn 0.0952 -0.5834 0.8066
vn 0.6769 -0.7116 0.1883
vn 0.9950 -0.0857 0.0512
vn 0.6434 -0.2423 0.7261
vn 0.9880 0.1541 0.0139
vn 0.6489 0.7210 0.2431
vn 0.7325 0.1502 0.6640
vn -0.5559 -0.7428 0.3731
vn -0.5063 -0.2032 0.8381
vn -0.9416 -0.1650 0.2934
vn -0.5839 0.6899 0.4279
vn -0.9349 0.0717 0.3475
vn -0.3986 0.1850 0.8983
vn 0.5843 -0.6896 -0.4278
vn 0.5125 -0.1186 -0.8505
vn 0.9469 -0.1050 -0.3038
vn 0.5561 0.7427 -0.3730
vn 0.9309 0.1345 -0.3396
vn 0.3897 0.2685 -0.8809
vn -0.6488 -0.7210 -0.2432
vn -0.9910 -0.1205 -0.0591
vn -0.6345 -0.2112 -0.7435
vn -0.6769 0.7115 -0.1883
vn -0.7389 0.1716 -0.6516
vn -0.9933 0.1159 -0.0036
vn -0.5161 -0.0428 0.8555
vn -0.7579 -0.6460 0.0914
vn -0.9767 -0.1615 0.1414
vn -0.7825 0.6068 0.1393
vn -0.9821 0.1118 0.1519
vn -0.7454 0.0109 -0.6666
vn -0.1487 0.2996 -0.9424
vn 0.7825 -0.6069 -0.1393
vn 0.7580 0.6458 -0.0914
vn 0.1102 -0.7746 -0.6227
vn -0.0615 -0.1802 -0.9817
vn 0.6488 -0.3106 -0.6947
vn -0.0975 0.0596 -0.9935
vn 0.1690 0.6534 -0.7379
vn 0.5773 0.0723 -0.8133
vn 0.4327 -0.6910 0.5790
vn 0.8897 -0.1640 0.4260
vn 0.3976 -0.0783 0.9142
vn 0.4916 0.7370 0.4638
vn 0.4508 0.1559 0.8789
vn 0.9377 0.2115 0.2758
vn -0.4916 -0.7370 -0.4638
vn -0.9030 -0.1568 -0.4001
vn -0.4087 -0.1908 -0.8925
vn -0.4327 0.6911 -0.5790
vn -0.4424 0.0496 -0.8955
vn -0.9190 0.2406 -0.3123
vn -0.1691 -0.6534 0.7379
vn 0.0530 -0.0253 0.9983
vn -0.6674 -0.1414 0.7312
vn -0.1102 0.7746 0.6227
vn -0.5641 0.2485 0.7875
vn 0.1085 0.2095 0.9718
vn 0.2272 0.6766 0.7004
vn -0.1758 0.5722 -0.8011
vn -0.6390 -0.7545 -0.1498
vn -0.9859 -0.1608 0.0470
vn -0.6967 -0.2647 -0.6668
vn -0.9926 0.0773 0.0940
vn -0.7220 0.6769 -0.1432
vn -0.8073 0.1172 -0.5783
vn 0.5666 -0.6832 -0.4606
vn 0.4287 -0.1324 -0.8937
vn 0.9151 -0.0805 -0.3952
vn 0.4836 0.7483 -0.4541
vn 0.8854 0.1567 -0.4377
vn 0.2872 0.2482 -0.9252
vn -0.4836 -0.7483 0.4541
vn -0.4101 -0.1892 0.8922
vn -0.8994 -0.1893 0.3939
vn -0.5667 0.6831 0.4606
vn -0.8973 0.0493 0.4386
vn -0.3135 0.2049 0.9272
vn 0.7219 -0.6770 0.1432
vn 0.9978 -0.0453 -0.0479
vn 0.7230 -0.1885 0.6647
vn 0.6389 0.7546 0.1498
vn 0.7887 0.2044 0.5798
vn 0.9769 0.1924 -0.0927
vn 0.7894 -0.5813 -0.1971
vn 0.7169 0.6705 -0.1913
vn 0.1807 -0.8427 0.5072
vn 0.0823 0.8533 0.5150
vn -0.7168 -0.6705 0.1913
vn -0.7894 0.5813 0.1971
vn -0.1977 -0.6962 0.6901
vn -0.0591 -0.0647 0.9962
vn -0.7324 -0.2246 0.6427
vn -0.0204 0.1747 0.9844
vn -0.2437 0.7358 0.6319
vn -0.6685 0.1693 0.7242
vn -0.3733 -0.7520 -0.5432
vn -0.8356 -0.2088 -0.5082
vn -0.2874 -0.1828 -0.9402
vn -0.4194 0.6800 -0.6015
vn -0.3401 0.0542 -0.9388
vn -0.8941 0.1819 -0.4092
vn 0.4193 -0.6800 0.6015
vn 0.8459 -0.1129 0.5212
vn 0.2960 -0.0871 0.9512
vn 0.3734 0.7520 0.5432
vn 0.3335 0.1519 0.9304
vn 0.8796 0.2714 0.3908
vn 0.2436 -0.7358 -0.6318
vn 0.0657 -0.1414 -0.9878
vn 0.7470 -0.2287 -0.6243
vn 0.1976 0.6962 -0.6901
vn 0.6582 0.1524 -0.7372
vn 0.0117 0.0952 -0.9954
vn -0.5495 0.8345 0.0405
vn 0.8519 0.0486 0.5215
vn 0.1352 0.1809 0.9742
vn 0.7034 -0.6950 0.1491
vn 0.9951 -0.0769 -0.0620
vn 0.7275 -0.1941 0.6581
vn 0.9807 0.1601 -0.1124
vn 0.6637 0.7381 0.1211
vn 0.8037 0.1944 0.5624
vn -0.4986 -0.7218 0.4800
vn -0.4012 -0.1546 0.9028
vn -0.8983 -0.1520 0.4122
vn -0.5383 0.7113 0.4520
vn -0.8883 0.0875 0.4509
vn -0.2922 0.2371 0.9265
vn 0.5383 -0.7113 -0.4520
vn 0.4101 -0.1673 -0.8966
vn 0.9058 -0.1181 -0.4069
vn 0.4986 0.7218 -0.4800
vn 0.8826 0.1188 -0.4549
vn 0.2797 0.2166 -0.9353
vn -0.6637 -0.7381 -0.1210
vn -0.9894 -0.1293 0.0660
vn -0.7149 -0.2596 -0.6492
vn -0.7034 0.6950 -0.1491
vn -0.8126 0.1275 -0.5687
vn -0.9881 0.1099 0.1072
vn 0.1632 -0.8351 0.5253
vn 0.2479 0.2913 0.9240
vn -0.7683 0.6099 0.1945
vn -0.1633 0.8351 -0.5253
vn 0.1773 -0.6805 -0.7110
vn 0.0142 -0.0464 -0.9988
vn 0.7057 -0.2006 -0.6796
vn -0.0280 0.1920 -0.9810
vn 0.2020 0.7507 -0.6290
vn 0.6316 0.1935 -0.7508
vn 0.4107 -0.7546 0.5118
vn 0.8615 -0.2027 0.4655
vn 0.3334 -0.1939 0.9226
vn 0.4352 0.6768 0.5938
vn 0.3821 0.0440 0.9231
vn 0.9088 0.1906 0.3711
vn -0.4351 -0.6768 -0.5938
vn -0.8670 -0.1188 -0.4839
vn -0.3380 -0.0759 -0.9381
vn -0.4108 0.7545 -0.5118
vn -0.3786 0.1620 -0.9113
vn -0.9011 0.2625 -0.3451
vn -0.2020 -0.7508 0.6289
vn -0.0177 -0.1596 0.9870
vn -0.7135 -0.2526 0.6536
vn -0.1773 0.6805 0.7110
vn -0.6260 0.1280 0.7692
vn 0.0326 0.0777 0.9964
vn 0.5328 0.8447 -0.0505
vn 0.3823 -0.0593 0.9221
vn 0.1349 -0.6721 0.7281
vn 0.1830 -0.1953 0.9635
vn 0.1565 0.5796 0.7997
vn 0.1876 0.0777 0.9792
vn -0.5328 -0.8447 0.0506
vn -0.9422 0.2715 0.1961
vn -0.8757 0.0425 -0.4810
vn -0.1564 -0.5796 -0.7997
vn -0.1876 -0.0777 -0.9792
vn -0.1349 0.6721 -0.7281
vn -0.1829 0.1953 -0.9635
vn -0.6857 -0.7022 -0.1915
vn -0.9964 -0.0776 -0.0350
vn -0.6581 -0.2218 -0.7195
vn -0.9869 0.1613 0.0073
vn -0.6476 0.7309 -0.2156
vn -0.7431 0.1698 -0.6472
vn 0.5435 -0.7385 -0.3991
vn 0.4895 -0.1883 -0.8514
vn 0.9350 -0.1651 -0.3139
vn 0.5815 0.6947 -0.4233
vn 0.9290 0.0727 -0.3628
vn 0.3837 0.2018 -0.9011
vn -0.5815 -0.6948 0.4232
vn -0.4979 -0.1336 0.8569
vn -0.9421 -0.1050 0.3185
vn -0.5437 0.7383 0.3991
vn -0.9236 0.1336 0.3593
vn -0.3717 0.2519 0.8935
vn 0.6475 -0.7309 0.2157
vn 0.9909 -0.1287 0.0384
vn 0.6461 -0.2319 0.7272
vn 0.6854 0.7025 0.1915
vn 0.7517 0.1521 0.6418
vn 0.9940 0.1088 -0.0119
vn -0.1105 -0.8554 -0.5061
vn -0.0657 0.8426 -0.5346
vn 0.5003 -0.0277 -0.8654
vn 0.7845 0.6041 -0.1402
vn 0.1105 0.8554 0.5060
vn -0.5002 0.0277 0.8655
vn -0.7844 -0.6042 0.1403
vn -0.7514 0.6490 0.1192
vn -0.2265 -0.6985 0.6788
vn -0.0486 -0.0822 0.9954
vn -0.7347 -0.1971 0.6491
vn 0.0032 0.1548 0.9879
vn -0.1934 0.7346 0.6503
vn -0.6479 0.1909 0.7375
vn -0.4223 -0.7186 -0.5525
vn -0.8530 -0.1512 -0.4995
vn -0.3103 -0.1467 -0.9392
vn -0.3893 0.7146 -0.5812
vn -0.3497 0.0928 -0.9323
vn -0.8882 0.2399 -0.3918
vn 0.3890 -0.7147 0.5812
vn 0.8455 -0.1707 0.5060
vn 0.3041 -0.1234 0.9446
vn 0.4222 0.7186 0.5526
vn 0.3545 0.1135 0.9281
vn 0.8988 0.2138 0.3827
vn 0.1933 -0.7347 -0.6502
vn 0.0438 -0.1240 -0.9913
vn 0.7242 -0.2566 -0.6400
vn 0.2266 0.6985 -0.6788
vn 0.6553 0.1310 -0.7439
vn 0.0031 0.1153 -0.9933
vn -0.5407 -0.8353 0.0996
vn -0.6601 0.0303 0.7505
vn -0.5013 0.8628 0.0657
vn -0.1369 -0.6392 -0.7568
vn -0.1077 0.6142 -0.7818
vn 0.6602 -0.0303 -0.7505
vn 0.5014 -0.8627 -0.0657
vn 0.5407 0.8353 -0.0996
vn 0.9579 0.2409 -0.1562
vn 0.1077 -0.6142 0.7818
vn 0.1369 0.6392 0.7568
vn 0.7272 -0.6689 0.1539
vn 0.9971 -0.0433 -0.0630
vn 0.7347 -0.1632 0.6585
vn 0.9744 0.1927 -0.1154
vn 0.6382 0.7614 0.1135
vn 0.7973 0.2268 0.5594
vn -0.4728 -0.7343 0.4871
vn -0.3943 -0.1604 0.9049
vn -0.8920 -0.1791 0.4150
vn -0.5616 0.6964 0.4468
vn -0.8901 0.0609 0.4516
vn -0.2990 0.2350 0.9249
vn 0.5618 -0.6964 -0.4466
vn 0.4144 -0.1609 -0.8957
vn 0.9087 -0.0905 -0.4075
vn 0.4727 0.7343 -0.4871
vn 0.8773 0.1451 -0.4574
vn 0.2709 0.2179 -0.9376
vn -0.6382 -0.7614 -0.1135
vn -0.9843 -0.1627 0.0688
vn -0.7066 -0.2896 -0.6457
vn -0.7268 0.6693 -0.1540
vn -0.8172 0.0946 -0.5685
vn -0.9912 0.0769 0.1078
vn 0.1926 -0.8244 0.5322
vn 0.8180 0.0669 0.5713
vn 0.0873 0.8705 0.4844
vn -0.7107 -0.6663 0.2258
vn -0.7886 0.5846 0.1904
vn -0.8180 -0.0670 -0.5713
vn -0.1925 0.8244 -0.5323
vn 0.4098 -0.0003 -0.9122
vn 0.7885 -0.5847 -0.1905
vn 0.7107 0.6663 -0.2258
vn -0.9384 0.2824 0.1989
vn -0.5612 0.8176 0.1285
vn -0.0154 0.9997 0.0179
vn 0.5943 -0.7928 -0.1350
vn 0.0028 -1.0000 0.0039
vn 0.0201 0.9996 0.0218
vn -0.8620 -0.3203 -0.3928
vn 0.0158 -0.9998 -0.0140
vn -0.5603 -0.7945 0.2340
vn 0.0157 0.9999 0.0001
vn -0.0063 1.0000 -0.0023
vn 0.4889 -0.7993 0.3493
vn -0.5601 0.8210 -0.1108
vn 0.5978 0.7892 0.1407
vn -0.7949 0.5838 -0.1650
vn -0.7964 0.5793 0.1739
vn -0.7999 -0.5792 0.1575
vn -0.7981 -0.5746 -0.1814
vn 0.9980 -0.0637 -0.0000
vn 0.9791 -0.0000 -0.2033
vn -0.9992 -0.0396 -0.0000
vn 0.9997 0.0247 -0.0000
vn -0.6635 -0.5839 0.4678
vn -0.6600 0.5745 0.4841
vn -1.0000 -0.0000 0.0020
vn 0.8117 0.0058 -0.5840
vn -1.0000 -0.0000 -0.0000
vn -0.4126 -0.5880 0.6957
vn -0.4094 0.5705 0.7120
vn -0.0000 1.0000 0.0039
vn 0.5041 0.0107 -0.8636
vn 0.7125 -0.7017 -0.0000
vn -0.0908 -0.5903 0.8021
vn 0.2463 -0.5909 0.7682
vn 0.2499 0.5677 0.7844
vn 0.0032 1.0000 -0.0000
vn -0.3044 0.0143 -0.9524
vn 0.5408 -0.5894 0.6001
vn 0.5446 0.5688 0.6164
vn 0.7448 0.5722 0.3433
vn -0.9380 0.3467 0.0042
vn -0.9116 0.0085 -0.4109
vn 0.9787 -0.2053 -0.0030
vn 0.8132 -0.5819 -0.0043
vn 0.8170 0.5765 0.0120
vn -0.9390 0.3440 0.0049
vn 0.9160 -0.4012 -0.0057
vn 0.7444 -0.5769 -0.3362
vn -0.9991 -0.0413 -0.0000
vn -0.9154 -0.0029 0.4024
vn 0.5464 -0.5725 -0.6113
vn 0.5499 0.5863 -0.5949
vn -0.0000 0.9997 0.0224
vn -0.6727 -0.0084 0.7398
vn -0.9070 -0.4212 -0.0000
vn 0.2541 -0.5691 -0.7821
vn 0.2573 0.5894 -0.7658
vn -0.0830 -0.5675 -0.8192
vn 0.0924 0.9957 -0.0003
vn -0.0000 1.0000 0.0010
vn -0.4058 -0.5680 -0.7160
vn -0.4023 0.5905 -0.6996
vn -0.0000 -0.0000 -1.0000
vn -0.6589 -0.5705 -0.4903
vn -0.6554 0.5880 -0.4740
vn 0.8062 -0.0108 0.5915
vt 0.750000 0.401727
vt 0.741439 0.486884
vt 0.802753 0.470800
vt 0.000000 0.505790
vt 0.037995 0.500000
vt 0.055556 0.505851
vt 0.962005 0.500000
vt 1.000000 0.505790
vt 0.944445 0.505851
vt 0.250000 0.443657
vt 0.254866 0.488229
vt 0.221876 0.479764
vt 1.000000 0.994088
vt 0.979744 1.000000
vt 0.970297 0.994149
vt 0.020256 1.000000
vt 0.000000 0.994088
vt 0.029703 0.994149
vt 0.847528 0.366230
vt 0.895708 0.436967
vt 0.932338 0.385234
vt 0.888889 0.505790
vt 0.926883 0.500000
vt 0.944445 0.505851
vt 0.850894 0.500000
vt 0.833333 0.505851
vt 0.374480 0.398350
vt 0.406858 0.429366
vt 0.376145 0.444087
vt 0.888889 0.994088
vt 0.868633 1.000000
vt 0.859186 0.994149
vt 0.909145 1.000000
vt 0.918592 0.994149
vt 0.899422 0.276347
vt 0.981798 0.299566
vt 0.976606 0.236390
vt 0.777778 0.505790
vt 0.815772 0.500000
vt 0.739783 0.500000
vt 0.722222 0.505851
vt 0.440715 0.283628
vt 0.485455 0.286576
vt 0.471390 0.317595
vt 0.777778 0.994088
vt 0.757522 1.000000
vt 0.748075 0.994149
vt 0.798034 1.000000
vt 0.807481 0.994149
vt 0.881400 0.174136
vt 0.959428 0.138972
vt 0.914842 0.093915
vt 0.666667 0.505790
vt 0.704661 0.500000
vt 0.722222 0.505851
vt 0.628672 0.500000
vt 0.611111 0.505851
vt 0.417712 0.153172
vt 0.453880 0.126672
vt 0.463043 0.159474
vt 0.666667 0.994088
vt 0.646411 1.000000
vt 0.636963 0.994149
vt 0.686923 1.000000
vt 0.696370 0.994149
vt 0.801894 0.107423
vt 0.839064 0.030330
vt 0.775947 0.024474
vt 0.555556 0.505790
vt 0.593550 0.500000
vt 0.611111 0.505851
vt 0.517561 0.500000
vt 0.500000 0.505851
vt 0.316235 0.068022
vt 0.326907 0.024474
vt 0.355012 0.043712
vt 0.555556 0.994088
vt 0.535300 1.000000
vt 0.525852 0.994149
vt 0.575812 1.000000
vt 0.585259 0.994149
vt 0.698106 0.107423
vt 0.677026 0.024474
vt 0.624911 0.060559
vt 0.444444 0.505790
vt 0.482439 0.500000
vt 0.500000 0.505851
vt 0.406450 0.500000
vt 0.388889 0.505851
vt 0.183765 0.068022
vt 0.163949 0.027802
vt 0.197844 0.024474
vt 0.444444 0.994088
vt 0.424188 1.000000
vt 0.414741 0.994149
vt 0.464700 1.000000
vt 0.474148 0.994149
vt 0.618600 0.174136
vt 0.549133 0.124144
vt 0.532406 0.185285
vt 0.333333 0.505790
vt 0.371328 0.500000
vt 0.388889 0.505851
vt 0.295339 0.500000
vt 0.277778 0.505851
vt 0.082288 0.153172
vt 0.041255 0.135099
vt 0.065081 0.110762
vt 0.333333 0.994088
vt 0.313077 1.000000
vt 0.303630 0.994149
vt 0.353589 1.000000
vt 0.363037 0.994149
vt 0.600578 0.276347
vt 0.515228 0.282703
vt 0.541715 0.340293
vt 0.222222 0.505790
vt 0.260217 0.500000
vt 0.277778 0.505851
vt 0.184228 0.500000
vt 0.166667 0.505851
vt 0.059285 0.283628
vt 0.016235 0.296160
vt 0.018843 0.262201
vt 0.222222 0.994088
vt 0.201966 1.000000
vt 0.192519 0.994149
vt 0.242478 1.000000
vt 0.251925 0.994149
vt 0.652472 0.366230
vt 0.591175 0.425960
vt 0.648484 0.453051
vt 0.111111 0.505790
vt 0.149106 0.500000
vt 0.166667 0.505851
vt 0.073117 0.500000
vt 0.055556 0.505851
vt 0.125520 0.398350
vt 0.100597 0.435622
vt 0.080767 0.407932
vt 0.111111 0.994088
vt 0.090855 1.000000
vt 0.081408 0.994149
vt 0.131367 1.000000
vt 0.140814 0.994149
vt 0.958285 0.340293
vt 0.967594 0.185285
vt 0.481157 0.262201
vt 0.434919 0.110762
vt 0.724053 0.024474
vt 0.523394 0.236390
vt 0.036957 0.159474
vt 0.028611 0.317595
vt 0.697248 0.470800
vt 0.123855 0.444087
vt 0.750000 0.411372
vt 0.747172 0.489170
vt 0.793066 0.477355
vt -0.000000 0.551950
vt 0.030173 0.500000
vt 0.045454 0.558312
vt 0.969827 0.500000
vt 1.000000 0.551950
vt 0.954545 0.558312
vt 0.250000 0.451645
vt 0.254708 0.488618
vt 0.225117 0.482694
vt 1.000000 0.935326
vt 0.982566 1.000000
vt 0.973178 0.941688
vt 0.017434 1.000000
vt -0.000000 0.935326
vt 0.026822 0.941688
vt 0.837244 0.385755
vt 0.876926 0.452731
vt 0.909146 0.417980
vt 0.909091 0.551950
vt 0.939264 0.500000
vt 0.878918 0.500000
vt 0.863636 0.558312
vt 0.359018 0.419635
vt 0.382967 0.448192
vt 0.354871 0.459207
vt 0.909091 0.935326
vt 0.891657 1.000000
vt 0.882269 0.941688
vt 0.926525 1.000000
vt 0.935913 0.941688
vt 0.896789 0.317036
vt 0.966382 0.351927
vt 0.974699 0.305273
vt 0.818182 0.551950
vt 0.848355 0.500000
vt 0.863636 0.558312
vt 0.788009 0.500000
vt 0.772727 0.558312
vt 0.433423 0.333766
vt 0.469010 0.344843
vt 0.451329 0.369299
vt 0.818182 0.935326
vt 0.800748 1.000000
vt 0.791360 0.941688
vt 0.835616 1.000000
vt 0.845004 0.941688
vt 0.909730 0.227034
vt 0.987138 0.218762
vt 0.968912 0.175017
vt 0.727273 0.551951
vt 0.757446 0.500000
vt 0.772727 0.558312
vt 0.697100 0.500000
vt 0.681818 0.558312
vt 0.449593 0.221303
vt 0.485519 0.211381
vt 0.483866 0.241514
vt 0.727273 0.935326
vt 0.709839 1.000000
vt 0.700451 0.941688
vt 0.744706 1.000000
vt 0.754095 0.941688
vt 0.871957 0.144324
vt 0.932604 0.095514
vt 0.893621 0.068567
vt 0.636364 0.551951
vt 0.666537 0.500000
vt 0.606190 0.500000
vt 0.590909 0.558312
vt 0.402393 0.117951
vt 0.427252 0.090181
vt 0.442153 0.116423
vt 0.636364 0.935326
vt 0.618930 1.000000
vt 0.609541 0.941688
vt 0.653797 1.000000
vt 0.663185 0.941688
vt 0.795464 0.095164
vt 0.820095 0.021315
vt 0.772732 0.019722
vt 0.545454 0.551950
vt 0.575628 0.500000
vt 0.590909 0.558312
vt 0.515281 0.500000
vt 0.500000 0.558312
vt 0.306810 0.056523
vt 0.312709 0.019722
vt 0.339433 0.033742
vt 0.545454 0.935326
vt 0.528021 1.000000
vt 0.518632 0.941688
vt 0.562888 1.000000
vt 0.572277 0.941688
vt 0.704536 0.095164
vt 0.685331 0.019722
vt 0.644625 0.043988
vt 0.454545 0.551950
vt 0.484718 0.500000
vt 0.500000 0.558312
vt 0.424372 0.500000
vt 0.409091 0.558312
vt 0.193190 0.056523
vt 0.178256 0.022375
vt 0.208318 0.019722
vt 0.454545 0.935326
vt 0.437112 1.000000
vt 0.427723 0.941688
vt 0.471979 1.000000
vt 0.481367 0.941688
vt 0.628043 0.144324
vt 0.571099 0.091240
vt 0.549975 0.133661
vt 0.363636 0.551950
vt 0.393809 0.500000
vt 0.333463 0.500000
vt 0.318182 0.558312
vt 0.097607 0.117951
vt 0.066582 0.097297
vt 0.090437 0.078813
vt 0.363636 0.935326
vt 0.346202 1.000000
vt 0.336814 0.941688
vt 0.381070 1.000000
vt 0.390458 0.941688
vt 0.590270 0.227034
vt 0.513667 0.213164
vt 0.518831 0.260271
vt 0.272727 0.551951
vt 0.302900 0.500000
vt 0.318182 0.558312
vt 0.242554 0.500000
vt 0.227273 0.558312
vt 0.050407 0.221303
vt 0.013141 0.220701
vt 0.023216 0.192254
vt 0.272727 0.935326
vt 0.255293 1.000000
vt 0.245905 0.941688
vt 0.290161 1.000000
vt 0.299549 0.941688
vt 0.603211 0.317036
vt 0.531269 0.346782
vt 0.561081 0.383621
vt 0.181818 0.551951
vt 0.211991 0.500000
vt 0.151645 0.500000
vt 0.136363 0.558312
vt 0.066577 0.333766
vt 0.034902 0.353408
vt 0.027998 0.324030
vt 0.181818 0.935326
vt 0.164384 1.000000
vt 0.154996 0.941688
vt 0.199252 1.000000
vt 0.208640 0.941688
vt 0.662755 0.385755
vt 0.618316 0.449674
vt 0.663312 0.464546
vt 0.090909 0.551951
vt 0.121082 0.500000
vt 0.136363 0.558312
vt 0.060736 0.500000
vt 0.045454 0.558312
vt 0.140982 0.419635
vt 0.124954 0.453283
vt 0.103263 0.432302
vt 0.090909 0.935326
vt 0.073475 1.000000
vt 0.064087 0.941688
vt 0.108343 1.000000
vt 0.117731 0.941688
vt 0.274883 0.482694
vt 0.981169 0.260271
vt 0.472002 0.324030
vt 0.950025 0.133661
vt 0.476784 0.192254
vt 0.409563 0.078813
vt 0.291682 0.019722
vt 0.606379 0.068567
vt 0.160567 0.033742
vt 0.531088 0.175017
vt 0.057847 0.116423
vt 0.525301 0.305273
vt 0.590854 0.417980
vt 0.706934 0.477355
vt 0.145129 0.459207
vt 0.750000 0.403050
vt 0.735393 0.482966
vt 0.812726 0.459793
vt 0.000000 0.579926
vt 0.047756 0.500000
vt 0.056564 0.577724
vt 0.952244 0.500000
vt 1.000000 0.579926
vt 0.943436 0.577724
vt 0.250000 0.367247
vt 0.264192 0.483166
vt 0.179097 0.455855
vt 1.000000 0.926952
vt 0.946019 1.000000
vt 0.928571 0.922276
vt 0.053981 1.000000
vt 0.000000 0.926952
vt 0.071429 0.922276
vt 0.869659 0.345425
vt 0.923033 0.406672
vt 0.953132 0.331762
vt 0.857143 0.579926
vt 0.904899 0.500000
vt 0.913707 0.577724
vt 0.809387 0.500000
vt 0.800579 0.577723
vt 0.341667 0.323102
vt 0.441145 0.384281
vt 0.366737 0.433783
vt 0.857143 0.926952
vt 0.803162 1.000000
vt 0.785714 0.922277
vt 0.911124 1.000000
vt 0.928571 0.922277
vt 0.899213 0.215943
vt 0.980375 0.212401
vt 0.940575 0.142163
vt 0.714286 0.579926
vt 0.762042 0.500000
vt 0.770850 0.577724
vt 0.666530 0.500000
vt 0.657722 0.577724
vt 0.364307 0.223910
vt 0.474162 0.184280
vt 0.466471 0.273318
vt 0.714286 0.926952
vt 0.660305 1.000000
vt 0.642857 0.922276
vt 0.768267 1.000000
vt 0.785714 0.922277
vt 0.816406 0.112107
vt 0.864240 0.046443
vt 0.784511 0.033767
vt 0.571429 0.579926
vt 0.619185 0.500000
vt 0.627993 0.577723
vt 0.523673 0.500000
vt 0.514865 0.577724
vt 0.300872 0.144364
vt 0.338381 0.033767
vt 0.403198 0.095295
vt 0.571429 0.926952
vt 0.517448 1.000000
vt 0.500000 0.922277
vt 0.625410 1.000000
vt 0.642857 0.922277
vt 0.683594 0.112107
vt 0.662080 0.033767
vt 0.602460 0.088199
vt 0.428571 0.579926
vt 0.476327 0.500000
vt 0.485135 0.577724
vt 0.380816 0.500000
vt 0.372007 0.577723
vt 0.199128 0.144364
vt 0.136047 0.046082
vt 0.224564 0.033767
vt 0.428571 0.926952
vt 0.374590 1.000000
vt 0.357143 0.922276
vt 0.482553 1.000000
vt 0.500000 0.922276
vt 0.600787 0.215943
vt 0.526126 0.183920
vt 0.531509 0.264470
vt 0.285714 0.579926
vt 0.333470 0.500000
vt 0.342278 0.577723
vt 0.237958 0.500000
vt 0.229150 0.577723
vt 0.135693 0.223910
vt 0.019522 0.211951
vt 0.065084 0.135068
vt 0.285714 0.926952
vt 0.231733 1.000000
vt 0.214286 0.922277
vt 0.339695 1.000000
vt 0.357143 0.922277
vt 0.630341 0.345425
vt 0.558753 0.383832
vt 0.625087 0.429845
vt 0.142857 0.579926
vt 0.190613 0.500000
vt 0.199421 0.577724
vt 0.095101 0.500000
vt 0.086293 0.577724
vt 0.158333 0.323102
vt 0.076552 0.406472
vt 0.044849 0.322914
vt 0.142857 0.926952
vt 0.088876 1.000000
vt 0.071429 0.922277
vt 0.196838 1.000000
vt 0.214286 0.922277
vt 0.874913 0.429845
vt 0.968491 0.264470
vt 0.455151 0.322914
vt 0.033529 0.273318
vt 0.133263 0.433783
vt 0.128500 0.750000
vt 0.125000 0.746500
vt 0.128500 0.746500
vt 0.378500 0.996500
vt 0.376479 1.000000
vt 0.375000 0.996500
vt 0.378500 0.003500
vt 0.375000 0.001479
vt 0.378500 0.000000
vt 0.621500 0.996500
vt 0.625000 0.998521
vt 0.621500 1.000000
vt 0.875000 0.746500
vt 0.871500 0.750000
vt 0.871500 0.746500
vt 0.621500 0.003500
vt 0.623521 0.000000
vt 0.625000 0.003500
vt 0.125000 0.503500
vt 0.128500 0.500000
vt 0.128500 0.503500
vt 0.378500 0.246500
vt 0.375740 0.250740
vt 0.375000 0.246500
vt 0.378500 0.253500
vt 0.378500 0.250000
vt 0.871500 0.500000
vt 0.875000 0.503500
vt 0.871500 0.503500
vt 0.621500 0.253500
vt 0.624260 0.249260
vt 0.625000 0.253500
vt 0.621500 0.246500
vt 0.621500 0.250000
vt 0.375000 0.746500
vt 0.373250 0.751750
vt 0.371500 0.746500
vt 0.378500 0.746500
vt 0.375493 0.750000
vt 0.378500 0.753500
vt 0.378500 0.750000
vt 0.626750 0.751750
vt 0.625000 0.746500
vt 0.628500 0.746500
vt 0.621500 0.753500
vt 0.625000 0.749507
vt 0.621500 0.746500
vt 0.621500 0.750000
vt 0.373250 0.498250
vt 0.375000 0.503500
vt 0.371500 0.503500
vt 0.378500 0.496500
vt 0.375000 0.500493
vt 0.378500 0.503500
vt 0.378500 0.500000
vt 0.625000 0.503500
vt 0.626750 0.498250
vt 0.628500 0.503500
vt 0.621500 0.503500
vt 0.624507 0.500000
vt 0.621500 0.496500
vt 0.621500 0.500000
vt 0.375000 0.003500
vt 0.378500 1.000000
vt 0.625000 0.246500
vt 0.375000 0.253500
vt 0.625000 0.996500
vt 0.871500 0.746500
vt 0.378500 0.246500
vt 0.378500 0.253500
vt 0.378500 0.746500
vt 0.625000 0.746500
vt 0.628500 0.746500
vt 0.371500 0.503500
vt 0.621500 0.000000
vt 0.128500 0.503500
vt 0.378500 0.250000
vt 0.621500 0.246500
vt 0.621500 0.496500
vt 0.128500 0.746500
vt 0.626750 0.498250
vt 0.871500 0.746500
vt 0.871500 0.503500
vt 0.371500 0.746500
vt 0.621500 0.746500
vt 0.621500 0.253500
vt 0.621500 0.246500
vt 0.600000 0.501234
vt 0.533333 0.600000
vt 0.533333 0.501234
vt 0.600000 0.600000
vt 0.533333 0.698766
vt 0.600000 0.701234
vt 0.533333 0.800000
vt 0.533333 0.701234
vt 0.600000 0.800000
vt 0.533333 0.900000
vt 0.533333 0.900000
vt 0.600000 1.000000
vt 0.533333 1.000000
vt 0.533333 0.000000
vt 0.600000 0.098025
vt 0.533333 0.098025
vt 0.533333 0.101975
vt 0.600000 0.200000
vt 0.533333 0.200000
vt 0.600000 0.300000
vt 0.533333 0.300000
vt 0.600000 0.300000
vt 0.533333 0.400000
vt 0.533333 0.300000
vt 0.600000 0.400000
vt 0.533333 0.498766
vt 0.666667 0.501234
vt 0.666667 0.600000
vt 0.600000 0.698766
vt 0.666667 0.701234
vt 0.666667 0.900000
vt 0.600000 0.900000
vt 0.666667 0.900000
vt 0.600000 0.900000
vt 0.666667 0.000000
vt 0.600000 0.000000
vt 0.666667 0.101975
vt 0.600000 0.101975
vt 0.666667 0.300000
vt 0.666667 0.300000
vt 0.666667 0.498766
vt 0.600000 0.498766
vt 0.733333 0.600000
vt 0.666667 0.698766
vt 0.733333 0.800000
vt 0.666667 0.800000
vt 0.733333 0.900000
vt 0.733333 1.000000
vt 0.666667 1.000000
vt 0.733333 0.000000
vt 0.666667 0.098025
vt 0.733333 0.101975
vt 0.666667 0.200000
vt 0.733333 0.200000
vt 0.733333 0.300000
vt 0.666667 0.400000
vt 0.733333 0.498766
vt 0.800000 0.501234
vt 0.733333 0.501234
vt 0.800000 0.698766
vt 0.733333 0.698766
vt 0.800000 0.701234
vt 0.733333 0.701234
vt 0.800000 0.800000
vt 0.800000 0.900000
vt 0.733333 0.900000
vt 0.800000 0.000000
vt 0.733333 0.098025
vt 0.800000 0.200000
vt 0.800000 0.300000
vt 0.733333 0.300000
vt 0.800000 0.300000
vt 0.733333 0.400000
vt 0.800000 0.400000
vt 0.866667 0.501234
vt 0.800000 0.600000
vt 0.866667 0.600000
vt 0.866667 0.701234
vt 0.866667 0.900000
vt 0.800000 0.900000
vt 0.866667 1.000000
vt 0.800000 1.000000
vt 0.866667 0.000000
vt 0.800000 0.098025
vt 0.866667 0.101975
vt 0.800000 0.101975
vt 0.866667 0.200000
vt 0.866667 0.300000
vt 0.866667 0.400000
vt 0.800000 0.498766
vt 0.933333 0.501234
vt 0.933333 0.698766
vt 0.866667 0.698766
vt 0.933333 0.800000
vt 0.866667 0.800000
vt 0.933333 0.900000
vt 0.933333 0.098025
vt 0.866667 0.098025
vt 0.933333 0.200000
vt 0.933333 0.300000
vt 0.866667 0.300000
vt 0.933333 0.400000
vt 0.866667 0.498766
vt 1.000000 0.501234
vt 0.933333 0.600000
vt 1.000000 0.698766
vt 1.000000 0.701234
vt 0.933333 0.701234
vt 1.000000 0.900000
vt 0.933333 0.900000
vt 1.000000 0.900000
vt 0.933333 1.000000
vt 1.000000 0.000000
vt 0.933333 0.000000
vt 1.000000 0.101975
vt 0.933333 0.101975
vt 1.000000 0.300000
vt 1.000000 0.300000
vt 0.933333 0.300000
vt 0.999548 0.400000
vt 0.933333 0.498766
vt -0.000000 0.501234
vt 0.066667 0.600000
vt 0.001234 0.600000
vt -0.000000 0.698766
vt 0.066667 0.701234
vt 0.000452 0.800000
vt -0.000000 0.701234
vt 0.066667 0.800000
vt -0.000000 0.900000
vt -0.000000 0.900000
vt 0.066667 1.000000
vt -0.000000 1.000000
vt 0.066667 0.000000
vt -0.000000 0.098025
vt -0.000000 0.000000
vt -0.000000 0.101975
vt 0.066667 0.200000
vt -0.000000 0.200000
vt -0.000000 0.300000
vt 0.066667 0.300000
vt 0.000452 0.400000
vt -0.000000 0.300000
vt 0.066667 0.400000
vt -0.000000 0.498766
vt 0.133333 0.501234
vt 0.066667 0.501234
vt 0.133333 0.600000
vt 0.066667 0.698766
vt 0.133333 0.800000
vt 0.066667 0.900000
vt 0.066667 0.900000
vt 0.133333 1.000000
vt 0.133333 0.098025
vt 0.066667 0.098025
vt 0.066667 0.101975
vt 0.133333 0.200000
vt 0.066667 0.300000
vt 0.133333 0.300000
vt 0.133333 0.498766
vt 0.066667 0.498766
vt 0.200000 0.501234
vt 0.200000 0.600000
vt 0.133333 0.698766
vt 0.133333 0.701234
vt 0.200000 0.800000
vt 0.133333 0.900000
vt 0.200000 0.900000
vt 0.133333 0.900000
vt 0.133333 0.000000
vt 0.200000 0.098025
vt 0.133333 0.101975
vt 0.200000 0.200000
vt 0.133333 0.300000
vt 0.200000 0.400000
vt 0.133333 0.400000
vt 0.266667 0.501234
vt 0.266667 0.698766
vt 0.200000 0.698766
vt 0.200000 0.701234
vt 0.266667 0.800000
vt 0.266667 0.900000
vt 0.200000 0.900000
vt 0.266667 0.900000
vt 0.200000 1.000000
vt 0.266667 0.000000
vt 0.200000 0.000000
vt 0.266667 0.101975
vt 0.200000 0.101975
vt 0.266667 0.300000
vt 0.200000 0.300000
vt 0.200000 0.300000
vt 0.266667 0.400000
vt 0.266667 0.498766
vt 0.200000 0.498766
vt 0.333333 0.501234
vt 0.266667 0.600000
vt 0.333333 0.698766
vt 0.333333 0.701234
vt 0.266667 0.701234
vt 0.333333 0.800000
vt 0.333333 0.900000
vt 0.266667 1.000000
vt 0.333333 0.098025
vt 0.266667 0.098025
vt 0.333333 0.101975
vt 0.266667 0.200000
vt 0.333333 0.300000
vt 0.333333 0.400000
vt 0.400000 0.501234
vt 0.333333 0.600000
vt 0.400000 0.600000
vt 0.400000 0.701234
vt 0.400000 0.800000
vt 0.333333 0.900000
vt 0.400000 0.900000
vt 0.333333 1.000000
vt 0.400000 0.000000
vt 0.333333 0.000000
vt 0.400000 0.101975
vt 0.333333 0.200000
vt 0.400000 0.200000
vt 0.333333 0.300000
vt 0.400000 0.400000
vt 0.333333 0.498766
vt 0.466667 0.600000
vt 0.466667 0.698766
vt 0.400000 0.698766
vt 0.466667 0.800000
vt 0.400000 0.900000
vt 0.466667 1.000000
vt 0.400000 1.000000
vt 0.466667 0.000000
vt 0.400000 0.098025
vt 0.466667 0.200000
vt 0.400000 0.300000
vt 0.466667 0.300000
vt 0.400000 0.300000
vt 0.466667 0.498766
vt 0.400000 0.498766
vt 0.466667 0.501234
vt 0.466667 0.900000
vt 0.466667 0.701234
vt 0.466667 0.098025
vt 0.466667 0.900000
vt 0.466667 0.101975
vt 0.466667 0.300000
vt 1.000000 0.098025
vt 0.000000 0.502408
vt 0.993834 0.500000
vt 0.278124 0.479764
vt 1.000000 0.997462
vt 0.003505 1.000000
vt 0.851516 0.453051
vt 0.885806 0.501204
vt 0.419233 0.407932
vt 0.890641 0.998731
vt 0.774695 0.501204
vt 0.779530 0.998731
vt 0.663584 0.501204
vt 0.668419 0.998731
vt 0.875089 0.060559
vt 0.552472 0.501204
vt 0.302156 0.024474
vt 0.557308 0.998731
vt 0.441361 0.501204
vt 0.144988 0.043712
vt 0.446197 0.998731
vt 0.585158 0.093915
vt 0.330250 0.501204
vt 0.335086 0.998731
vt 0.219139 0.501204
vt 0.223975 0.998731
vt 0.567662 0.385234
vt 0.108028 0.501204
vt 0.112863 0.998731
vt -0.000000 0.517372
vt 0.998019 0.500000
vt 1.000000 0.967963
vt 0.003298 1.000000
vt 0.836688 0.464546
vt 0.908100 0.508686
vt 0.396737 0.432302
vt 0.910740 0.983981
vt 0.938919 0.383621
vt 0.817191 0.508686
vt 0.819831 0.983981
vt 0.726282 0.508686
vt 0.728922 0.983981
vt 0.635373 0.508686
vt 0.638013 0.983981
vt 0.855375 0.043988
vt 0.544464 0.508686
vt 0.547104 0.983981
vt 0.727268 0.019722
vt 0.453555 0.508686
vt 0.456195 0.983981
vt 0.362646 0.508686
vt 0.365286 0.983981
vt 0.271737 0.508686
vt 0.016134 0.241514
vt 0.274376 0.983981
vt 0.180827 0.508686
vt 0.048671 0.369299
vt 0.183467 0.983981
vt 0.089918 0.508686
vt 0.092558 0.983981
vt 0.687274 0.459793
vt 0.000000 0.537349
vt 0.988879 0.500000
vt 0.320903 0.455855
vt 1.000000 0.971708
vt 0.010805 1.000000
vt 0.851583 0.518674
vt 0.862545 0.985854
vt 0.708725 0.518674
vt 0.434916 0.135068
vt 0.719688 0.985854
vt 0.897540 0.088199
vt 0.565868 0.518674
vt 0.275436 0.033767
vt 0.576831 0.985854
vt 0.715489 0.033767
vt 0.423011 0.518675
vt 0.096802 0.095295
vt 0.433974 0.985854
vt 0.559425 0.142163
vt 0.280154 0.518674
vt 0.291117 0.985854
vt 0.546868 0.331762
vt 0.137297 0.518674
vt 0.148259 0.985854
vt 0.126479 0.750000
vt 0.875000 0.748521
vt 0.125000 0.501479
vt 0.873521 0.500000
vt 0.998766 0.600000
vt 0.999549 0.800000
vt 1.000000 1.000000
vt 1.000000 0.200000
vt 1.000000 0.498766
vt 0.466667 0.400000
s 0
usemtl bone
f 1/1/1 5/2/1 7/3/1
f 6/4/2 4/5/2 2/6/2
f 7/7/3 6/8/3 3/9/3
f 8/10/4 12/11/4 14/12/4
f 13/13/5 11/14/5 9/15/5
f 14/16/6 13/17/6 10/18/6
f 15/19/7 19/20/7 21/21/7
f 20/22/8 18/23/8 16/24/8
f 21/25/9 20/22/9 17/26/9
f 22/27/10 26/28/10 28/29/10
f 27/30/11 25/31/11 23/32/11
f 28/33/12 27/30/12 24/34/12
f 29/35/13 33/36/13 35/37/13
f 34/38/14 32/39/14 30/26/14
f 35/40/15 34/38/15 31/41/15
f 36/42/16 40/43/16 42/44/16
f 41/45/17 39/46/17 37/47/17
f 42/48/18 41/45/18 38/49/18
f 43/50/19 47/51/19 49/52/19
f 48/53/20 46/54/20 44/55/20
f 49/56/21 48/53/21 45/57/21
f 50/58/22 54/59/22 56/60/22
f 55/61/23 53/62/23 51/63/23
f 56/64/24 55/61/24 52/65/24
f 57/66/25 61/67/25 63/68/25
f 62/69/26 60/70/26 58/71/26
f 63/72/27 62/69/27 59/73/27
f 64/74/28 68/75/28 70/76/28
f 69/77/29 67/78/29 65/79/29
f 70/80/30 69/77/30 66/81/30
f 71/82/31 75/83/31 77/84/31
f 76/85/32 74/86/32 72/87/32
f 77/88/33 76/85/33 73/89/33
f 78/90/34 82/91/34 84/92/34
f 83/93/35 81/94/35 79/95/35
f 84/96/36 83/93/36 80/97/36
f 85/98/37 89/99/37 91/100/37
f 90/101/38 88/102/38 86/103/38
f 91/104/39 90/101/39 87/105/39
f 92/106/40 96/107/40 98/108/40
f 97/109/41 95/110/41 93/111/41
f 98/112/42 97/109/42 94/113/42
f 99/114/43 103/115/43 105/116/43
f 104/117/44 102/118/44 100/119/44
f 105/120/45 104/117/45 101/121/45
f 106/122/46 110/123/46 112/124/46
f 111/125/47 109/126/47 107/127/47
f 112/128/48 111/125/48 108/129/48
f 113/130/49 117/131/49 119/132/49
f 118/133/50 116/134/50 114/135/50
f 119/136/51 118/133/51 115/137/51
f 120/138/52 124/139/52 126/140/52
f 125/141/53 123/142/53 121/143/53
f 126/144/54 125/141/54 122/145/54
f 16/24/55 7/7/55 3/9/55
f 7/3/56 15/19/56 1/1/56
f 24/34/57 11/14/57 28/33/57
f 28/29/58 8/10/58 22/27/58
f 2/6/59 13/17/59 6/4/59
f 13/13/60 3/9/60 6/8/60
f 23/32/61 20/22/61 27/30/61
f 27/30/62 16/24/62 24/34/62
f 30/26/63 21/25/63 17/26/63
f 32/146/64 15/19/64 21/21/64
f 23/32/65 42/48/65 38/49/65
f 42/44/66 22/27/66 36/42/66
f 37/47/67 34/38/67 41/45/67
f 41/45/68 30/26/68 38/49/68
f 44/55/69 35/40/69 31/41/69
f 46/147/70 29/35/70 35/37/70
f 37/47/71 56/64/71 52/65/71
f 39/148/72 50/58/72 56/60/72
f 51/63/73 48/53/73 55/61/73
f 55/61/74 44/55/74 52/65/74
f 58/71/55 49/56/55 45/57/55
f 49/52/75 57/66/75 43/50/75
f 66/81/76 53/62/76 70/80/76
f 53/149/77 64/74/77 70/76/77
f 65/79/78 62/69/78 69/77/78
f 62/69/79 66/81/79 69/77/79
f 72/87/80 63/72/80 59/73/80
f 74/150/81 57/66/81 63/68/81
f 65/79/82 84/96/82 80/97/82
f 84/92/83 64/74/83 78/90/83
f 79/95/84 76/85/84 83/93/84
f 76/85/85 80/97/85 83/93/85
f 86/103/86 77/88/86 73/89/86
f 77/84/87 85/98/87 71/82/87
f 79/95/88 98/112/88 94/113/88
f 98/108/89 78/90/89 92/106/89
f 87/105/90 97/109/90 93/111/90
f 97/109/91 86/103/91 94/113/91
f 100/119/55 91/104/55 87/105/55
f 102/151/92 85/98/92 91/100/92
f 93/111/93 112/128/93 108/129/93
f 95/152/94 106/122/94 112/124/94
f 101/121/95 111/125/95 107/127/95
f 104/117/96 108/129/96 111/125/96
f 114/135/55 105/120/55 101/121/55
f 105/116/97 113/130/97 99/114/97
f 122/145/98 109/126/98 126/144/98
f 109/153/99 120/138/99 126/140/99
f 115/137/100 125/141/100 121/143/100
f 118/133/101 122/145/101 125/141/101
f 115/137/102 4/5/102 119/136/102
f 4/154/103 113/130/103 119/132/103
f 121/143/104 14/16/104 10/18/104
f 123/155/105 8/10/105 14/12/105
f 15/19/106 71/82/106 99/114/106
f 9/15/107 16/24/107 3/9/107
f 121/143/108 2/6/108 115/137/108
f 8/10/109 78/90/109 50/58/109
f 23/32/110 30/26/110 17/26/110
f 37/47/111 44/55/111 31/41/111
f 51/63/112 58/71/112 45/57/112
f 65/79/113 72/87/113 59/73/113
f 79/95/114 86/103/114 73/89/114
f 93/111/115 100/119/115 87/105/115
f 107/127/116 114/135/116 101/121/116
f 127/156/117 131/157/117 133/158/117
f 132/159/118 130/160/118 128/161/118
f 133/162/119 132/163/119 129/164/119
f 134/165/120 138/166/120 140/167/120
f 139/168/121 137/169/121 135/170/121
f 140/171/122 139/172/122 136/173/122
f 141/174/123 145/175/123 147/176/123
f 146/177/124 144/178/124 142/164/124
f 147/179/125 146/177/125 143/180/125
f 148/181/126 152/182/126 154/183/126
f 153/184/127 151/185/127 149/186/127
f 154/187/128 153/184/128 150/188/128
f 155/189/129 159/190/129 161/191/129
f 160/192/130 158/193/130 156/194/130
f 161/195/131 160/192/131 157/196/131
f 162/197/132 166/198/132 168/199/132
f 167/200/133 165/201/133 163/202/133
f 168/203/134 167/200/134 164/204/134
f 169/205/135 173/206/135 175/207/135
f 174/208/136 172/209/136 170/210/136
f 175/211/137 174/208/137 171/212/137
f 176/213/138 180/214/138 182/215/138
f 181/216/139 179/217/139 177/218/139
f 182/219/140 181/216/140 178/220/140
f 183/221/141 187/222/141 189/223/141
f 188/224/142 186/225/142 184/212/142
f 189/226/143 188/224/143 185/227/143
f 190/228/144 194/229/144 196/230/144
f 195/231/145 193/232/145 191/233/145
f 196/234/146 195/231/146 192/235/146
f 197/236/147 201/237/147 203/238/147
f 202/239/148 200/240/148 198/241/148
f 203/242/149 202/239/149 199/243/149
f 204/244/150 208/245/150 210/246/150
f 209/247/151 207/248/151 205/249/151
f 210/250/152 209/247/152 206/251/152
f 211/252/153 215/253/153 217/254/153
f 216/255/154 214/256/154 212/257/154
f 217/258/155 216/255/155 213/259/155
f 218/260/156 222/261/156 224/262/156
f 223/263/157 221/264/157 219/265/157
f 224/266/158 223/263/158 220/267/158
f 225/268/159 229/269/159 231/270/159
f 230/271/160 228/272/160 226/259/160
f 231/273/161 230/271/161 227/274/161
f 232/275/162 236/276/162 238/277/162
f 237/278/163 235/279/163 233/280/163
f 238/281/164 237/278/164 234/282/164
f 239/283/165 243/284/165 245/285/165
f 244/286/166 242/287/166 240/288/166
f 245/289/167 244/286/167 241/290/167
f 246/291/168 250/292/168 252/293/168
f 251/294/169 249/295/169 247/296/169
f 252/297/170 251/294/170 248/298/170
f 253/299/171 257/300/171 259/301/171
f 258/302/172 256/303/172 254/290/172
f 259/304/173 258/302/173 255/305/173
f 260/306/174 264/307/174 266/308/174
f 265/309/175 263/310/175 261/311/175
f 266/312/176 265/309/176 262/313/176
f 267/314/177 271/315/177 273/316/177
f 272/317/178 270/318/178 268/319/178
f 273/320/179 272/317/179 269/321/179
f 274/322/180 278/323/180 280/324/180
f 279/325/181 277/326/181 275/327/181
f 280/328/182 279/325/182 276/329/182
f 129/164/183 144/178/183 133/162/183
f 133/158/184 141/174/184 127/156/184
f 135/170/185 154/187/185 150/188/185
f 137/330/186 148/181/186 154/183/186
f 128/161/187 139/172/187 132/159/187
f 139/168/188 129/164/188 132/163/188
f 143/180/189 153/184/189 149/186/189
f 153/184/190 142/164/190 150/188/190
f 143/180/191 158/193/191 147/179/191
f 147/176/192 155/189/192 141/174/192
f 149/186/193 168/203/193 164/204/193
f 168/199/194 148/181/194 162/197/194
f 157/196/195 167/200/195 163/202/195
f 160/192/196 164/204/196 167/200/196
f 170/210/197 161/195/197 157/196/197
f 172/331/198 155/189/198 161/191/198
f 178/220/199 165/201/199 182/219/199
f 165/332/200 176/213/200 182/215/200
f 177/218/201 174/208/201 181/216/201
f 181/216/202 170/210/202 178/220/202
f 184/212/203 175/211/203 171/212/203
f 186/333/204 169/205/204 175/207/204
f 192/235/205 179/217/205 196/234/205
f 179/334/206 190/228/206 196/230/206
f 191/233/207 188/224/207 195/231/207
f 188/224/208 192/235/208 195/231/208
f 185/227/209 200/240/209 189/226/209
f 189/223/210 197/236/210 183/221/210
f 191/233/211 210/250/211 206/251/211
f 193/335/212 204/244/212 210/246/212
f 199/243/213 209/247/213 205/249/213
f 202/239/214 206/251/214 209/247/214
f 212/257/215 203/242/215 199/243/215
f 203/238/216 211/252/216 197/236/216
f 205/249/217 224/266/217 220/267/217
f 207/336/218 218/260/218 224/262/218
f 219/265/219 216/255/219 223/263/219
f 216/255/220 220/267/220 223/263/220
f 213/259/221 228/272/221 217/258/221
f 228/337/222 211/252/222 217/254/222
f 219/265/223 238/281/223 234/282/223
f 221/338/224 232/275/224 238/277/224
f 233/280/225 230/271/225 237/278/225
f 230/271/226 234/282/226 237/278/226
f 240/288/227 231/273/227 227/274/227
f 242/339/228 225/268/228 231/270/228
f 248/298/229 235/279/229 252/297/229
f 235/340/230 246/291/230 252/293/230
f 247/296/231 244/286/231 251/294/231
f 251/294/232 240/288/232 248/298/232
f 241/290/233 256/303/233 245/289/233
f 256/341/234 239/283/234 245/285/234
f 247/296/235 266/312/235 262/313/235
f 266/308/236 246/291/236 260/306/236
f 255/305/237 265/309/237 261/311/237
f 265/309/238 254/290/238 262/313/238
f 255/305/239 270/318/239 259/304/239
f 270/342/240 253/299/240 259/301/240
f 276/329/241 263/310/241 280/328/241
f 280/324/242 260/306/242 274/322/242
f 269/321/243 279/325/243 275/327/243
f 272/317/244 276/329/244 279/325/244
f 269/321/245 130/160/245 273/320/245
f 130/343/246 267/314/246 273/316/246
f 275/327/247 140/171/247 136/173/247
f 277/344/248 134/165/248 140/167/248
f 141/174/249 197/236/249 253/299/249
f 135/170/250 142/164/250 129/164/250
f 275/327/251 128/161/251 269/321/251
f 134/165/252 232/275/252 176/213/252
f 143/180/253 164/204/253 156/194/253
f 157/196/254 178/220/254 170/210/254
f 177/218/255 184/212/255 171/212/255
f 185/227/253 206/251/253 198/241/253
f 205/249/55 212/257/55 199/243/55
f 213/259/253 234/282/253 226/259/253
f 233/280/256 240/288/256 227/274/256
f 241/290/253 262/313/253 254/290/253
f 255/305/253 276/329/253 268/319/253
f 281/345/257 285/346/257 287/347/257
f 286/348/258 284/349/258 282/350/258
f 287/351/259 286/352/259 283/353/259
f 288/354/260 292/355/260 294/356/260
f 293/357/261 291/358/261 289/359/261
f 294/360/262 293/361/262 290/362/262
f 295/363/263 299/364/263 301/365/263
f 300/366/264 298/367/264 296/368/264
f 301/369/265 300/366/265 297/370/265
f 302/371/266 306/372/266 308/373/266
f 307/374/267 305/375/267 303/376/267
f 308/377/268 307/374/268 304/378/268
f 309/379/269 313/380/269 315/381/269
f 314/382/270 312/383/270 310/384/270
f 315/385/271 314/382/271 311/386/271
f 316/387/272 320/388/272 322/389/272
f 321/390/273 319/391/273 317/392/273
f 322/393/274 321/390/274 318/394/274
f 323/395/275 327/396/275 329/397/275
f 328/398/276 326/399/276 324/400/276
f 329/401/277 328/398/277 325/402/277
f 330/403/278 334/404/278 336/405/278
f 335/406/279 333/407/279 331/408/279
f 336/409/280 335/406/280 332/410/280
f 337/411/281 341/412/281 343/413/281
f 342/414/282 340/415/282 338/416/282
f 343/417/283 342/414/283 339/418/283
f 344/419/284 348/420/284 350/421/284
f 349/422/285 347/423/285 345/424/285
f 350/425/286 349/422/286 346/426/286
f 351/427/287 355/428/287 357/429/287
f 356/430/288 354/431/288 352/432/288
f 357/433/289 356/430/289 353/434/289
f 358/435/290 362/436/290 364/437/290
f 363/438/291 361/439/291 359/440/291
f 364/441/292 363/438/292 360/442/292
f 365/443/293 369/444/293 371/445/293
f 370/446/294 368/447/294 366/448/294
f 371/449/295 370/446/295 367/450/295
f 372/451/296 376/452/296 378/453/296
f 377/454/297 375/455/297 373/456/297
f 378/457/298 377/454/298 374/458/298
f 296/368/299 287/351/299 283/353/299
f 298/459/300 281/345/300 287/347/300
f 304/378/301 291/358/301 308/377/301
f 308/373/302 288/354/302 302/371/302
f 282/350/303 293/361/303 286/348/303
f 293/357/304 283/353/304 286/352/304
f 297/370/305 307/374/305 303/376/305
f 307/374/306 296/368/306 304/378/306
f 297/370/307 312/383/307 301/369/307
f 312/460/308 295/363/308 301/365/308
f 303/376/309 322/393/309 318/394/309
f 305/461/310 316/387/310 322/389/310
f 311/386/311 321/390/311 317/392/311
f 321/390/312 310/384/312 318/394/312
f 311/386/313 326/399/313 315/385/313
f 315/381/314 323/395/314 309/379/314
f 332/410/315 319/391/315 336/409/315
f 336/405/316 316/387/316 330/403/316
f 325/402/317 335/406/317 331/408/317
f 335/406/318 324/400/318 332/410/318
f 338/416/319 329/401/319 325/402/319
f 329/397/320 337/411/320 323/395/320
f 346/426/321 333/407/321 350/425/321
f 350/421/322 330/403/322 344/419/322
f 339/418/323 349/422/323 345/424/323
f 349/422/324 338/416/324 346/426/324
f 352/432/325 343/417/325 339/418/325
f 343/413/326 351/427/326 337/411/326
f 360/442/327 347/423/327 364/441/327
f 364/437/328 344/419/328 358/435/328
f 353/434/329 363/438/329 359/440/329
f 363/438/330 352/432/330 360/442/330
f 353/434/331 368/447/331 357/433/331
f 357/429/332 365/443/332 351/427/332
f 374/458/333 361/439/333 378/457/333
f 361/462/334 372/451/334 378/453/334
f 367/450/335 377/454/335 373/456/335
f 377/454/336 366/448/336 374/458/336
f 367/450/337 284/349/337 371/449/337
f 371/445/338 281/345/338 365/443/338
f 290/362/339 375/455/339 294/360/339
f 375/463/340 288/354/340 294/356/340
f 295/363/341 323/395/341 351/427/341
f 283/353/342 304/378/342 296/368/342
f 367/450/343 290/362/343 282/350/343
f 288/354/344 358/435/344 330/403/344
f 303/376/345 310/384/345 297/370/345
f 311/386/346 332/410/346 324/400/346
f 325/402/347 346/426/347 338/416/347
f 339/418/348 360/442/348 352/432/348
f 359/440/349 366/448/349 353/434/349
f 1/1/1202 4/154/1202 5/2/1202
f 6/4/1203 5/799/1203 4/5/1203
f 7/7/1204 5/800/1204 6/8/1204
f 8/10/1205 11/801/1205 12/11/1205
f 13/13/1206 12/802/1206 11/14/1206
f 14/16/1207 12/803/1207 13/17/1207
f 15/19/1208 18/804/1208 19/20/1208
f 20/22/1209 19/805/1209 18/23/1209
f 21/25/1210 19/805/1210 20/22/1210
f 22/27/1211 25/806/1211 26/28/1211
f 27/30/1212 26/807/1212 25/31/1212
f 28/33/1213 26/807/1213 27/30/1213
f 29/35/1214 32/146/1214 33/36/1214
f 34/38/1215 33/808/1215 32/39/1215
f 35/40/1216 33/808/1216 34/38/1216
f 36/42/1217 39/148/1217 40/43/1217
f 41/45/1218 40/809/1218 39/46/1218
f 42/48/1219 40/809/1219 41/45/1219
f 43/50/1220 46/147/1220 47/51/1220
f 48/53/1221 47/810/1221 46/54/1221
f 49/56/1222 47/810/1222 48/53/1222
f 50/58/1223 53/149/1223 54/59/1223
f 55/61/1224 54/811/1224 53/62/1224
f 56/64/1225 54/811/1225 55/61/1225
f 57/66/1226 60/812/1226 61/67/1226
f 62/69/1227 61/813/1227 60/70/1227
f 63/72/1228 61/813/1228 62/69/1228
f 64/74/1229 67/814/1229 68/75/1229
f 69/77/1230 68/815/1230 67/78/1230
f 70/80/1231 68/815/1231 69/77/1231
f 71/82/1232 74/150/1232 75/83/1232
f 76/85/1233 75/816/1233 74/86/1233
f 77/88/1234 75/816/1234 76/85/1234
f 78/90/1235 81/817/1235 82/91/1235
f 83/93/1236 82/818/1236 81/94/1236
f 84/96/1237 82/818/1237 83/93/1237
f 85/98/1238 88/819/1238 89/99/1238
f 90/101/1239 89/820/1239 88/102/1239
f 91/104/1240 89/820/1240 90/101/1240
f 92/106/1241 95/152/1241 96/107/1241
f 97/109/1242 96/821/1242 95/110/1242
f 98/112/1243 96/821/1243 97/109/1243
f 99/114/1244 102/151/1244 103/115/1244
f 104/117/1245 103/822/1245 102/118/1245
f 105/120/1246 103/822/1246 104/117/1246
f 106/122/1247 109/153/1247 110/123/1247
f 111/125/1248 110/823/1248 109/126/1248
f 112/128/1249 110/823/1249 111/125/1249
f 113/130/1250 116/824/1250 117/131/1250
f 118/133/1251 117/825/1251 116/134/1251
f 119/136/1252 117/825/1252 118/133/1252
f 120/138/1253 123/155/1253 124/139/1253
f 125/141/1254 124/826/1254 123/142/1254
f 126/144/1255 124/826/1255 125/141/1255
f 16/24/1256 18/23/1256 7/7/1256
f 7/3/56 18/804/56 15/19/56
f 24/34/57 9/15/57 11/14/57
f 28/29/58 11/801/58 8/10/58
f 2/6/59 10/18/59 13/17/59
f 13/13/60 9/15/60 3/9/60
f 23/32/61 17/26/61 20/22/61
f 27/30/62 20/22/62 16/24/62
f 30/26/1257 32/39/1257 21/25/1257
f 32/146/64 29/35/64 15/19/64
f 23/32/65 25/31/65 42/48/65
f 42/44/66 25/806/66 22/27/66
f 37/47/67 31/41/67 34/38/67
f 41/45/68 34/38/68 30/26/68
f 44/55/1258 46/54/1258 35/40/1258
f 46/147/70 43/50/70 29/35/70
f 37/47/71 39/46/71 56/64/71
f 39/148/1259 36/42/1259 50/58/1259
f 51/63/73 45/57/73 48/53/73
f 55/61/74 48/53/74 44/55/74
f 58/71/1260 60/70/1260 49/56/1260
f 49/52/75 60/812/75 57/66/75
f 66/81/76 51/63/76 53/62/76
f 53/149/77 50/58/77 64/74/77
f 65/79/78 59/73/78 62/69/78
f 62/69/79 58/71/79 66/81/79
f 72/87/1261 74/86/1261 63/72/1261
f 74/150/81 71/82/81 57/66/81
f 65/79/82 67/78/82 84/96/82
f 84/92/83 67/814/83 64/74/83
f 79/95/84 73/89/84 76/85/84
f 76/85/85 72/87/85 80/97/85
f 86/103/1262 88/102/1262 77/88/1262
f 77/84/1263 88/819/1263 85/98/1263
f 79/95/88 81/94/88 98/112/88
f 98/108/89 81/817/89 78/90/89
f 87/105/90 90/101/90 97/109/90
f 97/109/91 90/101/91 86/103/91
f 100/119/1264 102/118/1264 91/104/1264
f 102/151/92 99/114/92 85/98/92
f 93/111/93 95/110/93 112/128/93
f 95/152/94 92/106/94 106/122/94
f 101/121/95 104/117/95 111/125/95
f 104/117/96 100/119/96 108/129/96
f 114/135/1265 116/134/1265 105/120/1265
f 105/116/97 116/824/97 113/130/97
f 122/145/98 107/127/98 109/126/98
f 109/153/99 106/122/99 120/138/99
f 115/137/100 118/133/100 125/141/100
f 118/133/101 114/135/101 122/145/101
f 115/137/55 2/6/55 4/5/55
f 4/154/103 1/1/103 113/130/103
f 121/143/104 123/142/104 14/16/104
f 123/155/105 120/138/105 8/10/105
f 113/130/106 1/1/106 15/19/106
f 15/19/106 29/35/106 43/50/106
f 43/50/106 57/66/106 71/82/106
f 71/82/106 85/98/106 99/114/106
f 99/114/106 113/130/106 15/19/106
f 15/19/106 43/50/106 71/82/106
f 9/15/1266 24/34/1266 16/24/1266
f 121/143/1267 10/18/1267 2/6/1267
f 36/42/109 22/27/109 8/10/109
f 8/10/109 120/138/109 106/122/109
f 106/122/109 92/106/109 78/90/109
f 78/90/109 64/74/109 50/58/109
f 50/58/109 36/42/109 8/10/109
f 8/10/109 106/122/109 78/90/109
f 23/32/1268 38/49/1268 30/26/1268
f 37/47/1269 52/65/1269 44/55/1269
f 51/63/1270 66/81/1270 58/71/1270
f 65/79/1271 80/97/1271 72/87/1271
f 79/95/1272 94/113/1272 86/103/1272
f 93/111/1273 108/129/1273 100/119/1273
f 107/127/1274 122/145/1274 114/135/1274
f 127/156/1275 130/343/1275 131/157/1275
f 132/159/1276 131/827/1276 130/160/1276
f 133/162/1277 131/828/1277 132/163/1277
f 134/165/1278 137/330/1278 138/166/1278
f 139/168/1279 138/829/1279 137/169/1279
f 140/171/1280 138/830/1280 139/172/1280
f 141/174/1281 144/831/1281 145/175/1281
f 146/177/1282 145/832/1282 144/178/1282
f 147/179/1283 145/832/1283 146/177/1283
f 148/181/1284 151/833/1284 152/182/1284
f 153/184/1285 152/834/1285 151/185/1285
f 154/187/1286 152/834/1286 153/184/1286
f 155/189/1287 158/835/1287 159/190/1287
f 160/192/1288 159/836/1288 158/193/1288
f 161/195/1289 159/836/1289 160/192/1289
f 162/197/1290 165/332/1290 166/198/1290
f 167/200/1291 166/837/1291 165/201/1291
f 168/203/1292 166/837/1292 167/200/1292
f 169/205/1293 172/331/1293 173/206/1293
f 174/208/1294 173/838/1294 172/209/1294
f 175/211/1295 173/838/1295 174/208/1295
f 176/213/1296 179/334/1296 180/214/1296
f 181/216/1297 180/839/1297 179/217/1297
f 182/219/1298 180/839/1298 181/216/1298
f 183/221/1299 186/333/1299 187/222/1299
f 188/224/1300 187/840/1300 186/225/1300
f 189/226/1301 187/840/1301 188/224/1301
f 190/228/1302 193/335/1302 194/229/1302
f 195/231/1303 194/841/1303 193/232/1303
f 196/234/1304 194/841/1304 195/231/1304
f 197/236/1305 200/842/1305 201/237/1305
f 202/239/1306 201/843/1306 200/240/1306
f 203/242/1307 201/843/1307 202/239/1307
f 204/244/1308 207/336/1308 208/245/1308
f 209/247/1309 208/844/1309 207/248/1309
f 210/250/1310 208/844/1310 209/247/1310
f 211/252/1311 214/845/1311 215/253/1311
f 216/255/1312 215/846/1312 214/256/1312
f 217/258/1313 215/846/1313 216/255/1313
f 218/260/1314 221/338/1314 222/261/1314
f 223/263/1315 222/847/1315 221/264/1315
f 224/266/1316 222/847/1316 223/263/1316
f 225/268/1317 228/337/1317 229/269/1317
f 230/271/1318 229/848/1318 228/272/1318
f 231/273/1319 229/848/1319 230/271/1319
f 232/275/1320 235/340/1320 236/276/1320
f 237/278/1321 236/849/1321 235/279/1321
f 238/281/1322 236/849/1322 237/278/1322
f 239/283/1323 242/339/1323 243/284/1323
f 244/286/1324 243/850/1324 242/287/1324
f 245/289/1325 243/850/1325 244/286/1325
f 246/291/1326 249/851/1326 250/292/1326
f 251/294/1327 250/852/1327 249/295/1327
f 252/297/1328 250/852/1328 251/294/1328
f 253/299/1329 256/341/1329 257/300/1329
f 258/302/1330 257/853/1330 256/303/1330
f 259/304/1331 257/853/1331 258/302/1331
f 260/306/1332 263/854/1332 264/307/1332
f 265/309/1333 264/855/1333 263/310/1333
f 266/312/1334 264/855/1334 265/309/1334
f 267/314/1335 270/342/1335 271/315/1335
f 272/317/1336 271/856/1336 270/318/1336
f 273/320/1337 271/856/1337 272/317/1337
f 274/322/1338 277/344/1338 278/323/1338
f 279/325/1339 278/857/1339 277/326/1339
f 280/328/1340 278/857/1340 279/325/1340
f 129/164/1341 142/164/1341 144/178/1341
f 133/158/184 144/831/184 141/174/184
f 135/170/185 137/169/185 154/187/185
f 137/330/186 134/165/186 148/181/186
f 128/161/187 136/173/187 139/172/187
f 139/168/188 135/170/188 129/164/188
f 143/180/189 146/177/189 153/184/189
f 153/184/190 146/177/190 142/164/190
f 143/180/253 156/194/253 158/193/253
f 147/176/192 158/835/192 155/189/192
f 149/186/193 151/185/193 168/203/193
f 168/199/194 151/833/194 148/181/194
f 157/196/195 160/192/195 167/200/195
f 160/192/196 156/194/196 164/204/196
f 170/210/1342 172/209/1342 161/195/1342
f 172/331/198 169/205/198 155/189/198
f 178/220/1343 163/202/1343 165/201/1343
f 165/332/200 162/197/200 176/213/200
f 177/218/201 171/212/201 174/208/201
f 181/216/202 174/208/202 170/210/202
f 184/212/1344 186/225/1344 175/211/1344
f 186/333/204 183/221/204 169/205/204
f 192/235/205 177/218/205 179/217/205
f 179/334/206 176/213/206 190/228/206
f 191/233/207 185/227/207 188/224/207
f 188/224/208 184/212/208 192/235/208
f 185/227/253 198/241/253 200/240/253
f 189/223/210 200/842/210 197/236/210
f 191/233/211 193/232/211 210/250/211
f 193/335/212 190/228/212 204/244/212
f 199/243/213 202/239/213 209/247/213
f 202/239/214 198/241/214 206/251/214
f 212/257/1345 214/256/1345 203/242/1345
f 203/238/216 214/845/216 211/252/216
f 205/249/217 207/248/217 224/266/217
f 207/336/218 204/244/218 218/260/218
f 219/265/219 213/259/219 216/255/219
f 216/255/220 212/257/220 220/267/220
f 213/259/253 226/259/253 228/272/253
f 228/337/222 225/268/222 211/252/222
f 219/265/223 221/264/223 238/281/223
f 221/338/224 218/260/224 232/275/224
f 233/280/225 227/274/225 230/271/225
f 230/271/226 226/259/226 234/282/226
f 240/288/1346 242/287/1346 231/273/1346
f 242/339/228 239/283/228 225/268/228
f 248/298/229 233/280/229 235/279/229
f 235/340/230 232/275/230 246/291/230
f 247/296/231 241/290/231 244/286/231
f 251/294/232 244/286/232 240/288/232
f 241/290/253 254/290/253 256/303/253
f 256/341/234 253/299/234 239/283/234
f 247/296/235 249/295/235 266/312/235
f 266/308/236 249/851/236 246/291/236
f 255/305/237 258/302/237 265/309/237
f 265/309/238 258/302/238 254/290/238
f 255/305/253 268/319/253 270/318/253
f 270/342/240 267/314/240 253/299/240
f 276/329/241 261/311/241 263/310/241
f 280/324/242 263/854/242 260/306/242
f 269/321/243 272/317/243 279/325/243
f 272/317/244 268/319/244 276/329/244
f 269/321/1347 128/161/1347 130/160/1347
f 130/343/246 127/156/246 267/314/246
f 275/327/247 277/326/247 140/171/247
f 277/344/248 274/322/248 134/165/248
f 267/314/249 127/156/249 141/174/249
f 141/174/1348 155/189/1348 169/205/1348
f 169/205/249 183/221/249 197/236/249
f 197/236/249 211/252/249 225/268/249
f 225/268/249 239/283/249 253/299/249
f 253/299/249 267/314/249 141/174/249
f 141/174/249 169/205/249 197/236/249
f 197/236/249 225/268/249 253/299/249
f 135/170/1349 150/188/1349 142/164/1349
f 275/327/1350 136/173/1350 128/161/1350
f 162/197/252 148/181/252 134/165/252
f 134/165/252 274/322/252 260/306/252
f 260/306/252 246/291/252 232/275/252
f 232/275/252 218/260/252 204/244/252
f 204/244/252 190/228/252 176/213/252
f 176/213/252 162/197/252 134/165/252
f 134/165/252 260/306/252 232/275/252
f 232/275/252 204/244/252 176/213/252
f 143/180/1351 149/186/1351 164/204/1351
f 157/196/1352 163/202/1352 178/220/1352
f 177/218/1353 192/235/1353 184/212/1353
f 185/227/1354 191/233/1354 206/251/1354
f 205/249/1355 220/267/1355 212/257/1355
f 213/259/1356 219/265/1356 234/282/1356
f 233/280/1357 248/298/1357 240/288/1357
f 241/290/1358 247/296/1358 262/313/1358
f 255/305/1359 261/311/1359 276/329/1359
f 281/345/1360 284/858/1360 285/346/1360
f 286/348/1361 285/859/1361 284/349/1361
f 287/351/1362 285/860/1362 286/352/1362
f 288/354/1363 291/861/1363 292/355/1363
f 293/357/1364 292/862/1364 291/358/1364
f 294/360/1365 292/863/1365 293/361/1365
f 295/363/1366 298/459/1366 299/364/1366
f 300/366/1367 299/864/1367 298/367/1367
f 301/369/1368 299/864/1368 300/366/1368
f 302/371/1369 305/461/1369 306/372/1369
f 307/374/1370 306/865/1370 305/375/1370
f 308/377/1371 306/865/1371 307/374/1371
f 309/379/1372 312/460/1372 313/380/1372
f 314/382/1373 313/866/1373 312/383/1373
f 315/385/1374 313/866/1374 314/382/1374
f 316/387/1375 319/867/1375 320/388/1375
f 321/390/1376 320/868/1376 319/391/1376
f 322/393/1377 320/868/1377 321/390/1377
f 323/395/1378 326/869/1378 327/396/1378
f 328/398/1379 327/870/1379 326/399/1379
f 329/401/1380 327/870/1380 328/398/1380
f 330/403/1381 333/871/1381 334/404/1381
f 335/406/1382 334/872/1382 333/407/1382
f 336/409/1383 334/872/1383 335/406/1383
f 337/411/1384 340/873/1384 341/412/1384
f 342/414/1385 341/874/1385 340/415/1385
f 343/417/1386 341/874/1386 342/414/1386
f 344/419/1387 347/875/1387 348/420/1387
f 349/422/1388 348/876/1388 347/423/1388
f 350/425/1389 348/876/1389 349/422/1389
f 351/427/1390 354/877/1390 355/428/1390
f 356/430/1391 355/878/1391 354/431/1391
f 357/433/1392 355/878/1392 356/430/1392
f 358/435/1393 361/462/1393 362/436/1393
f 363/438/1394 362/879/1394 361/439/1394
f 364/441/1395 362/879/1395 363/438/1395
f 365/443/1396 368/880/1396 369/444/1396
f 370/446/1397 369/881/1397 368/447/1397
f 371/449/1398 369/881/1398 370/446/1398
f 372/451/1399 375/463/1399 376/452/1399
f 377/454/1400 376/882/1400 375/455/1400
f 378/457/1401 376/882/1401 377/454/1401
f 296/368/299 298/367/299 287/351/299
f 298/459/300 295/363/300 281/345/300
f 304/378/253 289/359/253 291/358/253
f 308/373/302 291/861/302 288/354/302
f 282/350/1402 290/362/1402 293/361/1402
f 293/357/1403 289/359/1403 283/353/1403
f 297/370/1404 300/366/1404 307/374/1404
f 307/374/1405 300/366/1405 296/368/1405
f 297/370/307 310/384/307 312/383/307
f 312/460/1406 309/379/1406 295/363/1406
f 303/376/1407 305/375/1407 322/393/1407
f 305/461/310 302/371/310 316/387/310
f 311/386/1408 314/382/1408 321/390/1408
f 321/390/1409 314/382/1409 310/384/1409
f 311/386/313 324/400/313 326/399/313
f 315/381/314 326/869/314 323/395/314
f 332/410/1410 317/392/1410 319/391/1410
f 336/405/316 319/867/316 316/387/316
f 325/402/1411 328/398/1411 335/406/1411
f 335/406/1412 328/398/1412 324/400/1412
f 338/416/319 340/415/319 329/401/319
f 329/397/320 340/873/320 337/411/320
f 346/426/253 331/408/253 333/407/253
f 350/421/1413 333/871/1413 330/403/1413
f 339/418/1414 342/414/1414 349/422/1414
f 349/422/1415 342/414/1415 338/416/1415
f 352/432/1416 354/431/1416 343/417/1416
f 343/413/326 354/877/326 351/427/326
f 360/442/253 345/424/253 347/423/253
f 364/437/1417 347/875/1417 344/419/1417
f 353/434/1418 356/430/1418 363/438/1418
f 363/438/1419 356/430/1419 352/432/1419
f 353/434/331 366/448/331 368/447/331
f 357/429/1420 368/880/1420 365/443/1420
f 374/458/1421 359/440/1421 361/439/1421
f 361/462/334 358/435/334 372/451/334
f 367/450/1422 370/446/1422 377/454/1422
f 377/454/1423 370/446/1423 366/448/1423
f 367/450/337 282/350/337 284/349/337
f 371/445/338 284/858/338 281/345/338
f 290/362/1424 373/456/1424 375/455/1424
f 375/463/340 372/451/340 288/354/340
f 365/443/341 281/345/341 295/363/341
f 295/363/341 309/379/341 323/395/341
f 323/395/341 337/411/341 351/427/341
f 351/427/341 365/443/341 295/363/341
f 283/353/1425 289/359/1425 304/378/1425
f 367/450/1426 373/456/1426 290/362/1426
f 316/387/344 302/371/344 288/354/344
f 288/354/344 372/451/344 358/435/344
f 358/435/344 344/419/344 330/403/344
f 330/403/344 316/387/344 288/354/344
f 303/376/253 318/394/253 310/384/253
f 311/386/1427 317/392/1427 332/410/1427
f 325/402/253 331/408/253 346/426/253
f 339/418/253 345/424/253 360/442/253
f 359/440/1428 374/458/1428 366/448/1428
usemtl iron
f 382/464/350 385/465/350 379/466/350
f 380/467/351 383/468/351 382/469/351
f 381/470/352 383/471/352 384/472/352
f 386/473/353 390/474/353 392/475/353
f 391/476/354 389/477/354 387/478/354
f 388/479/355 390/480/355 391/481/355
f 396/482/356 399/483/356 393/484/356
f 394/485/357 397/486/357 396/487/357
f 395/488/358 397/486/358 398/489/358
f 403/490/359 406/491/359 400/492/359
f 401/493/360 404/494/360 403/495/360
f 402/496/361 404/494/361 405/497/361
f 410/498/362 413/499/362 407/500/362
f 408/501/363 411/502/363 410/498/363
f 409/503/364 411/502/364 412/504/364
f 417/505/365 420/506/365 414/507/365
f 415/508/366 418/509/366 417/505/366
f 416/510/367 418/509/367 419/511/367
f 424/512/368 427/513/368 421/514/368
f 422/515/369 425/516/369 424/512/369
f 423/517/370 425/516/370 426/518/370
f 431/519/371 434/520/371 428/521/371
f 429/522/372 432/523/372 431/519/372
f 430/524/373 432/523/373 433/525/373
f 379/466/374 396/482/374 393/484/374
f 385/526/375 394/485/375 396/487/375
f 386/473/376 384/527/376 380/467/376
f 384/472/377 388/479/377 381/470/377
f 400/492/378 391/476/378 387/478/378
f 406/528/379 388/479/379 391/481/379
f 395/488/380 405/497/380 401/493/380
f 398/489/381 402/496/381 405/497/381
f 393/484/382 424/512/382 421/514/382
f 399/529/383 422/515/383 424/512/383
f 428/521/384 403/490/384 400/492/384
f 403/495/385 430/524/385 401/493/385
f 429/522/386 426/518/386 433/525/386
f 426/518/387 430/524/387 433/525/387
f 421/514/388 410/498/388 407/500/388
f 427/513/389 408/501/389 410/498/389
f 428/521/390 420/506/390 431/519/390
f 431/519/391 416/510/391 429/522/391
f 415/508/392 412/504/392 419/511/392
f 412/504/393 416/510/393 419/511/393
f 379/466/394 413/499/394 382/464/394
f 413/499/395 380/467/395 382/469/395
f 387/478/396 417/505/396 414/507/396
f 389/530/397 415/508/397 417/505/397
f 421/514/398 379/466/398 393/484/398
f 388/479/399 394/485/399 381/470/399
f 415/508/400 380/467/400 409/503/400
f 428/521/401 387/478/401 414/507/401
f 401/493/402 422/515/402 395/488/402
f 423/517/403 416/510/403 408/501/403
f 438/464/404 441/465/404 435/466/404
f 436/467/405 439/468/405 438/469/405
f 437/470/406 439/471/406 440/472/406
f 442/473/407 446/474/407 448/475/407
f 447/476/408 445/477/408 443/531/408
f 444/479/409 446/480/409 447/481/409
f 452/482/410 455/483/410 449/484/410
f 450/532/411 453/486/411 452/487/411
f 451/533/412 453/486/412 454/489/412
f 459/490/413 462/491/413 456/492/413
f 457/493/414 460/494/414 459/495/414
f 458/496/415 460/494/415 461/497/415
f 466/498/416 469/499/416 463/500/416
f 464/534/417 467/502/417 466/498/417
f 465/503/418 467/502/418 468/504/418
f 473/505/419 476/535/419 470/536/419
f 471/508/420 474/509/420 473/505/420
f 472/510/421 474/509/421 475/511/421
f 480/512/422 483/513/422 477/537/422
f 478/515/423 481/516/423 480/512/423
f 479/517/424 481/516/424 482/518/424
f 487/519/425 490/520/425 484/521/425
f 485/522/426 488/523/426 487/519/426
f 486/524/427 488/523/427 489/525/427
f 449/484/428 441/465/428 452/482/428
f 441/526/429 450/532/429 452/487/429
f 442/473/430 440/527/430 436/467/430
f 448/538/431 437/470/431 440/472/431
f 456/492/432 447/476/432 443/531/432
f 462/528/433 444/479/433 447/481/433
f 451/533/434 461/497/434 457/493/434
f 454/489/435 458/496/435 461/497/435
f 449/484/436 480/512/436 477/537/436
f 455/529/437 478/515/437 480/512/437
f 456/492/438 490/520/438 459/490/438
f 490/520/439 457/493/439 459/495/439
f 485/522/440 482/518/440 489/525/440
f 482/518/441 486/524/441 489/525/441
f 477/537/442 466/498/442 463/500/442
f 483/513/443 464/534/443 466/498/443
f 484/521/444 476/535/444 487/519/444
f 476/535/445 485/522/445 487/519/445
f 471/508/446 468/504/446 475/511/446
f 475/511/447 464/534/447 472/510/447
f 463/500/448 438/464/448 435/466/448
f 438/469/449 465/503/449 436/467/449
f 443/531/450 473/505/450 470/536/450
f 473/505/451 442/473/451 471/508/451
f 477/537/452 435/466/452 449/484/452
f 437/470/453 458/496/453 450/532/453
f 465/503/454 442/473/454 436/467/454
f 456/492/455 470/536/455 484/521/455
f 451/533/456 486/524/456 478/515/456
f 485/522/457 464/534/457 479/517/457
f 494/464/458 497/465/458 491/466/458
f 492/467/459 495/468/459 494/469/459
f 493/470/460 495/471/460 496/472/460
f 498/473/461 502/474/461 504/475/461
f 503/476/462 501/477/462 499/478/462
f 500/479/463 502/480/463 503/481/463
f 508/482/464 511/483/464 505/539/464
f 506/532/465 509/486/465 508/487/465
f 507/533/466 509/486/466 510/540/466
f 515/490/467 518/491/467 512/492/467
f 513/493/468 516/494/468 515/495/468
f 514/541/469 516/494/469 517/497/469
f 522/498/470 525/499/470 519/500/470
f 520/501/471 523/502/471 522/498/471
f 521/503/472 523/502/472 524/504/472
f 529/505/473 532/535/473 526/536/473
f 527/508/474 530/509/474 529/505/474
f 528/510/475 530/509/475 531/511/475
f 536/512/476 539/513/476 533/537/476
f 534/515/477 537/516/477 536/512/477
f 535/517/478 537/516/478 538/518/478
f 543/519/479 546/520/479 540/521/479
f 541/522/480 544/523/480 543/519/480
f 542/542/481 544/523/481 545/525/481
f 491/466/482 508/482/482 505/539/482
f 497/526/483 506/532/483 508/487/483
f 492/467/484 504/475/484 496/527/484
f 504/538/485 493/470/485 496/472/485
f 499/478/486 518/491/486 503/476/486
f 518/528/487 500/479/487 503/481/487
f 513/493/488 510/540/488 517/497/488
f 510/540/489 514/541/489 517/497/489
f 533/537/490 511/483/490 536/512/490
f 511/529/491 534/515/491 536/512/491
f 540/521/492 515/490/492 512/492/492
f 546/520/493 513/493/493 515/495/493
f 535/517/494 545/525/494 541/522/494
f 545/525/495 534/515/495 542/542/495
f 533/537/496 522/498/496 519/500/496
f 539/513/497 520/501/497 522/498/497
f 540/521/498 532/535/498 543/519/498
f 543/519/499 528/510/499 541/522/499
f 527/508/500 524/504/500 531/511/500
f 531/511/501 520/501/501 528/510/501
f 519/500/502 494/464/502 491/466/502
f 525/499/503 492/467/503 494/469/503
f 499/478/504 529/505/504 526/536/504
f 501/530/505 527/508/505 529/505/505
f 533/537/506 491/466/506 505/539/506
f 493/470/507 514/541/507 506/532/507
f 521/503/508 498/473/508 492/467/508
f 540/521/509 499/478/509 526/536/509
f 513/493/510 534/515/510 507/533/510
f 535/517/511 528/510/511 520/501/511
f 550/464/512 553/465/512 547/543/512
f 548/467/513 551/468/513 550/469/513
f 549/470/514 551/471/514 552/472/514
f 554/473/515 558/474/515 560/475/515
f 559/476/516 557/477/516 555/531/516
f 556/479/517 558/480/517 559/481/517
f 564/482/518 567/483/518 561/539/518
f 562/485/519 565/486/519 564/487/519
f 563/488/520 565/486/520 566/489/520
f 571/490/521 574/491/521 568/492/521
f 569/493/522 572/494/522 571/495/522
f 570/541/523 572/494/523 573/497/523
f 578/498/524 581/499/524 575/500/524
f 576/501/525 579/502/525 578/498/525
f 577/503/526 579/502/526 580/504/526
f 585/505/527 588/506/527 582/536/527
f 583/508/528 586/509/528 585/505/528
f 584/510/529 586/509/529 587/511/529
f 592/512/530 595/513/530 589/537/530
f 590/515/531 593/516/531 592/512/531
f 591/517/532 593/516/532 594/518/532
f 599/519/533 602/544/533 596/521/533
f 597/522/534 600/523/534 599/519/534
f 598/524/535 600/523/535 601/525/535
f 547/543/536 564/482/536 561/539/536
f 564/487/537 549/470/537 562/485/537
f 554/473/538 552/527/538 548/467/538
f 560/538/539 549/470/539 552/472/539
f 568/492/540 559/476/540 555/531/540
f 559/481/541 570/541/541 556/479/541
f 563/488/542 573/497/542 569/493/542
f 566/489/543 570/541/543 573/497/543
f 561/539/544 592/512/544 589/537/544
f 567/529/545 590/515/545 592/512/545
f 568/492/546 602/544/546 571/490/546
f 602/544/547 569/493/547 571/495/547
f 591/517/548 601/525/548 597/522/548
f 601/525/549 590/515/549 598/524/549
f 589/537/550 578/498/550 575/500/550
f 595/513/551 576/501/551 578/498/551
f 596/521/552 588/506/552 599/519/552
f 588/506/553 597/522/553 599/519/553
f 583/508/554 580/504/554 587/511/554
f 580/504/555 584/510/555 587/511/555
f 547/543/556 581/499/556 550/464/556
f 550/469/557 577/503/557 548/467/557
f 555/531/558 585/505/558 582/536/558
f 557/530/559 583/508/559 585/505/559
f 589/537/560 547/543/560 561/539/560
f 549/470/561 570/541/561 562/485/561
f 583/508/562 548/467/562 577/503/562
f 568/492/563 582/536/563 596/521/563
f 569/493/564 590/515/564 563/488/564
f 591/517/565 584/510/565 576/501/565
f 606/464/566 609/465/566 603/543/566
f 604/467/567 607/468/567 606/469/567
f 605/470/568 607/471/568 608/472/568
f 610/473/569 614/474/569 616/475/569
f 615/476/570 613/477/570 611/545/570
f 612/479/571 614/480/571 615/481/571
f 620/482/572 623/483/572 617/539/572
f 618/485/573 621/486/573 620/487/573
f 619/488/574 621/486/574 622/489/574
f 627/490/575 630/491/575 624/546/575
f 625/493/576 628/494/576 627/495/576
f 626/496/577 628/494/577 629/497/577
f 634/498/578 637/499/578 631/547/578
f 632/501/579 635/502/579 634/498/579
f 633/503/580 635/502/580 636/504/580
f 641/505/581 644/535/581 638/536/581
f 639/508/582 642/509/582 641/505/582
f 640/548/583 642/509/583 643/511/583
f 648/512/584 651/513/584 645/514/584
f 646/515/585 649/516/585 648/512/585
f 647/517/586 649/516/586 650/518/586
f 655/519/587 658/544/587 652/521/587
f 653/522/588 656/523/588 655/519/588
f 654/524/589 656/523/589 657/525/589
f 603/543/590 620/482/590 617/539/590
f 609/526/591 618/485/591 620/487/591
f 610/473/592 608/527/592 604/467/592
f 608/472/593 612/479/593 605/470/593
f 624/546/594 615/476/594 611/545/594
f 615/481/595 626/496/595 612/479/595
f 619/488/596 629/497/596 625/493/596
f 622/489/597 626/496/597 629/497/597
f 617/539/598 648/512/598 645/514/598
f 623/529/599 646/515/599 648/512/599
f 652/521/600 627/490/600 624/546/600
f 658/544/601 625/493/601 627/495/601
f 647/517/602 657/525/602 653/522/602
f 657/525/603 646/515/603 654/524/603
f 645/514/604 634/498/604 631/547/604
f 651/513/605 632/501/605 634/498/605
f 652/521/606 644/535/606 655/519/606
f 644/535/607 653/522/607 655/519/607
f 639/508/608 636/504/608 643/511/608
f 643/511/609 632/501/609 640/548/609
f 603/543/610 637/499/610 606/464/610
f 637/499/611 604/467/611 606/469/611
f 638/536/612 613/477/612 641/505/612
f 613/530/613 639/508/613 641/505/613
f 645/514/614 603/543/614 617/539/614
f 605/470/615 626/496/615 618/485/615
f 639/508/616 604/467/616 633/503/616
f 652/521/617 611/545/617 638/536/617
f 619/488/618 654/524/618 646/515/618
f 653/522/619 632/501/619 647/517/619
f 662/464/620 665/465/620 659/466/620
f 660/467/621 663/468/621 662/469/621
f 661/470/622 663/471/622 664/472/622
f 666/473/623 670/474/623 672/475/623
f 671/476/624 669/477/624 667/478/624
f 668/479/625 670/480/625 671/481/625
f 676/482/626 679/483/626 673/484/626
f 674/485/627 677/486/627 676/487/627
f 675/488/628 677/486/628 678/489/628
f 683/490/629 686/491/629 680/546/629
f 681/493/630 684/494/630 683/495/630
f 682/496/631 684/494/631 685/497/631
f 690/498/632 693/499/632 687/500/632
f 688/501/633 691/502/633 690/498/633
f 689/503/634 691/502/634 692/504/634
f 697/505/635 700/506/635 694/507/635
f 695/508/636 698/509/636 697/505/636
f 696/510/637 698/509/637 699/511/637
f 704/512/638 707/513/638 701/537/638
f 702/515/639 705/516/639 704/512/639
f 703/517/640 705/516/640 706/518/640
f 711/519/641 714/520/641 708/521/641
f 709/522/642 712/523/642 711/519/642
f 710/524/643 712/523/643 713/525/643
f 673/484/644 665/465/644 676/482/644
f 676/487/645 661/470/645 674/485/645
f 666/473/646 664/527/646 660/467/646
f 672/538/647 661/470/647 664/472/647
f 680/546/648 671/476/648 667/478/648
f 686/528/649 668/479/649 671/481/649
f 675/488/650 685/497/650 681/493/650
f 678/489/651 682/496/651 685/497/651
f 673/484/652 704/512/652 701/537/652
f 704/512/653 675/488/653 702/515/653
f 680/546/654 714/520/654 683/490/654
f 714/520/655 681/493/655 683/495/655
f 703/517/656 713/525/656 709/522/656
f 706/518/657 710/524/657 713/525/657
f 687/500/658 707/513/658 690/498/658
f 707/513/659 688/501/659 690/498/659
f 708/521/660 700/506/660 711/519/660
f 700/506/661 709/522/661 711/519/661
f 689/503/662 699/511/662 695/508/662
f 692/504/663 696/510/663 699/511/663
f 687/500/664 662/464/664 659/466/664
f 693/499/665 660/467/665 662/469/665
f 667/478/666 697/505/666 694/507/666
f 669/530/667 695/508/667 697/505/667
f 673/484/668 687/500/668 659/466/668
f 668/479/669 674/485/669 661/470/669
f 695/508/670 660/467/670 689/503/670
f 680/546/671 694/507/671 708/521/671
f 681/493/672 702/515/672 675/488/672
f 709/522/673 688/501/673 703/517/673
f 718/464/674 721/465/674 715/466/674
f 716/467/675 719/468/675 718/469/675
f 717/470/676 719/471/676 720/472/676
f 722/473/677 726/474/677 728/475/677
f 727/476/678 725/477/678 723/531/678
f 724/479/679 726/480/679 727/481/679
f 732/482/680 735/483/680 729/484/680
f 730/532/681 733/486/681 732/487/681
f 731/533/682 733/486/682 734/489/682
f 739/490/683 742/491/683 736/546/683
f 737/549/684 740/494/684 739/495/684
f 738/496/685 740/494/685 741/497/685
f 746/498/686 749/499/686 743/500/686
f 744/534/687 747/502/687 746/498/687
f 745/503/688 747/502/688 748/504/688
f 753/505/689 756/535/689 750/536/689
f 751/508/690 754/509/690 753/505/690
f 752/510/691 754/509/691 755/511/691
f 760/512/692 763/513/692 757/537/692
f 758/515/693 761/516/693 760/512/693
f 759/517/694 761/516/694 762/518/694
f 767/519/695 770/544/695 764/521/695
f 765/522/696 768/523/696 767/519/696
f 766/524/697 768/523/697 769/525/697
f 715/466/698 732/482/698 729/484/698
f 721/526/699 730/532/699 732/487/699
f 722/473/700 720/527/700 716/467/700
f 720/472/701 724/479/701 717/470/701
f 736/546/702 727/476/702 723/531/702
f 742/528/703 724/479/703 727/481/703
f 731/533/704 741/497/704 737/549/704
f 734/489/705 738/496/705 741/497/705
f 757/537/706 735/483/706 760/512/706
f 735/529/707 758/515/707 760/512/707
f 736/546/708 770/544/708 739/490/708
f 739/495/709 766/524/709 737/549/709
f 759/517/710 769/525/710 765/522/710
f 769/525/711 758/515/711 766/524/711
f 757/537/712 746/498/712 743/500/712
f 763/513/713 744/534/713 746/498/713
f 764/521/714 756/535/714 767/519/714
f 756/535/715 765/522/715 767/519/715
f 751/508/716 748/504/716 755/511/716
f 748/504/717 752/510/717 755/511/717
f 743/500/718 718/464/718 715/466/718
f 749/499/719 716/467/719 718/469/719
f 723/531/720 753/505/720 750/536/720
f 725/530/721 751/508/721 753/505/721
f 729/484/722 743/500/722 715/466/722
f 724/479/723 730/532/723 717/470/723
f 751/508/724 716/467/724 745/503/724
f 764/521/725 723/531/725 750/536/725
f 737/549/726 758/515/726 731/533/726
f 765/522/727 744/534/727 759/517/727
f 774/464/728 777/465/728 771/466/728
f 772/467/729 775/468/729 774/469/729
f 773/470/730 775/471/730 776/472/730
f 778/473/731 782/474/731 784/475/731
f 783/476/732 781/477/732 779/478/732
f 780/479/733 782/480/733 783/481/733
f 788/482/734 791/483/734 785/539/734
f 786/532/735 789/486/735 788/487/735
f 787/533/736 789/486/736 790/540/736
f 795/490/737 798/491/737 792/492/737
f 793/493/738 796/494/738 795/495/738
f 794/541/739 796/494/739 797/497/739
f 802/498/740 805/499/740 799/500/740
f 800/501/741 803/502/741 802/498/741
f 801/503/742 803/502/742 804/504/742
f 809/505/743 812/506/743 806/536/743
f 807/508/744 810/509/744 809/505/744
f 808/510/745 810/509/745 811/511/745
f 816/512/746 819/513/746 813/537/746
f 814/515/747 817/516/747 816/512/747
f 815/517/748 817/516/748 818/518/748
f 823/519/749 826/520/749 820/521/749
f 821/522/750 824/523/750 823/519/750
f 822/542/751 824/523/751 825/525/751
f 771/466/752 788/482/752 785/539/752
f 788/487/753 773/470/753 786/532/753
f 778/473/754 776/527/754 772/467/754
f 776/472/755 780/479/755 773/470/755
f 779/478/756 798/491/756 783/476/756
f 783/481/757 794/541/757 780/479/757
f 787/533/758 797/497/758 793/493/758
f 790/540/759 794/541/759 797/497/759
f 785/539/760 816/512/760 813/537/760
f 816/512/761 787/533/761 814/515/761
f 820/521/762 795/490/762 792/492/762
f 826/520/763 793/493/763 795/495/763
f 815/517/764 825/525/764 821/522/764
f 818/518/765 822/542/765 825/525/765
f 813/537/766 802/498/766 799/500/766
f 802/498/767 815/517/767 800/501/767
f 806/536/768 823/519/768 820/521/768
f 823/519/769 808/510/769 821/522/769
f 801/503/770 811/511/770 807/508/770
f 804/504/771 808/510/771 811/511/771
f 799/500/772 774/464/772 771/466/772
f 805/499/773 772/467/773 774/469/773
f 779/478/774 809/505/774 806/536/774
f 809/505/775 778/473/775 807/508/775
f 813/537/776 771/466/776 785/539/776
f 780/479/777 786/532/777 773/470/777
f 801/503/778 778/473/778 772/467/778
f 820/521/779 779/478/779 806/536/779
f 793/493/780 814/515/780 787/533/780
f 821/522/781 800/501/781 815/517/781
f 830/464/782 833/465/782 827/543/782
f 828/467/783 831/468/783 830/469/783
f 829/470/784 831/471/784 832/472/784
f 834/473/785 838/474/785 840/475/785
f 839/476/786 837/477/786 835/531/786
f 836/479/787 838/480/787 839/481/787
f 844/482/788 847/483/788 841/539/788
f 842/485/789 845/486/789 844/487/789
f 843/488/790 845/486/790 846/489/790
f 851/490/791 854/491/791 848/546/791
f 849/493/792 852/494/792 851/495/792
f 850/541/793 852/494/793 853/497/793
f 858/498/794 861/499/794 855/500/794
f 856/501/795 859/502/795 858/498/795
f 857/503/796 859/502/796 860/504/796
f 865/505/797 868/506/797 862/536/797
f 863/508/798 866/509/798 865/505/798
f 864/548/799 866/509/799 867/511/799
f 872/512/800 875/513/800 869/514/800
f 870/515/801 873/516/801 872/512/801
f 871/517/802 873/516/802 874/518/802
f 879/519/803 882/544/803 876/521/803
f 877/522/804 880/523/804 879/519/804
f 878/524/805 880/523/805 881/525/805
f 827/543/806 844/482/806 841/539/806
f 833/526/807 842/485/807 844/487/807
f 834/473/808 832/527/808 828/467/808
f 832/472/809 836/479/809 829/470/809
f 848/546/810 839/476/810 835/531/810
f 839/481/811 850/541/811 836/479/811
f 849/493/812 846/489/812 853/497/812
f 846/489/813 850/541/813 853/497/813
f 869/514/814 847/483/814 872/512/814
f 847/529/815 870/515/815 872/512/815
f 876/521/816 851/490/816 848/546/816
f 851/495/817 878/524/817 849/493/817
f 871/517/818 881/525/818 877/522/818
f 881/525/819 870/515/819 878/524/819
f 869/514/820 858/498/820 855/500/820
f 858/498/821 871/517/821 856/501/821
f 862/536/822 879/519/822 876/521/822
f 868/506/823 877/522/823 879/519/823
f 857/503/824 867/511/824 863/508/824
f 867/511/825 856/501/825 864/548/825
f 827/543/826 861/499/826 830/464/826
f 861/499/827 828/467/827 830/469/827
f 835/531/828 865/505/828 862/536/828
f 837/530/829 863/508/829 865/505/829
f 869/514/830 827/543/830 841/539/830
f 836/479/831 842/485/831 829/470/831
f 863/508/832 828/467/832 857/503/832
f 848/546/833 862/536/833 876/521/833
f 849/493/834 870/515/834 843/488/834
f 877/522/835 856/501/835 871/517/835
f 886/464/836 889/465/836 883/543/836
f 884/467/837 887/468/837 886/469/837
f 885/470/838 887/471/838 888/472/838
f 890/473/839 894/474/839 896/475/839
f 895/476/840 893/477/840 891/545/840
f 892/479/841 894/480/841 895/481/841
f 900/482/842 903/483/842 897/539/842
f 898/485/843 901/486/843 900/487/843
f 899/488/844 901/486/844 902/489/844
f 907/490/845 910/491/845 904/546/845
f 905/493/846 908/494/846 907/495/846
f 906/496/847 908/494/847 909/497/847
f 914/498/848 917/499/848 911/547/848
f 912/501/849 915/502/849 914/498/849
f 913/503/850 915/502/850 916/504/850
f 921/505/851 924/535/851 918/536/851
f 919/508/852 922/509/852 921/505/852
f 920/548/853 922/509/853 923/511/853
f 928/512/854 931/513/854 925/514/854
f 926/515/855 929/516/855 928/512/855
f 927/517/856 929/516/856 930/518/856
f 935/519/857 938/520/857 932/521/857
f 933/522/858 936/523/858 935/519/858
f 934/524/859 936/523/859 937/525/859
f 883/543/860 900/482/860 897/539/860
f 889/526/861 898/485/861 900/487/861
f 890/473/862 888/527/862 884/467/862
f 896/538/863 885/470/863 888/472/863
f 904/546/864 895/476/864 891/545/864
f 895/481/865 906/496/865 892/479/865
f 905/493/866 902/489/866 909/497/866
f 902/489/867 906/496/867 909/497/867
f 897/539/868 928/512/868 925/514/868
f 928/512/869 899/488/869 926/515/869
f 932/521/870 907/490/870 904/546/870
f 907/495/871 934/524/871 905/493/871
f 933/522/872 930/518/872 937/525/872
f 937/525/873 926/515/873 934/524/873
f 911/547/874 931/513/874 914/498/874
f 931/513/875 912/501/875 914/498/875
f 932/521/876 924/535/876 935/519/876
f 924/535/877 933/522/877 935/519/877
f 913/503/878 923/511/878 919/508/878
f 916/504/879 920/548/879 923/511/879
f 883/543/880 917/499/880 886/464/880
f 917/499/881 884/467/881 886/469/881
f 891/545/882 921/505/882 918/536/882
f 893/530/883 919/508/883 921/505/883
f 925/514/884 883/543/884 897/539/884
f 892/479/885 898/485/885 885/470/885
f 913/503/886 890/473/886 884/467/886
f 904/546/887 918/536/887 932/521/887
f 905/493/888 926/515/888 899/488/888
f 933/522/889 912/501/889 927/517/889
f 942/464/890 945/465/890 939/466/890
f 940/467/891 943/468/891 942/469/891
f 941/470/892 943/471/892 944/472/892
f 946/473/893 950/474/893 952/475/893
f 951/476/894 949/477/894 947/531/894
f 948/479/895 950/480/895 951/481/895
f 956/482/896 959/483/896 953/484/896
f 954/485/897 957/486/897 956/487/897
f 955/488/898 957/486/898 958/489/898
f 963/490/899 966/491/899 960/546/899
f 961/549/900 964/494/900 963/495/900
f 962/496/901 964/494/901 965/497/901
f 970/498/902 973/499/902 967/500/902
f 968/501/903 971/502/903 970/498/903
f 969/503/904 971/502/904 972/504/904
f 977/505/905 980/506/905 974/536/905
f 975/508/906 978/509/906 977/505/906
f 976/548/907 978/509/907 979/511/907
f 984/512/908 987/513/908 981/537/908
f 982/515/909 985/516/909 984/512/909
f 983/517/910 985/516/910 986/518/910
f 991/519/911 994/520/911 988/521/911
f 989/522/912 992/523/912 991/519/912
f 990/524/913 992/523/913 993/525/913
f 953/484/914 945/465/914 956/482/914
f 945/526/915 954/485/915 956/487/915
f 946/473/916 944/527/916 940/467/916
f 944/472/917 948/479/917 941/470/917
f 960/546/918 951/476/918 947/531/918
f 951/481/919 962/496/919 948/479/919
f 961/549/920 958/489/920 965/497/920
f 958/489/921 962/496/921 965/497/921
f 981/537/922 959/483/922 984/512/922
f 959/529/923 982/515/923 984/512/923
f 988/521/924 963/490/924 960/546/924
f 994/520/925 961/549/925 963/495/925
f 983/517/926 993/525/926 989/522/926
f 993/525/927 982/515/927 990/524/927
f 981/537/928 970/498/928 967/500/928
f 987/513/929 968/501/929 970/498/929
f 988/521/930 980/506/930 991/519/930
f 980/506/931 989/522/931 991/519/931
f 969/503/932 979/511/932 975/508/932
f 972/504/933 976/548/933 979/511/933
f 939/466/934 973/499/934 942/464/934
f 973/499/935 940/467/935 942/469/935
f 947/531/936 977/505/936 974/536/936
f 949/530/937 975/508/937 977/505/937
f 981/537/938 939/466/938 953/484/938
f 948/479/939 954/485/939 941/470/939
f 975/508/940 940/467/940 969/503/940
f 988/521/941 947/531/941 974/536/941
f 961/549/942 982/515/942 955/488/942
f 983/517/943 976/548/943 968/501/943
f 998/464/944 1001/465/944 995/466/944
f 996/467/945 999/468/945 998/469/945
f 997/470/946 999/471/946 1000/472/946
f 1002/473/947 1006/474/947 1008/475/947
f 1007/476/948 1005/477/948 1003/545/948
f 1004/479/949 1006/480/949 1007/481/949
f 1012/482/950 1015/483/950 1009/539/950
f 1010/485/951 1013/486/951 1012/487/951
f 1011/533/952 1013/486/952 1014/540/952
f 1019/490/953 1022/491/953 1016/492/953
f 1017/493/954 1020/494/954 1019/495/954
f 1018/550/955 1020/494/955 1021/497/955
f 1026/498/956 1029/499/956 1023/500/956
f 1024/534/957 1027/502/957 1026/498/957
f 1025/503/958 1027/502/958 1028/504/958
f 1033/505/959 1036/535/959 1030/536/959
f 1031/508/960 1034/509/960 1033/505/960
f 1032/510/961 1034/509/961 1035/511/961
f 1040/512/962 1043/513/962 1037/537/962
f 1038/515/963 1041/516/963 1040/512/963
f 1039/517/964 1041/516/964 1042/518/964
f 1047/519/965 1050/544/965 1044/521/965
f 1045/522/966 1048/523/966 1047/519/966
f 1046/524/967 1048/523/967 1049/525/967
f 995/466/968 1012/482/968 1009/539/968
f 1001/526/969 1010/485/969 1012/487/969
f 996/467/970 1008/475/970 1000/527/970
f 1000/472/971 1004/479/971 997/470/971
f 1016/492/972 1007/476/972 1003/545/972
f 1007/481/973 1018/550/973 1004/479/973
f 1017/493/974 1014/540/974 1021/497/974
f 1021/497/975 1010/485/975 1018/550/975
f 1037/537/976 1015/483/976 1040/512/976
f 1015/529/977 1038/515/977 1040/512/977
f 1044/521/978 1019/490/978 1016/492/978
f 1050/544/979 1017/493/979 1019/495/979
f 1045/522/980 1042/518/980 1049/525/980
f 1049/525/981 1038/515/981 1046/524/981
f 1023/500/982 1043/513/982 1026/498/982
f 1026/498/983 1039/517/983 1024/534/983
f 1030/536/984 1047/519/984 1044/521/984
f 1047/519/985 1032/510/985 1045/522/985
f 1025/503/986 1035/511/986 1031/508/986
f 1028/504/987 1032/510/987 1035/511/987
f 995/466/988 1029/499/988 998/464/988
f 998/469/989 1025/503/989 996/467/989
f 1003/545/990 1033/505/990 1030/536/990
f 1005/530/991 1031/508/991 1033/505/991
f 1037/537/992 995/466/992 1009/539/992
f 1004/479/993 1010/485/993 997/470/993
f 1025/503/994 1002/473/994 996/467/994
f 1044/521/995 1003/545/995 1030/536/995
f 1017/493/996 1038/515/996 1011/533/996
f 1045/522/997 1024/534/997 1039/517/997
f 1066/551/998 1053/552/998 1052/553/998
f 1068/554/999 1051/555/999 1053/552/999
f 1069/556/1000 1056/557/1000 1055/558/1000
f 1071/559/1001 1054/560/1001 1056/557/1001
f 1058/561/1002 1074/562/1002 1059/563/1002
f 1059/564/1003 1073/565/1003 1057/566/1003
f 1061/567/1004 1077/568/1004 1062/569/1004
f 1062/569/1005 1076/570/1005 1060/571/1005
f 1078/572/1006 1065/573/1006 1064/574/1006
f 1080/575/1007 1063/576/1007 1065/573/1007
f 1081/577/1008 1068/554/1008 1066/551/1008
f 1083/578/1009 1067/579/1009 1068/554/1009
f 1084/580/1010 1071/559/1010 1069/556/1010
f 1071/559/1011 1085/581/1011 1070/582/1011
f 1087/583/1012 1074/562/1012 1072/584/1012
f 1089/585/1013 1073/565/1013 1074/586/1013
f 1090/587/1014 1077/568/1014 1075/588/1014
f 1077/568/1015 1091/589/1015 1076/570/1015
f 1093/590/1016 1080/575/1016 1078/572/1016
f 1080/575/1017 1094/591/1017 1079/592/1017
f 1081/577/1018 1098/593/1018 1083/578/1018
f 1098/593/1019 1082/594/1019 1083/578/1019
f 1084/580/1020 1101/595/1020 1086/596/1020
f 1086/596/1021 1100/597/1021 1085/581/1021
f 1087/583/1022 1104/598/1022 1089/599/1022
f 1104/600/1023 1088/601/1023 1089/585/1023
f 1105/602/1024 1092/603/1024 1090/587/1024
f 1107/604/1025 1091/589/1025 1092/603/1025
f 1108/605/1026 1095/606/1026 1093/590/1026
f 1095/606/1027 1109/607/1027 1094/591/1027
f 1111/608/1028 1098/593/1028 1096/609/1028
f 1098/593/1029 1112/610/1029 1097/611/1029
f 1114/612/1030 1101/595/1030 1099/613/1030
f 1116/614/1031 1100/597/1031 1101/595/1031
f 1117/615/1032 1104/598/1032 1102/616/1032
f 1119/617/1033 1103/618/1033 1104/600/1033
f 1105/602/1034 1122/619/1034 1107/604/1034
f 1107/604/1035 1121/620/1035 1106/621/1035
f 1123/622/1036 1110/623/1036 1108/605/1036
f 1125/624/1037 1109/607/1037 1110/623/1037
f 1126/625/1038 1113/626/1038 1111/608/1038
f 1128/627/1039 1112/610/1039 1113/626/1039
f 1129/628/1040 1116/614/1040 1114/612/1040
f 1116/614/1041 1130/629/1041 1115/630/1041
f 1117/615/1042 1134/631/1042 1119/632/1042
f 1134/633/1043 1118/634/1043 1119/617/1043
f 1135/635/1044 1122/619/1044 1120/636/1044
f 1137/637/1045 1121/620/1045 1122/619/1045
f 1138/638/1046 1125/624/1046 1123/622/1046
f 1140/639/1047 1124/640/1047 1125/624/1047
f 1141/641/1048 1128/627/1048 1126/625/1048
f 1128/627/1049 1142/642/1049 1127/643/1049
f 1129/628/1050 1146/644/1050 1131/645/1050
f 1146/644/1051 1130/629/1051 1131/645/1051
f 1147/646/1052 1134/631/1052 1132/629/1052
f 1134/633/1053 1148/647/1053 1133/648/1053
f 1135/635/1054 1152/649/1054 1137/637/1054
f 1137/637/1055 1151/650/1055 1136/651/1055
f 1138/638/1056 1155/652/1056 1140/639/1056
f 1155/652/1057 1139/653/1057 1140/639/1057
f 1156/654/1058 1143/655/1058 1141/641/1058
f 1143/655/1059 1157/656/1059 1142/642/1059
f 1159/657/1060 1146/644/1060 1144/658/1060
f 1146/644/1061 1160/659/1061 1145/660/1061
f 1162/661/1062 1149/662/1062 1147/646/1062
f 1164/663/1063 1148/647/1063 1149/664/1063
f 1165/665/1064 1152/649/1064 1150/666/1064
f 1152/649/1065 1166/667/1065 1151/650/1065
f 1168/668/1066 1155/652/1066 1153/669/1066
f 1170/670/1067 1154/671/1067 1155/652/1067
f 1156/672/1068 1173/673/1068 1158/674/1068
f 1173/673/1069 1157/675/1069 1158/674/1069
f 1174/676/1070 1161/677/1070 1159/678/1070
f 1176/679/1071 1160/680/1071 1161/677/1071
f 1162/681/1072 1179/682/1072 1164/683/1072
f 1179/684/1073 1163/685/1073 1164/686/1073
f 1165/687/1074 1182/688/1074 1167/689/1074
f 1182/688/1075 1166/690/1075 1167/689/1075
f 1183/691/1076 1170/692/1076 1168/693/1076
f 1185/694/1077 1169/695/1077 1170/692/1077
f 1186/696/1078 1173/673/1078 1171/697/1078
f 1188/698/1079 1172/699/1079 1173/673/1079
f 1174/676/1080 1191/700/1080 1176/679/1080
f 1191/700/1081 1175/701/1081 1176/679/1081
f 1177/702/1082 1194/703/1082 1179/682/1082
f 1179/684/1083 1193/704/1083 1178/705/1083
f 1180/706/1084 1197/707/1084 1182/688/1084
f 1197/707/1085 1181/708/1085 1182/688/1085
f 1198/709/1086 1185/694/1086 1183/691/1086
f 1185/694/1087 1199/710/1087 1184/711/1087
f 1201/712/1088 1188/698/1088 1186/696/1088
f 1203/713/1089 1187/714/1089 1188/698/1089
f 1189/715/1090 1206/716/1090 1191/700/1090
f 1206/716/1091 1190/717/1091 1191/700/1091
f 1207/718/1092 1194/703/1092 1192/719/1092
f 1194/720/1093 1208/721/1093 1193/704/1093
f 1195/722/1094 1212/723/1094 1197/707/1094
f 1212/723/1095 1196/724/1095 1197/707/1095
f 1198/709/1096 1215/725/1096 1200/726/1096
f 1215/725/1097 1199/710/1097 1200/726/1097
f 1216/727/1098 1203/713/1098 1201/712/1098
f 1203/713/1099 1217/728/1099 1202/729/1099
f 1204/730/1100 1221/731/1100 1206/716/1100
f 1206/716/1101 1220/732/1101 1205/733/1101
f 1222/734/1102 1209/735/1102 1207/718/1102
f 1224/736/1103 1208/721/1103 1209/737/1103
f 1225/738/1104 1212/723/1104 1210/739/1104
f 1212/723/1105 1226/740/1105 1211/741/1105
f 1213/742/1106 1230/743/1106 1215/725/1106
f 1215/725/1107 1229/744/1107 1214/745/1107
f 1231/746/1108 1218/747/1108 1216/727/1108
f 1218/747/1109 1232/748/1109 1217/728/1109
f 1234/749/1110 1221/731/1110 1219/750/1110
f 1236/751/1111 1220/732/1111 1221/731/1111
f 1237/752/1112 1224/753/1112 1222/734/1112
f 1224/736/1113 1238/754/1113 1223/755/1113
f 1240/756/1114 1227/757/1114 1225/738/1114
f 1227/757/1115 1241/758/1115 1226/740/1115
f 1228/740/1116 1245/759/1116 1230/743/1116
f 1245/759/1117 1229/744/1117 1230/743/1117
f 1246/760/1118 1233/761/1118 1231/746/1118
f 1248/762/1119 1232/748/1119 1233/761/1119
f 1249/763/1120 1236/751/1120 1234/749/1120
f 1251/764/1121 1235/765/1121 1236/751/1121
f 1252/766/1122 1239/767/1122 1237/752/1122
f 1254/768/1123 1238/754/1123 1239/769/1123
f 1255/770/1124 1242/771/1124 1240/756/1124
f 1257/772/1125 1241/758/1125 1242/771/1125
f 1243/773/1126 1260/774/1126 1245/759/1126
f 1260/774/1127 1244/775/1127 1245/759/1127
f 1246/760/1128 1263/776/1128 1248/762/1128
f 1248/762/1129 1262/777/1129 1247/778/1129
f 1249/763/1130 1266/779/1130 1251/764/1130
f 1266/779/1131 1250/780/1131 1251/764/1131
f 1252/766/1132 1269/781/1132 1254/782/1132
f 1269/783/1133 1253/784/1133 1254/768/1133
f 1255/770/1134 1272/785/1134 1257/772/1134
f 1272/785/1135 1256/786/1135 1257/772/1135
f 1273/787/1136 1260/774/1136 1258/788/1136
f 1260/774/1137 1274/789/1137 1259/790/1137
f 1051/555/1138 1263/776/1138 1053/552/1138
f 1053/552/1139 1261/791/1139 1052/553/1139
f 1265/792/1140 1056/557/1140 1054/560/1140
f 1056/557/1141 1264/793/1141 1055/558/1141
f 1268/794/1142 1059/564/1142 1057/566/1142
f 1269/781/1143 1058/561/1143 1059/563/1143
f 1060/571/1144 1272/785/1144 1062/569/1144
f 1272/785/1145 1061/567/1145 1062/569/1145
f 1274/789/1146 1065/573/1146 1063/576/1146
f 1065/573/1147 1273/787/1147 1064/574/1147
f 1051/555/1148 1264/793/1148 1262/777/1148
f 1067/579/1149 1055/558/1149 1051/555/1149
f 1063/576/1150 1066/551/1150 1052/553/1150
f 1063/576/1151 1261/791/1151 1274/789/1151
f 1070/582/1152 1058/561/1152 1054/560/1152
f 1265/792/253 1058/561/253 1267/795/253
f 1057/566/1153 1075/588/1153 1061/567/1153
f 1057/566/1154 1270/796/1154 1268/794/1154
f 1060/571/55 1078/572/55 1064/574/55
f 1271/797/253 1064/574/253 1273/787/253
f 1079/592/1155 1081/577/1155 1066/551/1155
f 1067/579/1156 1084/580/1156 1069/556/1156
f 1085/581/1157 1072/584/1157 1070/582/1157
f 1088/601/1158 1075/588/1158 1073/565/1158
f 1076/570/55 1093/590/55 1078/572/55
f 1109/607/1159 1081/577/1159 1094/591/1159
f 1082/594/1160 1099/613/1160 1084/580/1160
f 1100/597/1161 1087/583/1161 1085/581/1161
f 1103/618/1162 1090/587/1162 1088/601/1162
f 1091/589/253 1108/605/253 1093/590/253
f 1109/607/1163 1111/608/1163 1096/609/1163
f 1097/611/1164 1114/612/1164 1099/613/1164
f 1100/597/1165 1117/615/1165 1102/616/1165
f 1118/634/1166 1105/602/1166 1103/618/1166
f 1106/621/253 1123/622/253 1108/605/253
f 1124/640/1167 1126/625/1167 1111/608/1167
f 1112/610/1168 1129/628/1168 1114/612/1168
f 1115/630/253 1132/629/253 1117/615/253
f 1133/648/1169 1120/636/1169 1118/634/1169
f 1121/620/253 1138/638/253 1123/622/253
f 1154/671/1170 1126/625/1170 1139/653/1170
f 1142/642/1171 1129/628/1171 1127/643/1171
f 1130/629/1172 1147/646/1172 1132/629/1172
f 1148/647/1173 1135/635/1173 1133/648/1173
f 1136/651/253 1153/669/253 1138/638/253
f 1154/671/1174 1156/654/1174 1141/641/1174
f 1157/656/1175 1144/658/1175 1142/642/1175
f 1145/660/253 1162/661/253 1147/646/253
f 1163/798/1176 1150/666/1176 1148/647/1176
f 1151/650/253 1168/668/253 1153/669/253
f 1184/711/1177 1156/672/1177 1169/695/1177
f 1172/699/1178 1159/678/1178 1157/675/1178
f 1160/680/1179 1177/702/1179 1162/681/1179
f 1163/685/1180 1180/706/1180 1165/687/1180
f 1166/690/1181 1183/691/1181 1168/693/1181
f 1199/710/1182 1171/697/1182 1184/711/1182
f 1172/699/1183 1189/715/1183 1174/676/1183
f 1175/701/1184 1192/719/1184 1177/702/1184
f 1193/704/1185 1180/706/1185 1178/705/1185
f 1181/708/1186 1198/709/1186 1183/691/1186
f 1214/745/1187 1186/696/1187 1199/710/1187
f 1187/714/1188 1204/730/1188 1189/715/1188
f 1190/717/253 1207/718/253 1192/719/253
f 1208/721/1189 1195/722/1189 1193/704/1189
f 1196/724/253 1213/742/253 1198/709/253
f 1214/745/1190 1216/727/1190 1201/712/1190
f 1217/728/1191 1204/730/1191 1202/729/1191
f 1205/733/253 1222/734/253 1207/718/253
f 1208/721/1192 1225/738/1192 1210/739/1192
f 1211/741/55 1228/740/55 1213/742/55
f 1244/775/1193 1216/727/1193 1229/744/1193
f 1232/748/1194 1219/750/1194 1217/728/1194
f 1220/732/253 1237/752/253 1222/734/253
f 1238/754/1195 1225/738/1195 1223/755/1195
f 1226/740/253 1243/773/253 1228/740/253
f 1244/775/1196 1246/760/1196 1231/746/1196
f 1247/778/1197 1234/749/1197 1232/748/1197
f 1235/765/253 1252/766/253 1237/752/253
f 1253/784/1198 1240/756/1198 1238/754/1198
f 1256/786/55 1243/773/55 1241/758/55
f 1274/789/1199 1246/760/1199 1259/790/1199
f 1262/777/1200 1249/763/1200 1247/778/1200
f 1250/780/253 1267/795/253 1252/766/253
f 1268/794/1201 1255/770/1201 1253/784/1201
f 1256/786/55 1273/787/55 1258/788/55
f 382/464/1429 383/883/1429 385/465/1429
f 380/467/1430 384/527/1430 383/468/1430
f 381/470/1431 385/526/1431 383/471/1431
f 386/473/1432 389/530/1432 390/474/1432
f 391/476/1433 390/884/1433 389/477/1433
f 388/479/1434 392/538/1434 390/480/1434
f 396/482/1435 397/885/1435 399/483/1435
f 394/485/1436 398/489/1436 397/486/1436
f 395/488/1437 399/529/1437 397/486/1437
f 403/490/1438 404/886/1438 406/491/1438
f 401/493/1439 405/497/1439 404/494/1439
f 402/496/1440 406/528/1440 404/494/1440
f 410/498/1441 411/502/1441 413/499/1441
f 408/501/1442 412/504/1442 411/502/1442
f 409/503/1443 413/499/1443 411/502/1443
f 417/505/1444 418/509/1444 420/506/1444
f 415/508/1445 419/511/1445 418/509/1445
f 416/510/1446 420/506/1446 418/509/1446
f 424/512/1447 425/516/1447 427/513/1447
f 422/515/1448 426/518/1448 425/516/1448
f 423/517/1449 427/513/1449 425/516/1449
f 431/519/1450 432/523/1450 434/520/1450
f 429/522/1451 433/525/1451 432/523/1451
f 430/524/1452 434/520/1452 432/523/1452
f 379/466/1453 385/465/1453 396/482/1453
f 385/526/375 381/470/375 394/485/375
f 386/473/376 392/475/376 384/527/376
f 384/472/377 392/538/377 388/479/377
f 400/492/378 406/491/378 391/476/378
f 406/528/379 402/496/379 388/479/379
f 395/488/380 398/489/380 405/497/380
f 398/489/381 394/485/381 402/496/381
f 393/484/1454 399/483/1454 424/512/1454
f 399/529/383 395/488/383 422/515/383
f 428/521/1455 434/520/1455 403/490/1455
f 403/495/385 434/520/385 430/524/385
f 429/522/386 423/517/386 426/518/386
f 426/518/387 422/515/387 430/524/387
f 421/514/1456 427/513/1456 410/498/1456
f 427/513/389 423/517/389 408/501/389
f 428/521/1457 414/507/1457 420/506/1457
f 431/519/1458 420/506/1458 416/510/1458
f 415/508/392 409/503/392 412/504/392
f 412/504/1459 408/501/1459 416/510/1459
f 379/466/1460 407/500/1460 413/499/1460
f 413/499/1461 409/503/1461 380/467/1461
f 387/478/1462 389/477/1462 417/505/1462
f 389/530/397 386/473/397 415/508/397
f 421/514/398 407/500/398 379/466/398
f 388/479/399 402/496/399 394/485/399
f 415/508/400 386/473/400 380/467/400
f 428/521/401 400/492/401 387/478/401
f 401/493/402 430/524/402 422/515/402
f 423/517/403 429/522/403 416/510/403
f 438/464/1463 439/883/1463 441/465/1463
f 436/467/1464 440/527/1464 439/468/1464
f 437/470/1465 441/526/1465 439/471/1465
f 442/473/1466 445/530/1466 446/474/1466
f 447/476/1467 446/884/1467 445/477/1467
f 444/479/1468 448/538/1468 446/480/1468
f 452/482/1469 453/885/1469 455/483/1469
f 450/532/1470 454/489/1470 453/486/1470
f 451/533/1471 455/529/1471 453/486/1471
f 459/490/1472 460/886/1472 462/491/1472
f 457/493/1473 461/497/1473 460/494/1473
f 458/496/1474 462/528/1474 460/494/1474
f 466/498/1475 467/502/1475 469/499/1475
f 464/534/1476 468/504/1476 467/502/1476
f 465/503/1477 469/499/1477 467/502/1477
f 473/505/1478 474/509/1478 476/535/1478
f 471/508/1479 475/511/1479 474/509/1479
f 472/510/1480 476/535/1480 474/509/1480
f 480/512/1481 481/516/1481 483/513/1481
f 478/515/1482 482/518/1482 481/516/1482
f 479/517/1483 483/513/1483 481/516/1483
f 487/519/1484 488/523/1484 490/520/1484
f 485/522/1485 489/525/1485 488/523/1485
f 486/524/1486 490/520/1486 488/523/1486
f 449/484/428 435/466/428 441/465/428
f 441/526/1487 437/470/1487 450/532/1487
f 442/473/430 448/475/430 440/527/430
f 448/538/431 444/479/431 437/470/431
f 456/492/432 462/491/432 447/476/432
f 462/528/433 458/496/433 444/479/433
f 451/533/434 454/489/434 461/497/434
f 454/489/435 450/532/435 458/496/435
f 449/484/436 455/483/436 480/512/436
f 455/529/437 451/533/437 478/515/437
f 456/492/1488 484/521/1488 490/520/1488
f 490/520/1489 486/524/1489 457/493/1489
f 485/522/440 479/517/440 482/518/440
f 482/518/441 478/515/441 486/524/441
f 477/537/1490 483/513/1490 466/498/1490
f 483/513/443 479/517/443 464/534/443
f 484/521/444 470/536/444 476/535/444
f 476/535/1491 472/510/1491 485/522/1491
f 471/508/446 465/503/446 468/504/446
f 475/511/447 468/504/447 464/534/447
f 463/500/1492 469/499/1492 438/464/1492
f 438/469/449 469/499/449 465/503/449
f 443/531/1493 445/477/1493 473/505/1493
f 473/505/1494 445/530/1494 442/473/1494
f 477/537/452 463/500/452 435/466/452
f 437/470/453 444/479/453 458/496/453
f 465/503/454 471/508/454 442/473/454
f 456/492/455 443/531/455 470/536/455
f 451/533/456 457/493/456 486/524/456
f 485/522/457 472/510/457 464/534/457
f 494/464/1495 495/883/1495 497/465/1495
f 492/467/1496 496/527/1496 495/468/1496
f 493/470/1497 497/526/1497 495/471/1497
f 498/473/1498 501/530/1498 502/474/1498
f 503/476/1499 502/884/1499 501/477/1499
f 500/479/1500 504/538/1500 502/480/1500
f 508/482/1501 509/885/1501 511/483/1501
f 506/532/1502 510/540/1502 509/486/1502
f 507/533/1503 511/529/1503 509/486/1503
f 515/490/1504 516/886/1504 518/491/1504
f 513/493/1505 517/497/1505 516/494/1505
f 514/541/1506 518/528/1506 516/494/1506
f 522/498/1507 523/502/1507 525/499/1507
f 520/501/1508 524/504/1508 523/502/1508
f 521/503/1509 525/499/1509 523/502/1509
f 529/505/1510 530/509/1510 532/535/1510
f 527/508/1511 531/511/1511 530/509/1511
f 528/510/1512 532/535/1512 530/509/1512
f 536/512/1513 537/516/1513 539/513/1513
f 534/515/1514 538/518/1514 537/516/1514
f 535/517/1515 539/513/1515 537/516/1515
f 543/519/1516 544/523/1516 546/520/1516
f 541/522/1517 545/525/1517 544/523/1517
f 542/542/1518 546/520/1518 544/523/1518
f 491/466/1519 497/465/1519 508/482/1519
f 497/526/483 493/470/483 506/532/483
f 492/467/484 498/473/484 504/475/484
f 504/538/485 500/479/485 493/470/485
f 499/478/1520 512/492/1520 518/491/1520
f 518/528/487 514/541/487 500/479/487
f 513/493/488 507/533/488 510/540/488
f 510/540/489 506/532/489 514/541/489
f 533/537/490 505/539/490 511/483/490
f 511/529/1521 507/533/1521 534/515/1521
f 540/521/1522 546/520/1522 515/490/1522
f 546/520/493 542/542/493 513/493/493
f 535/517/494 538/518/494 545/525/494
f 545/525/495 538/518/495 534/515/495
f 533/537/1523 539/513/1523 522/498/1523
f 539/513/497 535/517/497 520/501/497
f 540/521/498 526/536/498 532/535/498
f 543/519/499 532/535/499 528/510/499
f 527/508/1524 521/503/1524 524/504/1524
f 531/511/501 524/504/501 520/501/501
f 519/500/1525 525/499/1525 494/464/1525
f 525/499/503 521/503/503 492/467/503
f 499/478/504 501/477/504 529/505/504
f 501/530/505 498/473/505 527/508/505
f 533/537/506 519/500/506 491/466/506
f 493/470/507 500/479/507 514/541/507
f 521/503/508 527/508/508 498/473/508
f 540/521/509 512/492/509 499/478/509
f 513/493/510 542/542/510 534/515/510
f 535/517/511 541/522/511 528/510/511
f 550/464/1526 551/883/1526 553/465/1526
f 548/467/1527 552/527/1527 551/468/1527
f 549/470/1528 553/526/1528 551/471/1528
f 554/473/1529 557/530/1529 558/474/1529
f 559/476/1530 558/884/1530 557/477/1530
f 556/479/1531 560/538/1531 558/480/1531
f 564/482/1532 565/885/1532 567/483/1532
f 562/485/1533 566/489/1533 565/486/1533
f 563/488/1534 567/529/1534 565/486/1534
f 571/490/1535 572/886/1535 574/491/1535
f 569/493/1536 573/497/1536 572/494/1536
f 570/541/1537 574/528/1537 572/494/1537
f 578/498/1538 579/502/1538 581/499/1538
f 576/501/1539 580/504/1539 579/502/1539
f 577/503/1540 581/499/1540 579/502/1540
f 585/505/1541 586/509/1541 588/506/1541
f 583/508/1542 587/511/1542 586/509/1542
f 584/510/1543 588/506/1543 586/509/1543
f 592/512/1544 593/516/1544 595/513/1544
f 590/515/1545 594/518/1545 593/516/1545
f 591/517/1546 595/513/1546 593/516/1546
f 599/519/1547 600/523/1547 602/544/1547
f 597/522/1548 601/525/1548 600/523/1548
f 598/524/1549 602/544/1549 600/523/1549
f 547/543/536 553/465/536 564/482/536
f 564/487/537 553/526/537 549/470/537
f 554/473/538 560/475/538 552/527/538
f 560/538/539 556/479/539 549/470/539
f 568/492/540 574/491/540 559/476/540
f 559/481/541 574/528/541 570/541/541
f 563/488/542 566/489/542 573/497/542
f 566/489/1550 562/485/1550 570/541/1550
f 561/539/1551 567/483/1551 592/512/1551
f 567/529/1552 563/488/1552 590/515/1552
f 568/492/1553 596/521/1553 602/544/1553
f 602/544/1554 598/524/1554 569/493/1554
f 591/517/1555 594/518/1555 601/525/1555
f 601/525/549 594/518/549 590/515/549
f 589/537/550 595/513/550 578/498/550
f 595/513/551 591/517/551 576/501/551
f 596/521/552 582/536/552 588/506/552
f 588/506/1556 584/510/1556 597/522/1556
f 583/508/554 577/503/554 580/504/554
f 580/504/555 576/501/555 584/510/555
f 547/543/1557 575/500/1557 581/499/1557
f 550/469/557 581/499/557 577/503/557
f 555/531/1558 557/477/1558 585/505/1558
f 557/530/559 554/473/559 583/508/559
f 589/537/560 575/500/560 547/543/560
f 549/470/561 556/479/561 570/541/561
f 583/508/562 554/473/562 548/467/562
f 568/492/563 555/531/563 582/536/563
f 569/493/564 598/524/564 590/515/564
f 591/517/565 597/522/565 584/510/565
f 606/464/1559 607/883/1559 609/465/1559
f 604/467/1560 608/527/1560 607/468/1560
f 605/470/1561 609/526/1561 607/471/1561
f 610/473/1562 613/530/1562 614/474/1562
f 615/476/1563 614/884/1563 613/477/1563
f 612/479/1564 616/538/1564 614/480/1564
f 620/482/1565 621/885/1565 623/483/1565
f 618/485/1566 622/489/1566 621/486/1566
f 619/488/1567 623/529/1567 621/486/1567
f 627/490/1568 628/886/1568 630/491/1568
f 625/493/1569 629/497/1569 628/494/1569
f 626/496/1570 630/528/1570 628/494/1570
f 634/498/1571 635/502/1571 637/499/1571
f 632/501/1572 636/504/1572 635/502/1572
f 633/503/1573 637/499/1573 635/502/1573
f 641/505/1574 642/509/1574 644/535/1574
f 639/508/1575 643/511/1575 642/509/1575
f 640/548/1576 644/535/1576 642/509/1576
f 648/512/1577 649/516/1577 651/513/1577
f 646/515/1578 650/518/1578 649/516/1578
f 647/517/1579 651/513/1579 649/516/1579
f 655/519/1580 656/523/1580 658/544/1580
f 653/522/1581 657/525/1581 656/523/1581
f 654/524/1582 658/544/1582 656/523/1582
f 603/543/590 609/465/590 620/482/590
f 609/526/591 605/470/591 618/485/591
f 610/473/592 616/475/592 608/527/592
f 608/472/593 616/538/593 612/479/593
f 624/546/594 630/491/594 615/476/594
f 615/481/595 630/528/595 626/496/595
f 619/488/596 622/489/596 629/497/596
f 622/489/597 618/485/597 626/496/597
f 617/539/598 623/483/598 648/512/598
f 623/529/599 619/488/599 646/515/599
f 652/521/1583 658/544/1583 627/490/1583
f 658/544/601 654/524/601 625/493/601
f 647/517/602 650/518/602 657/525/602
f 657/525/603 650/518/603 646/515/603
f 645/514/604 651/513/604 634/498/604
f 651/513/605 647/517/605 632/501/605
f 652/521/606 638/536/606 644/535/606
f 644/535/607 640/548/607 653/522/607
f 639/508/608 633/503/608 636/504/608
f 643/511/609 636/504/609 632/501/609
f 603/543/610 631/547/610 637/499/610
f 637/499/611 633/503/611 604/467/611
f 638/536/1584 611/545/1584 613/477/1584
f 613/530/613 610/473/613 639/508/613
f 645/514/614 631/547/614 603/543/614
f 605/470/615 612/479/615 626/496/615
f 639/508/616 610/473/616 604/467/616
f 652/521/617 624/546/617 611/545/617
f 619/488/618 625/493/618 654/524/618
f 653/522/619 640/548/619 632/501/619
f 662/464/1585 663/883/1585 665/465/1585
f 660/467/1586 664/527/1586 663/468/1586
f 661/470/1587 665/526/1587 663/471/1587
f 666/473/1588 669/530/1588 670/474/1588
f 671/476/1589 670/884/1589 669/477/1589
f 668/479/1590 672/538/1590 670/480/1590
f 676/482/1591 677/885/1591 679/483/1591
f 674/485/1592 678/489/1592 677/486/1592
f 675/488/1593 679/529/1593 677/486/1593
f 683/490/1594 684/886/1594 686/491/1594
f 681/493/1595 685/497/1595 684/494/1595
f 682/496/1596 686/528/1596 684/494/1596
f 690/498/1597 691/502/1597 693/499/1597
f 688/501/1598 692/504/1598 691/502/1598
f 689/503/1599 693/499/1599 691/502/1599
f 697/505/1600 698/509/1600 700/506/1600
f 695/508/1601 699/511/1601 698/509/1601
f 696/510/1602 700/506/1602 698/509/1602
f 704/512/1603 705/516/1603 707/513/1603
f 702/515/1604 706/518/1604 705/516/1604
f 703/517/1605 707/513/1605 705/516/1605
f 711/519/1606 712/523/1606 714/520/1606
f 709/522/1607 713/525/1607 712/523/1607
f 710/524/1608 714/520/1608 712/523/1608
f 673/484/644 659/466/644 665/465/644
f 676/487/645 665/526/645 661/470/645
f 666/473/646 672/475/646 664/527/646
f 672/538/647 668/479/647 661/470/647
f 680/546/648 686/491/648 671/476/648
f 686/528/649 682/496/649 668/479/649
f 675/488/650 678/489/650 685/497/650
f 678/489/651 674/485/651 682/496/651
f 673/484/1609 679/483/1609 704/512/1609
f 704/512/653 679/529/653 675/488/653
f 680/546/1610 708/521/1610 714/520/1610
f 714/520/655 710/524/655 681/493/655
f 703/517/656 706/518/656 713/525/656
f 706/518/657 702/515/657 710/524/657
f 687/500/1611 701/537/1611 707/513/1611
f 707/513/659 703/517/659 688/501/659
f 708/521/1612 694/507/1612 700/506/1612
f 700/506/661 696/510/661 709/522/661
f 689/503/662 692/504/662 699/511/662
f 692/504/663 688/501/663 696/510/663
f 687/500/1613 693/499/1613 662/464/1613
f 693/499/665 689/503/665 660/467/665
f 667/478/1614 669/477/1614 697/505/1614
f 669/530/667 666/473/667 695/508/667
f 673/484/668 701/537/668 687/500/668
f 668/479/669 682/496/669 674/485/669
f 695/508/670 666/473/670 660/467/670
f 680/546/671 667/478/671 694/507/671
f 681/493/672 710/524/672 702/515/672
f 709/522/673 696/510/673 688/501/673
f 718/464/1615 719/883/1615 721/465/1615
f 716/467/1616 720/527/1616 719/468/1616
f 717/470/1617 721/526/1617 719/471/1617
f 722/473/1618 725/530/1618 726/474/1618
f 727/476/1619 726/884/1619 725/477/1619
f 724/479/1620 728/538/1620 726/480/1620
f 732/482/1621 733/885/1621 735/483/1621
f 730/532/1622 734/489/1622 733/486/1622
f 731/533/1623 735/529/1623 733/486/1623
f 739/490/1624 740/886/1624 742/491/1624
f 737/549/1625 741/497/1625 740/494/1625
f 738/496/1626 742/528/1626 740/494/1626
f 746/498/1627 747/502/1627 749/499/1627
f 744/534/1628 748/504/1628 747/502/1628
f 745/503/1629 749/499/1629 747/502/1629
f 753/505/1630 754/509/1630 756/535/1630
f 751/508/1631 755/511/1631 754/509/1631
f 752/510/1632 756/535/1632 754/509/1632
f 760/512/1633 761/516/1633 763/513/1633
f 758/515/1634 762/518/1634 761/516/1634
f 759/517/1635 763/513/1635 761/516/1635
f 767/519/1636 768/523/1636 770/544/1636
f 765/522/1637 769/525/1637 768/523/1637
f 766/524/1638 770/544/1638 768/523/1638
f 715/466/698 721/465/698 732/482/698
f 721/526/699 717/470/699 730/532/699
f 722/473/700 728/475/700 720/527/700
f 720/472/701 728/538/701 724/479/701
f 736/546/1639 742/491/1639 727/476/1639
f 742/528/703 738/496/703 724/479/703
f 731/533/704 734/489/704 741/497/704
f 734/489/705 730/532/705 738/496/705
f 757/537/706 729/484/706 735/483/706
f 735/529/707 731/533/707 758/515/707
f 736/546/708 764/521/708 770/544/708
f 739/495/709 770/544/709 766/524/709
f 759/517/710 762/518/710 769/525/710
f 769/525/711 762/518/711 758/515/711
f 757/537/712 763/513/712 746/498/712
f 763/513/713 759/517/713 744/534/713
f 764/521/714 750/536/714 756/535/714
f 756/535/715 752/510/715 765/522/715
f 751/508/716 745/503/716 748/504/716
f 748/504/1640 744/534/1640 752/510/1640
f 743/500/718 749/499/718 718/464/718
f 749/499/719 745/503/719 716/467/719
f 723/531/720 725/477/720 753/505/720
f 725/530/1641 722/473/1641 751/508/1641
f 729/484/722 757/537/722 743/500/722
f 724/479/723 738/496/723 730/532/723
f 751/508/724 722/473/724 716/467/724
f 764/521/725 736/546/725 723/531/725
f 737/549/726 766/524/726 758/515/726
f 765/522/727 752/510/727 744/534/727
f 774/464/1642 775/883/1642 777/465/1642
f 772/467/1643 776/527/1643 775/468/1643
f 773/470/1644 777/526/1644 775/471/1644
f 778/473/1645 781/530/1645 782/474/1645
f 783/476/1646 782/884/1646 781/477/1646
f 780/479/1647 784/538/1647 782/480/1647
f 788/482/1648 789/885/1648 791/483/1648
f 786/532/1649 790/540/1649 789/486/1649
f 787/533/1650 791/529/1650 789/486/1650
f 795/490/1651 796/886/1651 798/491/1651
f 793/493/1652 797/497/1652 796/494/1652
f 794/541/1653 798/528/1653 796/494/1653
f 802/498/1654 803/502/1654 805/499/1654
f 800/501/1655 804/504/1655 803/502/1655
f 801/503/1656 805/499/1656 803/502/1656
f 809/505/1657 810/509/1657 812/506/1657
f 807/508/1658 811/511/1658 810/509/1658
f 808/510/1659 812/506/1659 810/509/1659
f 816/512/1660 817/516/1660 819/513/1660
f 814/515/1661 818/518/1661 817/516/1661
f 815/517/1662 819/513/1662 817/516/1662
f 823/519/1663 824/523/1663 826/520/1663
f 821/522/1664 825/525/1664 824/523/1664
f 822/542/1665 826/520/1665 824/523/1665
f 771/466/1666 777/465/1666 788/482/1666
f 788/487/753 777/526/753 773/470/753
f 778/473/754 784/475/754 776/527/754
f 776/472/755 784/538/755 780/479/755
f 779/478/756 792/492/756 798/491/756
f 783/481/1667 798/528/1667 794/541/1667
f 787/533/758 790/540/758 797/497/758
f 790/540/759 786/532/759 794/541/759
f 785/539/760 791/483/760 816/512/760
f 816/512/761 791/529/761 787/533/761
f 820/521/1668 826/520/1668 795/490/1668
f 826/520/763 822/542/763 793/493/763
f 815/517/764 818/518/764 825/525/764
f 818/518/765 814/515/765 822/542/765
f 813/537/766 819/513/766 802/498/766
f 802/498/767 819/513/767 815/517/767
f 806/536/1669 812/506/1669 823/519/1669
f 823/519/769 812/506/769 808/510/769
f 801/503/770 804/504/770 811/511/770
f 804/504/771 800/501/771 808/510/771
f 799/500/772 805/499/772 774/464/772
f 805/499/773 801/503/773 772/467/773
f 779/478/774 781/477/774 809/505/774
f 809/505/775 781/530/775 778/473/775
f 813/537/776 799/500/776 771/466/776
f 780/479/777 794/541/777 786/532/777
f 801/503/778 807/508/778 778/473/778
f 820/521/779 792/492/779 779/478/779
f 793/493/780 822/542/780 814/515/780
f 821/522/781 808/510/781 800/501/781
f 830/464/1670 831/883/1670 833/465/1670
f 828/467/1671 832/527/1671 831/468/1671
f 829/470/1672 833/526/1672 831/471/1672
f 834/473/1673 837/530/1673 838/474/1673
f 839/476/1674 838/884/1674 837/477/1674
f 836/479/1675 840/538/1675 838/480/1675
f 844/482/1676 845/885/1676 847/483/1676
f 842/485/1677 846/489/1677 845/486/1677
f 843/488/1678 847/529/1678 845/486/1678
f 851/490/1679 852/886/1679 854/491/1679
f 849/493/1680 853/497/1680 852/494/1680
f 850/541/1681 854/528/1681 852/494/1681
f 858/498/1682 859/502/1682 861/499/1682
f 856/501/1683 860/504/1683 859/502/1683
f 857/503/1684 861/499/1684 859/502/1684
f 865/505/1685 866/509/1685 868/506/1685
f 863/508/1686 867/511/1686 866/509/1686
f 864/548/1687 868/506/1687 866/509/1687
f 872/512/1688 873/516/1688 875/513/1688
f 870/515/1689 874/518/1689 873/516/1689
f 871/517/1690 875/513/1690 873/516/1690
f 879/519/1691 880/523/1691 882/544/1691
f 877/522/1692 881/525/1692 880/523/1692
f 878/524/1693 882/544/1693 880/523/1693
f 827/543/806 833/465/806 844/482/806
f 833/526/807 829/470/807 842/485/807
f 834/473/808 840/475/808 832/527/808
f 832/472/809 840/538/809 836/479/809
f 848/546/1694 854/491/1694 839/476/1694
f 839/481/811 854/528/811 850/541/811
f 849/493/1695 843/488/1695 846/489/1695
f 846/489/813 842/485/813 850/541/813
f 869/514/1696 841/539/1696 847/483/1696
f 847/529/1697 843/488/1697 870/515/1697
f 876/521/1698 882/544/1698 851/490/1698
f 851/495/1699 882/544/1699 878/524/1699
f 871/517/818 874/518/818 881/525/818
f 881/525/819 874/518/819 870/515/819
f 869/514/1700 875/513/1700 858/498/1700
f 858/498/821 875/513/821 871/517/821
f 862/536/822 868/506/822 879/519/822
f 868/506/1701 864/548/1701 877/522/1701
f 857/503/824 860/504/824 867/511/824
f 867/511/1702 860/504/1702 856/501/1702
f 827/543/1703 855/500/1703 861/499/1703
f 861/499/1704 857/503/1704 828/467/1704
f 835/531/1705 837/477/1705 865/505/1705
f 837/530/1706 834/473/1706 863/508/1706
f 869/514/830 855/500/830 827/543/830
f 836/479/831 850/541/831 842/485/831
f 863/508/832 834/473/832 828/467/832
f 848/546/833 835/531/833 862/536/833
f 849/493/834 878/524/834 870/515/834
f 877/522/835 864/548/835 856/501/835
f 886/464/1707 887/883/1707 889/465/1707
f 884/467/1708 888/527/1708 887/468/1708
f 885/470/1709 889/526/1709 887/471/1709
f 890/473/1710 893/530/1710 894/474/1710
f 895/476/1711 894/884/1711 893/477/1711
f 892/479/1712 896/538/1712 894/480/1712
f 900/482/1713 901/885/1713 903/483/1713
f 898/485/1714 902/489/1714 901/486/1714
f 899/488/1715 903/529/1715 901/486/1715
f 907/490/1716 908/886/1716 910/491/1716
f 905/493/1717 909/497/1717 908/494/1717
f 906/496/1718 910/528/1718 908/494/1718
f 914/498/1719 915/502/1719 917/499/1719
f 912/501/1720 916/504/1720 915/502/1720
f 913/503/1721 917/499/1721 915/502/1721
f 921/505/1722 922/509/1722 924/535/1722
f 919/508/1723 923/511/1723 922/509/1723
f 920/548/1724 924/535/1724 922/509/1724
f 928/512/1725 929/516/1725 931/513/1725
f 926/515/1726 930/518/1726 929/516/1726
f 927/517/1727 931/513/1727 929/516/1727
f 935/519/1728 936/523/1728 938/520/1728
f 933/522/1729 937/525/1729 936/523/1729
f 934/524/1730 938/520/1730 936/523/1730
f 883/543/1731 889/465/1731 900/482/1731
f 889/526/861 885/470/861 898/485/861
f 890/473/862 896/475/862 888/527/862
f 896/538/863 892/479/863 885/470/863
f 904/546/1732 910/491/1732 895/476/1732
f 895/481/865 910/528/865 906/496/865
f 905/493/866 899/488/866 902/489/866
f 902/489/1733 898/485/1733 906/496/1733
f 897/539/868 903/483/868 928/512/868
f 928/512/869 903/529/869 899/488/869
f 932/521/1734 938/520/1734 907/490/1734
f 907/495/871 938/520/871 934/524/871
f 933/522/872 927/517/872 930/518/872
f 937/525/873 930/518/873 926/515/873
f 911/547/874 925/514/874 931/513/874
f 931/513/875 927/517/875 912/501/875
f 932/521/1735 918/536/1735 924/535/1735
f 924/535/877 920/548/877 933/522/877
f 913/503/878 916/504/878 923/511/878
f 916/504/1736 912/501/1736 920/548/1736
f 883/543/1737 911/547/1737 917/499/1737
f 917/499/881 913/503/881 884/467/881
f 891/545/1738 893/477/1738 921/505/1738
f 893/530/883 890/473/883 919/508/883
f 925/514/884 911/547/884 883/543/884
f 892/479/885 906/496/885 898/485/885
f 913/503/886 919/508/886 890/473/886
f 904/546/887 891/545/887 918/536/887
f 905/493/888 934/524/888 926/515/888
f 933/522/889 920/548/889 912/501/889
f 942/464/1739 943/883/1739 945/465/1739
f 940/467/1740 944/527/1740 943/468/1740
f 941/470/1741 945/526/1741 943/471/1741
f 946/473/1742 949/530/1742 950/474/1742
f 951/476/1743 950/884/1743 949/477/1743
f 948/479/1744 952/538/1744 950/480/1744
f 956/482/1745 957/885/1745 959/483/1745
f 954/485/1746 958/489/1746 957/486/1746
f 955/488/1747 959/529/1747 957/486/1747
f 963/490/1748 964/886/1748 966/491/1748
f 961/549/1749 965/497/1749 964/494/1749
f 962/496/1750 966/528/1750 964/494/1750
f 970/498/1751 971/502/1751 973/499/1751
f 968/501/1752 972/504/1752 971/502/1752
f 969/503/1753 973/499/1753 971/502/1753
f 977/505/1754 978/509/1754 980/506/1754
f 975/508/1755 979/511/1755 978/509/1755
f 976/548/1756 980/506/1756 978/509/1756
f 984/512/1757 985/516/1757 987/513/1757
f 982/515/1758 986/518/1758 985/516/1758
f 983/517/1759 987/513/1759 985/516/1759
f 991/519/1760 992/523/1760 994/520/1760
f 989/522/1761 993/525/1761 992/523/1761
f 990/524/1762 994/520/1762 992/523/1762
f 953/484/1763 939/466/1763 945/465/1763
f 945/526/915 941/470/915 954/485/915
f 946/473/916 952/475/916 944/527/916
f 944/472/1764 952/538/1764 948/479/1764
f 960/546/1765 966/491/1765 951/476/1765
f 951/481/919 966/528/919 962/496/919
f 961/549/920 955/488/920 958/489/920
f 958/489/921 954/485/921 962/496/921
f 981/537/1766 953/484/1766 959/483/1766
f 959/529/923 955/488/923 982/515/923
f 988/521/1767 994/520/1767 963/490/1767
f 994/520/925 990/524/925 961/549/925
f 983/517/1768 986/518/1768 993/525/1768
f 993/525/927 986/518/927 982/515/927
f 981/537/1769 987/513/1769 970/498/1769
f 987/513/929 983/517/929 968/501/929
f 988/521/1770 974/536/1770 980/506/1770
f 980/506/1771 976/548/1771 989/522/1771
f 969/503/932 972/504/932 979/511/932
f 972/504/933 968/501/933 976/548/933
f 939/466/1772 967/500/1772 973/499/1772
f 973/499/935 969/503/935 940/467/935
f 947/531/1773 949/477/1773 977/505/1773
f 949/530/937 946/473/937 975/508/937
f 981/537/938 967/500/938 939/466/938
f 948/479/939 962/496/939 954/485/939
f 975/508/940 946/473/940 940/467/940
f 988/521/941 960/546/941 947/531/941
f 961/549/942 990/524/942 982/515/942
f 983/517/943 989/522/943 976/548/943
f 998/464/1774 999/883/1774 1001/465/1774
f 996/467/1775 1000/527/1775 999/468/1775
f 997/470/1776 1001/526/1776 999/471/1776
f 1002/473/1777 1005/530/1777 1006/474/1777
f 1007/476/1778 1006/884/1778 1005/477/1778
f 1004/479/1779 1008/538/1779 1006/480/1779
f 1012/482/1780 1013/885/1780 1015/483/1780
f 1010/485/1781 1014/540/1781 1013/486/1781
f 1011/533/1782 1015/529/1782 1013/486/1782
f 1019/490/1783 1020/886/1783 1022/491/1783
f 1017/493/1784 1021/497/1784 1020/494/1784
f 1018/550/1785 1022/528/1785 1020/494/1785
f 1026/498/1786 1027/502/1786 1029/499/1786
f 1024/534/1787 1028/504/1787 1027/502/1787
f 1025/503/1788 1029/499/1788 1027/502/1788
f 1033/505/1789 1034/509/1789 1036/535/1789
f 1031/508/1790 1035/511/1790 1034/509/1790
f 1032/510/1791 1036/535/1791 1034/509/1791
f 1040/512/1792 1041/516/1792 1043/513/1792
f 1038/515/1793 1042/518/1793 1041/516/1793
f 1039/517/1794 1043/513/1794 1041/516/1794
f 1047/519/1795 1048/523/1795 1050/544/1795
f 1045/522/1796 1049/525/1796 1048/523/1796
f 1046/524/1797 1050/544/1797 1048/523/1797
f 995/466/1798 1001/465/1798 1012/482/1798
f 1001/526/969 997/470/969 1010/485/969
f 996/467/970 1002/473/970 1008/475/970
f 1000/472/1799 1008/538/1799 1004/479/1799
f 1016/492/1800 1022/491/1800 1007/476/1800
f 1007/481/973 1022/528/973 1018/550/973
f 1017/493/974 1011/533/974 1014/540/974
f 1021/497/975 1014/540/975 1010/485/975
f 1037/537/1801 1009/539/1801 1015/483/1801
f 1015/529/977 1011/533/977 1038/515/977
f 1044/521/1802 1050/544/1802 1019/490/1802
f 1050/544/979 1046/524/979 1017/493/979
f 1045/522/1803 1039/517/1803 1042/518/1803
f 1049/525/981 1042/518/981 1038/515/981
f 1023/500/982 1037/537/982 1043/513/982
f 1026/498/983 1043/513/983 1039/517/983
f 1030/536/1804 1036/535/1804 1047/519/1804
f 1047/519/985 1036/535/985 1032/510/985
f 1025/503/986 1028/504/986 1035/511/986
f 1028/504/1805 1024/534/1805 1032/510/1805
f 995/466/1806 1023/500/1806 1029/499/1806
f 998/469/989 1029/499/989 1025/503/989
f 1003/545/1807 1005/477/1807 1033/505/1807
f 1005/530/991 1002/473/991 1031/508/991
f 1037/537/992 1023/500/992 995/466/992
f 1004/479/993 1018/550/993 1010/485/993
f 1025/503/994 1031/508/994 1002/473/994
f 1044/521/995 1016/492/995 1003/545/995
f 1017/493/996 1046/524/996 1038/515/996
f 1045/522/997 1032/510/997 1024/534/997
f 1066/551/998 1068/554/998 1053/552/998
f 1068/554/1808 1067/579/1808 1051/555/1808
f 1069/556/1809 1071/559/1809 1056/557/1809
f 1071/559/1810 1070/582/1810 1054/560/1810
f 1058/561/1002 1072/584/1002 1074/562/1002
f 1059/564/1003 1074/586/1003 1073/565/1003
f 1061/567/1004 1075/588/1004 1077/568/1004
f 1062/569/1811 1077/568/1811 1076/570/1811
f 1078/572/1006 1080/575/1006 1065/573/1006
f 1080/575/1007 1079/592/1007 1063/576/1007
f 1081/577/1008 1083/578/1008 1068/554/1008
f 1083/578/1009 1082/594/1009 1067/579/1009
f 1084/580/1010 1086/596/1010 1071/559/1010
f 1071/559/1011 1086/596/1011 1085/581/1011
f 1087/583/1012 1089/599/1012 1074/562/1012
f 1089/585/1013 1088/601/1013 1073/565/1013
f 1090/587/1014 1092/603/1014 1077/568/1014
f 1077/568/1015 1092/603/1015 1091/589/1015
f 1093/590/1016 1095/606/1016 1080/575/1016
f 1080/575/1017 1095/606/1017 1094/591/1017
f 1081/577/1018 1096/609/1018 1098/593/1018
f 1098/593/1019 1097/611/1019 1082/594/1019
f 1084/580/1020 1099/613/1020 1101/595/1020
f 1086/596/1021 1101/595/1021 1100/597/1021
f 1087/583/1022 1102/616/1022 1104/598/1022
f 1104/600/1023 1103/618/1023 1088/601/1023
f 1105/602/1024 1107/604/1024 1092/603/1024
f 1107/604/1025 1106/621/1025 1091/589/1025
f 1108/605/1026 1110/623/1026 1095/606/1026
f 1095/606/1027 1110/623/1027 1109/607/1027
f 1111/608/1028 1113/626/1028 1098/593/1028
f 1098/593/1029 1113/626/1029 1112/610/1029
f 1114/612/1030 1116/614/1030 1101/595/1030
f 1116/614/1031 1115/630/1031 1100/597/1031
f 1117/615/1032 1119/632/1032 1104/598/1032
f 1119/617/1033 1118/634/1033 1103/618/1033
f 1105/602/1034 1120/636/1034 1122/619/1034
f 1107/604/1035 1122/619/1035 1121/620/1035
f 1123/622/1036 1125/624/1036 1110/623/1036
f 1125/624/1037 1124/640/1037 1109/607/1037
f 1126/625/1038 1128/627/1038 1113/626/1038
f 1128/627/1039 1127/643/1039 1112/610/1039
f 1129/628/1040 1131/645/1040 1116/614/1040
f 1116/614/1041 1131/645/1041 1130/629/1041
f 1117/615/1042 1132/629/1042 1134/631/1042
f 1134/633/1043 1133/648/1043 1118/634/1043
f 1135/635/1044 1137/637/1044 1122/619/1044
f 1137/637/1045 1136/651/1045 1121/620/1045
f 1138/638/1812 1140/639/1812 1125/624/1812
f 1140/639/1047 1139/653/1047 1124/640/1047
f 1141/641/1048 1143/655/1048 1128/627/1048
f 1128/627/1049 1143/655/1049 1142/642/1049
f 1129/628/1050 1144/658/1050 1146/644/1050
f 1146/644/1051 1145/660/1051 1130/629/1051
f 1147/646/1052 1149/662/1052 1134/631/1052
f 1134/633/1053 1149/664/1053 1148/647/1053
f 1135/635/1054 1150/666/1054 1152/649/1054
f 1137/637/1055 1152/649/1055 1151/650/1055
f 1138/638/1056 1153/669/1056 1155/652/1056
f 1155/652/1057 1154/671/1057 1139/653/1057
f 1156/654/1058 1158/887/1058 1143/655/1058
f 1143/655/1059 1158/887/1059 1157/656/1059
f 1159/657/1060 1161/888/1060 1146/644/1060
f 1146/644/1813 1161/888/1813 1160/659/1813
f 1162/661/1062 1164/889/1062 1149/662/1062
f 1164/663/1063 1163/798/1063 1148/647/1063
f 1165/665/1814 1167/890/1814 1152/649/1814
f 1152/649/1065 1167/890/1065 1166/667/1065
f 1168/668/1066 1170/670/1066 1155/652/1066
f 1170/670/1067 1169/891/1067 1154/671/1067
f 1156/672/1068 1171/697/1068 1173/673/1068
f 1173/673/1069 1172/699/1069 1157/675/1069
f 1174/676/1070 1176/679/1070 1161/677/1070
f 1176/679/1071 1175/701/1071 1160/680/1071
f 1162/681/1072 1177/702/1072 1179/682/1072
f 1179/684/1073 1178/705/1073 1163/685/1073
f 1165/687/1074 1180/706/1074 1182/688/1074
f 1182/688/1075 1181/708/1075 1166/690/1075
f 1183/691/1815 1185/694/1815 1170/692/1815
f 1185/694/1077 1184/711/1077 1169/695/1077
f 1186/696/1078 1188/698/1078 1173/673/1078
f 1188/698/1079 1187/714/1079 1172/699/1079
f 1174/676/1080 1189/715/1080 1191/700/1080
f 1191/700/1081 1190/717/1081 1175/701/1081
f 1177/702/1082 1192/719/1082 1194/703/1082
f 1179/684/1083 1194/720/1083 1193/704/1083
f 1180/706/1084 1195/722/1084 1197/707/1084
f 1197/707/1816 1196/724/1816 1181/708/1816
f 1198/709/1086 1200/726/1086 1185/694/1086
f 1185/694/1087 1200/726/1087 1199/710/1087
f 1201/712/1088 1203/713/1088 1188/698/1088
f 1203/713/1089 1202/729/1089 1187/714/1089
f 1189/715/1090 1204/730/1090 1206/716/1090
f 1206/716/1817 1205/733/1817 1190/717/1817
f 1207/718/1092 1209/735/1092 1194/703/1092
f 1194/720/1093 1209/737/1093 1208/721/1093
f 1195/722/1094 1210/739/1094 1212/723/1094
f 1212/723/1095 1211/741/1095 1196/724/1095
f 1198/709/1096 1213/742/1096 1215/725/1096
f 1215/725/1097 1214/745/1097 1199/710/1097
f 1216/727/1098 1218/747/1098 1203/713/1098
f 1203/713/1099 1218/747/1099 1217/728/1099
f 1204/730/1100 1219/750/1100 1221/731/1100
f 1206/716/1101 1221/731/1101 1220/732/1101
f 1222/734/1102 1224/753/1102 1209/735/1102
f 1224/736/1103 1223/755/1103 1208/721/1103
f 1225/738/1104 1227/757/1104 1212/723/1104
f 1212/723/1105 1227/757/1105 1226/740/1105
f 1213/742/1106 1228/740/1106 1230/743/1106
f 1215/725/1107 1230/743/1107 1229/744/1107
f 1231/746/1108 1233/761/1108 1218/747/1108
f 1218/747/1109 1233/761/1109 1232/748/1109
f 1234/749/1110 1236/751/1110 1221/731/1110
f 1236/751/1111 1235/765/1111 1220/732/1111
f 1237/752/1112 1239/767/1112 1224/753/1112
f 1224/736/1113 1239/769/1113 1238/754/1113
f 1240/756/1114 1242/771/1114 1227/757/1114
f 1227/757/1115 1242/771/1115 1241/758/1115
f 1228/740/1116 1243/773/1116 1245/759/1116
f 1245/759/1117 1244/775/1117 1229/744/1117
f 1246/760/1118 1248/762/1118 1233/761/1118
f 1248/762/1119 1247/778/1119 1232/748/1119
f 1249/763/1120 1251/764/1120 1236/751/1120
f 1251/764/1818 1250/780/1818 1235/765/1818
f 1252/766/1122 1254/782/1122 1239/767/1122
f 1254/768/1123 1253/784/1123 1238/754/1123
f 1255/770/1124 1257/772/1124 1242/771/1124
f 1257/772/1125 1256/786/1125 1241/758/1125
f 1243/773/1126 1258/788/1126 1260/774/1126
f 1260/774/1127 1259/790/1127 1244/775/1127
f 1246/760/1128 1261/791/1128 1263/776/1128
f 1248/762/1129 1263/776/1129 1262/777/1129
f 1249/763/1130 1264/793/1130 1266/779/1130
f 1266/779/1131 1265/792/1131 1250/780/1131
f 1252/766/1132 1267/795/1132 1269/781/1132
f 1269/783/1133 1268/794/1133 1253/784/1133
f 1255/770/1134 1270/796/1134 1272/785/1134
f 1272/785/1819 1271/797/1819 1256/786/1819
f 1273/787/1136 1275/892/1136 1260/774/1136
f 1260/774/1137 1275/892/1137 1274/789/1137
f 1051/555/1138 1262/777/1138 1263/776/1138
f 1053/552/1139 1263/776/1139 1261/791/1139
f 1265/792/1140 1266/779/1140 1056/557/1140
f 1056/557/1820 1266/779/1820 1264/793/1820
f 1268/794/1142 1269/783/1142 1059/564/1142
f 1269/781/1821 1267/795/1821 1058/561/1821
f 1060/571/1144 1271/797/1144 1272/785/1144
f 1272/785/1145 1270/796/1145 1061/567/1145
f 1274/789/1146 1275/892/1146 1065/573/1146
f 1065/573/1147 1275/892/1147 1273/787/1147
f 1051/555/1822 1055/558/1822 1264/793/1822
f 1067/579/1823 1069/556/1823 1055/558/1823
f 1063/576/1824 1079/592/1824 1066/551/1824
f 1063/576/1825 1052/553/1825 1261/791/1825
f 1070/582/253 1072/584/253 1058/561/253
f 1265/792/1826 1054/560/1826 1058/561/1826
f 1057/566/1827 1073/565/1827 1075/588/1827
f 1057/566/1154 1061/567/1154 1270/796/1154
f 1060/571/1828 1076/570/1828 1078/572/1828
f 1271/797/1829 1060/571/1829 1064/574/1829
f 1079/592/1830 1094/591/1830 1081/577/1830
f 1067/579/1831 1082/594/1831 1084/580/1831
f 1085/581/1832 1087/583/1832 1072/584/1832
f 1088/601/1833 1090/587/1833 1075/588/1833
f 1076/570/1834 1091/589/1834 1093/590/1834
f 1109/607/1835 1096/609/1835 1081/577/1835
f 1082/594/1836 1097/611/1836 1099/613/1836
f 1100/597/1837 1102/616/1837 1087/583/1837
f 1103/618/1838 1105/602/1838 1090/587/1838
f 1091/589/1839 1106/621/1839 1108/605/1839
f 1109/607/1840 1124/640/1840 1111/608/1840
f 1097/611/1164 1112/610/1164 1114/612/1164
f 1100/597/253 1115/630/253 1117/615/253
f 1118/634/1166 1120/636/1166 1105/602/1166
f 1106/621/253 1121/620/253 1123/622/253
f 1124/640/1841 1139/653/1841 1126/625/1841
f 1112/610/1842 1127/643/1842 1129/628/1842
f 1115/630/1843 1130/629/1843 1132/629/1843
f 1133/648/1844 1135/635/1844 1120/636/1844
f 1121/620/1834 1136/651/1834 1138/638/1834
f 1154/671/1845 1141/641/1845 1126/625/1845
f 1142/642/1846 1144/658/1846 1129/628/1846
f 1130/629/1834 1145/660/1834 1147/646/1834
f 1148/647/1173 1150/666/1173 1135/635/1173
f 1136/651/253 1151/650/253 1153/669/253
f 1154/671/1174 1169/891/1174 1156/654/1174
f 1157/656/1847 1159/657/1847 1144/658/1847
f 1145/660/1848 1160/659/1848 1162/661/1848
f 1163/798/1849 1165/665/1849 1150/666/1849
f 1151/650/1850 1166/667/1850 1168/668/1850
f 1184/711/1851 1171/697/1851 1156/672/1851
f 1172/699/1852 1174/676/1852 1159/678/1852
f 1160/680/1853 1175/701/1853 1177/702/1853
f 1163/685/1180 1178/705/1180 1180/706/1180
f 1166/690/1854 1181/708/1854 1183/691/1854
f 1199/710/1855 1186/696/1855 1171/697/1855
f 1172/699/1183 1187/714/1183 1189/715/1183
f 1175/701/1856 1190/717/1856 1192/719/1856
f 1193/704/1857 1195/722/1857 1180/706/1857
f 1181/708/253 1196/724/253 1198/709/253
f 1214/745/1858 1201/712/1858 1186/696/1858
f 1187/714/1859 1202/729/1859 1204/730/1859
f 1190/717/1860 1205/733/1860 1207/718/1860
f 1208/721/1861 1210/739/1861 1195/722/1861
f 1196/724/1862 1211/741/1862 1213/742/1862
f 1214/745/1863 1229/744/1863 1216/727/1863
f 1217/728/1864 1219/750/1864 1204/730/1864
f 1205/733/253 1220/732/253 1222/734/253
f 1208/721/1192 1223/755/1192 1225/738/1192
f 1211/741/253 1226/740/253 1228/740/253
f 1244/775/1865 1231/746/1865 1216/727/1865
f 1232/748/1194 1234/749/1194 1219/750/1194
f 1220/732/1866 1235/765/1866 1237/752/1866
f 1238/754/1195 1240/756/1195 1225/738/1195
f 1226/740/1867 1241/758/1867 1243/773/1867
f 1244/775/1868 1259/790/1868 1246/760/1868
f 1247/778/1869 1249/763/1869 1234/749/1869
f 1235/765/253 1250/780/253 1252/766/253
f 1253/784/1198 1255/770/1198 1240/756/1198
f 1256/786/1870 1258/788/1870 1243/773/1870
f 1274/789/1871 1261/791/1871 1246/760/1871
f 1262/777/1872 1264/793/1872 1249/763/1872
f 1250/780/253 1265/792/253 1267/795/253
f 1268/794/1873 1270/796/1873 1255/770/1873
f 1256/786/253 1271/797/253 1273/787/253
