# Blender 4.5.10 LTS
# www.blender.org
mtllib lur_crook.mtl
o lur_crook
v 0.100000 0.000000 0.000000
v 0.088546 0.000000 0.046472
v 0.056806 0.000000 0.082298
v 0.012054 0.000000 0.099271
v -0.035460 0.000000 0.093502
v -0.074851 0.000000 0.066312
v -0.097094 0.000000 0.023932
v -0.097094 0.000000 -0.023932
v -0.074851 0.000000 -0.066312
v -0.035460 0.000000 -0.093502
v 0.012054 0.000000 -0.099271
v 0.056806 0.000000 -0.082298
v 0.088546 0.000000 -0.046472
v 0.093351 0.009729 0.000000
v 0.082647 0.009402 0.043452
v 0.052984 0.008496 0.076949
v 0.011160 0.007218 0.092818
v -0.033245 0.005861 0.087424
v -0.070058 0.004737 0.062002
v -0.090846 0.004102 0.022376
v -0.090846 0.004102 -0.022376
v -0.070058 0.004737 -0.062002
v -0.033245 0.005861 -0.087424
v 0.011160 0.007218 -0.092818
v 0.052984 0.008496 -0.076949
v 0.082647 0.009402 -0.043452
v 0.086418 0.019053 0.000000
v 0.076471 0.018444 0.040431
v 0.048910 0.016759 0.071600
v 0.010047 0.014382 0.086366
v -0.031213 0.011858 0.081346
v -0.065419 0.009766 0.057692
v -0.084734 0.008585 0.020820
v -0.084734 0.008585 -0.020820
v -0.065419 0.009766 -0.057692
v -0.031213 0.011858 -0.081346
v 0.010047 0.014382 -0.086366
v 0.048910 0.016759 -0.071600
v 0.076471 0.018444 -0.040431
v 0.079218 0.027962 0.000000
v 0.070036 0.027118 0.037410
v 0.044593 0.024780 0.066250
v 0.008718 0.021484 0.079913
v -0.029370 0.017984 0.075269
v -0.060947 0.015083 0.053381
v -0.078777 0.013444 0.019265
v -0.078777 0.013444 -0.019265
v -0.060947 0.015083 -0.053381
v -0.029370 0.017984 -0.075269
v 0.008718 0.021484 -0.079913
v 0.044593 0.024780 -0.066250
v 0.070036 0.027118 -0.037410
v 0.071771 0.036450 0.000000
v 0.063358 0.035417 0.034390
v 0.040046 0.032555 0.060901
v 0.007175 0.028519 0.073460
v -0.027723 0.024234 0.069191
v -0.056655 0.020681 0.049071
v -0.072992 0.018675 0.017709
v -0.072992 0.018675 -0.017709
v -0.056655 0.020681 -0.049071
v -0.027723 0.024234 -0.069191
v 0.007175 0.028519 -0.073460
v 0.040046 0.032555 -0.060901
v 0.063358 0.035417 -0.034390
v 0.064095 0.044510 0.000000
v 0.056453 0.043334 0.031369
v 0.035278 0.040075 0.055551
v 0.005422 0.035479 0.067008
v -0.026277 0.030600 0.063114
v -0.052556 0.026556 0.044761
v -0.067396 0.024272 0.016154
v -0.067396 0.024272 -0.016154
v -0.052556 0.026556 -0.044761
v -0.026277 0.030600 -0.063114
v 0.005422 0.035479 -0.067008
v 0.035278 0.040075 -0.055551
v 0.056453 0.043334 -0.031369
v 0.056209 0.052136 0.000000
v 0.049339 0.050863 0.028348
v 0.030303 0.047334 0.050202
v 0.003460 0.042359 0.060555
v -0.025038 0.037078 0.057036
v -0.048664 0.032699 0.040450
v -0.062005 0.030226 0.014598
v -0.062005 0.030226 -0.014598
v -0.048664 0.032699 -0.040450
v -0.025038 0.037078 -0.057036
v 0.003460 0.042359 -0.060555
v 0.030303 0.047334 -0.050202
v 0.049339 0.050863 -0.028348
v 0.048134 0.059323 0.000000
v 0.042034 0.057998 0.025327
v 0.025130 0.054328 0.044853
v 0.001295 0.049153 0.054103
v -0.024011 0.043659 0.050958
v -0.044990 0.039104 0.036140
v -0.056837 0.036532 0.013043
v -0.056837 0.036532 -0.013043
v -0.044990 0.039104 -0.036140
v -0.024011 0.043659 -0.050958
v 0.001295 0.049153 -0.054103
v 0.025130 0.054328 -0.044853
v 0.042034 0.057998 -0.025327
v 0.039888 0.066067 0.000000
v 0.034553 0.064736 0.022307
v 0.019771 0.061051 0.039503
v -0.001072 0.055854 0.047650
v -0.023202 0.050337 0.044881
v -0.041547 0.045762 0.031830
v -0.051907 0.043180 0.011487
v -0.051907 0.043180 -0.011487
v -0.041547 0.045762 -0.031830
v -0.023202 0.050337 -0.044881
v -0.001072 0.055854 -0.047650
v 0.019771 0.061051 -0.039503
v 0.034553 0.064736 -0.022307
v 0.104000 0.000000 0.000000
v 0.092087 0.000000 0.048331
v 0.059079 0.000000 0.085590
v 0.012536 0.000000 0.103242
v -0.036879 0.000000 0.097242
v -0.077845 0.000000 0.068965
v -0.100978 0.000000 0.024889
v -0.100978 0.000000 -0.024889
v -0.077845 0.000000 -0.068965
v -0.036879 0.000000 -0.097242
v 0.012536 0.000000 -0.103242
v 0.059079 0.000000 -0.085590
v 0.092087 0.000000 -0.048331
v 0.103943 0.006481 0.000000
v 0.092033 0.006274 0.048331
v 0.059029 0.005697 0.085590
v 0.012493 0.004885 0.103242
v -0.036914 0.004023 0.097242
v -0.077874 0.003308 0.068965
v -0.101003 0.002904 0.024889
v -0.101003 0.002904 -0.024889
v -0.077874 0.003308 -0.068965
v -0.036914 0.004023 -0.097242
v 0.012493 0.004885 -0.103242
v 0.059029 0.005697 -0.085590
v 0.092033 0.006274 -0.048331
v 0.103774 0.012961 0.000000
v 0.091868 0.012545 0.048331
v 0.058880 0.011393 0.085590
v 0.012365 0.009769 0.103242
v -0.037019 0.008044 0.097242
v -0.077961 0.006615 0.068965
v -0.101079 0.005807 0.024889
v -0.101079 0.005807 -0.024889
v -0.077961 0.006615 -0.068965
v -0.037019 0.008044 -0.097242
v 0.012365 0.009769 -0.103242
v 0.058880 0.011393 -0.085590
v 0.091868 0.012545 -0.048331
v 0.103491 0.019437 0.000000
v 0.091595 0.018813 0.048331
v 0.058631 0.017086 0.085590
v 0.012152 0.014650 0.103242
v -0.037195 0.012064 0.097242
v -0.078105 0.009920 0.068965
v -0.101206 0.008709 0.024889
v -0.101206 0.008709 -0.024889
v -0.078105 0.009920 -0.068965
v -0.037195 0.012064 -0.097242
v 0.012152 0.014650 -0.103242
v 0.058631 0.017086 -0.085590
v 0.091595 0.018813 -0.048331
v 0.039888 0.066067 0.000000
v 0.034553 0.064736 0.022307
v 0.019771 0.061051 0.039503
v -0.001072 0.055854 0.047650
v -0.023202 0.050337 0.044881
v -0.041547 0.045762 0.031830
v -0.051907 0.043180 0.011487
v -0.051907 0.043180 -0.011487
v -0.041547 0.045762 -0.031830
v -0.023202 0.050337 -0.044881
v -0.001072 0.055854 -0.047650
v 0.019771 0.061051 -0.039503
v 0.034553 0.064736 -0.022307
v 0.029539 0.091538 0.000000
v 0.024675 0.089354 0.021631
v 0.011199 0.083303 0.038306
v -0.007804 0.074770 0.046206
v -0.027979 0.065710 0.043521
v -0.044705 0.058200 0.030865
v -0.054149 0.053959 0.011139
v -0.054149 0.053959 -0.011139
v -0.044705 0.058200 -0.030865
v -0.027979 0.065710 -0.043521
v -0.007804 0.074770 -0.046206
v 0.011199 0.083303 -0.038306
v 0.024675 0.089354 -0.021631
v 0.014977 0.114554 0.000000
v 0.010713 0.111639 0.020955
v -0.001100 0.103561 0.037109
v -0.017758 0.092170 0.044762
v -0.035443 0.080078 0.042161
v -0.050105 0.070052 0.029901
v -0.058384 0.064391 0.010791
v -0.058384 0.064391 -0.010791
v -0.050105 0.070052 -0.029901
v -0.035443 0.080078 -0.042161
v -0.017758 0.092170 -0.044762
v -0.001100 0.103561 -0.037109
v 0.010713 0.111639 -0.020955
v -0.003261 0.134434 0.000000
v -0.006823 0.130928 0.020279
v -0.016694 0.121212 0.035912
v -0.030612 0.107514 0.043318
v -0.045388 0.092970 0.040801
v -0.057638 0.080912 0.028936
v -0.064556 0.074104 0.010443
v -0.064556 0.074104 -0.010443
v -0.057638 0.080912 -0.028936
v -0.045388 0.092970 -0.040801
v -0.030612 0.107514 -0.043318
v -0.016694 0.121212 -0.035912
v -0.006823 0.130928 -0.020279
v -0.024529 0.150609 0.000000
v -0.027319 0.146665 0.019603
v -0.035050 0.135735 0.034715
v -0.045951 0.120323 0.041874
v -0.057525 0.103960 0.039441
v -0.067120 0.090395 0.027972
v -0.072538 0.082735 0.010095
v -0.072538 0.082735 -0.010095
v -0.067120 0.090395 -0.027972
v -0.057525 0.103960 -0.039441
v -0.045951 0.120323 -0.041874
v -0.035050 0.135735 -0.034715
v -0.027319 0.146665 -0.019603
v -0.048098 0.162641 0.000000
v -0.050076 0.158416 0.018927
v -0.055558 0.146709 0.033518
v -0.063287 0.130203 0.040430
v -0.071493 0.112678 0.038081
v -0.078296 0.098149 0.027007
v -0.082137 0.089945 0.009747
v -0.082137 0.089945 -0.009747
v -0.078296 0.098149 -0.027007
v -0.071493 0.112678 -0.038081
v -0.063287 0.130203 -0.040430
v -0.055558 0.146709 -0.033518
v -0.050076 0.158416 -0.018927
v -0.073180 0.170228 0.000000
v -0.074338 0.165881 0.018251
v -0.077545 0.153836 0.032321
v -0.082067 0.136852 0.038986
v -0.086868 0.118820 0.036721
v -0.090848 0.103871 0.026043
v -0.093095 0.095430 0.009399
v -0.093095 0.095430 -0.009399
v -0.090848 0.103871 -0.026043
v -0.086868 0.118820 -0.036721
v -0.082067 0.136852 -0.038986
v -0.077545 0.153836 -0.032321
v -0.074338 0.165881 -0.018251
v -0.098954 0.173218 0.000000
v -0.099311 0.168901 0.017575
v -0.100301 0.156939 0.031124
v -0.101695 0.140072 0.037542
v -0.103176 0.122164 0.035361
v -0.104404 0.107318 0.025078
v -0.105097 0.098935 0.009050
v -0.105097 0.098935 -0.009050
v -0.104404 0.107318 -0.025078
v -0.103176 0.122164 -0.035361
v -0.101695 0.140072 -0.037542
v -0.100301 0.156939 -0.031124
v -0.099311 0.168901 -0.017575
v -0.124593 0.171607 0.000000
v -0.124197 0.167461 0.016899
v -0.123100 0.155971 0.029927
v -0.121553 0.139771 0.036099
v -0.119911 0.122572 0.034001
v -0.118549 0.108313 0.024114
v -0.117780 0.100261 0.008702
v -0.117780 0.100261 -0.008702
v -0.118549 0.108313 -0.024114
v -0.119911 0.122572 -0.034001
v -0.121553 0.139771 -0.036099
v -0.123100 0.155971 -0.029927
v -0.124197 0.167461 -0.016899
v -0.149289 0.165536 0.000000
v -0.148212 0.161685 0.016223
v -0.145225 0.151015 0.028730
v -0.141014 0.135971 0.034655
v -0.136544 0.119998 0.032641
v -0.132837 0.106756 0.023149
v -0.130745 0.099278 0.008354
v -0.130745 0.099278 -0.008354
v -0.132837 0.106756 -0.023149
v -0.136544 0.119998 -0.032641
v -0.141014 0.135971 -0.034655
v -0.145225 0.151015 -0.028730
v -0.148212 0.161685 -0.016223
v -0.172282 0.155286 0.000000
v -0.170613 0.151836 0.015547
v -0.165989 0.142278 0.027533
v -0.159468 0.128801 0.033211
v -0.152545 0.114492 0.031281
v -0.146806 0.102629 0.022184
v -0.143565 0.095931 0.008006
v -0.143565 0.095931 -0.008006
v -0.146806 0.102629 -0.022184
v -0.152545 0.114492 -0.031281
v -0.159468 0.128801 -0.033211
v -0.165989 0.142278 -0.027533
v -0.170613 0.151836 -0.015547
v -0.192879 0.141266 0.000000
v -0.190725 0.138300 0.014871
v -0.184755 0.130084 0.026335
v -0.176337 0.118498 0.031767
v -0.167400 0.106197 0.029921
v -0.159991 0.095999 0.021220
v -0.155808 0.090241 0.007658
v -0.155808 0.090241 -0.007658
v -0.159991 0.095999 -0.021220
v -0.167400 0.106197 -0.029921
v -0.176337 0.118498 -0.031767
v -0.184755 0.130084 -0.026335
v -0.190725 0.138300 -0.014871
v -0.195230 0.144502 0.000000
v -0.192807 0.141166 0.016730
v -0.186091 0.131922 0.029627
v -0.176621 0.118888 0.035738
v -0.166567 0.105049 0.033661
v -0.158231 0.093577 0.023872
v -0.153525 0.087099 0.008615
v -0.153525 0.087099 -0.008615
v -0.158231 0.093577 -0.023872
v -0.166567 0.105049 -0.033661
v -0.176621 0.118888 -0.035738
v -0.186091 0.131922 -0.029627
v -0.192807 0.141166 -0.016730
v -0.201938 0.139478 0.000000
v -0.199418 0.136214 0.016730
v -0.192436 0.127169 0.029627
v -0.182591 0.114416 0.035738
v -0.172139 0.100876 0.033661
v -0.163473 0.089651 0.023872
v -0.158580 0.083312 0.008615
v -0.158580 0.083312 -0.008615
v -0.163473 0.089651 -0.023872
v -0.172139 0.100876 -0.033661
v -0.182591 0.114416 -0.035738
v -0.192436 0.127169 -0.029627
v -0.199418 0.136214 -0.016730
v -0.208496 0.134261 0.000000
v -0.205883 0.131072 0.016730
v -0.198640 0.122234 0.029627
v -0.188429 0.109772 0.035738
v -0.177587 0.096542 0.033661
v -0.168599 0.085574 0.023872
v -0.163523 0.079380 0.008615
v -0.163523 0.079380 -0.008615
v -0.168599 0.085574 -0.023872
v -0.177587 0.096542 -0.033661
v -0.188429 0.109772 -0.035738
v -0.198640 0.122234 -0.029627
v -0.205883 0.131072 -0.016730
v -0.214900 0.128856 0.000000
v -0.212195 0.125744 0.016730
v -0.204699 0.117120 0.029627
v -0.194129 0.104961 0.035738
v -0.182907 0.092052 0.033661
v -0.173604 0.081349 0.023872
v -0.168350 0.075306 0.008615
v -0.168350 0.075306 -0.008615
v -0.173604 0.081349 -0.023872
v -0.182907 0.092052 -0.033661
v -0.194129 0.104961 -0.035738
v -0.204699 0.117120 -0.029627
v -0.212195 0.125744 -0.016730
v -0.191704 0.139648 0.000000
v -0.189684 0.136868 0.013942
v -0.184087 0.129164 0.024690
v -0.176196 0.118303 0.029781
v -0.167817 0.106771 0.028050
v -0.160871 0.097210 0.019894
v -0.156949 0.091812 0.007179
v -0.156949 0.091812 -0.007179
v -0.160871 0.097210 -0.019894
v -0.167817 0.106771 -0.028050
v -0.176196 0.118303 -0.029781
v -0.184087 0.129164 -0.024690
v -0.189684 0.136868 -0.013942
v -0.234234 0.106323 0.000000
v -0.232243 0.103712 0.013322
v -0.226725 0.096478 0.023592
v -0.218945 0.086277 0.028458
v -0.210684 0.075447 0.026804
v -0.203836 0.066468 0.019010
v -0.199969 0.061398 0.006860
v -0.199969 0.061398 -0.006860
v -0.203836 0.066468 -0.019010
v -0.210684 0.075447 -0.026804
v -0.218945 0.086277 -0.028458
v -0.226725 0.096478 -0.023592
v -0.232243 0.103712 -0.013322
v -0.275953 0.072037 0.000000
v -0.273997 0.069592 0.012702
v -0.268577 0.062818 0.022495
v -0.260934 0.053267 0.027134
v -0.252820 0.043127 0.025557
v -0.246093 0.034720 0.018125
v -0.242294 0.029973 0.006541
v -0.242294 0.029973 -0.006541
v -0.246093 0.034720 -0.018125
v -0.252820 0.043127 -0.025557
v -0.260934 0.053267 -0.027134
v -0.268577 0.062818 -0.022495
v -0.273997 0.069592 -0.012702
v -0.316839 0.036808 0.000000
v -0.314924 0.034527 0.012083
v -0.309620 0.028206 0.021398
v -0.302141 0.019292 0.025810
v -0.294200 0.009829 0.024310
v -0.287617 0.001983 0.017241
v -0.283899 -0.002447 0.006222
v -0.283899 -0.002447 -0.006222
v -0.287617 0.001983 -0.017241
v -0.294200 0.009829 -0.024310
v -0.302141 0.019292 -0.025810
v -0.309620 0.028206 -0.021398
v -0.314924 0.034527 -0.012083
v -0.310568 0.001404 0.002224
v -0.310563 0.001457 0.008799
v -0.311555 0.001421 0.005512
v -0.304209 0.001448 0.000121
v -0.310509 0.001404 0.002142
v -0.307675 0.001415 0.000187
v -0.300292 0.001528 0.005422
v -0.304209 0.001448 0.000121
v -0.301440 0.001491 0.002199
v -0.304201 0.001535 0.010892
v -0.300292 0.001529 0.005585
v -0.301435 0.001545 0.008810
v -0.310504 0.001459 0.008881
v -0.304201 0.001535 0.010892
v -0.307667 0.001501 0.010831
v -0.307706 0.015563 0.008683
v -0.307710 0.015509 0.002108
v -0.308616 0.015930 0.005393
v -0.307656 0.015485 0.002026
v -0.301876 0.012961 0.000026
v -0.305056 0.014341 0.000081
v -0.301876 0.012961 0.000026
v -0.298282 0.011446 0.005341
v -0.299336 0.011876 0.002113
v -0.298282 0.011447 0.005503
v -0.301868 0.013048 0.010798
v -0.299331 0.011930 0.008724
v -0.301868 0.013048 0.010798
v -0.307651 0.015539 0.008765
v -0.305048 0.014427 0.010725
v -0.299357 0.027286 0.008582
v -0.299362 0.027233 0.002007
v -0.300029 0.027988 0.005289
v -0.299322 0.027188 0.001925
v -0.295062 0.022529 -0.000056
v -0.297406 0.025084 -0.000011
v -0.295062 0.022529 -0.000056
v -0.292412 0.019689 0.005270
v -0.293190 0.020508 0.002039
v -0.292412 0.019691 0.005432
v -0.295054 0.022616 0.010715
v -0.293185 0.020561 0.008650
v -0.295054 0.022616 0.010715
v -0.299317 0.027243 0.008665
v -0.297398 0.025170 0.010633
v -0.286963 0.034600 0.008514
v -0.286967 0.034547 0.001939
v -0.287280 0.035512 0.005219
v -0.286948 0.034490 0.001858
v -0.284945 0.028499 -0.000112
v -0.286048 0.031786 -0.000074
v -0.284945 0.028499 -0.000112
v -0.283697 0.024832 0.005222
v -0.284064 0.025893 0.001989
v -0.283697 0.024834 0.005384
v -0.284938 0.028586 0.010660
v -0.284059 0.025946 0.008600
v -0.284938 0.028586 0.010660
v -0.286943 0.034544 0.008597
v -0.286040 0.031872 0.010570
v -0.272664 0.036241 0.008491
v -0.272669 0.036188 0.001916
v -0.272572 0.037199 0.005195
v -0.272675 0.036128 0.001834
v -0.273275 0.029838 -0.000131
v -0.272945 0.033290 -0.000095
v -0.273275 0.029838 -0.000131
v -0.273643 0.025986 0.005205
v -0.273536 0.027101 0.001972
v -0.273643 0.025987 0.005368
v -0.273267 0.029925 0.010641
v -0.273532 0.027154 0.008583
v -0.273267 0.029925 0.010641
v -0.272670 0.036182 0.008573
v -0.272938 0.033376 0.010549
v -0.258935 0.031924 0.008516
v -0.258939 0.031871 0.001941
v -0.258450 0.032759 0.005221
v -0.258969 0.031818 0.001859
v -0.262069 0.026315 -0.000111
v -0.260364 0.029334 -0.000072
v -0.262069 0.026315 -0.000111
v -0.263989 0.022951 0.005223
v -0.263428 0.023923 0.001990
v -0.263989 0.022952 0.005385
v -0.262061 0.026402 0.010661
v -0.263423 0.023976 0.008601
v -0.262061 0.026402 0.010661
v -0.258964 0.031873 0.008598
v -0.260357 0.029420 0.010572
v -0.248148 0.022397 0.008585
v -0.248152 0.022343 0.002010
v -0.247355 0.022959 0.005292
v -0.248200 0.022307 0.001928
v -0.253265 0.018539 -0.000054
v -0.250479 0.020603 -0.000009
v -0.253265 0.018539 -0.000054
v -0.256404 0.016251 0.005272
v -0.255486 0.016908 0.002041
v -0.256404 0.016253 0.005434
v -0.253257 0.018626 0.010718
v -0.255481 0.016961 0.008652
v -0.253257 0.018626 0.010718
v -0.248196 0.022362 0.008667
v -0.250472 0.020689 0.010635
v -0.242169 0.009306 0.008686
v -0.242173 0.009252 0.002111
v -0.241205 0.009494 0.005397
v -0.242232 0.009239 0.002029
v -0.248384 0.007854 0.000029
v -0.245001 0.008607 0.000084
v -0.248384 0.007854 0.000029
v -0.252200 0.007046 0.005343
v -0.251084 0.007269 0.002116
v -0.252200 0.007048 0.005505
v -0.248377 0.007941 0.010800
v -0.251079 0.007323 0.008727
v -0.248377 0.007941 0.010800
v -0.242227 0.009293 0.008769
v -0.244993 0.008693 0.010728
v -0.242031 -0.005086 0.008803
v -0.242036 -0.005139 0.002228
v -0.241064 -0.005309 0.005516
v -0.242095 -0.005128 0.002145
v -0.248272 -0.003893 0.000124
v -0.244875 -0.004580 0.000191
v -0.248272 -0.003893 0.000124
v -0.252104 -0.003073 0.005425
v -0.250983 -0.003326 0.002202
v -0.252104 -0.003071 0.005587
v -0.248265 -0.003805 0.010895
v -0.250978 -0.003273 0.008812
v -0.248265 -0.003805 0.010895
v -0.242090 -0.005073 0.008885
v -0.244867 -0.004494 0.010835
v -0.247760 -0.018288 0.008914
v -0.247764 -0.018341 0.002339
v -0.246956 -0.018889 0.005630
v -0.247813 -0.018308 0.002256
v -0.252948 -0.014669 0.000214
v -0.250124 -0.016679 0.000292
v -0.252948 -0.014669 0.000214
v -0.256132 -0.012356 0.005503
v -0.255200 -0.013047 0.002283
v -0.256131 -0.012355 0.005665
v -0.252940 -0.014582 0.010986
v -0.255195 -0.012993 0.008894
v -0.252940 -0.014582 0.010986
v -0.247808 -0.018253 0.008995
v -0.250116 -0.016593 0.010936
v -0.258363 -0.028020 0.009000
v -0.258368 -0.028073 0.002425
v -0.257862 -0.028898 0.005719
v -0.258398 -0.028022 0.002342
v -0.261602 -0.022612 0.000285
v -0.259840 -0.025596 0.000371
v -0.261602 -0.022611 0.000285
v -0.263587 -0.019199 0.005563
v -0.263007 -0.020212 0.002347
v -0.263587 -0.019197 0.005726
v -0.261594 -0.022524 0.011056
v -0.263002 -0.020158 0.008958
v -0.261594 -0.022524 0.011056
v -0.258393 -0.027968 0.009082
v -0.259833 -0.025510 0.011015
v -0.272008 -0.032597 0.009047
v -0.272012 -0.032650 0.002472
v -0.271897 -0.033607 0.005767
v -0.272019 -0.032592 0.002389
v -0.272739 -0.026348 0.000323
v -0.272344 -0.029791 0.000414
v -0.272739 -0.026348 0.000323
v -0.273181 -0.022417 0.005596
v -0.273053 -0.023582 0.002381
v -0.273181 -0.022416 0.005759
v -0.272731 -0.026261 0.011094
v -0.273048 -0.023529 0.008992
v -0.272731 -0.026261 0.011094
v -0.272014 -0.032537 0.009128
v -0.272336 -0.029705 0.011058
v -0.286335 -0.031229 0.009046
v -0.286339 -0.031283 0.002471
v -0.286634 -0.032200 0.005766
v -0.286322 -0.031226 0.002388
v -0.284433 -0.025231 0.000322
v -0.285473 -0.028538 0.000414
v -0.284433 -0.025231 0.000322
v -0.283255 -0.021456 0.005596
v -0.283602 -0.022575 0.002381
v -0.283255 -0.021454 0.005758
v -0.284425 -0.025144 0.011094
v -0.283597 -0.022521 0.008992
v -0.284425 -0.025144 0.011094
v -0.286317 -0.031172 0.009128
v -0.285465 -0.028452 0.011057
v -0.298867 -0.024153 0.008998
v -0.298872 -0.024206 0.002423
v -0.299524 -0.024921 0.005717
v -0.298832 -0.024162 0.002340
v -0.294662 -0.019455 0.000283
v -0.296957 -0.022053 0.000369
v -0.294662 -0.019455 0.000283
v -0.292067 -0.016480 0.005562
v -0.292828 -0.017365 0.002345
v -0.292067 -0.016478 0.005724
v -0.294654 -0.019368 0.011054
v -0.292824 -0.017311 0.008956
v -0.294654 -0.019368 0.011054
v -0.298827 -0.024107 0.009080
v -0.296949 -0.021967 0.011013
v -0.307437 -0.012591 0.008910
v -0.307442 -0.012644 0.002335
v -0.308339 -0.013028 0.005627
v -0.307388 -0.012620 0.002253
v -0.301657 -0.010018 0.000212
v -0.304810 -0.011458 0.000289
v -0.301657 -0.010018 0.000212
v -0.298093 -0.008350 0.005500
v -0.299138 -0.008852 0.002281
v -0.298093 -0.008348 0.005663
v -0.301649 -0.009931 0.010983
v -0.299134 -0.008798 0.008892
v -0.301649 -0.009931 0.010983
v -0.307383 -0.012565 0.008992
v -0.304802 -0.011372 0.010933
v -0.316839 0.036808 0.000000
v -0.314924 0.034527 0.012083
v -0.309620 0.028206 0.021398
v -0.302141 0.019292 0.025810
v -0.294200 0.009829 0.024310
v -0.287617 0.001983 0.017241
v -0.283899 -0.002447 0.006222
v -0.283899 -0.002447 -0.006222
v -0.287617 0.001983 -0.017241
v -0.294200 0.009829 -0.024310
v -0.302141 0.019292 -0.025810
v -0.309620 0.028206 -0.021398
v -0.314924 0.034527 -0.012083
v -0.366763 -0.008280 0.000000
v -0.364923 -0.010373 0.011308
v -0.359822 -0.016172 0.020026
v -0.352630 -0.024349 0.024156
v -0.344994 -0.033031 0.022752
v -0.338664 -0.040228 0.016136
v -0.335089 -0.044292 0.005823
v -0.335089 -0.044292 -0.005823
v -0.338664 -0.040228 -0.016136
v -0.344994 -0.033031 -0.022752
v -0.352630 -0.024349 -0.024156
v -0.359822 -0.016172 -0.020026
v -0.364923 -0.010373 -0.011308
v -0.415596 -0.054492 0.000000
v -0.413837 -0.056401 0.010534
v -0.408961 -0.061691 0.018654
v -0.402086 -0.069150 0.022501
v -0.394787 -0.077069 0.021194
v -0.388736 -0.083635 0.015031
v -0.385319 -0.087342 0.005424
v -0.385319 -0.087342 -0.005424
v -0.388736 -0.083635 -0.015031
v -0.394787 -0.077069 -0.021194
v -0.402086 -0.069150 -0.022501
v -0.408961 -0.061691 -0.018654
v -0.413837 -0.056401 -0.010534
v -0.463313 -0.101801 0.000000
v -0.461642 -0.103532 0.009759
v -0.457012 -0.108326 0.017283
v -0.450483 -0.115087 0.020847
v -0.443552 -0.122264 0.019635
v -0.437806 -0.128215 0.013926
v -0.434561 -0.131575 0.005026
v -0.434561 -0.131575 -0.005026
v -0.437806 -0.128215 -0.013926
v -0.443552 -0.122264 -0.019635
v -0.450483 -0.115087 -0.020847
v -0.457012 -0.108326 -0.017283
v -0.461642 -0.103532 -0.009759
v -0.465397 -0.099643 0.000000
v -0.463487 -0.101621 0.011153
v -0.458196 -0.107100 0.019752
v -0.450735 -0.114827 0.023825
v -0.442813 -0.123030 0.022440
v -0.436246 -0.129830 0.015915
v -0.432538 -0.133670 0.005744
v -0.432538 -0.133670 -0.005744
v -0.436246 -0.129830 -0.015915
v -0.442813 -0.123030 -0.022440
v -0.450735 -0.114827 -0.023825
v -0.458196 -0.107100 -0.019752
v -0.463487 -0.101621 -0.011153
v -0.471092 -0.105306 0.000000
v -0.469126 -0.107227 0.011153
v -0.463677 -0.112550 0.019752
v -0.455995 -0.120056 0.023825
v -0.447838 -0.128025 0.022440
v -0.441076 -0.134632 0.015915
v -0.437257 -0.138362 0.005744
v -0.437257 -0.138362 -0.005744
v -0.441076 -0.134632 -0.015915
v -0.447838 -0.128025 -0.022440
v -0.455995 -0.120056 -0.023825
v -0.463677 -0.112550 -0.019752
v -0.469126 -0.107227 -0.011153
v -0.476621 -0.111131 0.000000
v -0.474599 -0.112995 0.011153
v -0.468998 -0.118157 0.019752
v -0.461100 -0.125436 0.023825
v -0.452715 -0.133165 0.022440
v -0.445764 -0.139572 0.015915
v -0.441839 -0.143190 0.005744
v -0.441839 -0.143190 -0.005744
v -0.445764 -0.139572 -0.015915
v -0.452715 -0.133165 -0.022440
v -0.461100 -0.125436 -0.023825
v -0.468998 -0.118157 -0.019752
v -0.474599 -0.112995 -0.011153
v -0.481977 -0.117115 0.000000
v -0.479902 -0.118919 0.011153
v -0.474153 -0.123916 0.019752
v -0.466047 -0.130963 0.023825
v -0.457441 -0.138444 0.022440
v -0.450306 -0.144646 0.015915
v -0.446277 -0.148149 0.005744
v -0.446277 -0.148149 -0.005744
v -0.450306 -0.144646 -0.015915
v -0.457441 -0.138444 -0.022440
v -0.466047 -0.130963 -0.023825
v -0.474153 -0.123916 -0.019752
v -0.479902 -0.118919 -0.011153
v -0.461083 -0.104110 0.004120
v -0.461083 -0.104110 -0.004120
v -0.461431 -0.103750 0.000000
v -0.457572 -0.107746 0.013086
v -0.460668 -0.104540 0.006154
v -0.459414 -0.105839 0.009890
v -0.451252 -0.114291 0.017895
v -0.456460 -0.108898 0.014473
v -0.454002 -0.111443 0.016639
v -0.444131 -0.121665 0.017021
v -0.449796 -0.115798 0.018196
v -0.446915 -0.118782 0.018105
v -0.438468 -0.127529 0.010745
v -0.442792 -0.123051 0.016141
v -0.440403 -0.125525 0.013823
v -0.436061 -0.130021 0.001060
v -0.437673 -0.128353 0.008963
v -0.436533 -0.129533 0.005153
v -0.437673 -0.128353 -0.008963
v -0.436061 -0.130021 -0.001060
v -0.436533 -0.129533 -0.005153
v -0.442792 -0.123051 -0.016141
v -0.438468 -0.127529 -0.010745
v -0.440403 -0.125525 -0.013823
v -0.449796 -0.115798 -0.018196
v -0.444131 -0.121665 -0.017021
v -0.446915 -0.118782 -0.018105
v -0.456460 -0.108898 -0.014473
v -0.451252 -0.114291 -0.017895
v -0.454002 -0.111443 -0.016639
v -0.460668 -0.104540 -0.006154
v -0.457572 -0.107746 -0.013086
v -0.459414 -0.105839 -0.009890
v -0.477097 -0.122207 0.004120
v -0.477097 -0.122207 -0.004120
v -0.477461 -0.121864 0.000000
v -0.473576 -0.125529 0.012364
v -0.476816 -0.122472 0.005433
v -0.475503 -0.123711 0.009169
v -0.467372 -0.131382 0.016681
v -0.472824 -0.126238 0.013259
v -0.470250 -0.128667 0.015426
v -0.460456 -0.137908 0.015703
v -0.466388 -0.132311 0.016876
v -0.463370 -0.135158 0.016785
v -0.455023 -0.143033 0.009739
v -0.459551 -0.138761 0.015135
v -0.457049 -0.141122 0.012816
v -0.452797 -0.145134 0.000684
v -0.454485 -0.143541 0.008588
v -0.453291 -0.144667 0.004778
v -0.454485 -0.143541 -0.008588
v -0.452797 -0.145134 -0.000684
v -0.453291 -0.144667 -0.004778
v -0.459551 -0.138761 -0.015135
v -0.455023 -0.143033 -0.009739
v -0.457049 -0.141122 -0.012816
v -0.466388 -0.132311 -0.016876
v -0.460456 -0.137908 -0.015703
v -0.463370 -0.135158 -0.016785
v -0.472824 -0.126238 -0.013259
v -0.467372 -0.131382 -0.016681
v -0.470250 -0.128667 -0.015426
v -0.476816 -0.122472 -0.005433
v -0.473576 -0.125529 -0.012364
v -0.475503 -0.123711 -0.009169
v -0.492210 -0.140984 0.004119
v -0.492210 -0.140984 -0.004119
v -0.492590 -0.140657 0.000000
v -0.488700 -0.143999 0.011641
v -0.492078 -0.141097 0.004711
v -0.490708 -0.142274 0.008447
v -0.482662 -0.149187 0.015468
v -0.488347 -0.144303 0.012045
v -0.485662 -0.146609 0.014213
v -0.476013 -0.154899 0.014384
v -0.482200 -0.149583 0.015556
v -0.479052 -0.152288 0.015466
v -0.470865 -0.159322 0.008733
v -0.475589 -0.155263 0.014128
v -0.472977 -0.157507 0.011809
v -0.468851 -0.161052 0.000309
v -0.470612 -0.159539 0.008214
v -0.469367 -0.160609 0.004402
v -0.470612 -0.159539 -0.008214
v -0.468851 -0.161052 -0.000309
v -0.469367 -0.160609 -0.004402
v -0.475589 -0.155263 -0.014128
v -0.470865 -0.159322 -0.008733
v -0.472977 -0.157507 -0.011809
v -0.482200 -0.149583 -0.015556
v -0.476013 -0.154899 -0.014384
v -0.479052 -0.152288 -0.015466
v -0.488347 -0.144303 -0.012045
v -0.482662 -0.149187 -0.015468
v -0.485662 -0.146609 -0.014213
v -0.492078 -0.141097 -0.004711
v -0.488700 -0.143999 -0.011641
v -0.490708 -0.142274 -0.008447
v -0.503860 -0.156929 -0.004118
v -0.503861 -0.156929 0.004118
v -0.503821 -0.162405 -0.000000
v -0.504265 -0.156634 0.000000
v -0.505258 -0.158985 0.000000
v -0.505039 -0.159858 0.002302
v -0.505039 -0.159858 -0.002302
v -0.500354 -0.159671 0.011048
v -0.502504 -0.163434 0.005691
v -0.503861 -0.156929 0.004118
v -0.502417 -0.161907 0.009016
v -0.503531 -0.160336 0.007468
v -0.504381 -0.160373 0.005147
v -0.502450 -0.158055 0.007854
v -0.494452 -0.164285 0.014475
v -0.498972 -0.166193 0.009575
v -0.500355 -0.159669 0.011051
v -0.497353 -0.165865 0.012860
v -0.498896 -0.163959 0.012563
v -0.500651 -0.163287 0.010959
v -0.497581 -0.161868 0.013218
v -0.488026 -0.169310 0.013309
v -0.494346 -0.169808 0.010419
v -0.494451 -0.164285 0.014479
v -0.491460 -0.170471 0.012620
v -0.492828 -0.168703 0.013669
v -0.495040 -0.167672 0.013284
v -0.491200 -0.166866 0.014388
v -0.483115 -0.173151 0.007916
v -0.490094 -0.173129 0.007955
v -0.488022 -0.169313 0.013311
v -0.486605 -0.174264 0.008380
v -0.487253 -0.173062 0.010436
v -0.489332 -0.172133 0.011389
v -0.485333 -0.171462 0.010989
v -0.481281 -0.174585 0.000004
v -0.487567 -0.175104 0.002966
v -0.483110 -0.173154 0.007911
v -0.484325 -0.176046 0.001485
v -0.483940 -0.175653 0.003890
v -0.485340 -0.175253 0.005882
v -0.481844 -0.174196 0.004098
v -0.483110 -0.173154 -0.007911
v -0.487567 -0.175104 -0.002966
v -0.481281 -0.174585 -0.000004
v -0.485340 -0.175253 -0.005882
v -0.483940 -0.175653 -0.003890
v -0.484325 -0.176046 -0.001485
v -0.481844 -0.174196 -0.004098
v -0.488022 -0.169313 -0.013311
v -0.490094 -0.173129 -0.007955
v -0.483115 -0.173151 -0.007915
v -0.489332 -0.172133 -0.011389
v -0.487253 -0.173062 -0.010436
v -0.486605 -0.174264 -0.008380
v -0.485333 -0.171462 -0.010989
v -0.494451 -0.164285 -0.014479
v -0.494346 -0.169808 -0.010419
v -0.488026 -0.169310 -0.013309
v -0.495040 -0.167672 -0.013284
v -0.492828 -0.168703 -0.013669
v -0.491460 -0.170471 -0.012620
v -0.491200 -0.166866 -0.014388
v -0.500355 -0.159670 -0.011051
v -0.498972 -0.166193 -0.009575
v -0.494452 -0.164285 -0.014475
v -0.500651 -0.163287 -0.010959
v -0.498896 -0.163959 -0.012563
v -0.497353 -0.165865 -0.012860
v -0.497581 -0.161868 -0.013218
v -0.503861 -0.156929 -0.004118
v -0.502504 -0.163434 -0.005691
v -0.500354 -0.159671 -0.011048
v -0.504381 -0.160372 -0.005147
v -0.503531 -0.160336 -0.007468
v -0.502417 -0.161907 -0.009016
v -0.502450 -0.158055 -0.007854
vn -0.8084 -0.5524 -0.2033
vn -0.6114 -0.5624 -0.5566
vn -0.2686 -0.5969 -0.7560
vn 0.1108 -0.6547 -0.7477
vn 0.4048 -0.7275 -0.5540
vn 0.5419 -0.7954 -0.2715
vn 0.5487 -0.8360 -0.0000
vn 0.4855 -0.8363 0.2548
vn 0.3424 -0.7979 0.4961
vn 0.0821 -0.7321 0.6762
vn -0.2662 -0.6605 0.7020
vn -0.5976 -0.6022 0.5294
vn -0.8006 -0.5657 0.1973
vn -0.7859 -0.5844 -0.2021
vn -0.5900 -0.5878 -0.5535
vn -0.2486 -0.6098 -0.7525
vn 0.1307 -0.6522 -0.7466
vn 0.4291 -0.7106 -0.5576
vn 0.5761 -0.7690 -0.2772
vn 0.5915 -0.8063 -0.0000
vn 0.5262 -0.8086 0.2631
vn 0.3731 -0.7777 0.5059
vn 0.1048 -0.7252 0.6805
vn -0.2455 -0.6696 0.7010
vn -0.5759 -0.6251 0.5269
vn -0.7780 -0.5969 0.1962
vn -0.7619 -0.6157 -0.2009
vn -0.5674 -0.6126 -0.5502
vn -0.2281 -0.6222 -0.7489
vn 0.1506 -0.6492 -0.7456
vn 0.4527 -0.6929 -0.5612
vn 0.6088 -0.7412 -0.2826
vn 0.6321 -0.7749 -0.0000
vn 0.5650 -0.7793 0.2710
vn 0.4027 -0.7565 0.5154
vn 0.1272 -0.7176 0.6848
vn -0.2245 -0.6780 0.7000
vn -0.5533 -0.6473 0.5243
vn -0.7540 -0.6273 0.1949
vn -0.7366 -0.6463 -0.1996
vn -0.5437 -0.6366 -0.5469
vn -0.2069 -0.6339 -0.7453
vn 0.1703 -0.6455 -0.7445
vn 0.4755 -0.6745 -0.5647
vn 0.6401 -0.7123 -0.2879
vn 0.6707 -0.7417 -0.0000
vn 0.6018 -0.7484 0.2786
vn 0.4310 -0.7342 0.5245
vn 0.1492 -0.7093 0.6889
vn -0.2032 -0.6857 0.6990
vn -0.5298 -0.6688 0.5216
vn -0.7287 -0.6569 0.1937
vn -0.7098 -0.6760 -0.1983
vn -0.5189 -0.6599 -0.5433
vn -0.1853 -0.6449 -0.7415
vn 0.1900 -0.6413 -0.7434
vn 0.4977 -0.6554 -0.5682
vn 0.6698 -0.6823 -0.2930
vn 0.7071 -0.7071 -0.0000
vn 0.6367 -0.7162 0.2859
vn 0.4582 -0.7110 0.5333
vn 0.1708 -0.7004 0.6930
vn -0.1816 -0.6928 0.6979
vn -0.5054 -0.6895 0.5188
vn -0.7020 -0.6857 0.1923
vn -0.6816 -0.7048 -0.1968
vn -0.4931 -0.6824 -0.5397
vn -0.1631 -0.6553 -0.7376
vn 0.2096 -0.6364 -0.7423
vn 0.5190 -0.6356 -0.5715
vn 0.6980 -0.6512 -0.2979
vn 0.7413 -0.6711 -0.0000
vn 0.6695 -0.6826 0.2928
vn 0.4842 -0.6870 0.5419
vn 0.1920 -0.6908 0.6971
vn -0.1598 -0.6991 0.6969
vn -0.4802 -0.7093 0.5160
vn -0.6741 -0.7135 0.1910
vn -0.6520 -0.7326 -0.1954
vn -0.4661 -0.7040 -0.5358
vn -0.1403 -0.6649 -0.7336
vn 0.2291 -0.6310 -0.7412
vn 0.5396 -0.6151 -0.5749
vn 0.7245 -0.6192 -0.3026
vn 0.7734 -0.6339 -0.0000
vn 0.7004 -0.6479 0.2995
vn 0.5089 -0.6621 0.5501
vn 0.2127 -0.6806 0.7011
vn -0.1378 -0.7048 0.6959
vn -0.4541 -0.7284 0.5131
vn -0.6448 -0.7404 0.1895
vn -0.6211 -0.7594 -0.1938
vn -0.4380 -0.7247 -0.5319
vn -0.1171 -0.6739 -0.7295
vn 0.2484 -0.6249 -0.7401
vn 0.5594 -0.5940 -0.5782
vn 0.7495 -0.5864 -0.3072
vn 0.8033 -0.5956 -0.0000
vn 0.7292 -0.6122 0.3058
vn 0.5324 -0.6365 0.5581
vn 0.2330 -0.6699 0.7050
vn -0.1155 -0.7099 0.6948
vn -0.4272 -0.7465 0.5102
vn -0.6143 -0.7663 0.1880
vn -0.9709 -0.0085 -0.2393
vn -0.7485 -0.0065 -0.6631
vn -0.3546 -0.0031 -0.9350
vn 0.1205 0.0010 -0.9927
vn 0.5681 0.0050 -0.8230
vn 0.8854 0.0077 -0.4647
vn 1.0000 0.0087 -0.0000
vn 0.8854 0.0077 0.4647
vn 0.5681 0.0050 0.8230
vn 0.1205 0.0011 0.9927
vn -0.3546 -0.0031 0.9350
vn -0.7485 -0.0065 0.6631
vn -0.9709 -0.0085 0.2393
vn -0.9706 -0.0254 -0.2393
vn -0.7483 -0.0196 -0.6631
vn -0.3545 -0.0093 -0.9350
vn 0.1205 0.0032 -0.9927
vn 0.5679 0.0149 -0.8230
vn 0.8852 0.0232 -0.4647
vn 0.9997 0.0262 -0.0000
vn 0.8852 0.0232 0.4647
vn 0.5679 0.0149 0.8230
vn 0.1205 0.0032 0.9927
vn -0.3545 -0.0093 0.9350
vn -0.7483 -0.0196 0.6631
vn -0.9706 -0.0254 0.2393
vn -0.9700 -0.0424 -0.2393
vn -0.7478 -0.0327 -0.6631
vn -0.3543 -0.0155 -0.9350
vn 0.1204 0.0053 -0.9927
vn 0.5675 0.0248 -0.8230
vn 0.8846 0.0386 -0.4647
vn 0.9990 0.0436 -0.0000
vn 0.8846 0.0386 0.4647
vn 0.5675 0.0248 0.8230
vn 0.1204 0.0053 0.9927
vn -0.3543 -0.0155 0.9350
vn -0.7478 -0.0326 0.6631
vn -0.9700 -0.0424 0.2393
vn -0.8996 -0.3655 -0.2392
vn -0.6883 -0.2944 -0.6631
vn -0.3120 -0.1705 -0.9347
vn 0.1428 -0.0247 -0.9894
vn 0.5697 0.1049 -0.8151
vn 0.8702 0.1855 -0.4565
vn 0.9790 0.2037 -0.0000
vn 0.8701 0.1660 0.4642
vn 0.5646 0.0796 0.8215
vn 0.1352 -0.0455 0.9898
vn -0.3177 -0.1841 0.9302
vn -0.6902 -0.3013 0.6579
vn -0.8994 -0.3674 0.2370
vn -0.8205 -0.5192 -0.2392
vn -0.6251 -0.4118 -0.6631
vn -0.2768 -0.2233 -0.9346
vn 0.1450 0.0008 -0.9894
vn 0.5419 0.2044 -0.8152
vn 0.8230 0.3378 -0.4566
vn 0.9266 0.3761 -0.0000
vn 0.8260 0.3198 0.4642
vn 0.5410 0.1796 0.8216
vn 0.1409 -0.0205 0.9898
vn -0.2801 -0.2374 0.9302
vn -0.6259 -0.4189 0.6579
vn -0.8200 -0.5210 0.2370
vn -0.7155 -0.6564 -0.2392
vn -0.5422 -0.5161 -0.6631
vn -0.2327 -0.2689 -0.9346
vn 0.1426 0.0264 -0.9894
vn 0.4969 0.2973 -0.8153
vn 0.7494 0.4793 -0.4568
vn 0.8440 0.5363 -0.0000
vn 0.7550 0.4631 0.4643
vn 0.4999 0.2738 0.8217
vn 0.1421 0.0052 0.9898
vn -0.2336 -0.2833 0.9301
vn -0.5418 -0.5232 0.6578
vn -0.7147 -0.6581 0.2370
vn -0.5878 -0.7728 -0.2392
vn -0.4420 -0.6041 -0.6631
vn -0.1812 -0.3060 -0.9346
vn 0.1358 0.0511 -0.9894
vn 0.4362 0.3808 -0.8153
vn 0.6518 0.6053 -0.4569
vn 0.7342 0.6790 -0.0000
vn 0.6595 0.5912 0.4643
vn 0.4426 0.3590 0.8218
vn 0.1386 0.0305 0.9899
vn -0.1798 -0.3202 0.9301
vn -0.4405 -0.6110 0.6578
vn -0.5867 -0.7743 0.2369
vn -0.4415 -0.8648 -0.2392
vn -0.3278 -0.6730 -0.6631
vn -0.1239 -0.3334 -0.9346
vn 0.1247 0.0743 -0.9894
vn 0.3616 0.4521 -0.8154
vn 0.5333 0.7118 -0.4570
vn 0.6006 0.7996 -0.0000
vn 0.5426 0.7000 0.4644
vn 0.3710 0.4324 0.8218
vn 0.1306 0.0548 0.9899
vn -0.1203 -0.3470 0.9301
vn -0.3252 -0.6794 0.6578
vn -0.4402 -0.8661 0.2369
vn -0.2811 -0.9294 -0.2392
vn -0.2032 -0.7204 -0.6631
vn -0.0626 -0.3501 -0.9346
vn 0.1097 0.0951 -0.9894
vn 0.2755 0.5091 -0.8154
vn 0.3978 0.7955 -0.4572
vn 0.4476 0.8942 -0.0000
vn 0.4082 0.7859 0.4644
vn 0.2874 0.4918 0.8219
vn 0.1184 0.0773 0.9900
vn -0.0570 -0.3628 0.9301
vn -0.1996 -0.7263 0.6577
vn -0.2797 -0.9304 0.2369
vn -0.1119 -0.9645 -0.2392
vn -0.0721 -0.7451 -0.6631
vn 0.0007 -0.3557 -0.9346
vn 0.0913 0.1130 -0.9894
vn 0.1807 0.5499 -0.8155
vn 0.2496 0.8536 -0.4573
vn 0.2803 0.9599 -0.0000
vn 0.2606 0.8464 0.4645
vn 0.1946 0.5353 0.8219
vn 0.1025 0.0971 0.9900
vn 0.0082 -0.3672 0.9301
vn -0.0677 -0.7502 0.6577
vn -0.1103 -0.9653 0.2369
vn 0.0609 -0.9691 -0.2392
vn 0.0612 -0.7460 -0.6631
vn 0.0639 -0.3499 -0.9346
vn 0.0700 0.1274 -0.9894
vn 0.0802 0.5731 -0.8155
vn 0.0934 0.8844 -0.4574
vn 0.1040 0.9946 -0.0000
vn 0.1047 0.8794 0.4645
vn 0.0955 0.5614 0.8220
vn 0.0832 0.1137 0.9900
vn 0.0731 -0.3600 0.9301
vn 0.0664 -0.7504 0.6577
vn 0.0626 -0.9695 0.2369
vn 0.2318 -0.9429 -0.2392
vn 0.1926 -0.7233 -0.6631
vn 0.1252 -0.3330 -0.9346
vn 0.0465 0.1378 -0.9894
vn -0.0228 0.5782 -0.8156
vn -0.0657 0.8868 -0.4575
vn -0.0756 0.9971 -0.0000
vn -0.0545 0.8839 0.4645
vn -0.0065 0.5694 0.8221
vn 0.0614 0.1266 0.9901
vn 0.1357 -0.3414 0.9301
vn 0.1984 -0.7268 0.6576
vn 0.2335 -0.9431 0.2369
vn 0.3953 -0.8868 -0.2392
vn 0.3179 -0.6777 -0.6631
vn 0.1824 -0.3055 -0.9346
vn 0.0215 0.1439 -0.9894
vn -0.1251 0.5649 -0.8156
vn -0.2227 0.8608 -0.4576
vn -0.2526 0.9676 -0.0000
vn -0.2119 0.8598 0.4645
vn -0.1083 0.5589 0.8221
vn 0.0376 0.1354 0.9901
vn 0.1940 -0.3120 0.9301
vn 0.3241 -0.6801 0.6576
vn 0.3970 -0.8867 0.2368
vn 0.5464 -0.8027 -0.2392
vn 0.4332 -0.6105 -0.6631
vn 0.2339 -0.2682 -0.9345
vn -0.0042 0.1455 -0.9894
vn -0.2233 0.5337 -0.8157
vn -0.3725 0.8073 -0.4577
vn -0.4215 0.9068 -0.0000
vn -0.3623 0.8080 0.4646
vn -0.2066 0.5305 0.8221
vn 0.0127 0.1397 0.9901
vn 0.2462 -0.2727 0.9301
vn 0.4396 -0.6119 0.6576
vn 0.5479 -0.8023 0.2368
vn 0.5821 -0.7771 -0.2393
vn 0.4487 -0.5991 -0.6631
vn 0.2126 -0.2838 -0.9350
vn -0.0723 0.0965 -0.9927
vn -0.3406 0.4547 -0.8230
vn -0.5308 0.7087 -0.4647
vn -0.5995 0.8004 -0.0000
vn -0.5308 0.7087 0.4647
vn -0.3406 0.4547 0.8230
vn -0.0723 0.0965 0.9927
vn 0.2126 -0.2838 0.9350
vn 0.4487 -0.5991 0.6631
vn 0.5821 -0.7771 0.2393
vn 0.6044 -0.7599 -0.2393
vn 0.4660 -0.5858 -0.6631
vn 0.2208 -0.2775 -0.9350
vn -0.0750 0.0943 -0.9927
vn -0.3537 0.4446 -0.8230
vn -0.5512 0.6930 -0.4647
vn -0.6225 0.7826 -0.0000
vn -0.5512 0.6930 0.4647
vn -0.3537 0.4446 0.8230
vn -0.0750 0.0943 0.9927
vn 0.2208 -0.2775 0.9350
vn 0.4660 -0.5858 0.6631
vn 0.6044 -0.7599 0.2393
vn 0.6263 -0.7420 -0.2393
vn 0.4828 -0.5720 -0.6631
vn 0.2287 -0.2710 -0.9350
vn -0.0778 0.0921 -0.9927
vn -0.3664 0.4341 -0.8230
vn -0.5711 0.6767 -0.4647
vn -0.6450 0.7642 -0.0000
vn -0.5711 0.6767 0.4647
vn -0.3664 0.4341 0.8230
vn -0.0778 0.0921 0.9927
vn 0.2287 -0.2710 0.9350
vn 0.4828 -0.5720 0.6631
vn 0.6263 -0.7420 0.2393
vn 0.5989 -0.7643 -0.2393
vn 0.4660 -0.5858 -0.6630
vn 0.2309 -0.2698 -0.9348
vn -0.0527 0.1114 -0.9924
vn -0.3197 0.4703 -0.8226
vn -0.5090 0.7247 -0.4644
vn -0.5773 0.8166 -0.0000
vn -0.5089 0.7247 0.4647
vn -0.3194 0.4700 0.8229
vn -0.0522 0.1110 0.9924
vn 0.2313 -0.2701 0.9346
vn 0.4663 -0.5860 0.6628
vn 0.5989 -0.7643 0.2392
vn 0.6165 -0.7501 -0.2393
vn 0.4796 -0.5748 -0.6630
vn 0.2371 -0.2643 -0.9348
vn -0.0553 0.1101 -0.9924
vn -0.3306 0.4627 -0.8226
vn -0.5257 0.7127 -0.4644
vn -0.5961 0.8029 -0.0000
vn -0.5256 0.7126 0.4647
vn -0.3302 0.4625 0.8229
vn -0.0548 0.1097 0.9924
vn 0.2375 -0.2646 0.9346
vn 0.4798 -0.5749 0.6628
vn 0.6165 -0.7501 0.2392
vn 0.6338 -0.7356 -0.2393
vn 0.4928 -0.5635 -0.6630
vn 0.2432 -0.2587 -0.9348
vn -0.0578 0.1088 -0.9924
vn -0.3412 0.4549 -0.8226
vn -0.5422 0.7002 -0.4644
vn -0.6147 0.7888 -0.0000
vn -0.5420 0.7002 0.4647
vn -0.3409 0.4546 0.8229
vn -0.0574 0.1084 0.9924
vn 0.2436 -0.2590 0.9346
vn 0.4930 -0.5636 0.6628
vn 0.6338 -0.7356 0.2392
vn -0.9400 0.1928 0.2815
vn -0.9404 0.1882 -0.2833
vn -0.5648 0.1077 -0.8182
vn -0.0192 -0.0043 -0.9998
vn 0.5967 -0.1274 -0.7923
vn 0.9255 -0.1902 -0.3276
vn 0.9260 -0.1849 0.3293
vn 0.5978 -0.1146 0.7934
vn -0.0177 0.0118 0.9998
vn -0.5636 0.1209 0.8171
vn -0.7812 0.5587 0.2784
vn -0.7816 0.5541 -0.2863
vn -0.4695 0.3273 -0.8200
vn -0.0161 0.0028 -0.9999
vn 0.4959 -0.3599 -0.7903
vn 0.7692 -0.5505 -0.3245
vn 0.7696 -0.5452 0.3323
vn 0.4970 -0.3471 0.7953
vn -0.0146 0.0190 0.9997
vn -0.4683 0.3405 0.8153
vn -0.4873 0.8284 0.2761
vn -0.4878 0.8239 -0.2887
vn -0.2932 0.4891 -0.8215
vn -0.0103 0.0081 -0.9999
vn 0.3092 -0.5312 -0.7888
vn 0.4798 -0.8161 -0.3222
vn 0.4803 -0.8108 0.3346
vn 0.3103 -0.5184 0.7968
vn -0.0089 0.0243 0.9997
vn -0.2920 0.5024 0.8139
vn -0.1092 0.9553 0.2748
vn -0.1096 0.9507 -0.2900
vn -0.0662 0.5653 -0.8222
vn -0.0029 0.0106 -0.9999
vn 0.0689 -0.6118 -0.7880
vn 0.1074 -0.9410 -0.3209
vn 0.1079 -0.9357 0.3359
vn 0.0700 -0.5990 0.7977
vn -0.0014 0.0268 0.9996
vn -0.0650 0.5785 0.8131
vn 0.2879 0.9174 0.2748
vn 0.2875 0.9128 -0.2900
vn 0.1721 0.5425 -0.8222
vn 0.0049 0.0099 -0.9999
vn -0.1834 -0.5877 -0.7880
vn -0.2835 -0.9037 -0.3209
vn -0.2831 -0.8984 0.3359
vn -0.1822 -0.5749 0.7977
vn 0.0064 0.0260 0.9996
vn 0.1732 0.5557 0.8131
vn 0.6353 0.7212 0.2761
vn 0.6349 0.7167 -0.2886
vn 0.3805 0.4248 -0.8214
vn 0.0117 0.0060 -0.9999
vn -0.4040 -0.4631 -0.7888
vn -0.6255 -0.7105 -0.3222
vn -0.6251 -0.7052 0.3346
vn -0.4029 -0.4503 0.7968
vn 0.0132 0.0222 0.9997
vn 0.3817 0.4380 0.8139
vn 0.8728 0.4008 0.2785
vn 0.8724 0.3962 -0.2862
vn 0.5230 0.2325 -0.8200
vn 0.0164 -0.0003 -0.9999
vn -0.5549 -0.2596 -0.7904
vn -0.8594 -0.3950 -0.3246
vn -0.8589 -0.3897 0.3322
vn -0.5538 -0.2467 0.7953
vn 0.0179 0.0159 0.9997
vn 0.5242 0.2457 0.8154
vn 0.9595 0.0114 0.2816
vn 0.9591 0.0069 -0.2831
vn 0.5750 -0.0011 -0.8181
vn 0.0181 -0.0079 -0.9998
vn -0.6100 -0.0122 -0.7923
vn -0.9447 -0.0117 -0.3276
vn -0.9443 -0.0063 0.3291
vn -0.6088 0.0006 0.7933
vn 0.0196 0.0083 0.9998
vn 0.5762 0.0121 0.8172
vn 0.8802 -0.3795 0.2848
vn 0.8798 -0.3841 -0.2799
vn 0.5275 -0.2357 -0.8162
vn 0.0166 -0.0156 -0.9997
vn -0.5596 0.2361 -0.7944
vn -0.8667 0.3733 -0.3308
vn -0.8663 0.3786 0.3260
vn -0.5585 0.2490 0.7913
vn 0.0180 0.0006 0.9998
vn 0.5287 -0.2225 0.8191
vn 0.6489 -0.7044 0.2876
vn 0.6485 -0.7090 -0.2771
vn 0.3887 -0.4307 -0.8145
vn 0.0120 -0.0220 -0.9997
vn -0.4127 0.4426 -0.7962
vn -0.6389 0.6932 -0.3336
vn -0.6384 0.6985 0.3232
vn -0.4115 0.4554 0.7895
vn 0.0135 -0.0058 0.9999
vn 0.3898 -0.4175 0.8208
vn 0.3053 -0.9072 0.2895
vn 0.3049 -0.9117 -0.2752
vn 0.1825 -0.5524 -0.8134
vn 0.0053 -0.0259 -0.9996
vn -0.1944 0.5713 -0.7974
vn -0.3007 0.8928 -0.3354
vn -0.3002 0.8981 0.3214
vn -0.1933 0.5842 0.7883
vn 0.0067 -0.0098 0.9999
vn 0.1837 -0.5391 0.8219
vn -0.0910 -0.9526 0.2902
vn -0.0914 -0.9572 -0.2746
vn -0.0553 -0.5796 -0.8130
vn -0.0025 -0.0268 -0.9996
vn 0.0573 0.6002 -0.7978
vn 0.0895 0.9376 -0.3361
vn 0.0900 0.9429 0.3207
vn 0.0585 0.6131 0.7879
vn -0.0011 -0.0107 0.9999
vn -0.0541 -0.5664 0.8223
vn -0.4715 -0.8330 0.2895
vn -0.4719 -0.8376 -0.2753
vn -0.2836 -0.5078 -0.8134
vn -0.0100 -0.0245 -0.9997
vn 0.2991 0.5242 -0.7973
vn 0.4642 0.8198 -0.3354
vn 0.4647 0.8251 0.3214
vn 0.3002 0.5370 0.7883
vn -0.0085 -0.0083 0.9999
vn -0.2825 -0.4946 0.8219
vn -0.7705 -0.5689 0.2876
vn -0.7709 -0.5735 -0.2772
vn -0.4631 -0.3494 -0.8146
vn -0.0158 -0.0193 -0.9997
vn 0.4890 0.3565 -0.7961
vn 0.7586 0.5598 -0.3335
vn 0.7591 0.5651 0.3233
vn 0.4902 0.3693 0.7895
vn -0.0144 -0.0031 0.9999
vn -0.4619 -0.3362 0.8208
vn -0.9366 -0.2107 -0.2800
vn -0.9362 -0.2061 0.2847
vn -0.0191 -0.0122 -0.9997
vn -0.5625 -0.1317 -0.8163
vn 0.9217 0.2025 -0.3307
vn 0.5943 0.1260 -0.7943
vn 0.5954 0.1388 0.7913
vn 0.9222 0.2078 0.3261
vn -0.5613 -0.1184 0.8191
vn -0.0177 0.0040 0.9998
vn -0.7961 -0.1817 -0.5773
vn -0.7996 0.1572 -0.5796
vn -0.7985 0.1665 0.5786
vn -0.7953 -0.1724 0.5812
vn -0.0000 1.0000 -0.0000
vn 0.9801 -0.1986 0.0008
vn 0.9761 0.2172 -0.0025
vn -0.6635 0.4774 0.5761
vn -0.6644 0.4681 -0.5826
vn -0.0000 -1.0000 -0.0000
vn 0.8146 -0.5800 0.0041
vn -0.4139 0.7067 0.5739
vn -0.4147 0.6972 -0.5848
vn 0.5082 -0.8612 0.0065
vn -0.0925 0.8145 0.5728
vn -0.0933 0.8051 -0.5858
vn 0.1140 -0.9934 0.0080
vn 0.2449 0.7823 0.5728
vn 0.2441 0.7728 -0.5858
vn -0.2999 -0.9539 0.0079
vn 0.5401 0.6157 0.5738
vn 0.5392 0.6062 -0.5846
vn -0.6644 -0.7474 -0.0000
vn -0.6620 -0.7495 0.0065
vn 0.7419 0.3433 0.5759
vn 0.7410 0.3339 -0.5826
vn -0.9096 -0.4154 0.0040
vn 0.8158 0.0125 0.5782
vn 0.8149 0.0031 -0.5796
vn -0.6606 -0.0066 0.7507
vn -1.0000 -0.0095 0.0010
vn -0.9925 0.1218 -0.0000
vn 0.7482 -0.3197 0.5813
vn 0.7474 -0.3291 -0.5771
vn -0.9181 0.3964 -0.0000
vn -0.9174 0.3980 -0.0026
vn -1.0000 -0.0000 -0.0000
vn 0.5516 -0.5958 0.5838
vn 0.5507 -0.6052 -0.5749
vn -0.6762 0.7367 -0.0055
vn 0.2597 -0.7680 0.5854
vn 0.2588 -0.7774 -0.5732
vn -0.3181 0.9480 -0.0074
vn -0.0000 -0.0000 1.0000
vn -0.0770 -0.8067 0.5859
vn -0.0779 -0.8161 -0.5727
vn 0.0950 0.9954 -0.0081
vn -0.4004 -0.7050 0.5854
vn -0.4012 -0.7144 -0.5733
vn 0.4917 0.8707 -0.0074
vn -0.6544 -0.4806 0.5838
vn -0.6552 -0.4900 -0.5750
vn 0.8034 0.5955 -0.0055
vn 0.6508 -0.7206 -0.2393
vn 0.5058 -0.5518 -0.6630
vn 0.2492 -0.2530 -0.9348
vn -0.0603 0.1074 -0.9924
vn -0.3518 0.4468 -0.8226
vn -0.5584 0.6874 -0.4644
vn -0.6329 0.7742 -0.0000
vn -0.5582 0.6873 0.4647
vn -0.3514 0.4465 0.8229
vn -0.0599 0.1071 0.9924
vn 0.2496 -0.2533 0.9346
vn 0.5060 -0.5520 0.6628
vn 0.6508 -0.7206 0.2392
vn 0.6674 -0.7052 -0.2393
vn 0.5185 -0.5399 -0.6630
vn 0.2550 -0.2471 -0.9348
vn -0.0628 0.1060 -0.9924
vn -0.3621 0.4385 -0.8226
vn -0.5742 0.6742 -0.4644
vn -0.6508 0.7593 -0.0000
vn -0.5741 0.6742 0.4647
vn -0.3617 0.4382 0.8229
vn -0.0624 0.1056 0.9924
vn 0.2554 -0.2474 0.9346
vn 0.5188 -0.5400 0.6628
vn 0.6674 -0.7052 0.2392
vn 0.6836 -0.6895 -0.2393
vn 0.5310 -0.5277 -0.6630
vn 0.2607 -0.2411 -0.9348
vn -0.0653 0.1045 -0.9924
vn -0.3722 0.4299 -0.8226
vn -0.5898 0.6607 -0.4644
vn -0.6683 0.7439 -0.0000
vn -0.5896 0.6606 0.4647
vn -0.3718 0.4297 0.8229
vn -0.0648 0.1041 0.9924
vn 0.2611 -0.2414 0.9346
vn 0.5312 -0.5278 0.6628
vn 0.6837 -0.6895 0.2392
vn 0.6846 -0.6886 -0.2393
vn 0.5278 -0.5308 -0.6631
vn 0.2500 -0.2515 -0.9350
vn -0.0850 0.0855 -0.9927
vn -0.4005 0.4029 -0.8230
vn -0.6243 0.6279 -0.4647
vn -0.7050 0.7092 -0.0000
vn -0.6243 0.6279 0.4647
vn -0.4005 0.4029 0.8230
vn -0.0850 0.0855 0.9927
vn 0.2500 -0.2515 0.9350
vn 0.5278 -0.5308 0.6631
vn 0.6846 -0.6886 0.2393
vn 0.7043 -0.6684 -0.2393
vn 0.5430 -0.5153 -0.6631
vn 0.2572 -0.2441 -0.9350
vn -0.0874 0.0830 -0.9927
vn -0.4121 0.3911 -0.8230
vn -0.6423 0.6095 -0.4647
vn -0.7254 0.6884 -0.0000
vn -0.6423 0.6095 0.4647
vn -0.4121 0.3911 0.8230
vn -0.0874 0.0830 0.9927
vn 0.2572 -0.2441 0.9350
vn 0.5430 -0.5153 0.6631
vn 0.7043 -0.6684 0.2393
vn 0.7234 -0.6476 -0.2393
vn 0.5577 -0.4993 -0.6631
vn 0.2642 -0.2365 -0.9350
vn -0.0898 0.0804 -0.9927
vn -0.4233 0.3789 -0.8230
vn -0.6598 0.5906 -0.4647
vn -0.7451 0.6670 -0.0000
vn -0.6598 0.5906 0.4647
vn -0.4233 0.3789 0.8230
vn -0.0898 0.0804 0.9927
vn 0.2642 -0.2365 0.9350
vn 0.5577 -0.4993 0.6631
vn 0.7234 -0.6476 0.2393
vn 0.9442 -0.3088 0.1148
vn 0.9442 -0.3088 -0.1148
vn 0.9203 0.3868 0.0592
vn 0.7804 -0.1744 -0.6004
vn 0.8841 0.4156 -0.2139
vn 0.8769 -0.2542 -0.4079
vn 0.4394 0.1049 -0.8922
vn 0.7372 0.5320 -0.4165
vn 0.6010 -0.0289 -0.7987
vn 0.0320 0.4382 -0.8983
vn 0.5292 0.6970 -0.4840
vn 0.2068 0.2935 -0.9333
vn -0.3121 0.7195 -0.6204
vn 0.3272 0.8571 -0.3979
vn -0.1793 0.6097 -0.7721
vn -0.4859 0.8613 -0.1488
vn 0.1939 0.9628 -0.1884
vn -0.4366 0.8205 -0.3690
vn -0.4366 0.8205 0.3690
vn 0.1689 0.9825 0.0787
vn -0.4859 0.8613 0.1488
vn -0.1793 0.6097 0.7721
vn 0.2596 0.9105 0.3219
vn -0.3121 0.7195 0.6204
vn 0.2068 0.2935 0.9333
vn 0.4392 0.7680 0.4661
vn 0.0319 0.4382 0.8983
vn 0.6010 -0.0289 0.7987
vn 0.6532 0.5983 0.4640
vn 0.4394 0.1049 0.8922
vn 0.8769 -0.2543 0.4079
vn 0.8335 0.4555 0.3128
vn 0.7804 -0.1744 0.6004
vn 0.7434 -0.6578 0.1207
vn 0.7434 -0.6578 -0.1207
vn 0.5857 -0.5016 -0.6367
vn 0.6782 -0.5930 -0.4340
vn 0.2548 -0.1734 -0.9513
vn 0.4106 -0.3274 -0.8510
vn -0.1445 0.2229 -0.9641
vn 0.0253 0.0550 -0.9982
vn -0.4853 0.5612 -0.6705
vn -0.3556 0.4329 -0.8283
vn -0.6592 0.7340 -0.1637
vn -0.6108 0.6861 -0.3952
vn -0.6108 0.6861 0.3952
vn -0.6592 0.7340 0.1637
vn -0.3556 0.4329 0.8283
vn -0.4853 0.5612 0.6705
vn 0.0253 0.0550 0.9982
vn -0.1445 0.2229 0.9641
vn 0.4106 -0.3274 0.8510
vn 0.2548 -0.1734 0.9513
vn 0.6782 -0.5930 0.4340
vn 0.5857 -0.5016 0.6367
vn 0.7733 -0.6224 0.1207
vn 0.7733 -0.6224 -0.1207
vn 0.6085 -0.4737 -0.6366
vn 0.7052 -0.5608 -0.4339
vn 0.2628 -0.1614 -0.9513
vn 0.4256 -0.3080 -0.8509
vn -0.1546 0.2158 -0.9641
vn 0.0228 0.0560 -0.9982
vn -0.5109 0.5379 -0.6706
vn -0.3753 0.4158 -0.8284
vn -0.6927 0.7024 -0.1637
vn -0.6421 0.6568 -0.3952
vn -0.6421 0.6568 0.3952
vn -0.6927 0.7024 0.1637
vn -0.3753 0.4158 0.8284
vn -0.5109 0.5379 0.6706
vn 0.0228 0.0560 0.9982
vn -0.1546 0.2158 0.9641
vn 0.4256 -0.3080 0.8509
vn 0.2628 -0.1614 0.9513
vn 0.7052 -0.5608 0.4339
vn 0.6085 -0.4737 0.6366
vn 0.8015 -0.5856 0.1207
vn 0.8015 -0.5856 -0.1206
vn 0.6300 -0.4448 -0.6365
vn 0.7306 -0.5273 -0.4338
vn 0.8560 0.5059 -0.1066
vn 0.4492 0.1839 0.8743
vn 0.2701 -0.1490 -0.9512
vn 0.4396 -0.2879 -0.8508
vn 0.7649 0.5777 -0.2850
vn 0.7991 -0.0805 0.5957
vn -0.1643 0.2082 -0.9642
vn 0.0203 0.0569 -0.9982
vn 0.6129 0.6974 -0.3714
vn 0.9867 -0.1440 -0.0753
vn -0.5354 0.5134 -0.6707
vn -0.3942 0.3977 -0.8285
vn 0.4491 0.8264 -0.3396
vn 0.6091 0.2298 -0.7591
vn -0.7248 0.6693 -0.1638
vn -0.6721 0.6261 -0.3953
vn 0.3252 0.9240 -0.2010
vn -0.0714 0.7343 -0.6750
vn -0.6721 0.6261 0.3953
vn -0.7248 0.6693 0.1637
vn 0.2792 0.9602 -0.0000
vn -0.4328 0.9015 -0.0000
vn -0.3942 0.3977 0.8285
vn -0.5354 0.5134 0.6707
vn 0.3251 0.9241 0.2010
vn -0.3237 0.8121 0.4855
vn 0.0203 0.0569 0.9982
vn -0.1643 0.2082 0.9642
vn 0.4489 0.8265 0.3397
vn -0.0286 0.5712 0.8203
vn 0.4396 -0.2879 0.8508
vn 0.2701 -0.1490 0.9512
vn 0.6127 0.6974 0.3717
vn 0.3617 0.2528 0.8974
vn 0.7306 -0.5273 0.4338
vn 0.6300 -0.4448 0.6365
vn 0.7649 0.5776 0.2852
vn 0.7241 -0.0426 0.6884
vn 0.8560 0.5059 0.1066
vn 0.9411 -0.2193 0.2573
vn 0.7188 -0.6360 0.2809
vn 0.7186 -0.6359 -0.2816
vn 0.5022 -0.4213 -0.7552
vn 0.1384 -0.0604 -0.9885
vn -0.2568 0.3318 -0.9077
vn -0.5581 0.6308 -0.5391
vn -0.6702 0.7422 -0.0000
vn -0.5574 0.6304 0.5403
vn -0.2552 0.3305 0.9087
vn 0.1403 -0.0620 0.9882
vn 0.5033 -0.4222 0.7540
vn 0.7476 -0.6017 0.2809
vn 0.7475 -0.6016 -0.2816
vn 0.5213 -0.3973 -0.7552
vn 0.1411 -0.0538 -0.9885
vn -0.2720 0.3195 -0.9077
vn -0.5869 0.6041 -0.5391
vn -0.7041 0.7101 -0.0000
vn -0.5863 0.6036 0.5403
vn -0.2704 0.3182 0.9087
vn 0.1430 -0.0554 0.9882
vn 0.5224 -0.3982 0.7540
vn 0.1932 -0.1785 -0.9648
vn 0.2390 -0.1745 0.9552
vn 0.5989 -0.4703 0.6482
vn 0.7863 -0.6068 -0.1165
vn 0.3267 -0.2035 -0.9230
vn -0.4336 0.4312 -0.7913
vn -0.7365 0.6765 -0.0000
vn -0.4400 0.4215 0.7929
vn -0.2850 0.3051 0.9087
vn 0.1454 -0.0488 0.9882
vn 0.5404 -0.3735 0.7540
vn 0.6157 0.7880 -0.0000
vn -0.8006 -0.5657 -0.1973
vn -0.5976 -0.6022 -0.5294
vn -0.2662 -0.6605 -0.7020
vn 0.0821 -0.7321 -0.6762
vn 0.3424 -0.7979 -0.4961
vn 0.4855 -0.8363 -0.2548
vn 0.5419 -0.7954 0.2715
vn 0.4048 -0.7275 0.5540
vn 0.1108 -0.6547 0.7477
vn -0.2686 -0.5969 0.7560
vn -0.6114 -0.5624 0.5566
vn -0.8084 -0.5524 0.2033
vn -0.7780 -0.5969 -0.1962
vn -0.5759 -0.6251 -0.5269
vn -0.2455 -0.6696 -0.7010
vn 0.1048 -0.7252 -0.6805
vn 0.3731 -0.7777 -0.5059
vn 0.5262 -0.8086 -0.2631
vn 0.5761 -0.7690 0.2772
vn 0.4291 -0.7106 0.5576
vn 0.1307 -0.6522 0.7466
vn -0.2486 -0.6098 0.7525
vn -0.5900 -0.5878 0.5535
vn -0.7859 -0.5844 0.2021
vn -0.7540 -0.6273 -0.1949
vn -0.5533 -0.6473 -0.5243
vn -0.2245 -0.6780 -0.7000
vn 0.1272 -0.7176 -0.6848
vn 0.4027 -0.7565 -0.5154
vn 0.5650 -0.7793 -0.2710
vn 0.6088 -0.7412 0.2826
vn 0.4527 -0.6929 0.5612
vn 0.1506 -0.6492 0.7456
vn -0.2281 -0.6222 0.7489
vn -0.5674 -0.6126 0.5502
vn -0.7619 -0.6157 0.2009
vn -0.7287 -0.6569 -0.1937
vn -0.5298 -0.6688 -0.5216
vn -0.2032 -0.6857 -0.6990
vn 0.1492 -0.7093 -0.6889
vn 0.4310 -0.7342 -0.5245
vn 0.6018 -0.7484 -0.2786
vn 0.6401 -0.7123 0.2879
vn 0.4755 -0.6745 0.5647
vn 0.1703 -0.6455 0.7445
vn -0.2069 -0.6339 0.7453
vn -0.5437 -0.6366 0.5469
vn -0.7366 -0.6463 0.1996
vn -0.7020 -0.6857 -0.1923
vn -0.5054 -0.6895 -0.5188
vn -0.1816 -0.6928 -0.6979
vn 0.1708 -0.7004 -0.6930
vn 0.4582 -0.7110 -0.5333
vn 0.6367 -0.7162 -0.2859
vn 0.6698 -0.6823 0.2930
vn 0.4977 -0.6554 0.5682
vn 0.1900 -0.6413 0.7434
vn -0.1853 -0.6449 0.7415
vn -0.5189 -0.6599 0.5433
vn -0.7098 -0.6760 0.1983
vn -0.6741 -0.7135 -0.1910
vn -0.4802 -0.7093 -0.5160
vn -0.1598 -0.6991 -0.6969
vn 0.1920 -0.6908 -0.6971
vn 0.4842 -0.6870 -0.5419
vn 0.6695 -0.6826 -0.2928
vn 0.6980 -0.6512 0.2979
vn 0.5190 -0.6356 0.5715
vn 0.2096 -0.6364 0.7423
vn -0.1631 -0.6553 0.7376
vn -0.4931 -0.6824 0.5397
vn -0.6816 -0.7048 0.1968
vn -0.6448 -0.7404 -0.1895
vn -0.4541 -0.7284 -0.5131
vn -0.1378 -0.7048 -0.6959
vn 0.2127 -0.6806 -0.7011
vn 0.5089 -0.6621 -0.5501
vn 0.7004 -0.6479 -0.2995
vn 0.7245 -0.6192 0.3026
vn 0.5396 -0.6151 0.5749
vn 0.2291 -0.6310 0.7412
vn -0.1403 -0.6649 0.7336
vn -0.4661 -0.7040 0.5358
vn -0.6520 -0.7326 0.1954
vn -0.6143 -0.7663 -0.1880
vn -0.4272 -0.7465 -0.5102
vn -0.1155 -0.7099 -0.6948
vn 0.2330 -0.6699 -0.7050
vn 0.5324 -0.6365 -0.5581
vn 0.7292 -0.6122 -0.3058
vn 0.7495 -0.5864 0.3072
vn 0.5594 -0.5940 0.5782
vn 0.2484 -0.6249 0.7401
vn -0.1171 -0.6739 0.7295
vn -0.4380 -0.7247 0.5319
vn -0.6211 -0.7594 0.1938
vn 0.1205 0.0011 -0.9927
vn 0.1205 0.0010 0.9927
vn -0.7478 -0.0326 -0.6631
vn -0.7478 -0.0327 0.6631
vn -0.8994 -0.3674 -0.2370
vn -0.6902 -0.3013 -0.6579
vn -0.3177 -0.1841 -0.9302
vn 0.1352 -0.0455 -0.9898
vn 0.5646 0.0796 -0.8215
vn 0.8701 0.1660 -0.4642
vn 0.8702 0.1855 0.4565
vn 0.5697 0.1049 0.8151
vn 0.1428 -0.0247 0.9894
vn -0.3120 -0.1705 0.9347
vn -0.6883 -0.2944 0.6631
vn -0.8996 -0.3655 0.2392
vn -0.8200 -0.5210 -0.2370
vn -0.6259 -0.4189 -0.6579
vn -0.2801 -0.2374 -0.9302
vn 0.1409 -0.0205 -0.9898
vn 0.5410 0.1796 -0.8216
vn 0.8260 0.3198 -0.4642
vn 0.8230 0.3378 0.4566
vn 0.5419 0.2044 0.8152
vn 0.1450 0.0008 0.9894
vn -0.2768 -0.2233 0.9346
vn -0.6251 -0.4118 0.6631
vn -0.8205 -0.5192 0.2392
vn -0.7147 -0.6581 -0.2370
vn -0.5418 -0.5232 -0.6578
vn -0.2336 -0.2833 -0.9301
vn 0.1421 0.0052 -0.9898
vn 0.4999 0.2738 -0.8217
vn 0.7550 0.4631 -0.4643
vn 0.7494 0.4793 0.4568
vn 0.4969 0.2973 0.8153
vn 0.1426 0.0264 0.9894
vn -0.2327 -0.2689 0.9346
vn -0.5422 -0.5161 0.6631
vn -0.7155 -0.6564 0.2392
vn -0.5867 -0.7743 -0.2369
vn -0.4405 -0.6110 -0.6578
vn -0.1798 -0.3202 -0.9301
vn 0.1386 0.0305 -0.9899
vn 0.4426 0.3590 -0.8218
vn 0.6595 0.5912 -0.4643
vn 0.6518 0.6053 0.4569
vn 0.4362 0.3808 0.8153
vn 0.1358 0.0511 0.9894
vn -0.1812 -0.3060 0.9346
vn -0.4420 -0.6041 0.6631
vn -0.5878 -0.7728 0.2392
vn -0.4402 -0.8661 -0.2369
vn -0.3252 -0.6794 -0.6578
vn -0.1203 -0.3470 -0.9301
vn 0.1306 0.0548 -0.9899
vn 0.3710 0.4324 -0.8218
vn 0.5426 0.7000 -0.4644
vn 0.5333 0.7118 0.4570
vn 0.3616 0.4521 0.8154
vn 0.1247 0.0743 0.9894
vn -0.1239 -0.3334 0.9346
vn -0.3278 -0.6730 0.6631
vn -0.4415 -0.8648 0.2392
vn -0.2797 -0.9304 -0.2369
vn -0.1996 -0.7263 -0.6577
vn -0.0570 -0.3628 -0.9301
vn 0.1184 0.0773 -0.9900
vn 0.2874 0.4918 -0.8219
vn 0.4082 0.7859 -0.4644
vn 0.3978 0.7955 0.4572
vn 0.2755 0.5091 0.8154
vn 0.1097 0.0951 0.9894
vn -0.0626 -0.3501 0.9346
vn -0.2032 -0.7204 0.6631
vn -0.2811 -0.9294 0.2392
vn -0.1103 -0.9653 -0.2369
vn -0.0677 -0.7502 -0.6577
vn 0.0082 -0.3672 -0.9301
vn 0.1025 0.0971 -0.9900
vn 0.1946 0.5353 -0.8219
vn 0.2606 0.8464 -0.4645
vn 0.2496 0.8536 0.4573
vn 0.1807 0.5499 0.8155
vn 0.0913 0.1130 0.9894
vn 0.0007 -0.3557 0.9346
vn -0.0721 -0.7451 0.6631
vn -0.1119 -0.9645 0.2392
vn 0.0626 -0.9695 -0.2369
vn 0.0664 -0.7504 -0.6577
vn 0.0731 -0.3600 -0.9301
vn 0.0832 0.1137 -0.9900
vn 0.0955 0.5614 -0.8220
vn 0.1047 0.8794 -0.4645
vn 0.0934 0.8844 0.4574
vn 0.0802 0.5731 0.8155
vn 0.0700 0.1274 0.9894
vn 0.0639 -0.3499 0.9346
vn 0.0612 -0.7460 0.6631
vn 0.0609 -0.9691 0.2392
vn 0.2335 -0.9431 -0.2369
vn 0.1984 -0.7268 -0.6576
vn 0.1357 -0.3414 -0.9301
vn 0.0614 0.1266 -0.9901
vn -0.0065 0.5694 -0.8221
vn -0.0545 0.8839 -0.4645
vn -0.0657 0.8868 0.4575
vn -0.0228 0.5782 0.8156
vn 0.0465 0.1378 0.9894
vn 0.1252 -0.3330 0.9346
vn 0.1926 -0.7233 0.6631
vn 0.2318 -0.9429 0.2392
vn 0.3970 -0.8867 -0.2368
vn 0.3241 -0.6801 -0.6576
vn 0.1940 -0.3120 -0.9301
vn 0.0376 0.1354 -0.9901
vn -0.1083 0.5589 -0.8221
vn -0.2119 0.8598 -0.4645
vn -0.2227 0.8608 0.4576
vn -0.1251 0.5649 0.8156
vn 0.0215 0.1439 0.9894
vn 0.1824 -0.3055 0.9346
vn 0.3179 -0.6777 0.6631
vn 0.3953 -0.8868 0.2392
vn 0.5479 -0.8023 -0.2368
vn 0.4396 -0.6119 -0.6576
vn 0.2462 -0.2727 -0.9301
vn 0.0127 0.1397 -0.9901
vn -0.2066 0.5305 -0.8221
vn -0.3623 0.8080 -0.4646
vn -0.3725 0.8073 0.4577
vn -0.2233 0.5337 0.8157
vn -0.0042 0.1455 0.9894
vn 0.2339 -0.2682 0.9345
vn 0.4332 -0.6105 0.6631
vn 0.5464 -0.8027 0.2392
vn 0.5989 -0.7643 -0.2392
vn 0.4663 -0.5860 -0.6628
vn 0.2313 -0.2701 -0.9346
vn -0.0522 0.1110 -0.9924
vn -0.3194 0.4700 -0.8229
vn -0.5089 0.7247 -0.4647
vn -0.5090 0.7247 0.4644
vn -0.3197 0.4703 0.8226
vn -0.0527 0.1114 0.9924
vn 0.2309 -0.2698 0.9348
vn 0.4660 -0.5858 0.6630
vn 0.5989 -0.7643 0.2393
vn 0.6165 -0.7501 -0.2392
vn 0.4798 -0.5749 -0.6628
vn 0.2375 -0.2646 -0.9346
vn -0.0548 0.1097 -0.9924
vn -0.3302 0.4625 -0.8229
vn -0.5256 0.7126 -0.4647
vn -0.5257 0.7127 0.4644
vn -0.3306 0.4627 0.8226
vn -0.0553 0.1101 0.9924
vn 0.2371 -0.2643 0.9348
vn 0.4796 -0.5748 0.6630
vn 0.6165 -0.7501 0.2393
vn 0.6338 -0.7356 -0.2392
vn 0.4930 -0.5636 -0.6628
vn 0.2436 -0.2590 -0.9346
vn -0.0574 0.1084 -0.9924
vn -0.3409 0.4546 -0.8229
vn -0.5420 0.7002 -0.4647
vn -0.5422 0.7002 0.4644
vn -0.3412 0.4549 0.8226
vn -0.0578 0.1088 0.9924
vn 0.2432 -0.2587 0.9348
vn 0.4928 -0.5635 0.6630
vn 0.6338 -0.7356 0.2393
vn -0.9404 0.1882 -0.2832
vn 0.9255 -0.1902 -0.3275
vn 0.9260 -0.1849 0.3292
vn 0.5979 -0.1146 0.7934
vn -0.5636 0.1209 0.8172
vn 0.4958 -0.3599 -0.7903
vn -0.4873 0.8284 0.2760
vn -0.1834 -0.5878 -0.7880
vn -0.6255 -0.7106 -0.3222
vn -0.5538 -0.2468 0.7953
vn -0.9443 -0.0063 0.3292
vn -0.4126 0.4426 -0.7962
vn 0.1825 -0.5523 -0.8134
vn -0.7960 -0.1817 -0.5774
vn -0.7990 0.1571 -0.5804
vn -0.7985 0.1666 0.5784
vn -0.7951 -0.1723 0.5815
vn 0.9801 -0.1986 0.0011
vn -0.6636 0.4775 0.5758
vn 0.8146 -0.5800 0.0040
vn -0.4139 0.7067 0.5738
vn -0.4147 0.6973 -0.5846
vn 0.5082 -0.8612 0.0067
vn -0.0933 0.8051 -0.5857
vn 0.2449 0.7822 0.5729
vn 0.2441 0.7729 -0.5858
vn -0.0362 -0.1155 0.9927
vn -0.0000 -0.0000 -1.0000
vn 0.5400 0.6155 0.5741
vn 0.5392 0.6062 -0.5847
vn -0.5929 -0.2846 -0.7533
vn -0.9096 -0.4154 0.0041
vn -0.7730 -0.4286 0.4678
vn 0.8153 0.0124 0.5789
vn 0.8146 0.0031 -0.5800
vn -1.0000 -0.0094 -0.0000
vn -1.0000 -0.0095 0.0008
vn -0.9998 -0.0208 -0.0000
vn 0.7474 -0.3291 -0.5772
vn -0.9174 0.3980 -0.0025
vn 0.5517 -0.5959 0.5836
vn 0.5508 -0.6053 -0.5746
vn -0.0053 -0.0000 -1.0000
vn -0.6762 0.7367 -0.0054
vn 0.0053 -0.0000 1.0000
vn 0.2596 -0.7680 0.5855
vn 0.2589 -0.7775 -0.5732
vn -0.0771 -0.8067 0.5859
vn -0.0779 -0.8161 -0.5726
vn -0.4004 -0.7051 0.5853
vn -0.4013 -0.7145 -0.5731
vn -0.6546 -0.4808 0.5835
vn -0.6554 -0.4901 -0.5747
vn 0.8034 0.5954 -0.0054
vn 0.6508 -0.7206 -0.2392
vn 0.5060 -0.5520 -0.6628
vn 0.2496 -0.2533 -0.9346
vn -0.0599 0.1071 -0.9924
vn -0.3514 0.4465 -0.8229
vn -0.5582 0.6873 -0.4647
vn -0.5584 0.6874 0.4644
vn -0.3518 0.4468 0.8226
vn -0.0603 0.1074 0.9924
vn 0.2492 -0.2530 0.9348
vn 0.5058 -0.5518 0.6630
vn 0.6508 -0.7206 0.2393
vn 0.6674 -0.7052 -0.2392
vn 0.5188 -0.5400 -0.6628
vn 0.2554 -0.2474 -0.9346
vn -0.0624 0.1056 -0.9924
vn -0.3617 0.4382 -0.8229
vn -0.5741 0.6742 -0.4647
vn -0.5742 0.6742 0.4644
vn -0.3621 0.4385 0.8226
vn -0.0628 0.1060 0.9924
vn 0.2550 -0.2471 0.9348
vn 0.5185 -0.5399 0.6630
vn 0.6674 -0.7052 0.2393
vn 0.6837 -0.6895 -0.2392
vn 0.5312 -0.5278 -0.6628
vn 0.2611 -0.2414 -0.9346
vn -0.0648 0.1041 -0.9924
vn -0.3718 0.4297 -0.8229
vn -0.5896 0.6606 -0.4647
vn -0.5898 0.6607 0.4644
vn -0.3722 0.4299 0.8226
vn -0.0653 0.1045 0.9924
vn 0.2607 -0.2411 0.9348
vn 0.5310 -0.5277 0.6630
vn 0.6836 -0.6895 0.2393
vn 0.8966 -0.3790 0.2292
vn 0.8966 -0.3790 -0.2291
vn 0.9203 0.3868 -0.0592
vn 0.6838 -0.2053 -0.7002
vn 0.8335 0.4555 -0.3127
vn 0.8770 -0.3620 -0.3158
vn 0.3083 0.1022 -0.9458
vn 0.6532 0.5983 -0.4640
vn 0.6320 -0.1602 -0.7583
vn -0.1083 0.4440 -0.8895
vn 0.4392 0.7680 -0.4661
vn 0.2416 0.1604 -0.9570
vn -0.4338 0.7116 -0.5527
vn 0.2596 0.9105 -0.3219
vn -0.1683 0.4964 -0.8516
vn -0.5675 0.8222 -0.0436
vn 0.1689 0.9825 -0.0787
vn -0.4689 0.7423 -0.4786
vn -0.4689 0.7423 0.4786
vn 0.1939 0.9628 0.1884
vn -0.5675 0.8222 0.0436
vn -0.1683 0.4965 0.8516
vn 0.3272 0.8571 0.3979
vn -0.4338 0.7116 0.5527
vn 0.2416 0.1604 0.9570
vn 0.5292 0.6970 0.4840
vn -0.1083 0.4440 0.8895
vn 0.6320 -0.1602 0.7583
vn 0.7372 0.5320 0.4165
vn 0.3083 0.1022 0.9458
vn 0.8771 -0.3620 0.3157
vn 0.8840 0.4156 0.2139
vn 0.6838 -0.2053 0.7002
vn 0.7434 -0.6579 0.1204
vn 0.7434 -0.6579 -0.1204
vn 0.5852 -0.5007 -0.6378
vn 0.6778 -0.5929 -0.4349
vn 0.2535 -0.1715 -0.9520
vn 0.4092 -0.3265 -0.8521
vn -0.1458 0.2248 -0.9634
vn 0.0233 0.0564 -0.9981
vn -0.4859 0.5622 -0.6692
vn -0.3571 0.4339 -0.8272
vn -0.6592 0.7341 -0.1633
vn -0.6112 0.6863 -0.3943
vn -0.6112 0.6863 0.3943
vn -0.6592 0.7340 0.1633
vn -0.3571 0.4339 0.8272
vn -0.4859 0.5622 0.6692
vn 0.0233 0.0564 0.9981
vn -0.1458 0.2248 0.9634
vn 0.4092 -0.3265 0.8521
vn 0.2535 -0.1715 0.9520
vn 0.6778 -0.5928 0.4349
vn 0.5852 -0.5007 0.6378
vn 0.7733 -0.6225 0.1204
vn 0.7733 -0.6225 -0.1204
vn 0.6080 -0.4729 -0.6378
vn 0.7047 -0.5606 -0.4348
vn 0.2614 -0.1596 -0.9520
vn 0.4240 -0.3071 -0.8520
vn -0.1560 0.2176 -0.9635
vn 0.0207 0.0573 -0.9981
vn -0.5115 0.5389 -0.6693
vn -0.3768 0.4167 -0.8273
vn -0.6927 0.7025 -0.1633
vn -0.6426 0.6570 -0.3943
vn -0.6426 0.6570 0.3943
vn -0.6927 0.7025 0.1633
vn -0.3768 0.4167 0.8273
vn -0.5115 0.5389 0.6693
vn 0.0207 0.0573 0.9981
vn -0.1560 0.2176 0.9635
vn 0.4240 -0.3071 0.8520
vn 0.2614 -0.1596 0.9520
vn 0.7047 -0.5606 0.4348
vn 0.6080 -0.4729 0.6378
vn 0.8015 -0.5857 0.1204
vn 0.8015 -0.5857 -0.1204
vn 0.6295 -0.4440 -0.6377
vn 0.7301 -0.5272 -0.4348
vn 0.9411 -0.2192 -0.2573
vn 0.2687 -0.1472 -0.9519
vn 0.4379 -0.2871 -0.8519
vn 0.7649 0.5776 -0.2852
vn 0.7241 -0.0426 -0.6884
vn -0.1658 0.2101 -0.9635
vn 0.0181 0.0580 -0.9982
vn 0.6127 0.6974 -0.3717
vn 0.3617 0.2528 -0.8974
vn -0.5360 0.5144 -0.6694
vn -0.3959 0.3985 -0.8274
vn 0.4489 0.8265 -0.3397
vn -0.0286 0.5712 -0.8203
vn -0.7247 0.6694 -0.1634
vn -0.6726 0.6262 -0.3943
vn 0.3251 0.9241 -0.2010
vn -0.3237 0.8121 -0.4855
vn -0.6726 0.6262 0.3943
vn -0.7247 0.6694 0.1634
vn -0.4341 0.9009 -0.0000
vn -0.3959 0.3985 0.8274
vn -0.5360 0.5144 0.6694
vn 0.3252 0.9240 0.2010
vn -0.0703 0.7335 0.6760
vn 0.0181 0.0580 0.9982
vn -0.1658 0.2101 0.9635
vn 0.4491 0.8264 0.3396
vn 0.6094 0.2297 0.7589
vn 0.4380 -0.2871 0.8519
vn 0.2687 -0.1472 0.9519
vn 0.6129 0.6974 0.3714
vn 0.9870 -0.1443 0.0712
vn 0.7301 -0.5272 0.4348
vn 0.6295 -0.4440 0.6377
vn 0.7649 0.5777 0.2850
vn 0.7964 -0.0798 -0.5995
vn 0.8560 0.5059 0.1065
vn 0.4314 0.1949 -0.8809
vn 0.7186 -0.6359 0.2816
vn 0.7188 -0.6360 -0.2809
vn 0.5033 -0.4222 -0.7540
vn 0.1403 -0.0620 -0.9882
vn -0.2552 0.3305 -0.9087
vn -0.5574 0.6304 -0.5403
vn -0.5581 0.6308 0.5391
vn -0.2568 0.3318 0.9077
vn 0.1384 -0.0604 0.9885
vn 0.5022 -0.4213 0.7552
vn 0.7475 -0.6016 0.2816
vn 0.7476 -0.6017 -0.2809
vn 0.5224 -0.3982 -0.7540
vn 0.1430 -0.0554 -0.9882
vn -0.2704 0.3182 -0.9087
vn -0.5863 0.6036 -0.5403
vn -0.5869 0.6041 0.5391
vn -0.2720 0.3195 0.9077
vn 0.1411 -0.0538 0.9885
vn 0.5213 -0.3973 0.7552
vn 0.7749 -0.5662 0.2810
vn 0.7749 -0.5662 -0.2810
vn 0.5404 -0.3735 -0.7540
vn 0.1454 -0.0488 -0.9882
vn -0.2850 0.3051 -0.9087
vn -0.6139 0.5756 -0.5403
vn -0.6138 0.5757 0.5402
vn 0.3268 -0.2040 0.9228
vn 0.7867 -0.6066 0.1146
vn 0.6151 -0.4821 -0.6239
vn 0.6156 0.7880 -0.0000
vt 0.000000 0.000000
vt 0.076923 0.125000
vt 0.000000 0.125000
vt 0.076923 0.000000
vt 0.153846 0.125000
vt 0.153846 0.000000
vt 0.230769 0.125000
vt 0.230769 0.000000
vt 0.307692 0.125000
vt 0.307692 0.000000
vt 0.384615 0.125000
vt 0.384615 0.000000
vt 0.461538 0.125000
vt 0.538462 0.000000
vt 0.461538 0.000000
vt 0.615385 0.000000
vt 0.538462 0.125000
vt 0.692308 0.000000
vt 0.615385 0.125000
vt 0.769231 0.000000
vt 0.692308 0.125000
vt 0.846154 0.000000
vt 0.769231 0.125000
vt 0.923077 0.000000
vt 0.846154 0.125000
vt 1.000000 0.000000
vt 0.923077 0.125000
vt 0.076923 0.250000
vt 0.000000 0.250000
vt 0.153846 0.250000
vt 0.230769 0.250000
vt 0.307692 0.250000
vt 0.384615 0.250000
vt 0.461538 0.250000
vt 0.538462 0.250000
vt 0.615385 0.250000
vt 0.692308 0.250000
vt 0.769231 0.250000
vt 0.846154 0.250000
vt 1.000000 0.125000
vt 0.923077 0.250000
vt 0.076923 0.375000
vt 0.000000 0.375000
vt 0.153846 0.375000
vt 0.230769 0.375000
vt 0.307692 0.375000
vt 0.384615 0.375000
vt 0.461538 0.375000
vt 0.538462 0.375000
vt 0.615385 0.375000
vt 0.692308 0.375000
vt 0.769231 0.375000
vt 0.846154 0.375000
vt 1.000000 0.250000
vt 0.923077 0.375000
vt 0.076923 0.500000
vt 0.000000 0.500000
vt 0.153846 0.500000
vt 0.230769 0.500000
vt 0.307692 0.500000
vt 0.384615 0.500000
vt 0.461538 0.500000
vt 0.538462 0.500000
vt 0.615385 0.500000
vt 0.692308 0.500000
vt 0.769231 0.500000
vt 0.846154 0.500000
vt 1.000000 0.375000
vt 0.923077 0.500000
vt 0.076923 0.625000
vt 0.000000 0.625000
vt 0.153846 0.625000
vt 0.230769 0.625000
vt 0.307692 0.625000
vt 0.384615 0.625000
vt 0.461538 0.625000
vt 0.538462 0.625000
vt 0.615385 0.625000
vt 0.692308 0.625000
vt 0.769231 0.625000
vt 0.846154 0.625000
vt 1.000000 0.500000
vt 0.923077 0.625000
vt 0.076923 0.750000
vt 0.000000 0.750000
vt 0.153846 0.750000
vt 0.230769 0.750000
vt 0.307692 0.750000
vt 0.384615 0.750000
vt 0.461538 0.750000
vt 0.538462 0.750000
vt 0.615385 0.750000
vt 0.692308 0.750000
vt 0.769231 0.750000
vt 0.846154 0.750000
vt 1.000000 0.625000
vt 0.923077 0.750000
vt 0.076923 0.875000
vt 0.000000 0.875000
vt 0.153846 0.875000
vt 0.230769 0.875000
vt 0.307692 0.875000
vt 0.384615 0.875000
vt 0.461538 0.875000
vt 0.538462 0.875000
vt 0.615385 0.875000
vt 0.692308 0.875000
vt 0.769231 0.875000
vt 0.846154 0.875000
vt 1.000000 0.750000
vt 0.923077 0.875000
vt 0.076923 1.000000
vt 0.000000 1.000000
vt 0.153846 1.000000
vt 0.230769 1.000000
vt 0.307692 1.000000
vt 0.384615 1.000000
vt 0.461538 1.000000
vt 0.538462 1.000000
vt 0.615385 1.000000
vt 0.692308 1.000000
vt 0.769231 1.000000
vt 0.846154 1.000000
vt 1.000000 0.875000
vt 0.923077 1.000000
vt 0.076923 0.333333
vt 0.000000 0.333333
vt 0.153846 0.333333
vt 0.307692 0.333333
vt 0.230769 0.333333
vt 0.384615 0.333333
vt 0.461538 0.333333
vt 0.615385 0.333333
vt 0.538462 0.333333
vt 0.692308 0.333333
vt 0.769231 0.333333
vt 0.846154 0.333333
vt 0.923077 0.333333
vt 0.076923 0.666667
vt 0.000000 0.666667
vt 0.153846 0.666667
vt 0.230769 0.666667
vt 0.384615 0.666667
vt 0.307692 0.666667
vt 0.461538 0.666667
vt 0.538462 0.666667
vt 0.615385 0.666667
vt 0.692308 0.666667
vt 0.769231 0.666667
vt 0.846154 0.666667
vt 1.000000 0.333333
vt 0.923077 0.666667
vt 1.000000 0.666667
vt 0.076923 0.090909
vt 0.000000 0.090909
vt 0.153846 0.090909
vt 0.230769 0.090909
vt 0.307692 0.090909
vt 0.384615 0.090909
vt 0.461538 0.090909
vt 0.538462 0.090909
vt 0.615385 0.090909
vt 0.692308 0.090909
vt 0.769231 0.090909
vt 0.846154 0.090909
vt 0.923077 0.090909
vt 0.076923 0.181818
vt 0.000000 0.181818
vt 0.153846 0.181818
vt 0.230769 0.181818
vt 0.307692 0.181818
vt 0.384615 0.181818
vt 0.461538 0.181818
vt 0.538462 0.181818
vt 0.615385 0.181818
vt 0.692308 0.181818
vt 0.769231 0.181818
vt 0.846154 0.181818
vt 1.000000 0.090909
vt 0.923077 0.181818
vt 0.076923 0.272727
vt 0.000000 0.272727
vt 0.153846 0.272727
vt 0.230769 0.272727
vt 0.307692 0.272727
vt 0.384615 0.272727
vt 0.461538 0.272727
vt 0.538462 0.272727
vt 0.615385 0.272727
vt 0.692308 0.272727
vt 0.769231 0.272727
vt 0.846154 0.272727
vt 1.000000 0.181818
vt 0.923077 0.272727
vt 0.076923 0.363636
vt 0.000000 0.363636
vt 0.153846 0.363636
vt 0.230769 0.363636
vt 0.307692 0.363636
vt 0.384615 0.363636
vt 0.461538 0.363636
vt 0.538462 0.363636
vt 0.615385 0.363636
vt 0.692308 0.363636
vt 0.769231 0.363636
vt 0.846154 0.363636
vt 1.000000 0.272727
vt 0.923077 0.363636
vt 0.076923 0.454545
vt 0.000000 0.454545
vt 0.153846 0.454545
vt 0.230769 0.454545
vt 0.307692 0.454545
vt 0.384615 0.454545
vt 0.461538 0.454545
vt 0.538462 0.454545
vt 0.615385 0.454545
vt 0.692308 0.454545
vt 0.769231 0.454545
vt 0.846154 0.454545
vt 1.000000 0.363636
vt 0.923077 0.454545
vt 0.076923 0.545455
vt 0.000000 0.545455
vt 0.153846 0.545455
vt 0.230769 0.545455
vt 0.307692 0.545455
vt 0.384615 0.545455
vt 0.461538 0.545455
vt 0.538462 0.545455
vt 0.615385 0.545455
vt 0.692308 0.545455
vt 0.769231 0.545455
vt 0.846154 0.545455
vt 1.000000 0.454545
vt 0.923077 0.545455
vt 0.076923 0.636364
vt 0.000000 0.636364
vt 0.153846 0.636364
vt 0.230769 0.636364
vt 0.307692 0.636364
vt 0.384615 0.636364
vt 0.461538 0.636364
vt 0.538462 0.636364
vt 0.615385 0.636364
vt 0.692308 0.636364
vt 0.769231 0.636364
vt 0.846154 0.636364
vt 1.000000 0.545455
vt 0.923077 0.636364
vt 0.076923 0.727273
vt 0.000000 0.727273
vt 0.153846 0.727273
vt 0.230769 0.727273
vt 0.307692 0.727273
vt 0.384615 0.727273
vt 0.461538 0.727273
vt 0.538462 0.727273
vt 0.615385 0.727273
vt 0.692308 0.727273
vt 0.769231 0.727273
vt 0.846154 0.727273
vt 1.000000 0.636364
vt 0.923077 0.727273
vt 0.076923 0.818182
vt 0.000000 0.818182
vt 0.153846 0.818182
vt 0.230769 0.818182
vt 0.307692 0.818182
vt 0.384615 0.818182
vt 0.461538 0.818182
vt 0.538462 0.818182
vt 0.615385 0.818182
vt 0.692308 0.818182
vt 0.769231 0.818182
vt 0.846154 0.818182
vt 1.000000 0.727273
vt 0.923077 0.818182
vt 0.076923 0.909091
vt 0.000000 0.909091
vt 0.153846 0.909091
vt 0.230769 0.909091
vt 0.307692 0.909091
vt 0.384615 0.909091
vt 0.461538 0.909091
vt 0.538462 0.909091
vt 0.615385 0.909091
vt 0.692308 0.909091
vt 0.769231 0.909091
vt 0.846154 0.909091
vt 1.000000 0.818182
vt 0.923077 0.909091
vt 1.000000 0.909091
vt 1.000000 1.000000
vt 1.000000 0.941157
vt 0.970349 1.000000
vt 0.954555 0.940472
vt 0.029651 1.000000
vt 0.000000 0.941157
vt 0.045445 0.940473
vt 0.850876 0.500000
vt 0.996732 0.488869
vt 0.974112 0.588168
vt 0.120804 1.000000
vt 0.090909 0.940936
vt 0.136337 0.939935
vt 0.795178 0.689698
vt 0.923640 0.760058
vt 0.850608 0.830992
vt 0.061549 1.000000
vt 0.045445 0.940472
vt 0.211831 1.000000
vt 0.181818 0.940333
vt 0.227231 0.939014
vt 0.645761 0.819170
vt 0.715224 0.948303
vt 0.615642 0.968053
vt 0.152703 1.000000
vt 0.136337 0.939935
vt 0.302690 1.000000
vt 0.272727 0.939528
vt 0.318128 0.937986
vt 0.450065 0.847306
vt 0.438336 0.993546
vt 0.344376 0.956336
vt 0.243735 1.000000
vt 0.227243 0.939014
vt 0.393401 1.000000
vt 0.363636 0.938771
vt 0.409035 0.937183
vt 0.270224 0.765176
vt 0.181426 0.881919
vt 0.122699 0.800275
vt 0.334609 1.000000
vt 0.318169 0.937985
vt 0.484029 1.000000
vt 0.454545 0.938312
vt 0.499957 0.936879
vt 0.163336 0.598853
vt 0.025840 0.649558
vt 0.020254 0.549494
vt 0.425336 1.000000
vt 0.409107 0.937182
vt 0.574664 1.000000
vt 0.545455 0.938312
vt 0.590893 0.937182
vt 0.163336 0.401147
vt 0.020254 0.370326
vt 0.069193 0.282982
vt 0.515971 1.000000
vt 0.500043 0.936879
vt 0.665391 1.000000
vt 0.636364 0.938771
vt 0.681832 0.937986
vt 0.270225 0.234824
vt 0.166055 0.132262
vt 0.254398 0.084755
vt 0.606599 1.000000
vt 0.590965 0.937183
vt 0.756265 1.000000
vt 0.727273 0.939528
vt 0.772757 0.939014
vt 0.450064 0.152694
vt 0.417349 0.010338
vt 0.517777 0.017876
vt 0.697310 1.000000
vt 0.681872 0.937986
vt 0.847297 1.000000
vt 0.818182 0.940334
vt 0.863663 0.939935
vt 0.645760 0.180830
vt 0.695077 0.043368
vt 0.775899 0.104272
vt 0.788169 1.000000
vt 0.772769 0.939014
vt 0.938451 1.000000
vt 0.909091 0.940936
vt 0.954556 0.940472
vt 0.795179 0.310302
vt 0.911276 0.221577
vt 0.946262 0.316984
vt 0.879196 1.000000
vt 0.863664 0.939935
vt 0.963535 0.000000
vt 1.000000 0.333716
vt 0.960790 0.333333
vt 0.000000 0.333716
vt 0.036465 0.000000
vt 0.039210 0.333333
vt 0.127397 0.000000
vt 0.090909 0.333702
vt 0.090909 0.000735
vt 0.054465 0.000000
vt 0.218320 0.000000
vt 0.181818 0.333662
vt 0.181818 0.000657
vt 0.145387 0.000000
vt 0.309225 0.000000
vt 0.272727 0.333608
vt 0.272727 0.000550
vt 0.236302 0.000000
vt 0.400115 0.000000
vt 0.363636 0.333556
vt 0.363636 0.000448
vt 0.327210 0.000000
vt 0.491000 0.000000
vt 0.454545 0.333525
vt 0.454545 0.000386
vt 0.418110 0.000000
vt 0.581890 0.000000
vt 0.545455 0.333525
vt 0.545455 0.000386
vt 0.509000 0.000000
vt 0.672790 0.000000
vt 0.636364 0.333556
vt 0.636364 0.000448
vt 0.599885 0.000000
vt 0.763698 0.000000
vt 0.727273 0.333608
vt 0.727273 0.000550
vt 0.690775 0.000000
vt 0.854613 0.000000
vt 0.818182 0.333662
vt 0.818182 0.000657
vt 0.781680 0.000000
vt 0.945535 0.000000
vt 0.909091 0.333702
vt 0.909091 0.000735
vt 0.872603 0.000000
vt 1.000000 0.667013
vt 0.957597 0.666667
vt 0.000000 0.667013
vt 0.042403 0.666667
vt 0.130130 0.333333
vt 0.090909 0.667000
vt 0.051707 0.333333
vt 0.221047 0.333333
vt 0.181818 0.666963
vt 0.142617 0.333333
vt 0.311954 0.333333
vt 0.272727 0.666913
vt 0.233525 0.333333
vt 0.402853 0.333333
vt 0.363636 0.666866
vt 0.324435 0.333333
vt 0.493751 0.333333
vt 0.454545 0.666837
vt 0.415344 0.333333
vt 0.584656 0.333333
vt 0.545455 0.666837
vt 0.506249 0.333333
vt 0.675566 0.333333
vt 0.636364 0.666866
vt 0.597148 0.333333
vt 0.766475 0.333333
vt 0.727273 0.666913
vt 0.688046 0.333333
vt 0.857383 0.333333
vt 0.818182 0.666963
vt 0.778953 0.333333
vt 0.948293 0.333333
vt 0.909091 0.667000
vt 0.869870 0.333333
vt 0.133310 0.666667
vt 0.048499 0.666667
vt 0.946262 0.683017
vt 0.224221 0.666667
vt 0.139395 0.666667
vt 0.775899 0.895728
vt 0.315129 0.666667
vt 0.230295 0.666667
vt 0.517777 0.982124
vt 0.406038 0.666667
vt 0.321207 0.666667
vt 0.254398 0.915245
vt 0.496952 0.666667
vt 0.412128 0.666667
vt 0.069193 0.717018
vt 0.587872 0.666667
vt 0.503048 0.666667
vt 0.020254 0.450506
vt 0.678793 0.666667
vt 0.593962 0.666667
vt 0.122699 0.199725
vt 0.769704 0.666667
vt 0.684870 0.666667
vt 0.344376 0.043664
vt 0.860605 0.666667
vt 0.775779 0.666667
vt 0.615643 0.031947
vt 0.951501 0.666667
vt 0.866690 0.666667
vt 0.850608 0.169008
vt 0.974112 0.411833
vt 1.000000 0.975525
vt 0.003744 1.000000
vt 0.092908 0.987755
vt 0.183881 0.987706
vt 0.274770 0.987631
vt 0.365584 0.987554
vt 0.456352 0.987499
vt 0.547120 0.987484
vt 0.637932 0.987514
vt 0.728817 0.987578
vt 0.819784 0.987657
vt 0.910815 0.987726
vt 1.000000 0.000763
vt 0.000000 0.000763
s 0
usemtl bone
f 1/1/1 15/2/1 14/3/1
f 2/4/2 16/5/2 15/2/2
f 3/6/3 17/7/3 16/5/3
f 4/8/4 18/9/4 17/7/4
f 5/10/5 19/11/5 18/9/5
f 6/12/6 20/13/6 19/11/6
f 8/14/7 20/13/7 7/15/7
f 9/16/8 21/17/8 8/14/8
f 10/18/9 22/19/9 9/16/9
f 11/20/10 23/21/10 10/18/10
f 12/22/11 24/23/11 11/20/11
f 13/24/12 25/25/12 12/22/12
f 1/26/13 26/27/13 13/24/13
f 14/3/14 28/28/14 27/29/14
f 15/2/15 29/30/15 28/28/15
f 16/5/16 30/31/16 29/30/16
f 17/7/17 31/32/17 30/31/17
f 18/9/18 32/33/18 31/32/18
f 19/11/19 33/34/19 32/33/19
f 21/17/20 33/34/20 20/13/20
f 22/19/21 34/35/21 21/17/21
f 23/21/22 35/36/22 22/19/22
f 24/23/23 36/37/23 23/21/23
f 25/25/24 37/38/24 24/23/24
f 26/27/25 38/39/25 25/25/25
f 14/40/26 39/41/26 26/27/26
f 27/29/27 41/42/27 40/43/27
f 28/28/28 42/44/28 41/42/28
f 29/30/29 43/45/29 42/44/29
f 30/31/30 44/46/30 43/45/30
f 31/32/31 45/47/31 44/46/31
f 32/33/32 46/48/32 45/47/32
f 34/35/33 46/48/33 33/34/33
f 35/36/34 47/49/34 34/35/34
f 36/37/35 48/50/35 35/36/35
f 37/38/36 49/51/36 36/37/36
f 38/39/37 50/52/37 37/38/37
f 39/41/38 51/53/38 38/39/38
f 27/54/39 52/55/39 39/41/39
f 40/43/40 54/56/40 53/57/40
f 41/42/41 55/58/41 54/56/41
f 42/44/42 56/59/42 55/58/42
f 43/45/43 57/60/43 56/59/43
f 44/46/44 58/61/44 57/60/44
f 45/47/45 59/62/45 58/61/45
f 47/49/46 59/62/46 46/48/46
f 48/50/47 60/63/47 47/49/47
f 49/51/48 61/64/48 48/50/48
f 50/52/49 62/65/49 49/51/49
f 51/53/50 63/66/50 50/52/50
f 52/55/51 64/67/51 51/53/51
f 40/68/52 65/69/52 52/55/52
f 53/57/53 67/70/53 66/71/53
f 54/56/54 68/72/54 67/70/54
f 55/58/55 69/73/55 68/72/55
f 56/59/56 70/74/56 69/73/56
f 57/60/57 71/75/57 70/74/57
f 58/61/58 72/76/58 71/75/58
f 60/63/59 72/76/59 59/62/59
f 61/64/60 73/77/60 60/63/60
f 62/65/61 74/78/61 61/64/61
f 63/66/62 75/79/62 62/65/62
f 64/67/63 76/80/63 63/66/63
f 65/69/64 77/81/64 64/67/64
f 53/82/65 78/83/65 65/69/65
f 66/71/66 80/84/66 79/85/66
f 67/70/67 81/86/67 80/84/67
f 68/72/68 82/87/68 81/86/68
f 69/73/69 83/88/69 82/87/69
f 70/74/70 84/89/70 83/88/70
f 71/75/71 85/90/71 84/89/71
f 73/77/72 85/90/72 72/76/72
f 74/78/73 86/91/73 73/77/73
f 75/79/74 87/92/74 74/78/74
f 76/80/75 88/93/75 75/79/75
f 77/81/76 89/94/76 76/80/76
f 78/83/77 90/95/77 77/81/77
f 66/96/78 91/97/78 78/83/78
f 79/85/79 93/98/79 92/99/79
f 80/84/80 94/100/80 93/98/80
f 81/86/81 95/101/81 94/100/81
f 82/87/82 96/102/82 95/101/82
f 83/88/83 97/103/83 96/102/83
f 84/89/84 98/104/84 97/103/84
f 86/91/85 98/104/85 85/90/85
f 87/92/86 99/105/86 86/91/86
f 88/93/87 100/106/87 87/92/87
f 89/94/88 101/107/88 88/93/88
f 90/95/89 102/108/89 89/94/89
f 91/97/90 103/109/90 90/95/90
f 79/110/91 104/111/91 91/97/91
f 92/99/92 106/112/92 105/113/92
f 93/98/93 107/114/93 106/112/93
f 94/100/94 108/115/94 107/114/94
f 95/101/95 109/116/95 108/115/95
f 96/102/96 110/117/96 109/116/96
f 97/103/97 111/118/97 110/117/97
f 99/105/98 111/118/98 98/104/98
f 100/106/99 112/119/99 99/105/99
f 101/107/100 113/120/100 100/106/100
f 102/108/101 114/121/101 101/107/101
f 103/109/102 115/122/102 102/108/102
f 104/111/103 116/123/103 103/109/103
f 92/124/104 117/125/104 104/111/104
f 170/1/144 184/154/144 183/155/144
f 171/4/145 185/156/145 184/154/145
f 172/6/146 186/157/146 185/156/146
f 173/8/147 187/158/147 186/157/147
f 174/10/148 188/159/148 187/158/148
f 175/12/149 189/160/149 188/159/149
f 177/14/150 189/160/150 176/15/150
f 178/16/151 190/161/151 177/14/151
f 179/18/152 191/162/152 178/16/152
f 180/20/153 192/163/153 179/18/153
f 181/22/154 193/164/154 180/20/154
f 182/24/155 194/165/155 181/22/155
f 170/26/156 195/166/156 182/24/156
f 183/155/157 197/167/157 196/168/157
f 184/154/158 198/169/158 197/167/158
f 185/156/159 199/170/159 198/169/159
f 186/157/160 200/171/160 199/170/160
f 187/158/161 201/172/161 200/171/161
f 188/159/162 202/173/162 201/172/162
f 189/160/163 203/174/163 202/173/163
f 191/162/164 203/174/164 190/161/164
f 192/163/165 204/175/165 191/162/165
f 193/164/166 205/176/166 192/163/166
f 194/165/167 206/177/167 193/164/167
f 195/166/168 207/178/168 194/165/168
f 183/179/169 208/180/169 195/166/169
f 196/168/170 210/181/170 209/182/170
f 197/167/171 211/183/171 210/181/171
f 198/169/172 212/184/172 211/183/172
f 199/170/173 213/185/173 212/184/173
f 200/171/174 214/186/174 213/185/174
f 201/172/175 215/187/175 214/186/175
f 203/174/176 215/187/176 202/173/176
f 204/175/177 216/188/177 203/174/177
f 205/176/178 217/189/178 204/175/178
f 206/177/179 218/190/179 205/176/179
f 207/178/180 219/191/180 206/177/180
f 208/180/181 220/192/181 207/178/181
f 196/193/182 221/194/182 208/180/182
f 209/182/183 223/195/183 222/196/183
f 210/181/184 224/197/184 223/195/184
f 211/183/185 225/198/185 224/197/185
f 212/184/186 226/199/186 225/198/186
f 213/185/187 227/200/187 226/199/187
f 214/186/188 228/201/188 227/200/188
f 216/188/189 228/201/189 215/187/189
f 217/189/190 229/202/190 216/188/190
f 218/190/191 230/203/191 217/189/191
f 219/191/192 231/204/192 218/190/192
f 220/192/193 232/205/193 219/191/193
f 221/194/194 233/206/194 220/192/194
f 209/207/195 234/208/195 221/194/195
f 222/196/196 236/209/196 235/210/196
f 223/195/197 237/211/197 236/209/197
f 224/197/198 238/212/198 237/211/198
f 225/198/199 239/213/199 238/212/199
f 226/199/200 240/214/200 239/213/200
f 227/200/201 241/215/201 240/214/201
f 229/202/202 241/215/202 228/201/202
f 230/203/203 242/216/203 229/202/203
f 231/204/204 243/217/204 230/203/204
f 232/205/205 244/218/205 231/204/205
f 233/206/206 245/219/206 232/205/206
f 234/208/207 246/220/207 233/206/207
f 222/221/208 247/222/208 234/208/208
f 235/210/209 249/223/209 248/224/209
f 236/209/210 250/225/210 249/223/210
f 237/211/211 251/226/211 250/225/211
f 238/212/212 252/227/212 251/226/212
f 239/213/213 253/228/213 252/227/213
f 240/214/214 254/229/214 253/228/214
f 242/216/215 254/229/215 241/215/215
f 243/217/216 255/230/216 242/216/216
f 244/218/217 256/231/217 243/217/217
f 245/219/218 257/232/218 244/218/218
f 246/220/219 258/233/219 245/219/219
f 247/222/220 259/234/220 246/220/220
f 235/235/221 260/236/221 247/222/221
f 248/224/222 262/237/222 261/238/222
f 249/223/223 263/239/223 262/237/223
f 250/225/224 264/240/224 263/239/224
f 251/226/225 265/241/225 264/240/225
f 252/227/226 266/242/226 265/241/226
f 253/228/227 267/243/227 266/242/227
f 255/230/228 267/243/228 254/229/228
f 256/231/229 268/244/229 255/230/229
f 257/232/230 269/245/230 256/231/230
f 258/233/231 270/246/231 257/232/231
f 259/234/232 271/247/232 258/233/232
f 260/236/233 272/248/233 259/234/233
f 248/249/234 273/250/234 260/236/234
f 261/238/235 275/251/235 274/252/235
f 262/237/236 276/253/236 275/251/236
f 263/239/237 277/254/237 276/253/237
f 264/240/238 278/255/238 277/254/238
f 265/241/239 279/256/239 278/255/239
f 266/242/240 280/257/240 279/256/240
f 268/244/241 280/257/241 267/243/241
f 269/245/242 281/258/242 268/244/242
f 270/246/243 282/259/243 269/245/243
f 271/247/244 283/260/244 270/246/244
f 272/248/245 284/261/245 271/247/245
f 273/250/246 285/262/246 272/248/246
f 261/263/247 286/264/247 273/250/247
f 274/252/248 288/265/248 287/266/248
f 275/251/249 289/267/249 288/265/249
f 276/253/250 290/268/250 289/267/250
f 277/254/251 291/269/251 290/268/251
f 278/255/252 292/270/252 291/269/252
f 279/256/253 293/271/253 292/270/253
f 281/258/254 293/271/254 280/257/254
f 282/259/255 294/272/255 281/258/255
f 283/260/256 295/273/256 282/259/256
f 284/261/257 296/274/257 283/260/257
f 285/262/258 297/275/258 284/261/258
f 286/264/259 298/276/259 285/262/259
f 274/277/260 299/278/260 286/264/260
f 287/266/261 301/279/261 300/280/261
f 288/265/262 302/281/262 301/279/262
f 289/267/263 303/282/263 302/281/263
f 290/268/264 304/283/264 303/282/264
f 291/269/265 305/284/265 304/283/265
f 292/270/266 306/285/266 305/284/266
f 294/272/267 306/285/267 293/271/267
f 295/273/268 307/286/268 294/272/268
f 296/274/269 308/287/269 295/273/269
f 297/275/270 309/288/270 296/274/270
f 298/276/271 310/289/271 297/275/271
f 299/278/272 311/290/272 298/276/272
f 287/291/273 312/292/273 299/278/273
f 300/280/274 314/112/274 313/113/274
f 301/279/275 315/114/275 314/112/275
f 302/281/276 316/115/276 315/114/276
f 303/282/277 317/116/277 316/115/277
f 304/283/278 318/117/278 317/116/278
f 305/284/279 319/118/279 318/117/279
f 307/286/280 319/118/280 306/285/280
f 308/287/281 320/119/281 307/286/281
f 309/288/282 321/120/282 308/287/282
f 310/289/283 322/121/283 309/288/283
f 311/290/284 323/122/284 310/289/284
f 312/292/285 324/123/285 311/290/285
f 300/293/286 325/125/286 312/292/286
f 378/1/326 392/126/326 391/127/326
f 379/4/327 393/128/327 392/126/327
f 380/6/328 394/130/328 393/128/328
f 381/8/329 395/129/329 394/130/329
f 382/10/330 396/131/330 395/129/330
f 383/12/331 397/132/331 396/131/331
f 384/15/332 398/134/332 397/132/332
f 386/16/333 398/134/333 385/14/333
f 387/18/334 399/133/334 386/16/334
f 388/20/335 400/135/335 387/18/335
f 389/22/336 401/136/336 388/20/336
f 390/24/337 402/137/337 389/22/337
f 378/26/338 403/138/338 390/24/338
f 391/127/339 405/139/339 404/140/339
f 392/126/340 406/141/340 405/139/340
f 393/128/341 407/142/341 406/141/341
f 394/130/342 408/144/342 407/142/342
f 395/129/343 409/143/343 408/144/343
f 396/131/344 410/145/344 409/143/344
f 398/134/345 410/145/345 397/132/345
f 399/133/346 411/146/346 398/134/346
f 400/135/347 412/147/347 399/133/347
f 401/136/348 413/148/348 400/135/348
f 402/137/349 414/149/349 401/136/349
f 403/138/350 415/150/350 402/137/350
f 391/151/351 416/152/351 403/138/351
f 404/140/352 418/112/352 417/113/352
f 405/139/353 419/114/353 418/112/353
f 406/141/354 420/115/354 419/114/354
f 407/142/355 421/116/355 420/115/355
f 408/144/356 422/117/356 421/116/356
f 409/143/357 423/118/357 422/117/357
f 411/146/358 423/118/358 410/145/358
f 412/147/359 424/119/359 411/146/359
f 413/148/360 425/120/360 412/147/360
f 414/149/361 426/121/361 413/148/361
f 415/150/362 427/122/362 414/149/362
f 416/152/363 428/123/363 415/150/363
f 404/153/364 429/125/364 416/152/364
f 655/1/568 669/126/568 668/127/568
f 656/4/569 670/128/569 669/126/569
f 657/6/570 671/130/570 670/128/570
f 658/8/571 672/129/571 671/130/571
f 659/10/572 673/131/572 672/129/572
f 660/12/573 674/132/573 673/131/573
f 662/14/574 674/132/574 661/15/574
f 663/16/575 675/134/575 662/14/575
f 664/18/576 676/133/576 663/16/576
f 665/20/577 677/135/577 664/18/577
f 666/22/578 678/136/578 665/20/578
f 667/24/579 679/137/579 666/22/579
f 655/26/580 680/138/580 667/24/580
f 668/127/581 682/139/581 681/140/581
f 669/126/582 683/141/582 682/139/582
f 670/128/583 684/142/583 683/141/583
f 671/130/584 685/144/584 684/142/584
f 672/129/585 686/143/585 685/144/585
f 673/131/586 687/145/586 686/143/586
f 675/134/587 687/145/587 674/132/587
f 676/133/588 688/146/588 675/134/588
f 677/135/589 689/147/589 676/133/589
f 678/136/590 690/148/590 677/135/590
f 679/137/591 691/149/591 678/136/591
f 680/138/592 692/150/592 679/137/592
f 668/151/593 693/152/593 680/138/593
f 681/140/594 695/112/594 694/113/594
f 682/139/595 696/114/595 695/112/595
f 683/141/596 697/115/596 696/114/596
f 684/142/597 698/116/597 697/115/597
f 685/144/598 699/117/598 698/116/598
f 686/143/599 700/118/599 699/117/599
f 688/146/600 700/118/600 687/145/600
f 689/147/601 701/119/601 688/146/601
f 690/148/602 702/120/602 689/147/602
f 691/149/603 703/121/603 690/148/603
f 692/150/604 704/122/604 691/149/604
f 693/152/605 705/123/605 692/150/605
f 681/153/606 706/125/606 693/152/606
f 1/1/801 2/4/801 15/2/801
f 2/4/802 3/6/802 16/5/802
f 3/6/803 4/8/803 17/7/803
f 4/8/804 5/10/804 18/9/804
f 5/10/805 6/12/805 19/11/805
f 6/12/806 7/15/806 20/13/806
f 8/14/7 21/17/7 20/13/7
f 9/16/807 22/19/807 21/17/807
f 10/18/808 23/21/808 22/19/808
f 11/20/809 24/23/809 23/21/809
f 12/22/810 25/25/810 24/23/810
f 13/24/811 26/27/811 25/25/811
f 1/26/812 14/40/812 26/27/812
f 14/3/813 15/2/813 28/28/813
f 15/2/814 16/5/814 29/30/814
f 16/5/815 17/7/815 30/31/815
f 17/7/816 18/9/816 31/32/816
f 18/9/817 19/11/817 32/33/817
f 19/11/818 20/13/818 33/34/818
f 21/17/20 34/35/20 33/34/20
f 22/19/819 35/36/819 34/35/819
f 23/21/820 36/37/820 35/36/820
f 24/23/821 37/38/821 36/37/821
f 25/25/822 38/39/822 37/38/822
f 26/27/823 39/41/823 38/39/823
f 14/40/824 27/54/824 39/41/824
f 27/29/825 28/28/825 41/42/825
f 28/28/826 29/30/826 42/44/826
f 29/30/827 30/31/827 43/45/827
f 30/31/828 31/32/828 44/46/828
f 31/32/829 32/33/829 45/47/829
f 32/33/830 33/34/830 46/48/830
f 34/35/33 47/49/33 46/48/33
f 35/36/831 48/50/831 47/49/831
f 36/37/832 49/51/832 48/50/832
f 37/38/833 50/52/833 49/51/833
f 38/39/834 51/53/834 50/52/834
f 39/41/835 52/55/835 51/53/835
f 27/54/836 40/68/836 52/55/836
f 40/43/837 41/42/837 54/56/837
f 41/42/838 42/44/838 55/58/838
f 42/44/839 43/45/839 56/59/839
f 43/45/840 44/46/840 57/60/840
f 44/46/841 45/47/841 58/61/841
f 45/47/842 46/48/842 59/62/842
f 47/49/46 60/63/46 59/62/46
f 48/50/843 61/64/843 60/63/843
f 49/51/844 62/65/844 61/64/844
f 50/52/845 63/66/845 62/65/845
f 51/53/846 64/67/846 63/66/846
f 52/55/847 65/69/847 64/67/847
f 40/68/848 53/82/848 65/69/848
f 53/57/849 54/56/849 67/70/849
f 54/56/850 55/58/850 68/72/850
f 55/58/851 56/59/851 69/73/851
f 56/59/852 57/60/852 70/74/852
f 57/60/853 58/61/853 71/75/853
f 58/61/854 59/62/854 72/76/854
f 60/63/59 73/77/59 72/76/59
f 61/64/855 74/78/855 73/77/855
f 62/65/856 75/79/856 74/78/856
f 63/66/857 76/80/857 75/79/857
f 64/67/858 77/81/858 76/80/858
f 65/69/859 78/83/859 77/81/859
f 53/82/860 66/96/860 78/83/860
f 66/71/861 67/70/861 80/84/861
f 67/70/862 68/72/862 81/86/862
f 68/72/863 69/73/863 82/87/863
f 69/73/864 70/74/864 83/88/864
f 70/74/865 71/75/865 84/89/865
f 71/75/866 72/76/866 85/90/866
f 73/77/72 86/91/72 85/90/72
f 74/78/867 87/92/867 86/91/867
f 75/79/868 88/93/868 87/92/868
f 76/80/869 89/94/869 88/93/869
f 77/81/870 90/95/870 89/94/870
f 78/83/871 91/97/871 90/95/871
f 66/96/872 79/110/872 91/97/872
f 79/85/873 80/84/873 93/98/873
f 80/84/874 81/86/874 94/100/874
f 81/86/875 82/87/875 95/101/875
f 82/87/876 83/88/876 96/102/876
f 83/88/877 84/89/877 97/103/877
f 84/89/878 85/90/878 98/104/878
f 86/91/85 99/105/85 98/104/85
f 87/92/879 100/106/879 99/105/879
f 88/93/880 101/107/880 100/106/880
f 89/94/881 102/108/881 101/107/881
f 90/95/882 103/109/882 102/108/882
f 91/97/883 104/111/883 103/109/883
f 79/110/884 92/124/884 104/111/884
f 92/99/885 93/98/885 106/112/885
f 93/98/886 94/100/886 107/114/886
f 94/100/887 95/101/887 108/115/887
f 95/101/888 96/102/888 109/116/888
f 96/102/889 97/103/889 110/117/889
f 97/103/890 98/104/890 111/118/890
f 99/105/98 112/119/98 111/118/98
f 100/106/891 113/120/891 112/119/891
f 101/107/892 114/121/892 113/120/892
f 102/108/893 115/122/893 114/121/893
f 103/109/894 116/123/894 115/122/894
f 104/111/895 117/125/895 116/123/895
f 92/124/896 105/294/896 117/125/896
f 170/1/901 171/4/901 184/154/901
f 171/4/902 172/6/902 185/156/902
f 172/6/903 173/8/903 186/157/903
f 173/8/904 174/10/904 187/158/904
f 174/10/905 175/12/905 188/159/905
f 175/12/906 176/15/906 189/160/906
f 177/14/150 190/161/150 189/160/150
f 178/16/907 191/162/907 190/161/907
f 179/18/908 192/163/908 191/162/908
f 180/20/909 193/164/909 192/163/909
f 181/22/910 194/165/910 193/164/910
f 182/24/911 195/166/911 194/165/911
f 170/26/912 183/179/912 195/166/912
f 183/155/913 184/154/913 197/167/913
f 184/154/914 185/156/914 198/169/914
f 185/156/915 186/157/915 199/170/915
f 186/157/916 187/158/916 200/171/916
f 187/158/917 188/159/917 201/172/917
f 188/159/918 189/160/918 202/173/918
f 189/160/163 190/161/163 203/174/163
f 191/162/919 204/175/919 203/174/919
f 192/163/920 205/176/920 204/175/920
f 193/164/921 206/177/921 205/176/921
f 194/165/922 207/178/922 206/177/922
f 195/166/923 208/180/923 207/178/923
f 183/179/924 196/193/924 208/180/924
f 196/168/925 197/167/925 210/181/925
f 197/167/926 198/169/926 211/183/926
f 198/169/927 199/170/927 212/184/927
f 199/170/928 200/171/928 213/185/928
f 200/171/929 201/172/929 214/186/929
f 201/172/930 202/173/930 215/187/930
f 203/174/176 216/188/176 215/187/176
f 204/175/931 217/189/931 216/188/931
f 205/176/932 218/190/932 217/189/932
f 206/177/933 219/191/933 218/190/933
f 207/178/934 220/192/934 219/191/934
f 208/180/935 221/194/935 220/192/935
f 196/193/936 209/207/936 221/194/936
f 209/182/937 210/181/937 223/195/937
f 210/181/938 211/183/938 224/197/938
f 211/183/939 212/184/939 225/198/939
f 212/184/940 213/185/940 226/199/940
f 213/185/941 214/186/941 227/200/941
f 214/186/942 215/187/942 228/201/942
f 216/188/189 229/202/189 228/201/189
f 217/189/943 230/203/943 229/202/943
f 218/190/944 231/204/944 230/203/944
f 219/191/945 232/205/945 231/204/945
f 220/192/946 233/206/946 232/205/946
f 221/194/947 234/208/947 233/206/947
f 209/207/948 222/221/948 234/208/948
f 222/196/949 223/195/949 236/209/949
f 223/195/950 224/197/950 237/211/950
f 224/197/951 225/198/951 238/212/951
f 225/198/952 226/199/952 239/213/952
f 226/199/953 227/200/953 240/214/953
f 227/200/954 228/201/954 241/215/954
f 229/202/202 242/216/202 241/215/202
f 230/203/955 243/217/955 242/216/955
f 231/204/956 244/218/956 243/217/956
f 232/205/957 245/219/957 244/218/957
f 233/206/958 246/220/958 245/219/958
f 234/208/959 247/222/959 246/220/959
f 222/221/960 235/235/960 247/222/960
f 235/210/961 236/209/961 249/223/961
f 236/209/962 237/211/962 250/225/962
f 237/211/963 238/212/963 251/226/963
f 238/212/964 239/213/964 252/227/964
f 239/213/965 240/214/965 253/228/965
f 240/214/966 241/215/966 254/229/966
f 242/216/215 255/230/215 254/229/215
f 243/217/967 256/231/967 255/230/967
f 244/218/968 257/232/968 256/231/968
f 245/219/969 258/233/969 257/232/969
f 246/220/970 259/234/970 258/233/970
f 247/222/971 260/236/971 259/234/971
f 235/235/972 248/249/972 260/236/972
f 248/224/973 249/223/973 262/237/973
f 249/223/974 250/225/974 263/239/974
f 250/225/975 251/226/975 264/240/975
f 251/226/976 252/227/976 265/241/976
f 252/227/977 253/228/977 266/242/977
f 253/228/978 254/229/978 267/243/978
f 255/230/228 268/244/228 267/243/228
f 256/231/979 269/245/979 268/244/979
f 257/232/980 270/246/980 269/245/980
f 258/233/981 271/247/981 270/246/981
f 259/234/982 272/248/982 271/247/982
f 260/236/983 273/250/983 272/248/983
f 248/249/984 261/263/984 273/250/984
f 261/238/985 262/237/985 275/251/985
f 262/237/986 263/239/986 276/253/986
f 263/239/987 264/240/987 277/254/987
f 264/240/988 265/241/988 278/255/988
f 265/241/989 266/242/989 279/256/989
f 266/242/990 267/243/990 280/257/990
f 268/244/241 281/258/241 280/257/241
f 269/245/991 282/259/991 281/258/991
f 270/246/992 283/260/992 282/259/992
f 271/247/993 284/261/993 283/260/993
f 272/248/994 285/262/994 284/261/994
f 273/250/995 286/264/995 285/262/995
f 261/263/996 274/277/996 286/264/996
f 274/252/997 275/251/997 288/265/997
f 275/251/998 276/253/998 289/267/998
f 276/253/999 277/254/999 290/268/999
f 277/254/1000 278/255/1000 291/269/1000
f 278/255/1001 279/256/1001 292/270/1001
f 279/256/1002 280/257/1002 293/271/1002
f 281/258/254 294/272/254 293/271/254
f 282/259/1003 295/273/1003 294/272/1003
f 283/260/1004 296/274/1004 295/273/1004
f 284/261/1005 297/275/1005 296/274/1005
f 285/262/1006 298/276/1006 297/275/1006
f 286/264/1007 299/278/1007 298/276/1007
f 274/277/1008 287/291/1008 299/278/1008
f 287/266/1009 288/265/1009 301/279/1009
f 288/265/1010 289/267/1010 302/281/1010
f 289/267/1011 290/268/1011 303/282/1011
f 290/268/1012 291/269/1012 304/283/1012
f 291/269/1013 292/270/1013 305/284/1013
f 292/270/1014 293/271/1014 306/285/1014
f 294/272/267 307/286/267 306/285/267
f 295/273/1015 308/287/1015 307/286/1015
f 296/274/1016 309/288/1016 308/287/1016
f 297/275/1017 310/289/1017 309/288/1017
f 298/276/1018 311/290/1018 310/289/1018
f 299/278/1019 312/292/1019 311/290/1019
f 287/291/1020 300/293/1020 312/292/1020
f 300/280/1021 301/279/1021 314/112/1021
f 301/279/1022 302/281/1022 315/114/1022
f 302/281/1023 303/282/1023 316/115/1023
f 303/282/1024 304/283/1024 317/116/1024
f 304/283/1025 305/284/1025 318/117/1025
f 305/284/1026 306/285/1026 319/118/1026
f 307/286/280 320/119/280 319/118/280
f 308/287/1027 321/120/1027 320/119/1027
f 309/288/1028 322/121/1028 321/120/1028
f 310/289/1029 323/122/1029 322/121/1029
f 311/290/1030 324/123/1030 323/122/1030
f 312/292/1031 325/125/1031 324/123/1031
f 300/293/1032 313/294/1032 325/125/1032
f 378/1/1033 379/4/1033 392/126/1033
f 379/4/1034 380/6/1034 393/128/1034
f 380/6/1035 381/8/1035 394/130/1035
f 381/8/1036 382/10/1036 395/129/1036
f 382/10/1037 383/12/1037 396/131/1037
f 383/12/1038 384/15/1038 397/132/1038
f 384/15/332 385/14/332 398/134/332
f 386/16/1039 399/133/1039 398/134/1039
f 387/18/1040 400/135/1040 399/133/1040
f 388/20/1041 401/136/1041 400/135/1041
f 389/22/1042 402/137/1042 401/136/1042
f 390/24/1043 403/138/1043 402/137/1043
f 378/26/1044 391/151/1044 403/138/1044
f 391/127/1045 392/126/1045 405/139/1045
f 392/126/1046 393/128/1046 406/141/1046
f 393/128/1047 394/130/1047 407/142/1047
f 394/130/1048 395/129/1048 408/144/1048
f 395/129/1049 396/131/1049 409/143/1049
f 396/131/1050 397/132/1050 410/145/1050
f 398/134/345 411/146/345 410/145/345
f 399/133/1051 412/147/1051 411/146/1051
f 400/135/1052 413/148/1052 412/147/1052
f 401/136/1053 414/149/1053 413/148/1053
f 402/137/1054 415/150/1054 414/149/1054
f 403/138/1055 416/152/1055 415/150/1055
f 391/151/1056 404/153/1056 416/152/1056
f 404/140/1057 405/139/1057 418/112/1057
f 405/139/1058 406/141/1058 419/114/1058
f 406/141/1059 407/142/1059 420/115/1059
f 407/142/1060 408/144/1060 421/116/1060
f 408/144/1061 409/143/1061 422/117/1061
f 409/143/1062 410/145/1062 423/118/1062
f 411/146/358 424/119/358 423/118/358
f 412/147/1063 425/120/1063 424/119/1063
f 413/148/1064 426/121/1064 425/120/1064
f 414/149/1065 427/122/1065 426/121/1065
f 415/150/1066 428/123/1066 427/122/1066
f 416/152/1067 429/125/1067 428/123/1067
f 404/153/1068 417/294/1068 429/125/1068
f 655/1/1123 656/4/1123 669/126/1123
f 656/4/1124 657/6/1124 670/128/1124
f 657/6/1125 658/8/1125 671/130/1125
f 658/8/1126 659/10/1126 672/129/1126
f 659/10/1127 660/12/1127 673/131/1127
f 660/12/1128 661/15/1128 674/132/1128
f 662/14/574 675/134/574 674/132/574
f 663/16/1129 676/133/1129 675/134/1129
f 664/18/1130 677/135/1130 676/133/1130
f 665/20/1131 678/136/1131 677/135/1131
f 666/22/1132 679/137/1132 678/136/1132
f 667/24/1133 680/138/1133 679/137/1133
f 655/26/1134 668/151/1134 680/138/1134
f 668/127/1135 669/126/1135 682/139/1135
f 669/126/1136 670/128/1136 683/141/1136
f 670/128/1137 671/130/1137 684/142/1137
f 671/130/1138 672/129/1138 685/144/1138
f 672/129/1139 673/131/1139 686/143/1139
f 673/131/1140 674/132/1140 687/145/1140
f 675/134/587 688/146/587 687/145/587
f 676/133/1141 689/147/1141 688/146/1141
f 677/135/1142 690/148/1142 689/147/1142
f 678/136/1143 691/149/1143 690/148/1143
f 679/137/1144 692/150/1144 691/149/1144
f 680/138/1145 693/152/1145 692/150/1145
f 668/151/1146 681/153/1146 693/152/1146
f 681/140/1147 682/139/1147 695/112/1147
f 682/139/1148 683/141/1148 696/114/1148
f 683/141/1149 684/142/1149 697/115/1149
f 684/142/1150 685/144/1150 698/116/1150
f 685/144/1151 686/143/1151 699/117/1151
f 686/143/1152 687/145/1152 700/118/1152
f 688/146/600 701/119/600 700/118/600
f 689/147/1153 702/120/1153 701/119/1153
f 690/148/1154 703/121/1154 702/120/1154
f 691/149/1155 704/122/1155 703/121/1155
f 692/150/1156 705/123/1156 704/122/1156
f 693/152/1157 706/125/1157 705/123/1157
f 681/153/1158 694/294/1158 706/125/1158
usemtl iron
f 118/1/105 132/126/105 131/127/105
f 120/6/106 132/126/106 119/4/106
f 121/8/107 133/128/107 120/6/107
f 121/8/108 135/129/108 134/130/108
f 122/10/109 136/131/109 135/129/109
f 124/15/110 136/131/110 123/12/110
f 125/14/111 137/132/111 124/15/111
f 125/14/112 139/133/112 138/134/112
f 127/18/113 139/133/113 126/16/113
f 128/20/114 140/135/114 127/18/114
f 129/22/115 141/136/115 128/20/115
f 130/24/116 142/137/116 129/22/116
f 118/26/117 143/138/117 130/24/117
f 131/127/118 145/139/118 144/140/118
f 133/128/119 145/139/119 132/126/119
f 134/130/120 146/141/120 133/128/120
f 135/129/121 147/142/121 134/130/121
f 135/129/122 149/143/122 148/144/122
f 137/132/123 149/143/123 136/131/123
f 138/134/124 150/145/124 137/132/124
f 139/133/125 151/146/125 138/134/125
f 140/135/126 152/147/126 139/133/126
f 141/136/127 153/148/127 140/135/127
f 142/137/128 154/149/128 141/136/128
f 143/138/129 155/150/129 142/137/129
f 131/151/130 156/152/130 143/138/130
f 144/140/131 158/112/131 157/113/131
f 146/141/132 158/112/132 145/139/132
f 147/142/133 159/114/133 146/141/133
f 147/142/134 161/116/134 160/115/134
f 149/143/135 161/116/135 148/144/135
f 150/145/136 162/117/136 149/143/136
f 151/146/137 163/118/137 150/145/137
f 152/147/138 164/119/138 151/146/138
f 152/147/139 166/121/139 165/120/139
f 154/149/140 166/121/140 153/148/140
f 155/150/141 167/122/141 154/149/141
f 155/150/142 169/125/142 168/123/142
f 144/153/143 169/125/143 156/152/143
f 327/4/287 339/127/287 326/1/287
f 327/4/288 341/128/288 340/126/288
f 328/6/289 342/130/289 341/128/289
f 329/8/290 343/129/290 342/130/290
f 331/12/291 343/129/291 330/10/291
f 331/12/292 345/132/292 344/131/292
f 333/14/293 345/132/293 332/15/293
f 334/16/294 346/134/294 333/14/294
f 334/16/295 348/135/295 347/133/295
f 336/20/296 348/135/296 335/18/296
f 337/22/297 349/136/297 336/20/297
f 338/24/298 350/137/298 337/22/298
f 338/24/299 339/151/299 351/138/299
f 340/126/300 352/140/300 339/127/300
f 341/128/301 353/139/301 340/126/301
f 341/128/302 355/142/302 354/141/302
f 343/129/303 355/142/303 342/130/303
f 343/129/304 357/143/304 356/144/304
f 345/132/305 357/143/305 344/131/305
f 346/134/306 358/145/306 345/132/306
f 346/134/307 360/147/307 359/146/307
f 347/133/308 361/148/308 360/147/308
f 348/135/309 362/149/309 361/148/309
f 350/137/310 362/149/310 349/136/310
f 350/137/311 364/152/311 363/150/311
f 351/138/312 352/153/312 364/152/312
f 352/140/313 366/112/313 365/113/313
f 354/141/314 366/112/314 353/139/314
f 354/141/315 368/115/315 367/114/315
f 356/144/316 368/115/316 355/142/316
f 356/144/317 370/117/317 369/116/317
f 358/145/318 370/117/318 357/143/318
f 359/146/319 371/118/319 358/145/319
f 360/147/320 372/119/320 359/146/320
f 360/147/321 374/121/321 373/120/321
f 362/149/322 374/121/322 361/148/322
f 362/149/323 376/123/323 375/122/323
f 363/150/324 377/125/324 376/123/324
f 352/153/325 377/125/325 364/152/325
f 431/1/365 447/1/365 432/1/365
f 447/1/366 430/1/366 432/1/366
f 434/1/367 450/1/367 435/1/367
f 450/1/368 433/1/368 435/1/368
f 437/1/369 453/1/369 438/1/369
f 438/1/370 452/1/370 436/1/370
f 454/1/371 441/1/371 440/1/371
f 441/1/372 455/1/372 439/1/372
f 443/1/373 459/1/373 444/1/373
f 459/1/374 442/1/374 444/1/374
f 460/1/375 447/1/375 445/1/375
f 447/1/376 461/1/376 446/1/376
f 463/1/377 450/1/377 448/1/377
f 450/1/378 464/1/378 449/1/378
f 451/1/379 468/1/379 453/1/379
f 453/1/380 467/1/380 452/1/380
f 454/1/381 471/1/381 456/1/381
f 456/1/382 470/1/382 455/1/382
f 472/1/383 459/1/383 457/1/383
f 459/1/384 473/1/384 458/1/384
f 460/1/385 477/1/385 462/1/385
f 477/1/386 461/1/386 462/1/386
f 463/1/387 480/1/387 465/1/387
f 480/1/388 464/1/388 465/1/388
f 466/1/389 483/1/389 468/1/389
f 468/1/390 482/1/390 467/1/390
f 469/1/391 486/1/391 471/1/391
f 486/1/392 470/1/392 471/1/392
f 472/1/393 489/1/393 474/1/393
f 474/1/394 488/1/394 473/1/394
f 490/1/395 477/1/395 475/1/395
f 477/1/396 491/1/396 476/1/396
f 478/1/397 495/1/397 480/1/397
f 495/1/398 479/1/398 480/1/398
f 496/1/399 483/1/399 481/1/399
f 498/1/400 482/1/400 483/1/400
f 484/1/401 501/1/401 486/1/401
f 501/1/402 485/1/402 486/1/402
f 487/1/403 504/1/403 489/1/403
f 489/1/404 503/1/404 488/1/404
f 505/1/405 492/1/405 490/1/405
f 507/1/406 491/1/406 492/1/406
f 508/1/407 495/1/407 493/1/407
f 495/1/408 509/1/408 494/1/408
f 511/1/409 498/1/409 496/1/409
f 513/1/410 497/1/410 498/1/410
f 499/1/411 516/1/411 501/1/411
f 516/1/412 500/1/412 501/1/412
f 502/1/413 519/1/413 504/1/413
f 504/1/414 518/1/414 503/1/414
f 505/1/415 522/1/415 507/1/415
f 522/1/416 506/1/416 507/1/416
f 508/1/417 525/1/417 510/1/417
f 510/1/418 524/1/418 509/1/418
f 511/1/419 528/1/419 513/1/419
f 513/1/420 527/1/420 512/1/420
f 529/1/421 516/1/421 514/1/421
f 516/1/422 530/1/422 515/1/422
f 517/1/423 534/1/423 519/1/423
f 534/1/424 518/1/424 519/1/424
f 520/1/425 537/1/425 522/1/425
f 537/1/426 521/1/426 522/1/426
f 538/1/427 525/1/427 523/1/427
f 525/1/428 539/1/428 524/1/428
f 526/1/429 543/1/429 528/1/429
f 543/1/430 527/1/430 528/1/430
f 544/1/431 531/1/431 529/1/431
f 531/1/432 545/1/432 530/1/432
f 547/1/433 534/1/433 532/1/433
f 549/1/434 533/1/434 534/1/434
f 550/1/435 537/1/435 535/1/435
f 537/1/436 551/1/436 536/1/436
f 538/1/437 555/1/437 540/1/437
f 555/1/438 539/1/438 540/1/438
f 541/1/439 558/1/439 543/1/439
f 558/1/440 542/1/440 543/1/440
f 544/1/441 561/1/441 546/1/441
f 561/1/442 545/1/442 546/1/442
f 547/1/443 564/1/443 549/1/443
f 564/1/444 548/1/444 549/1/444
f 550/1/445 567/1/445 552/1/445
f 567/1/446 551/1/446 552/1/446
f 553/1/447 570/1/447 555/1/447
f 555/1/448 569/1/448 554/1/448
f 571/1/449 558/1/449 556/1/449
f 558/1/450 572/1/450 557/1/450
f 574/1/451 561/1/451 559/1/451
f 576/1/452 560/1/452 561/1/452
f 562/1/453 579/1/453 564/1/453
f 579/1/454 563/1/454 564/1/454
f 580/1/455 567/1/455 565/1/455
f 582/1/456 566/1/456 567/1/456
f 583/1/457 570/1/457 568/1/457
f 570/1/458 584/1/458 569/1/458
f 586/1/459 573/1/459 571/1/459
f 573/1/460 587/1/460 572/1/460
f 589/1/461 576/1/461 574/1/461
f 591/1/462 575/1/462 576/1/462
f 592/1/463 579/1/463 577/1/463
f 579/1/464 593/1/464 578/1/464
f 595/1/465 582/1/465 580/1/465
f 597/1/466 581/1/466 582/1/466
f 598/1/467 585/1/467 583/1/467
f 600/1/468 584/1/468 585/1/468
f 586/1/469 603/1/469 588/1/469
f 603/1/470 587/1/470 588/1/470
f 604/1/471 591/1/471 589/1/471
f 591/1/472 605/1/472 590/1/472
f 607/1/473 594/1/473 592/1/473
f 609/1/474 593/1/474 594/1/474
f 610/1/475 597/1/475 595/1/475
f 597/1/476 611/1/476 596/1/476
f 598/1/477 615/1/477 600/1/477
f 615/1/478 599/1/478 600/1/478
f 616/1/479 603/1/479 601/1/479
f 618/1/480 602/1/480 603/1/480
f 619/1/481 606/1/481 604/1/481
f 606/1/482 620/1/482 605/1/482
f 607/1/483 624/1/483 609/1/483
f 624/1/484 608/1/484 609/1/484
f 625/1/485 612/1/485 610/1/485
f 612/1/486 626/1/486 611/1/486
f 628/1/487 615/1/487 613/1/487
f 630/1/488 614/1/488 615/1/488
f 616/1/489 633/1/489 618/1/489
f 633/1/490 617/1/490 618/1/490
f 634/1/491 621/1/491 619/1/491
f 621/1/492 635/1/492 620/1/492
f 637/1/493 624/1/493 622/1/493
f 639/1/494 623/1/494 624/1/494
f 625/1/495 642/1/495 627/1/495
f 642/1/496 626/1/496 627/1/496
f 628/1/497 645/1/497 630/1/497
f 630/1/498 644/1/498 629/1/498
f 646/1/499 633/1/499 631/1/499
f 633/1/500 647/1/500 632/1/500
f 649/1/501 636/1/501 634/1/501
f 636/1/502 650/1/502 635/1/502
f 652/1/503 639/1/503 637/1/503
f 654/1/504 638/1/504 639/1/504
f 430/1/505 642/1/505 432/1/505
f 432/1/506 640/1/506 431/1/506
f 644/1/507 435/1/507 433/1/507
f 645/1/508 434/1/508 435/1/508
f 647/1/509 438/1/509 436/1/509
f 648/1/510 437/1/510 438/1/510
f 650/1/511 441/1/511 439/1/511
f 651/1/512 440/1/512 441/1/512
f 442/1/513 654/1/513 444/1/513
f 654/1/514 443/1/514 444/1/514
f 430/1/515 643/1/515 641/1/515
f 430/1/516 448/1/516 434/1/516
f 458/1/517 431/1/517 442/1/517
f 442/1/518 640/1/518 653/1/518
f 433/1/519 451/1/519 437/1/519
f 644/1/519 437/1/519 646/1/519
f 452/1/520 440/1/520 436/1/520
f 647/1/521 440/1/521 649/1/521
f 439/1/519 457/1/519 443/1/519
f 650/1/519 443/1/519 652/1/519
f 458/1/522 460/1/522 445/1/522
f 461/1/523 448/1/523 446/1/523
f 449/1/524 466/1/524 451/1/524
f 467/1/525 454/1/525 452/1/525
f 455/1/519 472/1/519 457/1/519
f 473/1/526 475/1/526 460/1/526
f 476/1/527 463/1/527 461/1/527
f 464/1/519 481/1/519 466/1/519
f 482/1/528 469/1/528 467/1/528
f 470/1/519 487/1/519 472/1/519
f 503/1/529 475/1/529 488/1/529
f 476/1/530 493/1/530 478/1/530
f 479/1/519 496/1/519 481/1/519
f 482/1/531 499/1/531 484/1/531
f 485/1/519 502/1/519 487/1/519
f 503/1/532 505/1/532 490/1/532
f 491/1/533 508/1/533 493/1/533
f 494/1/519 511/1/519 496/1/519
f 497/1/534 514/1/534 499/1/534
f 500/1/519 517/1/519 502/1/519
f 533/1/535 505/1/535 518/1/535
f 506/1/536 523/1/536 508/1/536
f 509/1/537 526/1/537 511/1/537
f 527/1/538 514/1/538 512/1/538
f 515/1/519 532/1/519 517/1/519
f 548/1/539 520/1/539 533/1/539
f 536/1/540 523/1/540 521/1/540
f 524/1/519 541/1/519 526/1/519
f 527/1/541 544/1/541 529/1/541
f 530/1/519 547/1/519 532/1/519
f 563/1/542 535/1/542 548/1/542
f 536/1/543 553/1/543 538/1/543
f 554/1/544 541/1/544 539/1/544
f 557/1/545 544/1/545 542/1/545
f 545/1/546 562/1/546 547/1/546
f 563/1/547 565/1/547 550/1/547
f 566/1/548 553/1/548 551/1/548
f 554/1/549 571/1/549 556/1/549
f 572/1/550 559/1/550 557/1/550
f 560/1/551 577/1/551 562/1/551
f 593/1/552 565/1/552 578/1/552
f 566/1/553 583/1/553 568/1/553
f 569/1/519 586/1/519 571/1/519
f 572/1/554 589/1/554 574/1/554
f 575/1/519 592/1/519 577/1/519
f 608/1/555 580/1/555 593/1/555
f 596/1/556 583/1/556 581/1/556
f 584/1/519 601/1/519 586/1/519
f 602/1/557 589/1/557 587/1/557
f 590/1/558 607/1/558 592/1/558
f 608/1/559 610/1/559 595/1/559
f 611/1/560 598/1/560 596/1/560
f 599/1/519 616/1/519 601/1/519
f 602/1/561 619/1/561 604/1/561
f 605/1/519 622/1/519 607/1/519
f 623/1/562 625/1/562 610/1/562
f 611/1/563 628/1/563 613/1/563
f 614/1/519 631/1/519 616/1/519
f 617/1/564 634/1/564 619/1/564
f 620/1/519 637/1/519 622/1/519
f 638/1/565 640/1/565 625/1/565
f 641/1/566 628/1/566 626/1/566
f 629/1/519 646/1/519 631/1/519
f 647/1/567 634/1/567 632/1/567
f 635/1/551 652/1/551 637/1/551
f 708/4/607 720/127/607 707/1/607
f 709/6/608 721/126/608 708/4/608
f 710/8/609 722/128/609 709/6/609
f 710/8/610 724/129/610 723/130/610
f 711/10/611 725/131/611 724/129/611
f 712/12/612 726/132/612 725/131/612
f 714/14/613 726/132/613 713/15/613
f 715/16/614 727/134/614 714/14/614
f 716/18/615 728/133/615 715/16/615
f 717/20/616 729/135/616 716/18/616
f 717/20/617 731/137/617 730/136/617
f 718/22/618 732/138/618 731/137/618
f 719/24/619 720/151/619 732/138/619
f 721/126/620 733/140/620 720/127/620
f 721/126/621 735/141/621 734/139/621
f 723/130/622 735/141/622 722/128/622
f 723/130/623 737/144/623 736/142/623
f 724/129/624 738/143/624 737/144/624
f 725/131/625 739/145/625 738/143/625
f 727/134/626 739/145/626 726/132/626
f 728/133/627 740/146/627 727/134/627
f 729/135/628 741/147/628 728/133/628
f 730/136/629 742/148/629 729/135/629
f 730/136/630 744/150/630 743/149/630
f 732/138/631 744/150/631 731/137/631
f 732/138/632 733/153/632 745/152/632
f 734/139/633 746/113/633 733/140/633
f 735/141/634 747/112/634 734/139/634
f 736/142/635 748/114/635 735/141/635
f 737/144/636 749/115/636 736/142/636
f 738/143/637 750/116/637 737/144/637
f 739/145/638 751/117/638 738/143/638
f 740/146/639 752/118/639 739/145/639
f 741/147/640 753/119/640 740/146/640
f 741/147/641 755/121/641 754/120/641
f 742/148/642 756/122/642 755/121/642
f 743/149/643 757/123/643 756/122/643
f 744/150/644 758/125/644 757/123/644
f 745/152/645 746/294/645 758/125/645
f 861/295/646 864/296/646 858/297/646
f 863/298/647 861/299/647 859/300/647
f 860/301/648 862/302/648 863/303/648
f 868/304/649 871/305/649 865/306/649
f 866/307/650 869/308/650 868/309/650
f 871/305/651 870/310/651 867/311/651
f 875/312/652 878/313/652 872/314/652
f 873/315/653 876/316/653 875/317/653
f 878/313/654 877/318/654 874/319/654
f 882/320/655 885/321/655 879/322/655
f 880/323/656 883/324/656 882/325/656
f 885/321/657 884/326/657 881/327/657
f 889/328/658 892/329/658 886/330/658
f 887/331/659 890/332/659 889/333/659
f 892/329/660 891/334/660 888/335/660
f 896/336/661 899/337/661 893/338/661
f 894/339/662 897/340/662 896/341/662
f 899/337/663 898/342/663 895/343/663
f 903/344/664 906/345/664 900/346/664
f 901/347/665 904/348/665 903/349/665
f 906/345/666 905/350/666 902/351/666
f 910/352/667 913/353/667 907/354/667
f 908/355/668 911/356/668 910/357/668
f 913/353/669 912/358/669 909/359/669
f 917/360/670 920/361/670 914/362/670
f 915/363/671 918/364/671 917/365/671
f 920/361/672 919/366/672 916/367/672
f 924/368/673 927/369/673 921/370/673
f 922/371/674 925/372/674 924/373/674
f 927/369/675 926/374/675 923/375/675
f 931/376/676 934/377/676 928/378/676
f 929/379/677 932/380/677 931/381/677
f 934/377/678 933/382/678 930/383/678
f 760/384/679 794/385/679 793/386/679
f 794/387/680 759/388/680 792/389/680
f 762/390/681 797/391/681 764/392/681
f 797/391/682 763/393/682 764/392/682
f 765/394/683 800/395/683 767/396/683
f 800/395/684 766/397/684 767/396/684
f 768/398/685 803/399/685 770/400/685
f 803/399/686 769/401/686 770/400/686
f 771/402/687 806/403/687 773/404/687
f 806/403/688 772/405/688 773/404/688
f 774/406/689 809/407/689 776/408/689
f 809/407/690 775/409/690 776/408/690
f 777/410/691 812/411/691 779/412/691
f 812/411/692 778/413/692 779/412/692
f 780/414/693 815/415/693 782/416/693
f 815/415/694 781/417/694 782/416/694
f 783/418/695 818/419/695 785/420/695
f 818/419/696 784/421/696 785/420/696
f 786/422/697 821/423/697 788/424/697
f 821/423/698 787/425/698 788/424/698
f 789/426/699 824/427/699 791/428/699
f 824/427/700 790/429/700 791/428/700
f 793/386/701 827/430/701 826/431/701
f 827/432/702 792/389/702 825/433/702
f 795/434/703 830/435/703 797/391/703
f 830/435/704 796/436/704 797/391/704
f 798/437/705 833/438/705 800/395/705
f 833/438/706 799/439/706 800/395/706
f 801/440/707 836/441/707 803/399/707
f 836/441/708 802/442/708 803/399/708
f 804/443/709 839/444/709 806/403/709
f 839/444/710 805/445/710 806/403/710
f 807/446/711 842/447/711 809/407/711
f 842/447/712 808/448/712 809/407/712
f 810/449/713 845/450/713 812/411/713
f 845/450/714 811/451/714 812/411/714
f 813/452/715 848/453/715 815/415/715
f 848/453/716 814/454/716 815/415/716
f 816/455/717 851/456/717 818/419/717
f 851/456/718 817/457/718 818/419/718
f 819/458/719 854/459/719 821/423/719
f 854/459/720 820/460/720 821/423/720
f 822/461/721 857/462/721 824/427/721
f 857/462/722 823/463/722 824/427/722
f 826/431/723 861/295/723 858/297/723
f 861/299/724 825/433/724 859/300/724
f 828/464/725 871/305/725 830/435/725
f 871/305/726 829/465/726 830/435/726
f 866/307/727 863/303/727 870/466/727
f 870/310/728 859/300/728 867/311/728
f 831/467/729 878/313/729 833/438/729
f 878/313/730 832/468/730 833/438/730
f 873/315/731 868/309/731 877/469/731
f 877/318/732 865/306/732 874/319/732
f 834/470/733 885/321/733 836/441/733
f 885/321/734 835/471/734 836/441/734
f 880/323/735 875/317/735 884/472/735
f 884/326/736 872/314/736 881/327/736
f 837/473/737 892/329/737 839/444/737
f 892/329/738 838/474/738 839/444/738
f 887/331/739 882/325/739 891/475/739
f 891/334/740 879/322/740 888/335/740
f 840/476/741 899/337/741 842/447/741
f 899/337/742 841/477/742 842/447/742
f 894/339/743 889/333/743 898/478/743
f 898/342/744 886/330/744 895/343/744
f 843/479/745 906/345/745 845/450/745
f 906/345/746 844/480/746 845/450/746
f 894/339/747 905/481/747 901/347/747
f 896/336/748 902/351/748 905/350/748
f 846/482/749 913/353/749 848/453/749
f 913/353/750 847/483/750 848/453/750
f 901/347/751 912/484/751 908/355/751
f 903/344/752 909/359/752 912/358/752
f 849/485/753 920/361/753 851/456/753
f 920/361/754 850/486/754 851/456/754
f 908/355/755 919/487/755 915/363/755
f 910/352/756 916/367/756 919/366/756
f 852/488/757 927/369/757 854/459/757
f 927/369/758 853/489/758 854/459/758
f 915/363/759 926/490/759 922/371/759
f 917/360/760 923/375/760 926/374/760
f 855/491/761 934/377/761 857/462/761
f 934/377/762 856/492/762 857/462/762
f 922/371/763 933/493/763 929/379/763
f 924/368/764 930/383/764 933/382/764
f 929/379/765 864/494/765 860/301/765
f 931/376/766 858/297/766 864/296/766
f 760/384/767 822/461/767 789/426/767
f 759/388/768 796/436/768 792/389/768
f 762/390/769 799/439/769 795/434/769
f 765/394/770 802/442/770 798/437/770
f 768/398/771 805/445/771 801/440/771
f 771/402/772 808/448/772 804/443/772
f 778/413/773 807/446/773 774/406/773
f 781/417/774 810/449/774 777/410/774
f 784/421/775 813/452/775 780/414/775
f 787/425/776 816/455/776 783/418/776
f 790/429/777 819/458/777 786/422/777
f 793/386/778 855/491/778 822/461/778
f 792/389/779 829/465/779 825/433/779
f 795/434/780 832/468/780 828/464/780
f 798/437/781 835/471/781 831/467/781
f 801/440/782 838/474/782 834/470/782
f 804/443/783 841/477/783 837/473/783
f 811/451/784 840/476/784 807/446/784
f 814/454/785 843/479/785 810/449/785
f 817/457/786 846/482/786 813/452/786
f 820/460/787 849/485/787 816/455/787
f 823/463/788 852/488/788 819/458/788
f 855/491/789 858/297/789 928/378/789
f 825/433/790 867/311/790 859/300/790
f 828/464/791 874/319/791 865/306/791
f 831/467/792 881/327/792 872/314/792
f 834/470/793 888/335/793 879/322/793
f 837/473/794 895/343/794 886/330/794
f 844/480/795 893/338/795 840/476/795
f 843/479/796 909/359/796 900/346/796
f 850/486/797 907/354/797 846/482/797
f 853/489/798 914/362/798 849/485/798
f 856/492/799 921/370/799 852/488/799
f 866/307/800 894/339/800 922/371/800
f 118/1/105 119/4/105 132/126/105
f 120/6/106 133/128/106 132/126/106
f 121/8/107 134/130/107 133/128/107
f 121/8/897 122/10/897 135/129/897
f 122/10/109 123/12/109 136/131/109
f 124/15/110 137/132/110 136/131/110
f 125/14/111 138/134/111 137/132/111
f 125/14/112 126/16/112 139/133/112
f 127/18/113 140/135/113 139/133/113
f 128/20/898 141/136/898 140/135/898
f 129/22/115 142/137/115 141/136/115
f 130/24/116 143/138/116 142/137/116
f 118/26/117 131/151/117 143/138/117
f 131/127/118 132/126/118 145/139/118
f 133/128/119 146/141/119 145/139/119
f 134/130/120 147/142/120 146/141/120
f 135/129/121 148/144/121 147/142/121
f 135/129/122 136/131/122 149/143/122
f 137/132/123 150/145/123 149/143/123
f 138/134/124 151/146/124 150/145/124
f 139/133/125 152/147/125 151/146/125
f 140/135/126 153/148/126 152/147/126
f 141/136/127 154/149/127 153/148/127
f 142/137/128 155/150/128 154/149/128
f 143/138/129 156/152/129 155/150/129
f 131/151/130 144/153/130 156/152/130
f 144/140/131 145/139/131 158/112/131
f 146/141/899 159/114/899 158/112/899
f 147/142/133 160/115/133 159/114/133
f 147/142/134 148/144/134 161/116/134
f 149/143/135 162/117/135 161/116/135
f 150/145/136 163/118/136 162/117/136
f 151/146/137 164/119/137 163/118/137
f 152/147/138 165/120/138 164/119/138
f 152/147/139 153/148/139 166/121/139
f 154/149/140 167/122/140 166/121/140
f 155/150/141 168/123/141 167/122/141
f 155/150/900 156/152/900 169/125/900
f 144/153/143 157/294/143 169/125/143
f 327/4/287 340/126/287 339/127/287
f 327/4/288 328/6/288 341/128/288
f 328/6/289 329/8/289 342/130/289
f 329/8/290 330/10/290 343/129/290
f 331/12/291 344/131/291 343/129/291
f 331/12/292 332/15/292 345/132/292
f 333/14/293 346/134/293 345/132/293
f 334/16/294 347/133/294 346/134/294
f 334/16/295 335/18/295 348/135/295
f 336/20/296 349/136/296 348/135/296
f 337/22/297 350/137/297 349/136/297
f 338/24/298 351/138/298 350/137/298
f 338/24/299 326/26/299 339/151/299
f 340/126/300 353/139/300 352/140/300
f 341/128/301 354/141/301 353/139/301
f 341/128/302 342/130/302 355/142/302
f 343/129/303 356/144/303 355/142/303
f 343/129/304 344/131/304 357/143/304
f 345/132/305 358/145/305 357/143/305
f 346/134/306 359/146/306 358/145/306
f 346/134/307 347/133/307 360/147/307
f 347/133/308 348/135/308 361/148/308
f 348/135/309 349/136/309 362/149/309
f 350/137/310 363/150/310 362/149/310
f 350/137/311 351/138/311 364/152/311
f 351/138/312 339/151/312 352/153/312
f 352/140/313 353/139/313 366/112/313
f 354/141/314 367/114/314 366/112/314
f 354/141/315 355/142/315 368/115/315
f 356/144/316 369/116/316 368/115/316
f 356/144/317 357/143/317 370/117/317
f 358/145/318 371/118/318 370/117/318
f 359/146/319 372/119/319 371/118/319
f 360/147/320 373/120/320 372/119/320
f 360/147/321 361/148/321 374/121/321
f 362/149/322 375/122/322 374/121/322
f 362/149/323 363/150/323 376/123/323
f 363/150/324 364/152/324 377/125/324
f 352/153/325 365/294/325 377/125/325
f 431/1/365 445/1/365 447/1/365
f 447/1/1069 446/1/1069 430/1/1069
f 434/1/367 448/1/367 450/1/367
f 450/1/368 449/1/368 433/1/368
f 437/1/369 451/1/369 453/1/369
f 438/1/1070 453/1/1070 452/1/1070
f 454/1/1071 456/1/1071 441/1/1071
f 441/1/1072 456/1/1072 455/1/1072
f 443/1/373 457/1/373 459/1/373
f 459/1/1073 458/1/1073 442/1/1073
f 460/1/375 462/1/375 447/1/375
f 447/1/376 462/1/376 461/1/376
f 463/1/377 465/1/377 450/1/377
f 450/1/378 465/1/378 464/1/378
f 451/1/1074 466/1/1074 468/1/1074
f 453/1/380 468/1/380 467/1/380
f 454/1/381 469/1/381 471/1/381
f 456/1/382 471/1/382 470/1/382
f 472/1/383 474/1/383 459/1/383
f 459/1/384 474/1/384 473/1/384
f 460/1/1075 475/1/1075 477/1/1075
f 477/1/386 476/1/386 461/1/386
f 463/1/387 478/1/387 480/1/387
f 480/1/388 479/1/388 464/1/388
f 466/1/389 481/1/389 483/1/389
f 468/1/390 483/1/390 482/1/390
f 469/1/391 484/1/391 486/1/391
f 486/1/392 485/1/392 470/1/392
f 472/1/393 487/1/393 489/1/393
f 474/1/394 489/1/394 488/1/394
f 490/1/395 492/1/395 477/1/395
f 477/1/396 492/1/396 491/1/396
f 478/1/397 493/1/397 495/1/397
f 495/1/398 494/1/398 479/1/398
f 496/1/399 498/1/399 483/1/399
f 498/1/400 497/1/400 482/1/400
f 484/1/401 499/1/401 501/1/401
f 501/1/402 500/1/402 485/1/402
f 487/1/403 502/1/403 504/1/403
f 489/1/404 504/1/404 503/1/404
f 505/1/405 507/1/405 492/1/405
f 507/1/406 506/1/406 491/1/406
f 508/1/407 510/1/407 495/1/407
f 495/1/408 510/1/408 509/1/408
f 511/1/1076 513/1/1076 498/1/1076
f 513/1/410 512/1/410 497/1/410
f 499/1/411 514/1/411 516/1/411
f 516/1/412 515/1/412 500/1/412
f 502/1/413 517/1/413 519/1/413
f 504/1/414 519/1/414 518/1/414
f 505/1/415 520/1/415 522/1/415
f 522/1/416 521/1/416 506/1/416
f 508/1/417 523/1/417 525/1/417
f 510/1/418 525/1/418 524/1/418
f 511/1/419 526/1/419 528/1/419
f 513/1/1077 528/1/1077 527/1/1077
f 529/1/421 531/1/421 516/1/421
f 516/1/422 531/1/422 530/1/422
f 517/1/423 532/1/423 534/1/423
f 534/1/424 533/1/424 518/1/424
f 520/1/425 535/1/425 537/1/425
f 537/1/426 536/1/426 521/1/426
f 538/1/427 540/1/427 525/1/427
f 525/1/428 540/1/428 539/1/428
f 526/1/429 541/1/429 543/1/429
f 543/1/430 542/1/430 527/1/430
f 544/1/431 546/1/431 531/1/431
f 531/1/1078 546/1/1078 545/1/1078
f 547/1/433 549/1/433 534/1/433
f 549/1/434 548/1/434 533/1/434
f 550/1/435 552/1/435 537/1/435
f 537/1/436 552/1/436 551/1/436
f 538/1/437 553/1/437 555/1/437
f 555/1/438 554/1/438 539/1/438
f 541/1/439 556/1/439 558/1/439
f 558/1/440 557/1/440 542/1/440
f 544/1/1079 559/1/1079 561/1/1079
f 561/1/442 560/1/442 545/1/442
f 547/1/443 562/1/443 564/1/443
f 564/1/444 563/1/444 548/1/444
f 550/1/445 565/1/445 567/1/445
f 567/1/446 566/1/446 551/1/446
f 553/1/447 568/1/447 570/1/447
f 555/1/448 570/1/448 569/1/448
f 571/1/449 573/1/449 558/1/449
f 558/1/450 573/1/450 572/1/450
f 574/1/451 576/1/451 561/1/451
f 576/1/452 575/1/452 560/1/452
f 562/1/453 577/1/453 579/1/453
f 579/1/454 578/1/454 563/1/454
f 580/1/455 582/1/455 567/1/455
f 582/1/456 581/1/456 566/1/456
f 583/1/457 585/1/457 570/1/457
f 570/1/458 585/1/458 584/1/458
f 586/1/1080 588/1/1080 573/1/1080
f 573/1/460 588/1/460 587/1/460
f 589/1/461 591/1/461 576/1/461
f 591/1/462 590/1/462 575/1/462
f 592/1/463 594/1/463 579/1/463
f 579/1/464 594/1/464 593/1/464
f 595/1/465 597/1/465 582/1/465
f 597/1/466 596/1/466 581/1/466
f 598/1/1081 600/1/1081 585/1/1081
f 600/1/468 599/1/468 584/1/468
f 586/1/469 601/1/469 603/1/469
f 603/1/470 602/1/470 587/1/470
f 604/1/471 606/1/471 591/1/471
f 591/1/472 606/1/472 605/1/472
f 607/1/473 609/1/473 594/1/473
f 609/1/474 608/1/474 593/1/474
f 610/1/475 612/1/475 597/1/475
f 597/1/476 612/1/476 611/1/476
f 598/1/477 613/1/477 615/1/477
f 615/1/478 614/1/478 599/1/478
f 616/1/479 618/1/479 603/1/479
f 618/1/480 617/1/480 602/1/480
f 619/1/481 621/1/481 606/1/481
f 606/1/482 621/1/482 620/1/482
f 607/1/483 622/1/483 624/1/483
f 624/1/484 623/1/484 608/1/484
f 625/1/485 627/1/485 612/1/485
f 612/1/486 627/1/486 626/1/486
f 628/1/487 630/1/487 615/1/487
f 630/1/488 629/1/488 614/1/488
f 616/1/489 631/1/489 633/1/489
f 633/1/490 632/1/490 617/1/490
f 634/1/491 636/1/491 621/1/491
f 621/1/492 636/1/492 635/1/492
f 637/1/493 639/1/493 624/1/493
f 639/1/494 638/1/494 623/1/494
f 625/1/495 640/1/495 642/1/495
f 642/1/496 641/1/496 626/1/496
f 628/1/497 643/1/497 645/1/497
f 630/1/498 645/1/498 644/1/498
f 646/1/499 648/1/499 633/1/499
f 633/1/500 648/1/500 647/1/500
f 649/1/501 651/1/501 636/1/501
f 636/1/502 651/1/502 650/1/502
f 652/1/503 654/1/503 639/1/503
f 654/1/504 653/1/504 638/1/504
f 430/1/505 641/1/505 642/1/505
f 432/1/506 642/1/506 640/1/506
f 644/1/507 645/1/507 435/1/507
f 645/1/508 643/1/508 434/1/508
f 647/1/509 648/1/509 438/1/509
f 648/1/510 646/1/510 437/1/510
f 650/1/511 651/1/511 441/1/511
f 651/1/512 649/1/512 440/1/512
f 442/1/513 653/1/513 654/1/513
f 654/1/514 652/1/514 443/1/514
f 430/1/1082 434/1/1082 643/1/1082
f 430/1/1083 446/1/1083 448/1/1083
f 458/1/1084 445/1/1084 431/1/1084
f 442/1/1085 431/1/1085 640/1/1085
f 433/1/524 449/1/524 451/1/524
f 644/1/519 433/1/519 437/1/519
f 452/1/1086 454/1/1086 440/1/1086
f 647/1/521 436/1/521 440/1/521
f 439/1/519 455/1/519 457/1/519
f 650/1/519 439/1/519 443/1/519
f 458/1/1087 473/1/1087 460/1/1087
f 461/1/523 463/1/523 448/1/523
f 449/1/519 464/1/519 466/1/519
f 467/1/1088 469/1/1088 454/1/1088
f 455/1/519 470/1/519 472/1/519
f 473/1/1089 488/1/1089 475/1/1089
f 476/1/1090 478/1/1090 463/1/1090
f 464/1/519 479/1/519 481/1/519
f 482/1/1091 484/1/1091 469/1/1091
f 470/1/519 485/1/519 487/1/519
f 503/1/529 490/1/529 475/1/529
f 476/1/1092 491/1/1092 493/1/1092
f 479/1/519 494/1/519 496/1/519
f 482/1/531 497/1/531 499/1/531
f 485/1/519 500/1/519 502/1/519
f 503/1/1093 518/1/1093 505/1/1093
f 491/1/1094 506/1/1094 508/1/1094
f 494/1/1095 509/1/1095 511/1/1095
f 497/1/534 512/1/534 514/1/534
f 500/1/1096 515/1/1096 517/1/1096
f 533/1/1097 520/1/1097 505/1/1097
f 506/1/1098 521/1/1098 523/1/1098
f 509/1/519 524/1/519 526/1/519
f 527/1/538 529/1/538 514/1/538
f 515/1/519 530/1/519 532/1/519
f 548/1/539 535/1/539 520/1/539
f 536/1/540 538/1/540 523/1/540
f 524/1/1099 539/1/1099 541/1/1099
f 527/1/1100 542/1/1100 544/1/1100
f 530/1/1101 545/1/1101 547/1/1101
f 563/1/1102 550/1/1102 535/1/1102
f 536/1/1103 551/1/1103 553/1/1103
f 554/1/1104 556/1/1104 541/1/1104
f 557/1/1105 559/1/1105 544/1/1105
f 545/1/1106 560/1/1106 562/1/1106
f 563/1/547 578/1/547 565/1/547
f 566/1/1107 568/1/1107 553/1/1107
f 554/1/519 569/1/519 571/1/519
f 572/1/1108 574/1/1108 559/1/1108
f 560/1/519 575/1/519 577/1/519
f 593/1/1109 580/1/1109 565/1/1109
f 566/1/1110 581/1/1110 583/1/1110
f 569/1/1111 584/1/1111 586/1/1111
f 572/1/1112 587/1/1112 589/1/1112
f 575/1/1113 590/1/1113 592/1/1113
f 608/1/1114 595/1/1114 580/1/1114
f 596/1/1115 598/1/1115 583/1/1115
f 584/1/519 599/1/519 601/1/519
f 602/1/557 604/1/557 589/1/557
f 590/1/519 605/1/519 607/1/519
f 608/1/1116 623/1/1116 610/1/1116
f 611/1/1117 613/1/1117 598/1/1117
f 599/1/519 614/1/519 616/1/519
f 602/1/561 617/1/561 619/1/561
f 605/1/519 620/1/519 622/1/519
f 623/1/1118 638/1/1118 625/1/1118
f 611/1/1119 626/1/1119 628/1/1119
f 614/1/558 629/1/558 631/1/558
f 617/1/564 632/1/564 634/1/564
f 620/1/1096 635/1/1096 637/1/1096
f 638/1/1120 653/1/1120 640/1/1120
f 641/1/1121 643/1/1121 628/1/1121
f 629/1/519 644/1/519 646/1/519
f 647/1/1122 649/1/1122 634/1/1122
f 635/1/519 650/1/519 652/1/519
f 708/4/607 721/126/607 720/127/607
f 709/6/608 722/128/608 721/126/608
f 710/8/609 723/130/609 722/128/609
f 710/8/610 711/10/610 724/129/610
f 711/10/611 712/12/611 725/131/611
f 712/12/612 713/15/612 726/132/612
f 714/14/613 727/134/613 726/132/613
f 715/16/614 728/133/614 727/134/614
f 716/18/615 729/135/615 728/133/615
f 717/20/616 730/136/616 729/135/616
f 717/20/617 718/22/617 731/137/617
f 718/22/618 719/24/618 732/138/618
f 719/24/619 707/26/619 720/151/619
f 721/126/620 734/139/620 733/140/620
f 721/126/621 722/128/621 735/141/621
f 723/130/622 736/142/622 735/141/622
f 723/130/623 724/129/623 737/144/623
f 724/129/624 725/131/624 738/143/624
f 725/131/625 726/132/625 739/145/625
f 727/134/626 740/146/626 739/145/626
f 728/133/627 741/147/627 740/146/627
f 729/135/628 742/148/628 741/147/628
f 730/136/629 743/149/629 742/148/629
f 730/136/630 731/137/630 744/150/630
f 732/138/631 745/152/631 744/150/631
f 732/138/632 720/151/632 733/153/632
f 734/139/633 747/112/633 746/113/633
f 735/141/634 748/114/634 747/112/634
f 736/142/635 749/115/635 748/114/635
f 737/144/636 750/116/636 749/115/636
f 738/143/637 751/117/637 750/116/637
f 739/145/638 752/118/638 751/117/638
f 740/146/639 753/119/639 752/118/639
f 741/147/640 754/120/640 753/119/640
f 741/147/641 742/148/641 755/121/641
f 742/148/642 743/149/642 756/122/642
f 743/149/643 744/150/643 757/123/643
f 744/150/644 745/152/644 758/125/644
f 745/152/645 733/153/645 746/294/645
f 861/295/1159 862/495/1159 864/296/1159
f 863/298/1160 862/496/1160 861/299/1160
f 860/301/1161 864/494/1161 862/302/1161
f 868/304/1162 869/497/1162 871/305/1162
f 866/307/1163 870/466/1163 869/308/1163
f 871/305/1164 869/497/1164 870/310/1164
f 875/312/1165 876/498/1165 878/313/1165
f 873/315/1166 877/469/1166 876/316/1166
f 878/313/1167 876/498/1167 877/318/1167
f 882/320/1168 883/499/1168 885/321/1168
f 880/323/1169 884/472/1169 883/324/1169
f 885/321/1170 883/499/1170 884/326/1170
f 889/328/1171 890/500/1171 892/329/1171
f 887/331/1172 891/475/1172 890/332/1172
f 892/329/1173 890/500/1173 891/334/1173
f 896/336/1174 897/501/1174 899/337/1174
f 894/339/1175 898/478/1175 897/340/1175
f 899/337/1176 897/501/1176 898/342/1176
f 903/344/1177 904/502/1177 906/345/1177
f 901/347/1178 905/481/1178 904/348/1178
f 906/345/1179 904/502/1179 905/350/1179
f 910/352/1180 911/503/1180 913/353/1180
f 908/355/1181 912/484/1181 911/356/1181
f 913/353/1182 911/503/1182 912/358/1182
f 917/360/1183 918/504/1183 920/361/1183
f 915/363/1184 919/487/1184 918/364/1184
f 920/361/1185 918/504/1185 919/366/1185
f 924/368/1186 925/505/1186 927/369/1186
f 922/371/1187 926/490/1187 925/372/1187
f 927/369/1188 925/505/1188 926/374/1188
f 931/376/1189 932/506/1189 934/377/1189
f 929/379/1190 933/493/1190 932/380/1190
f 934/377/1191 932/506/1191 933/382/1191
f 760/384/1192 761/507/1192 794/385/1192
f 794/387/1193 761/508/1193 759/388/1193
f 762/390/1194 795/434/1194 797/391/1194
f 797/391/1195 796/436/1195 763/393/1195
f 765/394/1196 798/437/1196 800/395/1196
f 800/395/1197 799/439/1197 766/397/1197
f 768/398/1198 801/440/1198 803/399/1198
f 803/399/1199 802/442/1199 769/401/1199
f 771/402/1200 804/443/1200 806/403/1200
f 806/403/1201 805/445/1201 772/405/1201
f 774/406/1202 807/446/1202 809/407/1202
f 809/407/1203 808/448/1203 775/409/1203
f 777/410/1204 810/449/1204 812/411/1204
f 812/411/1205 811/451/1205 778/413/1205
f 780/414/1206 813/452/1206 815/415/1206
f 815/415/1207 814/454/1207 781/417/1207
f 783/418/1208 816/455/1208 818/419/1208
f 818/419/1209 817/457/1209 784/421/1209
f 786/422/1210 819/458/1210 821/423/1210
f 821/423/1211 820/460/1211 787/425/1211
f 789/426/1212 822/461/1212 824/427/1212
f 824/427/1213 823/463/1213 790/429/1213
f 793/386/1214 794/385/1214 827/430/1214
f 827/432/1215 794/387/1215 792/389/1215
f 795/434/1216 828/464/1216 830/435/1216
f 830/435/1217 829/465/1217 796/436/1217
f 798/437/1218 831/467/1218 833/438/1218
f 833/438/1219 832/468/1219 799/439/1219
f 801/440/1220 834/470/1220 836/441/1220
f 836/441/1221 835/471/1221 802/442/1221
f 804/443/1222 837/473/1222 839/444/1222
f 839/444/1223 838/474/1223 805/445/1223
f 807/446/1224 840/476/1224 842/447/1224
f 842/447/1225 841/477/1225 808/448/1225
f 810/449/1226 843/479/1226 845/450/1226
f 845/450/1227 844/480/1227 811/451/1227
f 813/452/1228 846/482/1228 848/453/1228
f 848/453/1229 847/483/1229 814/454/1229
f 816/455/1230 849/485/1230 851/456/1230
f 851/456/1231 850/486/1231 817/457/1231
f 819/458/1232 852/488/1232 854/459/1232
f 854/459/1233 853/489/1233 820/460/1233
f 822/461/1234 855/491/1234 857/462/1234
f 857/462/1235 856/492/1235 823/463/1235
f 826/431/1236 827/430/1236 861/295/1236
f 861/299/1237 827/432/1237 825/433/1237
f 828/464/1238 865/306/1238 871/305/1238
f 871/305/1239 867/311/1239 829/465/1239
f 866/307/727 860/301/727 863/303/727
f 870/310/1240 863/298/1240 859/300/1240
f 831/467/1241 872/314/1241 878/313/1241
f 878/313/1242 874/319/1242 832/468/1242
f 873/315/1243 866/307/1243 868/309/1243
f 877/318/1244 868/304/1244 865/306/1244
f 834/470/1245 879/322/1245 885/321/1245
f 885/321/1246 881/327/1246 835/471/1246
f 880/323/1247 873/315/1247 875/317/1247
f 884/326/1248 875/312/1248 872/314/1248
f 837/473/1249 886/330/1249 892/329/1249
f 892/329/1250 888/335/1250 838/474/1250
f 887/331/1251 880/323/1251 882/325/1251
f 891/334/1252 882/320/1252 879/322/1252
f 840/476/1253 893/338/1253 899/337/1253
f 899/337/1254 895/343/1254 841/477/1254
f 894/339/1255 887/331/1255 889/333/1255
f 898/342/1256 889/328/1256 886/330/1256
f 843/479/1257 900/346/1257 906/345/1257
f 906/345/1258 902/351/1258 844/480/1258
f 894/339/747 896/341/747 905/481/747
f 896/336/1259 893/338/1259 902/351/1259
f 846/482/1260 907/354/1260 913/353/1260
f 913/353/1261 909/359/1261 847/483/1261
f 901/347/1262 903/349/1262 912/484/1262
f 903/344/1263 900/346/1263 909/359/1263
f 849/485/1264 914/362/1264 920/361/1264
f 920/361/1265 916/367/1265 850/486/1265
f 908/355/1266 910/357/1266 919/487/1266
f 910/352/1267 907/354/1267 916/367/1267
f 852/488/1268 921/370/1268 927/369/1268
f 927/369/1269 923/375/1269 853/489/1269
f 915/363/1270 917/365/1270 926/490/1270
f 917/360/1271 914/362/1271 923/375/1271
f 855/491/1272 928/378/1272 934/377/1272
f 934/377/1273 930/383/1273 856/492/1273
f 922/371/1274 924/373/1274 933/493/1274
f 924/368/1275 921/370/1275 930/383/1275
f 929/379/1276 931/381/1276 864/494/1276
f 931/376/1277 928/378/1277 858/297/1277
f 760/384/1278 793/386/1278 822/461/1278
f 759/388/1279 763/393/1279 796/436/1279
f 762/390/1280 766/397/1280 799/439/1280
f 765/394/1281 769/401/1281 802/442/1281
f 768/398/1282 772/405/1282 805/445/1282
f 771/402/1283 775/409/1283 808/448/1283
f 778/413/773 811/451/773 807/446/773
f 781/417/1284 814/454/1284 810/449/1284
f 784/421/1285 817/457/1285 813/452/1285
f 787/425/1286 820/460/1286 816/455/1286
f 790/429/1287 823/463/1287 819/458/1287
f 793/386/1288 826/431/1288 855/491/1288
f 792/389/1289 796/436/1289 829/465/1289
f 795/434/1290 799/439/1290 832/468/1290
f 798/437/1291 802/442/1291 835/471/1291
f 801/440/1292 805/445/1292 838/474/1292
f 804/443/1293 808/448/1293 841/477/1293
f 811/451/784 844/480/784 840/476/784
f 814/454/1294 847/483/1294 843/479/1294
f 817/457/1295 850/486/1295 846/482/1295
f 820/460/1296 853/489/1296 849/485/1296
f 823/463/1297 856/492/1297 852/488/1297
f 855/491/1298 826/431/1298 858/297/1298
f 825/433/1299 829/465/1299 867/311/1299
f 828/464/1300 832/468/1300 874/319/1300
f 831/467/1301 835/471/1301 881/327/1301
f 834/470/1302 838/474/1302 888/335/1302
f 837/473/1303 841/477/1303 895/343/1303
f 844/480/795 902/351/795 893/338/795
f 843/479/1304 847/483/1304 909/359/1304
f 850/486/1305 916/367/1305 907/354/1305
f 853/489/1306 923/375/1306 914/362/1306
f 856/492/1307 930/383/1307 921/370/1307
f 929/379/1308 860/301/1308 866/307/1308
f 866/307/800 873/315/800 880/323/800
f 880/323/800 887/331/800 894/339/800
f 894/339/800 901/347/800 908/355/800
f 908/355/800 915/363/800 922/371/800
f 922/371/800 929/379/800 866/307/800
f 866/307/800 880/323/800 894/339/800
f 894/339/800 908/355/800 922/371/800
