# Blender 4.5.10 LTS
# www.blender.org
mtllib lur.mtl
o lur_scroll
v 0.070388 0.040655 0.000000
v 0.062052 0.039308 0.034217
v 0.038969 0.035568 0.060573
v 0.006453 0.030263 0.073033
v -0.028031 0.024567 0.068765
v -0.056600 0.019757 0.048764
v -0.072734 0.016983 0.017600
v -0.072734 0.016983 -0.017600
v -0.056600 0.019757 -0.048764
v -0.028031 0.024567 -0.068765
v 0.006453 0.030263 -0.073033
v 0.038969 0.035568 -0.060573
v 0.062052 0.039308 -0.034217
v 0.057485 0.079953 0.000000
v 0.049844 0.077443 0.032590
v 0.028685 0.070482 0.057693
v -0.001113 0.060645 0.069559
v -0.032702 0.050149 0.065491
v -0.058859 0.041374 0.046441
v -0.073621 0.036369 0.016761
v -0.073621 0.036369 -0.016761
v -0.058859 0.041374 -0.046441
v -0.032702 0.050149 -0.065491
v -0.001113 0.060645 -0.069559
v 0.028685 0.070482 -0.057693
v 0.049844 0.077443 -0.032590
v 0.038805 0.116241 -0.000000
v 0.032007 0.112749 0.030964
v 0.013186 0.103070 0.054813
v -0.013313 0.089408 0.066084
v -0.041394 0.074865 0.062217
v -0.064633 0.062748 0.044117
v -0.077740 0.055865 0.015922
v -0.077740 0.055865 -0.015922
v -0.064633 0.062748 -0.044117
v -0.041394 0.074865 -0.062217
v -0.013313 0.089408 -0.066084
v 0.013186 0.103070 -0.054813
v 0.032007 0.112749 -0.030964
v 0.014966 0.148692 -0.000000
v 0.009123 0.144416 0.029338
v -0.007055 0.132567 0.051934
v -0.029827 0.115853 0.062610
v -0.053948 0.098082 0.058944
v -0.073897 0.083305 0.041794
v -0.085142 0.074928 0.015083
v -0.085142 0.074928 -0.015083
v -0.073897 0.083305 -0.041794
v -0.053948 0.098082 -0.058944
v -0.029827 0.115853 -0.062610
v -0.007055 0.132567 -0.051934
v 0.009123 0.144416 -0.029338
v -0.013297 0.176599 0.000000
v -0.018117 0.171745 0.027712
v -0.031459 0.158297 0.049054
v -0.050232 0.139338 0.059136
v -0.070107 0.119196 0.055670
v -0.086534 0.102468 0.039470
v -0.095786 0.092999 0.014244
v -0.095786 0.092999 -0.014244
v -0.086534 0.102468 -0.039470
v -0.070107 0.119196 -0.055670
v -0.050232 0.139338 -0.059136
v -0.031459 0.158297 -0.049054
v -0.018117 0.171745 -0.027712
v -0.045160 0.199384 0.000000
v -0.048926 0.194161 0.026086
v -0.059349 0.179692 0.046174
v -0.074009 0.159299 0.055661
v -0.089519 0.137648 0.052396
v -0.102327 0.119683 0.037147
v -0.109535 0.109522 0.013405
v -0.109535 0.109522 -0.013405
v -0.102327 0.119683 -0.037147
v -0.089519 0.137648 -0.052396
v -0.074009 0.159299 -0.055661
v -0.059349 0.179692 -0.046174
v -0.048926 0.194161 -0.026086
v -0.079725 0.216619 0.000000
v -0.082446 0.211228 0.024460
v -0.089975 0.196297 0.043294
v -0.100559 0.175260 0.052187
v -0.111745 0.152937 0.049123
v -0.120971 0.134426 0.034824
v -0.126157 0.123965 0.012566
v -0.126157 0.123965 -0.012566
v -0.120971 0.134426 -0.034824
v -0.111745 0.152937 -0.049123
v -0.100559 0.175260 -0.052187
v -0.089975 0.196297 -0.043294
v -0.082446 0.211228 -0.024460
v 0.079133 0.042783 0.000000
v 0.069799 0.041304 0.038340
v 0.043937 0.037208 0.067896
v 0.007470 0.031432 0.081898
v -0.031246 0.025300 0.077139
v -0.063343 0.020217 0.054708
v -0.081468 0.017346 0.019744
v -0.081468 0.017346 -0.019744
v -0.063343 0.020217 -0.054708
v -0.031246 0.025300 -0.077139
v 0.007470 0.031432 -0.081898
v 0.043937 0.037208 -0.067896
v 0.069799 0.041304 -0.038340
v 0.065786 0.083430 0.000000
v 0.057180 0.080634 0.036713
v 0.033333 0.072886 0.065016
v -0.000291 0.061960 0.078424
v -0.035990 0.050361 0.073866
v -0.065586 0.040745 0.052387
v -0.082298 0.035315 0.018906
v -0.082298 0.035315 -0.018906
v -0.065586 0.040745 -0.052387
v -0.035990 0.050361 -0.073866
v -0.000291 0.061960 -0.078424
v 0.033333 0.072886 -0.065016
v 0.057180 0.080634 -0.036713
v 0.046455 0.120982 0.000000
v 0.038749 0.117056 0.035087
v 0.017398 0.106177 0.062135
v -0.012708 0.090837 0.074950
v -0.044671 0.074551 0.070594
v -0.071169 0.061050 0.050066
v -0.086132 0.053426 0.018068
v -0.086132 0.053426 -0.018068
v -0.071169 0.061050 -0.050066
v -0.044671 0.074551 -0.070594
v -0.012708 0.090837 -0.074950
v 0.017398 0.106177 -0.062135
v 0.038749 0.117056 -0.035087
v 0.021774 0.154579 0.000000
v 0.015102 0.149732 0.033460
v -0.003386 0.136300 0.059255
v -0.029454 0.117360 0.071475
v -0.057131 0.097252 0.067321
v -0.080075 0.080581 0.047745
v -0.093032 0.071168 0.017231
v -0.093032 0.071168 -0.017231
v -0.080075 0.080581 -0.047745
v -0.057131 0.097252 -0.067321
v -0.029454 0.117360 -0.071475
v -0.003386 0.136300 -0.059255
v 0.015102 0.149732 -0.033460
v -0.007502 0.183484 0.000000
v -0.013050 0.177936 0.031834
v -0.028423 0.162563 0.056374
v -0.050100 0.140886 0.068001
v -0.073114 0.117872 0.064049
v -0.092194 0.098792 0.045424
v -0.102968 0.088018 0.016393
v -0.102968 0.088018 -0.016393
v -0.092194 0.098792 -0.045424
v -0.073114 0.117872 -0.064049
v -0.050100 0.140886 -0.068001
v -0.028423 0.162563 -0.056374
v -0.013050 0.177936 -0.031834
v -0.040521 0.207097 0.000000
v -0.044897 0.201074 0.030207
v -0.057024 0.184383 0.053494
v -0.074122 0.160849 0.064526
v -0.092275 0.135864 0.060776
v -0.107325 0.115150 0.043103
v -0.115823 0.103453 0.015556
v -0.115823 0.103453 -0.015556
v -0.107325 0.115150 -0.043103
v -0.092275 0.135864 -0.060776
v -0.074122 0.160849 -0.064526
v -0.057024 0.184383 -0.053494
v -0.044897 0.201074 -0.030207
v -0.076360 0.224967 0.000000
v -0.079558 0.218690 0.028580
v -0.088420 0.201298 0.050614
v -0.100915 0.176775 0.061052
v -0.114181 0.150738 0.057503
v -0.125179 0.129154 0.040782
v -0.131389 0.116965 0.014718
v -0.131389 0.116965 -0.014718
v -0.125179 0.129154 -0.040782
v -0.114181 0.150738 -0.057503
v -0.100915 0.176775 -0.061052
v -0.088420 0.201298 -0.050614
v -0.079558 0.218690 -0.028580
v 0.076424 0.002886 0.000000
v 0.081544 -0.000722 0.000000
v 0.078210 0.000038 0.000000
v 0.072193 -0.000696 0.037903
v 0.067605 0.002938 0.035679
v 0.069222 0.000082 0.036403
v 0.046295 -0.000628 0.067102
v 0.043199 0.003071 0.063123
v 0.044339 0.000198 0.064429
v 0.009808 -0.000548 0.080913
v 0.008870 0.003227 0.076030
v 0.009305 0.000333 0.077658
v -0.028907 -0.000496 0.076195
v -0.027457 0.003324 0.071488
v -0.027833 0.000420 0.073096
v -0.060999 -0.000498 0.054040
v -0.057454 0.003309 0.050613
v -0.058585 0.000414 0.051816
v -0.079129 -0.000529 0.019505
v -0.074325 0.003239 0.018244
v -0.075938 0.000359 0.018696
v -0.079129 -0.000529 -0.019505
v -0.074325 0.003239 -0.018244
v -0.075938 0.000359 -0.018696
v -0.060999 -0.000498 -0.054040
v -0.057454 0.003309 -0.050613
v -0.058585 0.000414 -0.051816
v -0.028907 -0.000496 -0.076195
v -0.027457 0.003324 -0.071488
v -0.027833 0.000420 -0.073096
v 0.009808 -0.000548 -0.080913
v 0.008870 0.003227 -0.076030
v 0.009305 0.000333 -0.077658
v 0.046295 -0.000628 -0.067102
v 0.043199 0.003071 -0.063123
v 0.044339 0.000198 -0.064429
v 0.072193 -0.000696 -0.037903
v 0.067605 0.002938 -0.035679
v 0.069222 0.000082 -0.036403
v -0.115371 0.232558 0.000000
v -0.112608 0.226918 0.000000
v -0.115125 0.229105 0.000000
v -0.114269 0.221482 0.023028
v -0.117227 0.226684 0.024920
v -0.116838 0.223555 0.023506
v -0.118862 0.206425 0.040776
v -0.122359 0.210427 0.044096
v -0.121575 0.208189 0.041601
v -0.125317 0.185193 0.049198
v -0.129568 0.187543 0.053132
v -0.128224 0.186548 0.050149
v -0.132149 0.162615 0.046381
v -0.137182 0.163291 0.049991
v -0.135247 0.163583 0.047220
v -0.137802 0.143827 0.032941
v -0.143461 0.143212 0.035426
v -0.141040 0.144529 0.033492
v -0.140993 0.133169 0.011902
v -0.146991 0.131880 0.012780
v -0.144299 0.133752 0.012090
v -0.140993 0.133169 -0.011902
v -0.146991 0.131880 -0.012780
v -0.144299 0.133752 -0.012090
v -0.137802 0.143827 -0.032941
v -0.143461 0.143212 -0.035426
v -0.141040 0.144529 -0.033492
v -0.132149 0.162615 -0.046381
v -0.137182 0.163291 -0.049991
v -0.135247 0.163583 -0.047220
v -0.125317 0.185193 -0.049198
v -0.129568 0.187543 -0.053132
v -0.128224 0.186548 -0.050149
v -0.118862 0.206425 -0.040776
v -0.122359 0.210427 -0.044096
v -0.121575 0.208189 -0.041601
v -0.114269 0.221482 -0.023028
v -0.117227 0.226684 -0.024920
v -0.116838 0.223555 -0.023506
v 0.081573 -0.000717 0.000000
v 0.085306 0.004324 0.000000
v 0.084500 0.001057 0.000000
v 0.075485 0.004324 0.039796
v 0.072222 -0.000691 0.037918
v 0.074804 0.001064 0.039316
v 0.048283 0.004321 0.070442
v 0.046320 -0.000622 0.067137
v 0.047944 0.001083 0.069613
v 0.009968 0.004317 0.084896
v 0.009815 -0.000541 0.080968
v 0.010088 0.001106 0.083943
v -0.030624 0.004309 0.079854
v -0.028929 -0.000489 0.076256
v -0.030075 0.001119 0.079031
v -0.064153 0.004298 0.056535
v -0.061049 -0.000491 0.054084
v -0.063335 0.001115 0.056022
v -0.082999 0.004287 0.020374
v -0.079193 -0.000521 0.019521
v -0.082092 0.001103 0.020210
v -0.082999 0.004287 -0.020374
v -0.079193 -0.000521 -0.019521
v -0.082092 0.001103 -0.020210
v -0.064153 0.004298 -0.056535
v -0.061049 -0.000491 -0.054084
v -0.063335 0.001115 -0.056022
v -0.030624 0.004309 -0.079854
v -0.028929 -0.000489 -0.076256
v -0.030075 0.001119 -0.079031
v 0.009968 0.004317 -0.084896
v 0.009815 -0.000541 -0.080968
v 0.010088 0.001106 -0.083943
v 0.048283 0.004321 -0.070442
v 0.046320 -0.000622 -0.067137
v 0.047944 0.001083 -0.069613
v 0.075485 0.004324 -0.039796
v 0.072222 -0.000691 -0.037918
v 0.074804 0.001064 -0.039316
v -0.109919 0.235504 0.000000
v -0.115401 0.232464 0.000000
v -0.113234 0.235150 0.000000
v -0.117248 0.226614 0.024882
v -0.111983 0.229153 0.027137
v -0.115230 0.228960 0.026401
v -0.122364 0.210405 0.044064
v -0.117708 0.211546 0.048085
v -0.120761 0.211803 0.046762
v -0.129569 0.187548 0.053160
v -0.125793 0.186688 0.058060
v -0.128562 0.187602 0.056425
v -0.137209 0.163263 0.050090
v -0.134404 0.160237 0.054762
v -0.136849 0.161886 0.053174
v -0.143535 0.143102 0.035543
v -0.141573 0.138238 0.038899
v -0.143726 0.140537 0.037735
v -0.147104 0.131700 0.012832
v -0.145641 0.125775 0.014054
v -0.147614 0.128465 0.013624
v -0.147104 0.131700 -0.012832
v -0.145641 0.125775 -0.014054
v -0.147614 0.128465 -0.013624
v -0.143535 0.143102 -0.035543
v -0.141573 0.138238 -0.038899
v -0.143726 0.140537 -0.037735
v -0.137209 0.163263 -0.050090
v -0.134404 0.160237 -0.054762
v -0.136849 0.161886 -0.053174
v -0.129569 0.187548 -0.053160
v -0.125793 0.186688 -0.058060
v -0.128562 0.187602 -0.056425
v -0.122364 0.210405 -0.044064
v -0.117708 0.211546 -0.048085
v -0.120761 0.211803 -0.046762
v -0.117248 0.226614 -0.024882
v -0.111983 0.229153 -0.027137
v -0.115230 0.228960 -0.026401
v -0.112809 0.240604 0.000000
v -0.115004 0.233850 0.028813
v -0.121084 0.215135 0.051025
v -0.129659 0.188746 0.061548
v -0.138762 0.160729 0.057971
v -0.146309 0.137502 0.041114
v -0.150570 0.124386 0.014838
v -0.150570 0.124386 -0.014838
v -0.146309 0.137502 -0.041114
v -0.138762 0.160729 -0.057971
v -0.129659 0.188746 -0.061548
v -0.121084 0.215135 -0.051025
v -0.115004 0.233850 -0.028813
v -0.121538 0.243301 0.000000
v -0.123536 0.236485 0.028813
v -0.129070 0.217601 0.051025
v -0.136873 0.190974 0.061548
v -0.145157 0.162705 0.057971
v -0.152025 0.139268 0.041114
v -0.155904 0.126034 0.014838
v -0.155904 0.126034 -0.014838
v -0.152025 0.139268 -0.041114
v -0.145157 0.162705 -0.057971
v -0.136873 0.190974 -0.061548
v -0.129070 0.217601 -0.051025
v -0.123536 0.236485 -0.028813
v -0.130343 0.245742 0.000000
v -0.132141 0.238872 0.028813
v -0.137123 0.219835 0.051025
v -0.144149 0.192992 0.061548
v -0.151607 0.164493 0.057971
v -0.157791 0.140867 0.041114
v -0.161283 0.127526 0.014838
v -0.161283 0.127526 -0.014838
v -0.157791 0.140867 -0.041114
v -0.151607 0.164493 -0.057971
v -0.144149 0.192992 -0.061548
v -0.137123 0.219835 -0.051025
v -0.132141 0.238872 -0.028813
v -0.139214 0.247927 0.000000
v -0.140812 0.241007 0.028813
v -0.145238 0.221833 0.051025
v -0.151480 0.194798 0.061548
v -0.158107 0.166094 0.057971
v -0.163601 0.142298 0.041114
v -0.166703 0.128860 0.014838
v -0.166703 0.128860 -0.014838
v -0.163601 0.142298 -0.041114
v -0.158107 0.166094 -0.057971
v -0.151480 0.194798 -0.061548
v -0.145238 0.221833 -0.051025
v -0.140812 0.241007 -0.028813
v -0.145232 0.233099 0.000000
v -0.145990 0.227717 0.022001
v -0.148080 0.212818 0.038935
v -0.150995 0.191840 0.046921
v -0.154027 0.169599 0.044156
v -0.156463 0.151171 0.031299
v -0.157789 0.140759 0.011294
v -0.157789 0.140759 -0.011294
v -0.156463 0.151171 -0.031299
v -0.154027 0.169599 -0.044156
v -0.150995 0.191840 -0.046921
v -0.148080 0.212818 -0.038935
v -0.145990 0.227717 -0.022001
v -0.174261 0.233105 -0.000000
v -0.174100 0.227876 0.021175
v -0.173646 0.213402 0.037472
v -0.172980 0.193029 0.045157
v -0.172221 0.171441 0.042493
v -0.171522 0.153568 0.030119
v -0.171082 0.143479 0.010867
v -0.171082 0.143479 -0.010867
v -0.171522 0.153568 -0.030119
v -0.172221 0.171441 -0.042493
v -0.172980 0.193029 -0.045157
v -0.173646 0.213402 -0.037472
v -0.174100 0.227876 -0.021175
v -0.202569 0.228216 0.000000
v -0.201563 0.223290 0.020349
v -0.198769 0.209657 0.036009
v -0.194812 0.190472 0.043392
v -0.190570 0.170153 0.040830
v -0.186994 0.153345 0.028938
v -0.184936 0.143865 0.010441
v -0.184936 0.143865 -0.010441
v -0.186994 0.153345 -0.028938
v -0.190570 0.170153 -0.040830
v -0.194812 0.190472 -0.043392
v -0.198769 0.209657 -0.036009
v -0.201563 0.223290 -0.020349
v -0.229344 0.218676 -0.000000
v -0.227590 0.214183 0.019523
v -0.222725 0.201747 0.034546
v -0.215857 0.184254 0.041627
v -0.208536 0.165737 0.039168
v -0.202420 0.150431 0.027758
v -0.198934 0.141805 0.010015
v -0.198934 0.141805 -0.010015
v -0.202420 0.150431 -0.027758
v -0.208536 0.165737 -0.039168
v -0.215857 0.184254 -0.041627
v -0.222725 0.201747 -0.034546
v -0.227590 0.214183 -0.019523
v -0.253839 0.204861 -0.000000
v -0.251451 0.200906 0.018697
v -0.244836 0.189961 0.033083
v -0.235508 0.174569 0.039862
v -0.225587 0.158286 0.037505
v -0.217330 0.144838 0.026579
v -0.212642 0.137266 0.009589
v -0.212642 0.137266 -0.009589
v -0.217330 0.144838 -0.026579
v -0.225587 0.158286 -0.037505
v -0.235508 0.174569 -0.039862
v -0.244836 0.189961 -0.033083
v -0.251451 0.200906 -0.018697
v -0.275386 0.187265 0.000000
v -0.272494 0.183927 0.017871
v -0.264485 0.174691 0.031621
v -0.253199 0.161709 0.038098
v -0.241212 0.147984 0.035842
v -0.231256 0.136659 0.025399
v -0.225615 0.130289 0.009163
v -0.225615 0.130289 -0.009163
v -0.231256 0.136659 -0.025399
v -0.241212 0.147984 -0.035842
v -0.253199 0.161709 -0.038098
v -0.264485 0.174691 -0.031621
v -0.272494 0.183927 -0.017870
v -0.293420 0.166483 0.000000
v -0.290160 0.163813 0.017044
v -0.281135 0.156430 0.030158
v -0.268423 0.146058 0.036333
v -0.254936 0.135101 0.034180
v -0.243747 0.126071 0.024219
v -0.237418 0.120997 0.008737
v -0.237418 0.120997 -0.008737
v -0.243747 0.126071 -0.024219
v -0.254936 0.135101 -0.034180
v -0.268423 0.146058 -0.036333
v -0.281135 0.156430 -0.030158
v -0.290160 0.163813 -0.017044
v -0.307491 0.143189 0.000000
v -0.304002 0.141213 0.016218
v -0.294345 0.135749 0.028695
v -0.280748 0.128078 0.034568
v -0.266332 0.119986 0.032517
v -0.254385 0.113327 0.023039
v -0.247635 0.109592 0.008311
v -0.247635 0.109592 -0.008311
v -0.254385 0.113327 -0.023039
v -0.266332 0.119986 -0.032517
v -0.280748 0.128078 -0.034568
v -0.294345 0.135749 -0.028695
v -0.304002 0.141213 -0.016218
v -0.144463 0.242066 0.000000
v -0.145384 0.235692 0.026128
v -0.147936 0.218031 0.046270
v -0.151535 0.193129 0.055812
v -0.155355 0.166690 0.052569
v -0.158522 0.144771 0.037282
v -0.160311 0.132394 0.013455
v -0.160311 0.132394 -0.013455
v -0.158522 0.144771 -0.037282
v -0.155355 0.166690 -0.052569
v -0.151535 0.193129 -0.055812
v -0.147936 0.218031 -0.046270
v -0.145384 0.235692 -0.026128
v -0.175032 0.242072 0.000000
v -0.174862 0.235838 0.025302
v -0.174393 0.218564 0.044807
v -0.173732 0.194208 0.054047
v -0.173030 0.168348 0.050906
v -0.172447 0.146910 0.036103
v -0.172119 0.134805 0.013029
v -0.172119 0.134805 -0.013029
v -0.172447 0.146910 -0.036103
v -0.173030 0.168348 -0.050906
v -0.173732 0.194208 -0.054047
v -0.174393 0.218564 -0.044807
v -0.174862 0.235838 -0.025302
v -0.204856 0.236921 0.000000
v -0.203670 0.231006 0.024475
v -0.200385 0.214616 0.043344
v -0.195754 0.191505 0.052283
v -0.190836 0.166969 0.049244
v -0.186759 0.146628 0.034924
v -0.184457 0.135142 0.012604
v -0.184457 0.135142 -0.012604
v -0.186759 0.146628 -0.034924
v -0.190836 0.166969 -0.049244
v -0.195754 0.191505 -0.052283
v -0.200385 0.214616 -0.043344
v -0.203670 0.231006 -0.024475
v -0.233081 0.226864 0.000000
v -0.230982 0.221426 0.023649
v -0.225164 0.206358 0.041881
v -0.216961 0.185113 0.050518
v -0.208252 0.162556 0.047582
v -0.201032 0.143856 0.033746
v -0.196956 0.133296 0.012179
v -0.196956 0.133296 -0.012179
v -0.201032 0.143856 -0.033746
v -0.208252 0.162556 -0.047582
v -0.216961 0.185113 -0.050518
v -0.225164 0.206358 -0.041881
v -0.230982 0.221426 -0.023649
v -0.258916 0.212292 0.000000
v -0.256028 0.207465 0.022823
v -0.248026 0.194088 0.040418
v -0.236743 0.175227 0.048753
v -0.224763 0.155202 0.045920
v -0.214832 0.138601 0.032567
v -0.209224 0.129226 0.011753
v -0.209224 0.129226 -0.011753
v -0.214832 0.138601 -0.032567
v -0.224763 0.155202 -0.045920
v -0.236743 0.175227 -0.048753
v -0.248026 0.194088 -0.040418
v -0.256028 0.207465 -0.022823
v -0.281655 0.193723 0.000000
v -0.278122 0.189610 0.021997
v -0.268332 0.178215 0.038955
v -0.254528 0.162147 0.046988
v -0.239872 0.145088 0.044257
v -0.227722 0.130946 0.031388
v -0.220861 0.122960 0.011328
v -0.220861 0.122960 -0.011328
v -0.227722 0.130946 -0.031388
v -0.239872 0.145088 -0.044257
v -0.254528 0.162147 -0.046988
v -0.268332 0.178215 -0.038955
v -0.278122 0.189610 -0.021997
v -0.300698 0.171777 0.000000
v -0.296675 0.168454 0.021171
v -0.285527 0.159246 0.037491
v -0.269808 0.146263 0.045223
v -0.253119 0.132479 0.042595
v -0.239284 0.121051 0.030209
v -0.231471 0.114598 0.010902
v -0.231471 0.114598 -0.010902
v -0.239284 0.121051 -0.030209
v -0.253119 0.132479 -0.042595
v -0.269808 0.146263 -0.045223
v -0.285527 0.159246 -0.037491
v -0.296675 0.168454 -0.021171
v -0.315565 0.147165 0.000000
v -0.311213 0.144675 0.020345
v -0.299153 0.137774 0.036028
v -0.282148 0.128044 0.043459
v -0.264094 0.117714 0.040933
v -0.249126 0.109150 0.029030
v -0.240675 0.104314 0.010477
v -0.240675 0.104314 -0.010477
v -0.249126 0.109150 -0.029030
v -0.264094 0.117714 -0.040933
v -0.282148 0.128044 -0.043459
v -0.299153 0.137774 -0.036028
v -0.311213 0.144675 -0.020345
v -0.119883 0.228681 0.000000
v -0.114808 0.232363 0.000000
v -0.116611 0.229448 0.000000
v -0.116739 0.226526 0.024894
v -0.121683 0.223353 0.022713
v -0.118452 0.223962 0.023404
v -0.122081 0.210368 0.044058
v -0.126654 0.208618 0.040162
v -0.123541 0.208783 0.041405
v -0.129591 0.187616 0.053106
v -0.133617 0.187910 0.048341
v -0.130682 0.187427 0.049880
v -0.137530 0.163486 0.049992
v -0.140925 0.166014 0.045419
v -0.138201 0.164801 0.046925
v -0.144072 0.143485 0.035447
v -0.146879 0.147941 0.032133
v -0.144361 0.146064 0.033251
v -0.147742 0.132181 0.012793
v -0.150173 0.137778 0.011577
v -0.147793 0.135486 0.011995
v -0.147742 0.132181 -0.012793
v -0.150173 0.137778 -0.011577
v -0.147793 0.135486 -0.011995
v -0.144072 0.143485 -0.035447
v -0.146879 0.147941 -0.032133
v -0.144361 0.146064 -0.033251
v -0.137530 0.163486 -0.049992
v -0.140925 0.166014 -0.045419
v -0.138201 0.164801 -0.046925
v -0.129591 0.187616 -0.053106
v -0.133617 0.187910 -0.048341
v -0.130682 0.187427 -0.049880
v -0.122081 0.210368 -0.044058
v -0.126654 0.208618 -0.040162
v -0.123541 0.208783 -0.041405
v -0.116739 0.226526 -0.024894
v -0.121683 0.223353 -0.022713
v -0.118452 0.223962 -0.023404
v -0.321769 0.119050 0.000000
v -0.315953 0.121431 0.000000
v -0.318306 0.119063 0.000000
v -0.312308 0.120214 0.015535
v -0.317685 0.117617 0.017483
v -0.314542 0.117785 0.016051
v -0.302218 0.116850 0.027495
v -0.306386 0.113658 0.030922
v -0.304129 0.114259 0.028393
v -0.288005 0.112134 0.033154
v -0.290499 0.108106 0.037236
v -0.289480 0.109318 0.034205
v -0.272899 0.107154 0.031244
v -0.273680 0.102253 0.035013
v -0.273950 0.104113 0.032188
v -0.260326 0.103042 0.022187
v -0.259767 0.097436 0.024800
v -0.261069 0.099830 0.022822
v -0.253187 0.100724 0.008017
v -0.251918 0.094733 0.008944
v -0.253783 0.097424 0.008237
v -0.253187 0.100724 -0.008017
v -0.251918 0.094733 -0.008944
v -0.253783 0.097424 -0.008237
v -0.260326 0.103042 -0.022187
v -0.259767 0.097436 -0.024800
v -0.261069 0.099830 -0.022822
v -0.272899 0.107154 -0.031244
v -0.273680 0.102253 -0.035013
v -0.273950 0.104113 -0.032188
v -0.288005 0.112134 -0.033154
v -0.290499 0.108106 -0.037236
v -0.289480 0.109318 -0.034205
v -0.302218 0.116850 -0.027495
v -0.306386 0.113658 -0.030922
v -0.304129 0.114259 -0.028393
v -0.312308 0.120214 -0.015535
v -0.317685 0.117617 -0.017483
v -0.314542 0.117785 -0.016051
v -0.114807 0.232371 0.000000
v -0.118355 0.237546 0.000000
v -0.115531 0.235721 0.000000
v -0.120402 0.231247 0.026833
v -0.116737 0.226539 0.024900
v -0.117546 0.229551 0.026317
v -0.126069 0.213802 0.047493
v -0.122079 0.210385 0.044083
v -0.123126 0.212458 0.046594
v -0.134050 0.189233 0.057233
v -0.129594 0.187623 0.053158
v -0.130988 0.188370 0.056182
v -0.142502 0.163210 0.053823
v -0.137543 0.163464 0.050059
v -0.139319 0.162815 0.052889
v -0.149478 0.141727 0.038094
v -0.144095 0.143428 0.035502
v -0.146206 0.141655 0.037487
v -0.153393 0.129666 0.013724
v -0.147773 0.132104 0.012813
v -0.150081 0.129723 0.013522
v -0.153393 0.129666 -0.013724
v -0.147773 0.132104 -0.012813
v -0.150081 0.129723 -0.013522
v -0.149478 0.141727 -0.038094
v -0.144095 0.143428 -0.035502
v -0.146206 0.141655 -0.037487
v -0.142502 0.163210 -0.053823
v -0.137543 0.163464 -0.050059
v -0.139319 0.162815 -0.052889
v -0.134050 0.189233 -0.057233
v -0.129594 0.187623 -0.053158
v -0.130988 0.188370 -0.056182
v -0.126069 0.213802 -0.047493
v -0.122079 0.210385 -0.044083
v -0.123126 0.212458 -0.046594
v -0.120402 0.231247 -0.026833
v -0.116737 0.226539 -0.024900
v -0.117546 0.229551 -0.026317
v -0.324334 0.124696 0.000000
v -0.321678 0.119015 0.000000
v -0.324209 0.121361 0.000000
v -0.317617 0.117591 0.017446
v -0.319792 0.123042 0.019648
v -0.319816 0.119778 0.018949
v -0.306366 0.113651 0.030892
v -0.307196 0.118456 0.034816
v -0.307643 0.115392 0.033563
v -0.290504 0.108106 0.037264
v -0.289413 0.111978 0.042042
v -0.290472 0.109208 0.040498
v -0.273652 0.102229 0.035111
v -0.270486 0.105079 0.039661
v -0.272225 0.102638 0.038166
v -0.259658 0.097365 0.024915
v -0.254737 0.099330 0.028179
v -0.257075 0.097186 0.027087
v -0.251741 0.094621 0.008996
v -0.245808 0.096067 0.010183
v -0.248504 0.094103 0.009781
v -0.251741 0.094621 -0.008996
v -0.245808 0.096067 -0.010183
v -0.248504 0.094103 -0.009781
v -0.259658 0.097365 -0.024915
v -0.254737 0.099330 -0.028179
v -0.257075 0.097186 -0.027087
v -0.273652 0.102229 -0.035111
v -0.270486 0.105079 -0.039661
v -0.272225 0.102638 -0.038166
v -0.290504 0.108106 -0.037264
v -0.289413 0.111978 -0.042042
v -0.290472 0.109208 -0.040498
v -0.306366 0.113651 -0.030892
v -0.307196 0.118456 -0.034816
v -0.307643 0.115392 -0.033563
v -0.317617 0.117591 -0.017446
v -0.319792 0.123042 -0.019648
v -0.319816 0.119778 -0.018949
v -0.322002 0.094831 0.000000
v -0.318453 0.094178 0.014595
v -0.308630 0.092380 0.025822
v -0.294807 0.089869 0.031107
v -0.280162 0.087248 0.029261
v -0.268038 0.085123 0.020733
v -0.261193 0.083949 0.007479
v -0.261193 0.083949 -0.007479
v -0.268038 0.085123 -0.020733
v -0.280162 0.087248 -0.029261
v -0.294807 0.089869 -0.031107
v -0.308630 0.092380 -0.025822
v -0.318453 0.094178 -0.014595
v -0.322885 0.071318 0.000000
v -0.319473 0.071252 0.013799
v -0.310033 0.071074 0.024412
v -0.296753 0.070842 0.029405
v -0.282692 0.070632 0.027658
v -0.271060 0.070498 0.019595
v -0.264499 0.070445 0.007068
v -0.264499 0.070445 -0.007068
v -0.271060 0.070498 -0.019595
v -0.282692 0.070632 -0.027658
v -0.296753 0.070842 -0.029405
v -0.310033 0.071074 -0.024412
v -0.319473 0.071252 -0.013799
v -0.319980 0.048248 0.000000
v -0.316796 0.048706 0.013002
v -0.307989 0.049977 0.023001
v -0.295606 0.051784 0.027703
v -0.282501 0.053727 0.026054
v -0.271669 0.055370 0.018457
v -0.265563 0.056316 0.006657
v -0.265563 0.056316 -0.006657
v -0.271669 0.055370 -0.018457
v -0.282501 0.053727 -0.026054
v -0.295606 0.051784 -0.027703
v -0.307989 0.049977 -0.023001
v -0.316796 0.048706 -0.013002
v -0.313451 0.026220 0.000000
v -0.310571 0.027127 0.012206
v -0.302603 0.029641 0.021591
v -0.291405 0.033192 0.026002
v -0.279563 0.036978 0.024451
v -0.269781 0.040139 0.017319
v -0.264271 0.041939 0.006247
v -0.264271 0.041939 -0.006247
v -0.269781 0.040139 -0.017319
v -0.279563 0.036978 -0.024451
v -0.291405 0.033192 -0.026002
v -0.302603 0.029641 -0.021591
v -0.310571 0.027127 -0.012206
v -0.303558 0.005792 0.000000
v -0.301037 0.007064 0.011409
v -0.294066 0.010587 0.020180
v -0.284273 0.015554 0.024300
v -0.273923 0.020832 0.022847
v -0.265381 0.025222 0.016182
v -0.260574 0.027710 0.005836
v -0.260574 0.027710 -0.005836
v -0.265381 0.025222 -0.016182
v -0.273923 0.020832 -0.022847
v -0.284273 0.015554 -0.024300
v -0.294066 0.010587 -0.020180
v -0.301037 0.007064 -0.011409
v -0.290642 -0.012535 0.000000
v -0.288518 -0.010988 0.010613
v -0.282648 -0.006705 0.018770
v -0.274405 -0.000674 0.022598
v -0.265701 0.005724 0.021244
v -0.258523 0.011032 0.015044
v -0.254487 0.014035 0.005425
v -0.254487 0.014035 -0.005425
v -0.258523 0.011032 -0.015044
v -0.265701 0.005724 -0.021244
v -0.274405 -0.000674 -0.022598
v -0.282648 -0.006705 -0.018770
v -0.288518 -0.010988 -0.010613
v -0.330938 0.095897 0.000000
v -0.326404 0.095039 0.018722
v -0.313841 0.092662 0.033154
v -0.296126 0.089311 0.039992
v -0.277318 0.085752 0.037668
v -0.261726 0.082802 0.026714
v -0.252922 0.081136 0.009641
v -0.252922 0.081136 -0.009641
v -0.261726 0.082802 -0.026714
v -0.277318 0.085752 -0.037668
v -0.296126 0.089311 -0.039992
v -0.313841 0.092662 -0.033154
v -0.326404 0.095039 -0.018722
v -0.331876 0.070922 0.000000
v -0.327460 0.070812 0.017925
v -0.315221 0.070507 0.031744
v -0.297965 0.070077 0.038290
v -0.279644 0.069620 0.036065
v -0.264455 0.069241 0.025578
v -0.255878 0.069027 0.009231
v -0.255878 0.069027 -0.009231
v -0.264455 0.069241 -0.025578
v -0.279644 0.069620 -0.036065
v -0.297965 0.070077 -0.038290
v -0.315221 0.070507 -0.031744
v -0.327460 0.070812 -0.017925
v -0.328788 0.046400 0.000000
v -0.324606 0.046977 0.017128
v -0.313018 0.048577 0.030333
v -0.296678 0.050831 0.036588
v -0.279330 0.053225 0.034462
v -0.264948 0.055210 0.024441
v -0.256827 0.056331 0.008820
v -0.256827 0.056331 -0.008820
v -0.264948 0.055210 -0.024441
v -0.279330 0.053225 -0.034462
v -0.296678 0.050831 -0.036588
v -0.313018 0.048577 -0.030333
v -0.324606 0.046977 -0.017128
v -0.321843 0.022969 0.000000
v -0.317997 0.024155 0.016332
v -0.307338 0.027443 0.028922
v -0.292309 0.032079 0.034887
v -0.276353 0.037001 0.032859
v -0.263125 0.041081 0.023304
v -0.255656 0.043385 0.008410
v -0.255656 0.043385 -0.008410
v -0.263125 0.041081 -0.023304
v -0.276353 0.037001 -0.032859
v -0.292309 0.032079 -0.034887
v -0.307338 0.027443 -0.028922
v -0.317997 0.024155 -0.016332
v -0.311312 0.001223 0.000000
v -0.307883 0.002927 0.015535
v -0.298382 0.007649 0.027511
v -0.284985 0.014308 0.033185
v -0.270762 0.021377 0.031256
v -0.258970 0.027238 0.022167
v -0.252312 0.030547 0.008000
v -0.252312 0.030547 -0.008000
v -0.258970 0.027238 -0.022167
v -0.270762 0.021377 -0.031256
v -0.284985 0.014308 -0.033185
v -0.298382 0.007649 -0.027511
v -0.307883 0.002927 -0.015535
v -0.297552 -0.018301 0.000000
v -0.294603 -0.016181 0.014738
v -0.286430 -0.010305 0.026100
v -0.274906 -0.002020 0.031483
v -0.262671 0.006777 0.029653
v -0.252528 0.014069 0.021030
v -0.246801 0.018187 0.007590
v -0.246801 0.018187 -0.007590
v -0.252528 0.014069 -0.021030
v -0.262671 0.006777 -0.029653
v -0.274906 -0.002020 -0.031483
v -0.286430 -0.010305 -0.026100
v -0.294603 -0.016181 -0.014738
v -0.317964 0.114589 0.000000
v -0.321492 0.119769 0.000000
v -0.318634 0.117883 0.000000
v -0.317450 0.118265 0.017457
v -0.314429 0.113237 0.015255
v -0.314940 0.116483 0.015961
v -0.306261 0.114104 0.030890
v -0.304663 0.109506 0.026959
v -0.304723 0.112612 0.028227
v -0.290512 0.108255 0.037225
v -0.290955 0.104285 0.032426
v -0.290361 0.107186 0.033990
v -0.273818 0.102072 0.035035
v -0.276481 0.098806 0.030445
v -0.275157 0.101470 0.031964
v -0.259985 0.096971 0.024838
v -0.264545 0.094332 0.021531
v -0.262575 0.096778 0.022644
v -0.252171 0.094102 0.008963
v -0.257833 0.091843 0.007756
v -0.255474 0.094152 0.008168
v -0.252171 0.094102 -0.008963
v -0.257833 0.091843 -0.007756
v -0.255474 0.094152 -0.008168
v -0.259985 0.096971 -0.024838
v -0.264545 0.094332 -0.021531
v -0.262575 0.096778 -0.022644
v -0.273818 0.102072 -0.035035
v -0.276481 0.098806 -0.030445
v -0.275157 0.101470 -0.031964
v -0.290512 0.108255 -0.037225
v -0.290955 0.104285 -0.032426
v -0.290361 0.107186 -0.033990
v -0.306260 0.114104 -0.030890
v -0.304663 0.109506 -0.026959
v -0.304723 0.112612 -0.028227
v -0.317450 0.118265 -0.017457
v -0.314429 0.113237 -0.015255
v -0.314940 0.116483 -0.015961
v -0.277842 -0.032026 0.000000
v -0.277625 -0.025743 0.000000
v -0.276432 -0.028859 0.000000
v -0.275947 -0.023927 0.009979
v -0.275787 -0.029903 0.011909
v -0.274651 -0.026962 0.010481
v -0.271308 -0.018898 0.017656
v -0.270111 -0.024033 0.021050
v -0.269736 -0.021715 0.018530
v -0.264792 -0.011811 0.021285
v -0.262151 -0.015787 0.025326
v -0.262845 -0.014336 0.022308
v -0.257890 -0.004273 0.020054
v -0.253757 -0.007064 0.023791
v -0.255569 -0.006513 0.020979
v -0.252166 0.002006 0.014239
v -0.246841 0.000148 0.016839
v -0.249560 -0.000023 0.014868
v -0.248925 0.005572 0.005144
v -0.242952 0.004214 0.006070
v -0.246174 0.003650 0.005365
v -0.248925 0.005572 -0.005144
v -0.242952 0.004214 -0.006070
v -0.246174 0.003650 -0.005365
v -0.252166 0.002006 -0.014239
v -0.246841 0.000148 -0.016839
v -0.249560 -0.000023 -0.014868
v -0.257890 -0.004273 -0.020054
v -0.253757 -0.007064 -0.023791
v -0.255569 -0.006513 -0.020979
v -0.264792 -0.011811 -0.021285
v -0.262151 -0.015787 -0.025326
v -0.262845 -0.014336 -0.022308
v -0.271308 -0.018898 -0.017656
v -0.270111 -0.024033 -0.021050
v -0.269736 -0.021715 -0.018530
v -0.275947 -0.023927 -0.009979
v -0.275787 -0.029903 -0.011909
v -0.274651 -0.026962 -0.010481
v -0.321508 0.119772 0.000000
v -0.326779 0.116375 0.000000
v -0.324875 0.119146 0.000000
v -0.322283 0.114739 0.019376
v -0.317468 0.118269 0.017466
v -0.320502 0.117544 0.018876
v -0.309832 0.110208 0.034290
v -0.306281 0.114107 0.030919
v -0.308390 0.113110 0.033417
v -0.292304 0.103830 0.041312
v -0.290521 0.108253 0.037278
v -0.291324 0.106864 0.040289
v -0.273747 0.097078 0.038843
v -0.273797 0.102059 0.035101
v -0.273223 0.100245 0.037924
v -0.258430 0.091506 0.027491
v -0.259930 0.096945 0.024892
v -0.258236 0.094772 0.026879
v -0.249823 0.088375 0.009906
v -0.252095 0.094069 0.008983
v -0.249784 0.091689 0.009696
v -0.249823 0.088375 -0.009906
v -0.252095 0.094069 -0.008983
v -0.249784 0.091689 -0.009696
v -0.258430 0.091506 -0.027491
v -0.259930 0.096945 -0.024891
v -0.258236 0.094772 -0.026879
v -0.273747 0.097078 -0.038843
v -0.273797 0.102059 -0.035101
v -0.273223 0.100245 -0.037924
v -0.292304 0.103830 -0.041312
v -0.290521 0.108253 -0.037278
v -0.291324 0.106864 -0.040289
v -0.309832 0.110208 -0.034290
v -0.306281 0.114107 -0.030919
v -0.308390 0.113110 -0.033417
v -0.322283 0.114739 -0.019376
v -0.317468 0.118269 -0.017466
v -0.320502 0.117544 -0.018876
v -0.284037 -0.032051 0.000000
v -0.277769 -0.031954 0.000000
v -0.280944 -0.033301 0.000000
v -0.275733 -0.029849 0.011870
v -0.281586 -0.029601 0.014091
v -0.278624 -0.030961 0.013379
v -0.270095 -0.024016 0.021019
v -0.274790 -0.022807 0.024975
v -0.272193 -0.024474 0.023698
v -0.262153 -0.015791 0.025356
v -0.265186 -0.013212 0.030166
v -0.263122 -0.015322 0.028598
v -0.253721 -0.007047 0.023895
v -0.254957 -0.002996 0.028465
v -0.253481 -0.005593 0.026955
v -0.246726 0.000219 0.016959
v -0.246438 0.005506 0.020227
v -0.245476 0.002486 0.019132
v -0.242771 0.004333 0.006124
v -0.241606 0.010324 0.007310
v -0.240947 0.007057 0.006908
v -0.242771 0.004333 -0.006124
v -0.241606 0.010324 -0.007310
v -0.240947 0.007057 -0.006908
v -0.246726 0.000219 -0.016959
v -0.246438 0.005506 -0.020227
v -0.245476 0.002486 -0.019132
v -0.253721 -0.007047 -0.023895
v -0.254957 -0.002996 -0.028465
v -0.253481 -0.005593 -0.026955
v -0.262153 -0.015791 -0.025356
v -0.265186 -0.013212 -0.030166
v -0.263122 -0.015322 -0.028598
v -0.270095 -0.024016 -0.021019
v -0.274790 -0.022807 -0.024975
v -0.272193 -0.024474 -0.023698
v -0.275733 -0.029849 -0.011870
v -0.281586 -0.029601 -0.014091
v -0.278624 -0.030961 -0.013379
v -0.283831 -0.037966 0.000000
v -0.281077 -0.035212 0.015801
v -0.273447 -0.027582 0.027981
v -0.262687 -0.016823 0.033752
v -0.251264 -0.005399 0.031791
v -0.241794 0.004071 0.022546
v -0.236447 0.009418 0.008137
v -0.236447 0.009418 -0.008137
v -0.241794 0.004071 -0.022546
v -0.251264 -0.005399 -0.031791
v -0.262687 -0.016823 -0.033752
v -0.273447 -0.027582 -0.027981
v -0.281077 -0.035212 -0.015801
v -0.277862 -0.043765 0.000000
v -0.275189 -0.040932 0.015801
v -0.267784 -0.033083 0.027981
v -0.257342 -0.022015 0.033752
v -0.246256 -0.010264 0.031791
v -0.237065 -0.000523 0.022546
v -0.231875 0.004978 0.008137
v -0.231875 0.004978 -0.008137
v -0.237065 -0.000523 -0.022546
v -0.246256 -0.010264 -0.031791
v -0.257342 -0.022015 -0.033752
v -0.267784 -0.033083 -0.027981
v -0.275189 -0.040932 -0.015801
v -0.271726 -0.049387 0.000000
v -0.269137 -0.046478 0.015801
v -0.261963 -0.038416 0.027981
v -0.251847 -0.027050 0.033752
v -0.241108 -0.014982 0.031791
v -0.232204 -0.004977 0.022546
v -0.227177 0.000673 0.008137
v -0.227177 0.000673 -0.008137
v -0.232204 -0.004977 -0.022546
v -0.241108 -0.014982 -0.031791
v -0.251847 -0.027050 -0.033752
v -0.261963 -0.038416 -0.027981
v -0.269137 -0.046478 -0.015801
v -0.265429 -0.054828 0.000000
v -0.262926 -0.051845 0.015801
v -0.255990 -0.043578 0.027981
v -0.246209 -0.031922 0.033752
v -0.235825 -0.019547 0.031791
v -0.227216 -0.009288 0.022546
v -0.222355 -0.003494 0.008137
v -0.222355 -0.003494 -0.008137
v -0.227216 -0.009288 -0.022546
v -0.235825 -0.019547 -0.031791
v -0.246209 -0.031922 -0.033752
v -0.255990 -0.043578 -0.027981
v -0.262926 -0.051845 -0.015801
v -0.278650 -0.032785 0.004519
v -0.278650 -0.032785 -0.004519
v -0.279039 -0.033174 0.000000
v -0.273918 -0.028053 0.018236
v -0.277380 -0.031515 0.010639
v -0.275979 -0.030114 0.014728
v -0.264694 -0.018829 0.026145
v -0.270512 -0.024647 0.022409
v -0.267773 -0.021908 0.024771
v -0.253921 -0.008056 0.025744
v -0.260237 -0.014372 0.027051
v -0.257034 -0.011170 0.026943
v -0.245017 0.000848 0.017184
v -0.249825 -0.003960 0.023099
v -0.247174 -0.001309 0.020564
v -0.240793 0.005072 0.003187
v -0.242581 0.003284 0.011824
v -0.241316 0.004549 0.007664
v -0.242581 0.003284 -0.011824
v -0.240793 0.005072 -0.003187
v -0.241316 0.004549 -0.007664
v -0.249825 -0.003960 -0.023099
v -0.245017 0.000848 -0.017184
v -0.247174 -0.001309 -0.020564
v -0.260237 -0.014372 -0.027051
v -0.253921 -0.008056 -0.025744
v -0.257034 -0.011170 -0.026943
v -0.270512 -0.024647 -0.022409
v -0.264694 -0.018829 -0.026145
v -0.267773 -0.021908 -0.024771
v -0.277380 -0.031515 -0.010639
v -0.273918 -0.028053 -0.018236
v -0.275979 -0.030114 -0.014728
v -0.260654 -0.044898 0.004514
v -0.260654 -0.044898 -0.004514
v -0.260997 -0.045326 -0.000000
v -0.256768 -0.040057 0.016604
v -0.259827 -0.043868 0.009012
v -0.258588 -0.042324 0.013101
v -0.249409 -0.030887 0.023413
v -0.254554 -0.037297 0.019670
v -0.252128 -0.034275 0.022038
v -0.240919 -0.020308 0.022783
v -0.246512 -0.027277 0.024079
v -0.243671 -0.023738 0.023975
v -0.233993 -0.011679 0.014928
v -0.238256 -0.016991 0.020841
v -0.235902 -0.014058 0.018302
v -0.230821 -0.007727 0.002342
v -0.232408 -0.009705 0.010990
v -0.231286 -0.008306 0.006822
v -0.232408 -0.009705 -0.010990
v -0.230821 -0.007727 -0.002342
v -0.231286 -0.008306 -0.006822
v -0.238256 -0.016991 -0.020841
v -0.233993 -0.011679 -0.014928
v -0.235902 -0.014058 -0.018302
v -0.246512 -0.027277 -0.024079
v -0.240919 -0.020308 -0.022783
v -0.243671 -0.023738 -0.023975
v -0.254554 -0.037297 -0.019670
v -0.249409 -0.030887 -0.023413
v -0.252128 -0.034275 -0.022038
v -0.259827 -0.043868 -0.009012
v -0.256768 -0.040057 -0.016604
v -0.258588 -0.042324 -0.013101
v -0.241711 -0.054788 0.004509
v -0.241711 -0.054788 -0.004509
v -0.242006 -0.055251 0.000000
v -0.238636 -0.049962 0.014974
v -0.241257 -0.054076 0.007385
v -0.240195 -0.052408 0.011475
v -0.233010 -0.041130 0.020682
v -0.237422 -0.048056 0.016932
v -0.235339 -0.044785 0.019306
v -0.226620 -0.031100 0.019821
v -0.231423 -0.038639 0.021106
v -0.228979 -0.034803 0.021007
v -0.221495 -0.023055 0.012671
v -0.225161 -0.028810 0.018581
v -0.223135 -0.025629 0.016040
v -0.219260 -0.019547 0.001497
v -0.220626 -0.021692 0.010155
v -0.219660 -0.020175 0.005980
v -0.220626 -0.021692 -0.010155
v -0.219260 -0.019547 -0.001497
v -0.219660 -0.020175 -0.005980
v -0.225161 -0.028810 -0.018581
v -0.221495 -0.023055 -0.012671
v -0.223135 -0.025629 -0.016040
v -0.231423 -0.038639 -0.021106
v -0.226620 -0.031100 -0.019821
v -0.228979 -0.034803 -0.021007
v -0.237422 -0.048056 -0.016932
v -0.233010 -0.041130 -0.020682
v -0.235339 -0.044785 -0.019306
v -0.241257 -0.054076 -0.007385
v -0.238636 -0.049962 -0.014974
v -0.240195 -0.052408 -0.011475
v -0.222089 -0.062397 0.004504
v -0.222089 -0.062397 -0.004504
v -0.222332 -0.062889 0.000000
v -0.219773 -0.057700 0.013343
v -0.221926 -0.062067 0.005758
v -0.221053 -0.060296 0.009849
v -0.215710 -0.049461 0.017950
v -0.219338 -0.056819 0.014194
v -0.217622 -0.053340 0.016574
v -0.211189 -0.040294 0.016860
v -0.215144 -0.048314 0.018134
v -0.213128 -0.044227 0.018039
v -0.207646 -0.033109 0.010413
v -0.210669 -0.039239 0.016322
v -0.208996 -0.035847 0.013778
v -0.206208 -0.030193 0.000652
v -0.207335 -0.032479 0.009319
v -0.206538 -0.030862 0.005138
v -0.207335 -0.032479 -0.009319
v -0.206208 -0.030193 -0.000652
v -0.206538 -0.030862 -0.005138
v -0.210669 -0.039239 -0.016322
v -0.207646 -0.033109 -0.010413
v -0.208996 -0.035847 -0.013778
v -0.215144 -0.048314 -0.018134
v -0.211189 -0.040294 -0.016860
v -0.213128 -0.044227 -0.018039
v -0.219338 -0.056819 -0.014194
v -0.215710 -0.049461 -0.017950
v -0.217622 -0.053340 -0.016574
v -0.221926 -0.062067 -0.005758
v -0.219773 -0.057700 -0.013343
v -0.221053 -0.060296 -0.009849
v -0.206595 -0.066492 -0.004499
v -0.206595 -0.066492 0.004499
v -0.200835 -0.064340 0.000000
v -0.206735 -0.067018 -0.000000
v -0.203934 -0.067104 -0.000000
v -0.203096 -0.066549 0.002500
v -0.203096 -0.066549 -0.002500
v -0.204929 -0.061937 0.012082
v -0.200232 -0.062683 0.006005
v -0.206598 -0.066501 0.004502
v -0.201866 -0.063177 0.009701
v -0.203124 -0.064888 0.008045
v -0.202796 -0.065723 0.005503
v -0.205867 -0.064663 0.008589
v -0.202113 -0.054257 0.015867
v -0.198614 -0.058239 0.010103
v -0.204932 -0.061954 0.012105
v -0.199499 -0.056690 0.013815
v -0.200949 -0.058942 0.013544
v -0.201058 -0.060959 0.011758
v -0.203530 -0.058332 0.014481
v -0.199025 -0.045856 0.014643
v -0.196495 -0.052418 0.010994
v -0.202105 -0.054252 0.015910
v -0.196747 -0.049151 0.013547
v -0.198095 -0.051144 0.014752
v -0.198437 -0.053775 0.014273
v -0.200449 -0.050003 0.015804
v -0.196640 -0.039385 0.008756
v -0.194548 -0.047068 0.008394
v -0.199000 -0.045809 0.014666
v -0.194478 -0.042943 0.008992
v -0.195464 -0.043964 0.011276
v -0.195763 -0.046456 0.012251
v -0.197596 -0.042304 0.012104
v -0.195733 -0.036936 0.000038
v -0.193391 -0.043889 0.003129
v -0.196614 -0.039333 0.008717
v -0.193412 -0.040025 0.001584
v -0.193897 -0.039688 0.004207
v -0.193890 -0.041331 0.006337
v -0.195888 -0.037704 0.004521
v -0.196614 -0.039333 -0.008717
v -0.193391 -0.043889 -0.003129
v -0.195733 -0.036936 -0.000038
v -0.193890 -0.041331 -0.006337
v -0.193897 -0.039688 -0.004207
v -0.193412 -0.040025 -0.001584
v -0.195888 -0.037704 -0.004521
v -0.199000 -0.045809 -0.014666
v -0.194548 -0.047068 -0.008394
v -0.196640 -0.039385 -0.008756
v -0.195763 -0.046456 -0.012251
v -0.195464 -0.043964 -0.011276
v -0.194478 -0.042943 -0.008992
v -0.197596 -0.042304 -0.012104
v -0.202105 -0.054252 -0.015910
v -0.196495 -0.052418 -0.010994
v -0.199025 -0.045856 -0.014643
v -0.198437 -0.053775 -0.014273
v -0.198095 -0.051144 -0.014752
v -0.196747 -0.049151 -0.013547
v -0.200449 -0.050003 -0.015804
v -0.204932 -0.061954 -0.012105
v -0.198614 -0.058239 -0.010103
v -0.202113 -0.054257 -0.015867
v -0.201058 -0.060959 -0.011758
v -0.200949 -0.058942 -0.013544
v -0.199499 -0.056690 -0.013815
v -0.203530 -0.058332 -0.014481
v -0.206598 -0.066501 -0.004502
v -0.200231 -0.062683 -0.006005
v -0.204929 -0.061937 -0.012082
v -0.202796 -0.065723 -0.005503
v -0.203124 -0.064888 -0.008045
v -0.201866 -0.063177 -0.009701
v -0.205867 -0.064663 -0.008589
vn -0.9224 -0.3029 -0.2396
vn -0.7038 -0.2536 -0.6636
vn -0.3156 -0.1700 -0.9335
vn 0.1518 -0.0749 -0.9856
vn 0.5879 0.0038 -0.8089
vn 0.8914 0.0447 -0.4509
vn 0.9990 0.0457 -0.0000
vn 0.8871 0.0206 0.4611
vn 0.5764 -0.0276 0.8167
vn 0.1386 -0.1008 0.9852
vn -0.3248 -0.1869 0.9271
vn -0.7071 -0.2624 0.6566
vn -0.9223 -0.3054 0.2367
vn -0.8632 -0.4444 -0.2396
vn -0.6550 -0.3615 -0.6636
vn -0.2847 -0.2179 -0.9335
vn 0.1618 -0.0504 -0.9855
vn 0.5797 0.0967 -0.8090
vn 0.8727 0.1867 -0.4512
vn 0.9784 0.2067 -0.0000
vn 0.8719 0.1643 0.4614
vn 0.5729 0.0659 0.8170
vn 0.1524 -0.0769 0.9853
vn -0.2914 -0.2356 0.9271
vn -0.6570 -0.3705 0.6565
vn -0.8628 -0.4468 0.2367
vn -0.7824 -0.5748 -0.2396
vn -0.5897 -0.4603 -0.6636
vn -0.2466 -0.2603 -0.9335
vn 0.1679 -0.0246 -0.9855
vn 0.5570 0.1871 -0.8092
vn 0.8315 0.3237 -0.4515
vn 0.9322 0.3620 -0.0000
vn 0.8336 0.3034 0.4616
vn 0.5544 0.1575 0.8172
vn 0.1622 -0.0512 0.9854
vn -0.2508 -0.2784 0.9271
vn -0.5905 -0.4693 0.6565
vn -0.7817 -0.5770 0.2367
vn -0.6821 -0.6909 -0.2397
vn -0.5097 -0.5475 -0.6636
vn -0.2022 -0.2962 -0.9335
vn 0.1699 0.0019 -0.9855
vn 0.5203 0.2727 -0.8092
vn 0.7690 0.4523 -0.4518
vn 0.8616 0.5075 -0.0000
vn 0.7735 0.4342 0.4618
vn 0.5214 0.2447 0.8174
vn 0.1678 -0.0244 0.9855
vn -0.2040 -0.3144 0.9271
vn -0.5093 -0.5565 0.6565
vn -0.6811 -0.6929 0.2367
vn -0.5647 -0.7897 -0.2397
vn -0.4169 -0.6211 -0.6637
vn -0.1526 -0.3246 -0.9335
vn 0.1678 0.0284 -0.9854
vn 0.4706 0.3515 -0.8093
vn 0.6868 0.5691 -0.4521
vn 0.7687 0.6396 -0.0000
vn 0.6932 0.5533 0.4619
vn 0.4750 0.3254 0.8176
vn 0.1689 0.0029 0.9856
vn -0.1520 -0.3425 0.9271
vn -0.4153 -0.6298 0.6564
vn -0.5634 -0.7915 0.2366
vn -0.4332 -0.8688 -0.2397
vn -0.3136 -0.6791 -0.6637
vn -0.0991 -0.3447 -0.9335
vn 0.1616 0.0543 -0.9854
vn 0.4090 0.4214 -0.8094
vn 0.5872 0.6713 -0.4523
vn 0.6559 0.7549 -0.0000
vn 0.5948 0.6578 0.4621
vn 0.4162 0.3975 0.8178
vn 0.1658 0.0299 0.9857
vn -0.0964 -0.3621 0.9272
vn -0.3110 -0.6873 0.6564
vn -0.4317 -0.8704 0.2366
vn 0.9223 0.3057 0.2363
vn 0.7076 0.2633 0.6557
vn 0.3259 0.1883 0.9265
vn -0.1374 0.1026 0.9852
vn -0.5757 0.0295 0.8171
vn -0.8870 -0.0195 0.4614
vn -0.9989 -0.0461 -0.0000
vn -0.8870 -0.0195 -0.4614
vn -0.5757 0.0295 -0.8171
vn -0.1374 0.1026 -0.9852
vn 0.3259 0.1883 -0.9265
vn 0.7076 0.2633 -0.6557
vn 0.9223 0.3057 -0.2363
vn 0.8627 0.4471 0.2363
vn 0.6574 0.3714 0.6556
vn 0.2924 0.2372 0.9264
vn -0.1514 0.0789 0.9853
vn -0.5725 -0.0640 0.8174
vn -0.8719 -0.1633 0.4617
vn -0.9783 -0.2071 -0.0000
vn -0.8719 -0.1633 -0.4617
vn -0.5725 -0.0640 -0.8174
vn -0.1514 0.0789 -0.9853
vn 0.2924 0.2372 -0.9264
vn 0.6574 0.3714 -0.6556
vn 0.8627 0.4471 -0.2363
vn 0.7816 0.5774 0.2362
vn 0.5908 0.4703 0.6555
vn 0.2516 0.2802 0.9264
vn -0.1615 0.0534 0.9854
vn -0.5542 -0.1555 0.8177
vn -0.8338 -0.3024 0.4620
vn -0.9320 -0.3624 -0.0000
vn -0.8338 -0.3024 -0.4620
vn -0.5542 -0.1555 -0.8177
vn -0.1615 0.0534 -0.9854
vn 0.2516 0.2802 -0.9264
vn 0.5908 0.4703 -0.6555
vn 0.7816 0.5774 -0.2362
vn 0.6809 0.6932 0.2362
vn 0.5094 0.5575 0.6555
vn 0.2045 0.3163 0.9264
vn -0.1673 0.0267 0.9855
vn -0.5215 -0.2428 0.8180
vn -0.7737 -0.4333 0.4622
vn -0.8614 -0.5079 -0.0000
vn -0.7737 -0.4333 -0.4622
vn -0.5215 -0.2428 -0.8180
vn -0.1673 0.0267 -0.9855
vn 0.2045 0.3163 -0.9264
vn 0.5094 0.5575 -0.6555
vn 0.6809 0.6932 -0.2362
vn 0.5632 0.7918 0.2362
vn 0.4153 0.6309 0.6554
vn 0.1523 0.3445 0.9263
vn -0.1688 -0.0005 0.9857
vn -0.4752 -0.3235 0.8182
vn -0.6935 -0.5525 0.4624
vn -0.7684 -0.6400 -0.0000
vn -0.6935 -0.5525 -0.4624
vn -0.4752 -0.3235 -0.8182
vn -0.1688 -0.0005 -0.9857
vn 0.1523 0.3445 -0.9263
vn 0.4153 0.6309 -0.6554
vn 0.5632 0.7918 -0.2362
vn 0.4315 0.8707 0.2361
vn 0.3108 0.6885 0.6553
vn 0.0964 0.3642 0.9263
vn -0.1659 -0.0274 0.9858
vn -0.4167 -0.3956 0.8185
vn -0.5952 -0.6570 0.4626
vn -0.6555 -0.7552 -0.0000
vn -0.5952 -0.6570 -0.4626
vn -0.4167 -0.3956 -0.8185
vn -0.1659 -0.0274 -0.9858
vn 0.0964 0.3642 -0.9263
vn 0.3108 0.6885 -0.6553
vn 0.4315 0.8707 -0.2361
vn -0.2218 -0.9736 -0.0541
vn -0.8294 -0.5200 -0.2042
vn -0.1766 -0.9721 -0.1544
vn -0.6445 -0.5094 -0.5701
vn -0.0903 -0.9683 -0.2330
vn -0.3092 -0.4924 -0.8136
vn 0.0311 -0.9635 -0.2658
vn 0.1062 -0.4755 -0.8733
vn 0.1582 -0.9604 -0.2291
vn 0.5031 -0.4676 -0.7268
vn 0.2452 -0.9610 -0.1279
vn 0.7802 -0.4742 -0.4080
vn 0.2681 -0.9634 -0.0000
vn 0.8725 -0.4885 -0.0000
vn 0.2371 -0.9637 0.1226
vn 0.7711 -0.4947 0.4008
vn 0.1560 -0.9618 0.2251
vn 0.4976 -0.4914 0.7147
vn 0.0313 -0.9614 0.2734
vn 0.1067 -0.4921 0.8640
vn -0.0967 -0.9644 0.2463
vn -0.3065 -0.5013 0.8092
vn -0.1872 -0.9688 0.1623
vn -0.6425 -0.5134 0.5689
vn -0.2270 -0.9724 0.0549
vn -0.8287 -0.5211 0.2041
vn -0.9924 -0.0819 -0.0917
vn -0.6368 -0.7389 -0.2204
vn -0.9607 -0.0291 -0.2761
vn -0.5520 -0.5599 -0.6179
vn -0.8938 0.1021 -0.4367
vn -0.3983 -0.2310 -0.8877
vn -0.7945 0.3096 -0.5223
vn -0.2038 0.1817 -0.9620
vn -0.6826 0.5523 -0.4785
vn -0.0114 0.5840 -0.8117
vn -0.5953 0.7504 -0.2872
vn 0.1284 0.8767 -0.4636
vn -0.5708 0.8211 -0.0000
vn 0.1738 0.9848 -0.0000
vn -0.6185 0.7371 0.2724
vn 0.1127 0.8805 0.4605
vn -0.7140 0.5435 0.4414
vn -0.0337 0.5909 0.8060
vn -0.8197 0.3190 0.4757
vn -0.2241 0.1905 0.9558
vn -0.9075 0.1278 0.4002
vn -0.4130 -0.2220 0.8833
vn -0.9655 -0.0023 0.2604
vn -0.5606 -0.5531 0.6163
vn -0.9934 -0.0709 0.0907
vn -0.6396 -0.7364 0.2205
vn 0.9442 -0.2329 0.2329
vn 0.5140 -0.8483 0.1273
vn 0.7252 -0.2460 0.6431
vn 0.3905 -0.8522 0.3482
vn 0.3411 -0.2666 0.9014
vn 0.1785 -0.8611 0.4762
vn -0.1164 -0.2865 0.9510
vn -0.0605 -0.8709 0.4878
vn -0.5434 -0.2962 0.7855
vn -0.2730 -0.8770 0.3955
vn -0.8478 -0.2897 0.4442
vn -0.4258 -0.8766 0.2243
vn -0.9618 -0.2739 -0.0000
vn -0.4887 -0.8725 -0.0000
vn -0.8547 -0.2664 -0.4455
vn -0.4341 -0.8716 -0.2277
vn -0.5499 -0.2690 -0.7908
vn -0.2760 -0.8744 -0.3991
vn -0.1187 -0.2671 -0.9563
vn -0.0592 -0.8741 -0.4820
vn 0.3413 -0.2557 -0.9045
vn 0.1753 -0.8680 -0.4645
vn 0.7259 -0.2409 -0.6443
vn 0.3832 -0.8587 -0.3403
vn 0.9445 -0.2314 -0.2331
vn 0.5100 -0.8509 -0.1259
vn -0.1075 0.9698 0.2188
vn -0.7820 0.6174 0.0857
vn -0.1945 0.7764 0.5994
vn -0.8234 0.5240 0.2178
vn -0.3425 0.4437 0.8281
vn -0.8816 0.3902 0.2655
vn -0.5146 0.0609 0.8553
vn -0.9343 0.2719 0.2305
vn -0.6696 -0.2783 0.6886
vn -0.9676 0.2019 0.1518
vn -0.7736 -0.5066 0.3808
vn -0.9824 0.1725 0.0720
vn -0.8063 -0.5915 -0.0000
vn -0.9878 0.1558 -0.0000
vn -0.7630 -0.5203 -0.3835
vn -0.9861 0.1441 -0.0826
vn -0.6524 -0.2948 -0.6982
vn -0.9677 0.1680 -0.1879
vn -0.4956 0.0501 -0.8671
vn -0.9250 0.2555 -0.2811
vn -0.3259 0.4393 -0.8371
vn -0.8649 0.3956 -0.3090
vn -0.1833 0.7757 -0.6039
vn -0.8072 0.5391 -0.2403
vn -0.1035 0.9701 -0.2196
vn -0.7752 0.6254 -0.0895
vn -0.9590 -0.1559 0.2368
vn -0.9587 -0.1532 -0.2396
vn 0.1598 -0.9863 -0.0401
vn 0.1536 -0.9874 0.0386
vn -0.7351 -0.1389 -0.6635
vn 0.1055 -0.9898 0.0958
vn -0.3386 -0.1173 -0.9336
vn 0.0420 -0.9923 0.1167
vn 0.1380 -0.0969 -0.9857
vn -0.0149 -0.9937 0.1113
vn 0.5812 -0.0880 -0.8090
vn -0.0642 -0.9936 0.0931
vn 0.8874 -0.0967 -0.4508
vn -0.1061 -0.9927 0.0566
vn 0.9934 -0.1150 -0.0000
vn -0.1200 -0.9928 -0.0000
vn 0.8801 -0.1233 0.4585
vn -0.0997 -0.9936 -0.0532
vn 0.5671 -0.1210 0.8147
vn -0.0640 -0.9936 -0.0928
vn 0.1228 -0.1229 0.9848
vn -0.0164 -0.9921 -0.1240
vn -0.3493 -0.1340 0.9274
vn 0.0490 -0.9896 -0.1350
vn -0.7394 -0.1478 0.6568
vn 0.1179 -0.9873 -0.1069
vn -0.2883 -0.9278 0.2366
vn 0.9579 -0.2869 -0.0037
vn -0.2902 -0.9265 -0.2396
vn 0.9544 -0.2984 0.0007
vn -0.2023 -0.7203 -0.6635
vn 0.9570 -0.2900 0.0102
vn -0.0438 -0.3568 -0.9331
vn 0.9579 -0.2831 0.0470
vn 0.1501 0.0775 -0.9856
vn -0.9449 0.3103 -0.1040
vn 0.3362 0.4789 -0.8109
vn -0.9131 0.3846 -0.1358
vn 0.4726 0.7552 -0.4542
vn -0.8727 0.4775 -0.1025
vn 0.5272 0.8498 -0.0000
vn -0.8476 0.5307 -0.0000
vn 0.4823 0.7442 0.4621
vn -0.8566 0.5023 0.1178
vn 0.3476 0.4585 0.8179
vn -0.8942 0.4100 0.1798
vn 0.1589 0.0557 0.9857
vn -0.9354 0.3146 0.1616
vn -0.0377 -0.3729 0.9271
vn -0.9596 0.2642 0.0971
vn -0.1980 -0.7280 0.6563
vn 0.9638 -0.2644 -0.0335
vn 0.9589 0.1567 -0.2366
vn 0.9589 0.1567 0.2366
vn 0.7396 0.1485 0.6565
vn 0.3497 0.1347 0.9271
vn -0.1223 0.1237 0.9847
vn -0.5667 0.1224 0.8148
vn -0.8798 0.1253 0.4585
vn -0.9932 0.1164 -0.0000
vn -0.8798 0.1253 -0.4585
vn -0.5667 0.1224 -0.8148
vn -0.1223 0.1237 -0.9847
vn 0.3497 0.1347 -0.9271
vn 0.7396 0.1485 -0.6565
vn 0.2889 0.9278 -0.2361
vn 0.2889 0.9278 0.2361
vn 0.1985 0.7289 0.6552
vn 0.0380 0.3749 0.9263
vn -0.1587 -0.0535 0.9859
vn -0.3474 -0.4572 0.8187
vn -0.4816 -0.7442 0.4628
vn -0.5258 -0.8506 -0.0000
vn -0.4816 -0.7442 -0.4628
vn -0.3474 -0.4572 -0.8187
vn -0.1587 -0.0535 -0.9859
vn 0.0380 0.3749 -0.9263
vn 0.1985 0.7289 -0.6552
vn -0.2866 -0.9277 -0.2393
vn -0.2209 -0.7152 -0.6631
vn -0.1047 -0.3388 -0.9350
vn 0.0356 0.1152 -0.9927
vn 0.1677 0.5428 -0.8230
vn 0.2613 0.8460 -0.4647
vn 0.2952 0.9554 -0.0000
vn 0.2613 0.8460 0.4647
vn 0.1677 0.5428 0.8230
vn 0.0356 0.1152 0.9927
vn -0.1047 -0.3388 0.9350
vn -0.2209 -0.7152 0.6631
vn -0.2866 -0.9277 0.2393
vn -0.2595 -0.9356 -0.2393
vn -0.2000 -0.7213 -0.6631
vn -0.0948 -0.3417 -0.9350
vn 0.0322 0.1162 -0.9927
vn 0.1518 0.5474 -0.8230
vn 0.2366 0.8533 -0.4647
vn 0.2672 0.9636 -0.0000
vn 0.2366 0.8533 0.4647
vn 0.1518 0.5474 0.8230
vn 0.0322 0.1162 0.9927
vn -0.0948 -0.3417 0.9350
vn -0.2000 -0.7213 0.6631
vn -0.2595 -0.9356 0.2393
vn -0.2322 -0.9428 -0.2393
vn -0.1790 -0.7268 -0.6631
vn -0.0848 -0.3444 -0.9350
vn 0.0288 0.1171 -0.9927
vn 0.1358 0.5516 -0.8230
vn 0.2117 0.8598 -0.4647
vn 0.2391 0.9710 -0.0000
vn 0.2117 0.8598 0.4647
vn 0.1358 0.5516 0.8230
vn 0.0288 0.1171 0.9927
vn -0.0848 -0.3444 0.9350
vn -0.1790 -0.7268 0.6631
vn -0.2322 -0.9428 0.2393
vn -0.0002 -0.9708 -0.2397
vn 0.0153 -0.7474 -0.6642
vn 0.0455 -0.3513 -0.9352
vn 0.0861 0.1250 -0.9884
vn 0.1317 0.5678 -0.8126
vn 0.1747 0.8738 -0.4539
vn 0.2005 0.9797 -0.0000
vn 0.1919 0.8653 0.4631
vn 0.1521 0.5519 0.8199
vn 0.1014 0.1091 0.9888
vn 0.0551 -0.3619 0.9306
vn 0.0205 -0.7519 0.6590
vn 0.0015 -0.9714 0.2376
vn 0.1652 -0.9567 -0.2398
vn 0.1425 -0.7338 -0.6642
vn 0.1049 -0.3382 -0.9352
vn 0.0637 0.1379 -0.9884
vn 0.0328 0.5819 -0.8126
vn 0.0218 0.8907 -0.4541
vn 0.0278 0.9996 -0.0000
vn 0.0389 0.8854 0.4631
vn 0.0543 0.5698 0.8200
vn 0.0808 0.1249 0.9889
vn 0.1159 -0.3472 0.9306
vn 0.1483 -0.7374 0.6590
vn 0.1669 -0.9569 0.2376
vn 0.3258 -0.9145 -0.2398
vn 0.2656 -0.6987 -0.6643
vn 0.1612 -0.3153 -0.9352
vn 0.0395 0.1469 -0.9884
vn -0.0671 0.5789 -0.8126
vn -0.1317 0.8811 -0.4542
vn -0.1456 0.9894 -0.0000
vn -0.1152 0.8788 0.4632
vn -0.0450 0.5706 0.8200
vn 0.0579 0.1368 0.9889
vn 0.1733 -0.3224 0.9306
vn 0.2718 -0.7013 0.6590
vn 0.3275 -0.9145 0.2376
vn 0.4769 -0.8456 -0.2398
vn 0.3808 -0.6431 -0.6644
vn 0.2127 -0.2830 -0.9352
vn 0.0140 0.1516 -0.9883
vn -0.1650 0.5589 -0.8126
vn -0.2811 0.8453 -0.4543
vn -0.3144 0.9493 -0.0000
vn -0.2656 0.8455 0.4632
vn -0.1430 0.5541 0.8201
vn 0.0333 0.1445 0.9889
vn 0.2256 -0.2881 0.9306
vn 0.3873 -0.6447 0.6590
vn 0.4786 -0.8453 0.2376
vn 0.6141 -0.7519 -0.2398
vn 0.4849 -0.5687 -0.6644
vn 0.2580 -0.2424 -0.9353
vn -0.0119 0.1520 -0.9883
vn -0.2580 0.5225 -0.8126
vn -0.4222 0.7844 -0.4544
vn -0.4736 0.8807 -0.0000
vn -0.4079 0.7868 0.4632
vn -0.2365 0.5211 0.8201
vn 0.0077 0.1479 0.9890
vn 0.2713 -0.2455 0.9307
vn 0.4915 -0.5693 0.6591
vn 0.6156 -0.7514 0.2376
vn 0.7332 -0.6363 -0.2399
vn 0.5748 -0.4776 -0.6645
vn 0.2956 -0.1946 -0.9353
vn -0.0376 0.1480 -0.9883
vn -0.3435 0.4708 -0.8126
vn -0.5506 0.7002 -0.4545
vn -0.6186 0.7857 -0.0000
vn -0.5378 0.7044 0.4632
vn -0.3229 0.4724 0.8201
vn -0.0180 0.1468 0.9890
vn 0.3090 -0.1957 0.9307
vn 0.5813 -0.4772 0.6591
vn 0.7346 -0.6355 0.2376
vn 0.8310 -0.5020 -0.2399
vn 0.6478 -0.3725 -0.6646
vn 0.3244 -0.1411 -0.9353
vn -0.0622 0.1397 -0.9882
vn -0.4189 0.4052 -0.8126
vn -0.6626 0.5952 -0.4546
vn -0.7448 0.6673 -0.0000
vn -0.6514 0.6009 0.4632
vn -0.3996 0.4095 0.8201
vn -0.0431 0.1413 0.9890
vn 0.3378 -0.1402 0.9307
vn 0.6541 -0.3711 0.6591
vn 0.8322 -0.5010 0.2376
vn -0.0018 0.9715 0.2369
vn -0.0212 0.7531 0.6576
vn -0.0562 0.3643 0.9296
vn -0.1030 -0.1064 0.9890
vn -0.1540 -0.5502 0.8207
vn -0.1932 -0.8647 0.4637
vn -0.2000 -0.9798 -0.0000
vn -0.1932 -0.8647 -0.4637
vn -0.1540 -0.5502 -0.8207
vn -0.1030 -0.1064 -0.9890
vn -0.0562 0.3643 -0.9296
vn -0.0212 0.7531 -0.6576
vn -0.0018 0.9715 -0.2369
vn -0.1673 0.9570 0.2369
vn -0.1492 0.7385 0.6576
vn -0.1174 0.3495 0.9296
vn -0.0828 -0.1224 0.9890
vn -0.0564 -0.5683 0.8209
vn -0.0402 -0.8850 0.4638
vn -0.0273 -0.9996 -0.0000
vn -0.0402 -0.8850 -0.4638
vn -0.0564 -0.5683 -0.8209
vn -0.0828 -0.1224 -0.9890
vn -0.1174 0.3495 -0.9296
vn -0.1492 0.7385 -0.6576
vn -0.1673 0.9570 -0.2369
vn -0.3279 0.9145 0.2369
vn -0.2729 0.7023 0.6575
vn -0.1751 0.3244 0.9295
vn -0.0603 -0.1346 0.9891
vn 0.0428 -0.5694 0.8210
vn 0.1139 -0.8786 0.4639
vn 0.1461 -0.9893 -0.0000
vn 0.1139 -0.8786 -0.4639
vn 0.0428 -0.5694 -0.8210
vn -0.0603 -0.1346 -0.9891
vn -0.1752 0.3244 -0.9295
vn -0.2729 0.7023 -0.6575
vn -0.3279 0.9145 -0.2369
vn -0.4790 0.8453 0.2369
vn -0.3885 0.6455 0.6575
vn -0.2278 0.2899 0.9295
vn -0.0360 -0.1427 0.9891
vn 0.1406 -0.5533 0.8211
vn 0.2644 -0.8455 0.4639
vn 0.3149 -0.9491 -0.0000
vn 0.2644 -0.8455 -0.4639
vn 0.1406 -0.5533 -0.8211
vn -0.0360 -0.1427 -0.9891
vn -0.2278 0.2899 -0.9295
vn -0.3885 0.6455 -0.6575
vn -0.4790 0.8453 -0.2369
vn -0.6160 0.7513 0.2369
vn -0.4929 0.5699 0.6575
vn -0.2739 0.2470 0.9295
vn -0.0108 -0.1464 0.9892
vn 0.2340 -0.5205 0.8212
vn 0.4068 -0.7869 0.4640
vn 0.4741 -0.8805 -0.0000
vn 0.4068 -0.7869 -0.4640
vn 0.2340 -0.5205 -0.8212
vn -0.0108 -0.1464 -0.9892
vn -0.2739 0.2470 -0.9295
vn -0.4929 0.5699 -0.6575
vn -0.6160 0.7513 -0.2369
vn -0.7350 0.6353 0.2368
vn -0.5828 0.4776 0.6574
vn -0.3119 0.1968 0.9295
vn 0.0146 -0.1458 0.9892
vn 0.3203 -0.4721 0.8213
vn 0.5367 -0.7047 0.4641
vn 0.6190 -0.7854 -0.0000
vn 0.5367 -0.7047 -0.4641
vn 0.3203 -0.4721 -0.8213
vn 0.0146 -0.1458 -0.9892
vn -0.3119 0.1968 -0.9295
vn -0.5828 0.4776 -0.6574
vn -0.7350 0.6353 -0.2368
vn -0.8326 0.5008 0.2368
vn -0.6557 0.3713 0.6574
vn -0.3409 0.1408 0.9295
vn 0.0395 -0.1408 0.9893
vn 0.3970 -0.4097 0.8213
vn 0.6504 -0.6013 0.4642
vn 0.7452 -0.6669 -0.0000
vn 0.6504 -0.6013 -0.4642
vn 0.3970 -0.4097 -0.8213
vn 0.0395 -0.1408 -0.9893
vn -0.3409 0.1408 -0.9295
vn -0.6557 0.3713 -0.6574
vn -0.8326 0.5008 -0.2368
vn 0.8491 -0.5251 -0.0573
vn 0.2233 -0.9528 -0.2058
vn 0.8617 -0.4801 -0.1646
vn 0.2687 -0.7725 -0.5754
vn 0.8845 -0.3924 -0.2525
vn 0.3523 -0.4446 -0.8235
vn 0.9183 -0.2641 -0.2950
vn 0.4593 -0.0367 -0.8875
vn 0.9573 -0.1226 -0.2620
vn 0.5685 0.3548 -0.7423
vn 0.9883 -0.0180 -0.1512
vn 0.6549 0.6291 -0.4188
vn 0.9999 0.0154 -0.0000
vn 0.6937 0.7203 -0.0000
vn 0.9886 -0.0208 0.1493
vn 0.6684 0.6186 0.4130
vn 0.9563 -0.1198 0.2666
vn 0.5843 0.3468 0.7337
vn 0.9130 -0.2626 0.3123
vn 0.4701 -0.0392 0.8818
vn 0.8749 -0.4006 0.2723
vn 0.3575 -0.4446 0.8213
vn 0.8523 -0.4930 0.1747
vn 0.2704 -0.7722 0.5750
vn 0.8453 -0.5311 0.0580
vn 0.2236 -0.9527 0.2058
vn 0.0156 -0.9964 -0.0830
vn 0.6950 -0.6856 -0.2168
vn -0.0269 -0.9669 -0.2536
vn 0.5228 -0.5966 -0.6088
vn -0.1421 -0.9017 -0.4083
vn 0.2050 -0.4345 -0.8770
vn -0.3331 -0.8018 -0.4962
vn -0.1959 -0.2285 -0.9536
vn -0.5629 -0.6865 -0.4602
vn -0.5893 -0.0233 -0.8076
vn -0.7538 -0.5952 -0.2784
vn -0.8773 0.1274 -0.4628
vn -0.8221 -0.5693 -0.0000
vn -0.9841 0.1776 -0.0000
vn -0.7408 -0.6189 0.2612
vn -0.8812 0.1132 0.4589
vn -0.5562 -0.7175 0.4193
vn -0.5968 -0.0427 0.8012
vn -0.3462 -0.8252 0.4463
vn -0.2054 -0.2458 0.9473
vn -0.1719 -0.9129 0.3702
vn 0.1956 -0.4469 0.8729
vn -0.0565 -0.9696 0.2381
vn 0.5158 -0.6038 0.6077
vn 0.0037 -0.9966 0.0825
vn 0.6925 -0.6880 0.2171
vn 0.5278 0.8170 0.2320
vn 0.9699 0.2095 0.1242
vn 0.4745 0.6043 0.6400
vn 0.9364 0.0923 0.3385
vn 0.3798 0.2324 0.8954
vn 0.8823 -0.1087 0.4580
vn 0.2646 -0.2076 0.9417
vn 0.8236 -0.3301 0.4611
vn 0.1514 -0.6134 0.7751
vn 0.7727 -0.5186 0.3660
vn 0.0611 -0.8974 0.4369
vn 0.7350 -0.6467 0.2037
vn 0.0172 -0.9999 -0.0000
vn 0.7180 -0.6960 -0.0000
vn 0.0421 -0.8981 -0.4377
vn 0.7326 -0.6492 -0.2048
vn 0.1309 -0.6130 -0.7791
vn 0.7755 -0.5166 -0.3629
vn 0.2519 -0.2057 -0.9457
vn 0.8320 -0.3288 -0.4467
vn 0.3739 0.2343 -0.8974
vn 0.8909 -0.1159 -0.4392
vn 0.4723 0.6054 -0.6407
vn 0.9417 0.0802 -0.3268
vn 0.5273 0.8173 -0.2321
vn 0.9715 0.2034 -0.1221
vn -0.9742 -0.0402 0.2219
vn -0.6691 -0.7372 0.0935
vn -0.7820 -0.1350 0.6085
vn -0.5704 -0.7857 0.2393
vn -0.4503 -0.2970 0.8420
vn -0.4271 -0.8546 0.2953
vn -0.0674 -0.4857 0.8715
vn -0.2971 -0.9182 0.2618
vn 0.2733 -0.6562 0.7034
vn -0.2156 -0.9602 0.1777
vn 0.5034 -0.7712 0.3896
vn -0.1778 -0.9802 0.0866
vn 0.5886 -0.8084 -0.0000
vn -0.1580 -0.9874 -0.0000
vn 0.5161 -0.7619 -0.3913
vn -0.1484 -0.9843 -0.0958
vn 0.2890 -0.6413 -0.7108
vn -0.1792 -0.9606 -0.2124
vn -0.0564 -0.4694 -0.8812
vn -0.2770 -0.9087 -0.3123
vn -0.4450 -0.2827 -0.8497
vn -0.4292 -0.8367 -0.3401
vn -0.7805 -0.1252 -0.6125
vn -0.5837 -0.7681 -0.2634
vn -0.9742 -0.0367 -0.2228
vn -0.6766 -0.7298 -0.0980
vn -0.1649 -0.9573 0.2376
vn -0.1667 -0.9564 -0.2397
vn 0.9848 -0.1695 -0.0372
vn 0.9836 -0.1773 0.0345
vn -0.1132 -0.7390 -0.6641
vn 0.9711 -0.2244 0.0816
vn -0.0158 -0.3538 -0.9352
vn 0.9558 -0.2805 0.0882
vn 0.1053 0.1086 -0.9885
vn 0.9448 -0.3200 0.0707
vn 0.2253 0.5373 -0.8127
vn 0.9377 -0.3437 0.0509
vn 0.3198 0.8316 -0.4540
vn 0.9318 -0.3618 0.0296
vn 0.3645 0.9312 -0.0000
vn 0.9294 -0.3690 -0.0000
vn 0.3384 0.8209 0.4601
vn 0.9318 -0.3617 -0.0295
vn 0.2464 0.5200 0.8178
vn 0.9353 -0.3489 -0.0594
vn 0.1204 0.0917 0.9885
vn 0.9421 -0.3220 -0.0937
vn -0.0066 -0.3654 0.9308
vn 0.9560 -0.2698 -0.1151
vn -0.1081 -0.7441 0.6592
vn 0.9735 -0.2077 -0.0958
vn 0.9059 -0.3506 0.2376
vn 0.3507 0.9365 0.0053
vn 0.9048 -0.3519 -0.2399
vn 0.3628 0.9318 -0.0083
vn 0.7022 -0.2561 -0.6644
vn 0.3461 0.9381 -0.0148
vn 0.3444 -0.0841 -0.9350
vn 0.3251 0.9456 0.0136
vn -0.0836 0.1257 -0.9885
vn -0.3365 -0.9391 -0.0695
vn -0.4798 0.3264 -0.8144
vn -0.3967 -0.9114 -0.1096
vn -0.7534 0.4729 -0.4569
vn -0.4811 -0.8722 -0.0890
vn -0.8476 0.5306 -0.0000
vn -0.5317 -0.8469 -0.0000
vn -0.7442 0.4813 0.4631
vn -0.5067 -0.8557 0.1049
vn -0.4635 0.3356 0.8201
vn -0.4233 -0.8925 0.1558
vn -0.0665 0.1322 0.9890
vn -0.3412 -0.9309 0.1305
vn 0.3569 -0.0799 0.9307
vn -0.3062 -0.9498 0.0641
vn 0.7082 -0.2532 0.6591
vn 0.3203 0.9473 -0.0096
vn 0.1637 0.9576 -0.2373
vn 0.1637 0.9576 0.2373
vn 0.1072 0.7450 0.6584
vn 0.0062 0.3668 0.9303
vn -0.1209 -0.0902 0.9886
vn -0.2479 -0.5186 0.8183
vn -0.3411 -0.8196 0.4604
vn -0.3668 -0.9303 -0.0000
vn -0.3411 -0.8196 -0.4604
vn -0.2479 -0.5186 -0.8183
vn -0.1209 -0.0902 -0.9886
vn 0.0062 0.3668 -0.9303
vn 0.1072 0.7450 -0.6584
vn -0.9057 0.3516 -0.2368
vn -0.9057 0.3516 0.2368
vn -0.7094 0.2542 0.6573
vn -0.3599 0.0808 0.9295
vn 0.0631 -0.1315 0.9893
vn 0.4616 -0.3349 0.8214
vn 0.7445 -0.4799 0.4642
vn 0.8490 -0.5284 -0.0000
vn 0.7445 -0.4799 -0.4642
vn 0.4616 -0.3349 -0.8214
vn 0.0631 -0.1315 -0.9893
vn -0.3599 0.0808 -0.9295
vn -0.7094 0.2542 -0.6573
vn 0.9701 -0.0365 -0.2400
vn 0.7470 -0.0102 -0.6647
vn 0.3523 0.0387 -0.9351
vn -0.1212 0.1007 -0.9875
vn -0.5607 0.1637 -0.8117
vn -0.8649 0.2141 -0.4540
vn -0.9713 0.2378 -0.0000
vn -0.8577 0.2240 0.4628
vn -0.5454 0.1765 0.8194
vn -0.1046 0.1113 0.9883
vn 0.3640 0.0460 0.9303
vn 0.7521 -0.0059 0.6590
vn 0.9707 -0.0350 0.2376
vn 0.9631 0.1213 -0.2401
vn 0.7387 0.1112 -0.6648
vn 0.3411 0.0956 -0.9351
vn -0.1361 0.0800 -0.9875
vn -0.5799 0.0704 -0.8116
vn -0.8882 0.0699 -0.4540
vn -0.9972 0.0751 -0.0000
vn -0.8829 0.0800 0.4628
vn -0.5670 0.0844 0.8194
vn -0.1214 0.0924 0.9883
vn 0.3516 0.1042 0.9303
vn 0.7431 0.1160 0.6591
vn 0.9636 0.1228 0.2376
vn 0.9307 0.2758 -0.2401
vn 0.7108 0.2296 -0.6649
vn 0.3209 0.1498 -0.9352
vn -0.1475 0.0570 -0.9874
vn -0.5837 -0.0247 -0.8116
vn -0.8877 -0.0761 -0.4541
vn -0.9960 -0.0895 -0.0000
vn -0.8840 -0.0662 0.4628
vn -0.5732 -0.0098 0.8194
vn -0.1349 0.0709 0.9883
vn 0.3300 0.1597 0.9304
vn 0.7144 0.2349 0.6591
vn 0.9309 0.2774 0.2377
vn 0.8737 0.4231 -0.2402
vn 0.6639 0.3419 -0.6650
vn 0.2920 0.2001 -0.9353
vn -0.1552 0.0325 -0.9874
vn -0.5720 -0.1192 -0.8115
vn -0.8634 -0.2200 -0.4541
vn -0.9679 -0.2515 -0.0000
vn -0.8612 -0.2104 0.4627
vn -0.5638 -0.1038 0.8194
vn -0.1447 0.0476 0.9883
vn 0.2996 0.2109 0.9304
vn 0.6668 0.3476 0.6592
vn 0.8736 0.4246 0.2377
vn 0.7935 0.5592 -0.2403
vn 0.5995 0.4451 -0.6652
vn 0.2553 0.2449 -0.9353
vn -0.1587 0.0070 -0.9873
vn -0.5452 -0.2106 -0.8114
vn -0.8159 -0.3579 -0.4541
vn -0.9136 -0.4067 -0.0000
vn -0.8150 -0.3489 0.4626
vn -0.5392 -0.1949 0.8193
vn -0.1504 0.0230 0.9884
vn 0.2614 0.2565 0.9305
vn 0.6016 0.4510 0.6593
vn 0.7932 0.5606 0.2378
vn -0.9710 0.0345 0.2367
vn -0.7538 0.0051 0.6570
vn -0.3674 -0.0471 0.9289
vn 0.1008 -0.1127 0.9885
vn 0.5429 -0.1780 0.8207
vn 0.8569 -0.2249 0.4638
vn 0.9715 -0.2372 -0.0000
vn 0.8569 -0.2249 -0.4638
vn 0.5429 -0.1780 -0.8207
vn 0.1008 -0.1127 -0.9885
vn -0.3674 -0.0471 -0.9289
vn -0.7538 0.0051 -0.6570
vn -0.9710 0.0345 -0.2367
vn -0.9637 -0.1233 0.2367
vn -0.7447 -0.1171 0.6570
vn -0.3550 -0.1059 0.9288
vn 0.1177 -0.0944 0.9886
vn 0.5646 -0.0863 0.8208
vn 0.8822 -0.0809 0.4639
vn 0.9972 -0.0745 -0.0000
vn 0.8822 -0.0809 -0.4639
vn 0.5646 -0.0863 -0.8208
vn 0.1177 -0.0944 -0.9886
vn -0.3550 -0.1059 -0.9288
vn -0.7447 -0.1171 -0.6570
vn -0.9637 -0.1233 -0.2367
vn -0.9310 -0.2779 0.2367
vn -0.7160 -0.2363 0.6569
vn -0.3333 -0.1619 0.9288
vn 0.1313 -0.0736 0.9886
vn 0.5710 0.0076 0.8209
vn 0.8834 0.0652 0.4640
vn 0.9959 0.0901 -0.0000
vn 0.8834 0.0652 -0.4640
vn 0.5710 0.0076 -0.8209
vn 0.1313 -0.0736 -0.9886
vn -0.3333 -0.1619 -0.9288
vn -0.7160 -0.2363 -0.6569
vn -0.9310 -0.2779 -0.2367
vn -0.8737 -0.4251 0.2367
vn -0.6682 -0.3492 0.6569
vn -0.3027 -0.2137 0.9288
vn 0.1413 -0.0509 0.9887
vn 0.5618 0.1012 0.8210
vn 0.8607 0.2094 0.4641
vn 0.9677 0.2521 -0.0000
vn 0.8607 0.2094 -0.4641
vn 0.5618 0.1012 -0.8210
vn 0.1413 -0.0509 -0.9887
vn -0.3027 -0.2137 -0.9288
vn -0.6682 -0.3492 -0.6569
vn -0.8737 -0.4251 -0.2367
vn -0.7932 -0.5611 0.2366
vn -0.6028 -0.4529 0.6568
vn -0.2642 -0.2599 0.9288
vn 0.1474 -0.0269 0.9887
vn 0.5375 0.1920 0.8211
vn 0.8146 0.3478 0.4641
vn 0.9133 0.4072 -0.0000
vn 0.8146 0.3478 -0.4641
vn 0.5375 0.1920 -0.8211
vn 0.1474 -0.0269 -0.9887
vn -0.2642 -0.2599 -0.9288
vn -0.6028 -0.4529 -0.6568
vn -0.7932 -0.5611 -0.2366
vn 0.5498 0.8334 -0.0555
vn 0.9591 0.1952 -0.2049
vn 0.5066 0.8473 -0.1596
vn 0.7814 0.2476 -0.5728
vn 0.4226 0.8726 -0.2449
vn 0.4586 0.3434 -0.8196
vn 0.2994 0.9100 -0.2870
vn 0.0570 0.4649 -0.8835
vn 0.1617 0.9527 -0.2573
vn -0.3297 0.5860 -0.7402
vn 0.0547 0.9870 -0.1514
vn -0.6042 0.6776 -0.4193
vn 0.0153 0.9999 -0.0000
vn -0.6994 0.7147 -0.0000
vn 0.0520 0.9868 0.1534
vn -0.5982 0.6853 0.4153
vn 0.1561 0.9507 0.2679
vn -0.3249 0.5961 0.7342
vn 0.2987 0.9035 0.3074
vn 0.0585 0.4725 0.8794
vn 0.4320 0.8621 0.2649
vn 0.4585 0.3473 0.8180
vn 0.5200 0.8373 0.1689
vn 0.7812 0.2489 0.5725
vn 0.5558 0.8294 0.0558
vn 0.9591 0.1954 0.2049
vn 0.9152 -0.3942 -0.0841
vn 0.9103 0.3524 -0.2173
vn 0.8701 -0.4203 -0.2574
vn 0.7572 0.2332 -0.6102
vn 0.7612 -0.4987 -0.4145
vn 0.4768 0.0116 -0.8789
vn 0.5886 -0.6329 -0.5030
vn 0.1223 -0.2680 -0.9556
vn 0.3870 -0.7962 -0.4651
vn -0.2269 -0.5423 -0.8090
vn 0.2249 -0.9331 -0.2804
vn -0.4823 -0.7434 -0.4634
vn 0.1726 -0.9850 -0.0000
vn -0.5728 -0.8197 -0.0000
vn 0.2486 -0.9324 0.2623
vn -0.4741 -0.7512 0.4593
vn 0.4136 -0.8056 0.4241
vn -0.2161 -0.5558 0.8027
vn 0.6007 -0.6579 0.4542
vn 0.1314 -0.2835 0.9499
vn 0.7563 -0.5336 0.3786
vn 0.4827 -0.0025 0.8758
vn 0.8588 -0.4503 0.2442
vn 0.7603 0.2235 0.6099
vn 0.9102 -0.4055 0.0848
vn 0.9114 0.3491 0.2180
vn -0.8015 0.5510 0.2324
vn -0.1816 0.9753 0.1260
vn -0.5908 0.4895 0.6414
vn -0.0642 0.9370 0.3433
vn -0.2222 0.3806 0.8976
vn 0.1372 0.8746 0.4650
vn 0.2145 0.2492 0.9444
vn 0.3599 0.8070 0.4683
vn 0.6175 0.1231 0.7769
vn 0.5488 0.7496 0.3699
vn 0.8990 0.0285 0.4371
vn 0.6734 0.7108 0.2032
vn 0.9999 -0.0118 -0.0000
vn 0.7174 0.6966 -0.0000
vn 0.8992 0.0171 -0.4371
vn 0.6716 0.7127 -0.2025
vn 0.6172 0.1093 -0.7792
vn 0.5440 0.7563 -0.3634
vn 0.2132 0.2395 -0.9472
vn 0.3578 0.8171 -0.4521
vn -0.2236 0.3756 -0.8994
vn 0.1438 0.8835 -0.4459
vn -0.5918 0.4874 -0.6421
vn -0.0529 0.9420 -0.3314
vn -0.8018 0.5505 -0.2326
vn -0.1757 0.9766 -0.1236
vn -0.3625 -0.9055 0.2205
vn 0.3983 -0.9128 0.0906
vn -0.1976 -0.7714 0.6049
vn 0.4807 -0.8456 0.2320
vn 0.0856 -0.5390 0.8379
vn 0.5989 -0.7475 0.2873
vn 0.4142 -0.2700 0.8692
vn 0.7078 -0.6580 0.2571
vn 0.7097 -0.0291 0.7039
vn 0.7797 -0.6004 0.1778
vn 0.9104 0.1354 0.3910
vn 0.8158 -0.5716 0.0885
vn 0.9803 0.1975 -0.0000
vn 0.8310 -0.5563 -0.0000
vn 0.9083 0.1474 -0.3916
vn 0.8305 -0.5488 -0.0948
vn 0.7049 -0.0118 -0.7092
vn 0.7962 -0.5684 -0.2075
vn 0.4064 -0.2545 -0.8775
vn 0.7106 -0.6344 -0.3043
vn 0.0766 -0.5285 -0.8454
vn 0.5851 -0.7400 -0.3318
vn -0.2050 -0.7660 -0.6093
vn 0.4610 -0.8493 -0.2574
vn -0.3655 -0.9041 -0.2216
vn 0.3888 -0.9163 -0.0958
vn 0.9515 -0.1925 0.2400
vn 0.9517 -0.1945 -0.2377
vn 0.1993 0.9792 -0.0386
vn 0.2050 0.9781 0.0365
vn 0.7354 -0.1322 -0.6646
vn 0.2535 0.9634 0.0876
vn 0.3539 -0.0199 -0.9351
vn 0.3123 0.9451 0.0959
vn -0.1034 0.1180 -0.9876
vn 0.3551 0.9317 0.0764
vn -0.5271 0.2511 -0.8119
vn 0.3782 0.9244 0.0505
vn -0.8193 0.3501 -0.4541
vn 0.3911 0.9200 0.0264
vn -0.9201 0.3916 -0.0000
vn 0.3971 0.9178 -0.0000
vn -0.8109 0.3613 0.4604
vn 0.3958 0.9179 -0.0290
vn -0.5113 0.2648 0.8176
vn 0.3864 0.9201 -0.0640
vn -0.0865 0.1287 0.9879
vn 0.3572 0.9284 -0.1022
vn 0.3662 -0.0127 0.9305
vn 0.3016 0.9455 -0.1231
vn 0.7411 -0.1279 0.6591
vn 0.2370 0.9662 -0.1015
vn 0.6908 0.6829 0.2378
vn -0.7106 0.7036 0.0028
vn 0.6914 0.6814 -0.2403
vn -0.7015 0.7126 -0.0060
vn 0.5190 0.5369 -0.6652
vn -0.7124 0.7017 -0.0082
vn 0.2127 0.2832 -0.9352
vn -0.7251 0.6882 0.0233
vn -0.1561 -0.0183 -0.9876
vn 0.7112 -0.6988 -0.0764
vn -0.5019 -0.2953 -0.8130
vn 0.6586 -0.7437 -0.1149
vn -0.7462 -0.4849 -0.4560
vn 0.5889 -0.8032 -0.0898
vn -0.8357 -0.5492 -0.0000
vn 0.5472 -0.8370 -0.0000
vn -0.7479 -0.4762 0.4625
vn 0.5656 -0.8180 0.1047
vn -0.5008 -0.2797 0.8191
vn 0.6322 -0.7585 0.1579
vn -0.1526 -0.0016 0.9883
vn 0.7017 -0.6992 0.1369
vn 0.2157 0.2959 0.9305
vn 0.7363 -0.6727 0.0731
vn 0.5196 0.5434 0.6593
vn -0.7315 0.6817 -0.0166
vn -0.9524 0.1914 -0.2372
vn -0.9524 0.1914 0.2372
vn -0.7421 0.1269 0.6581
vn -0.3680 0.0123 0.9298
vn 0.0845 -0.1291 0.9880
vn 0.5096 -0.2660 0.8182
vn 0.8096 -0.3634 0.4610
vn 0.9193 -0.3935 -0.0000
vn 0.8096 -0.3634 -0.4610
vn 0.5096 -0.2660 -0.8182
vn 0.0845 -0.1291 -0.9880
vn -0.3680 0.0123 -0.9298
vn -0.7421 0.1269 -0.6581
vn -0.6917 -0.6823 -0.2366
vn -0.6917 -0.6823 0.2366
vn -0.5215 -0.5447 0.6568
vn -0.2187 -0.2992 0.9288
vn 0.1495 -0.0022 0.9888
vn 0.4986 0.2776 0.8212
vn 0.7465 0.4767 0.4642
vn 0.8343 0.5513 -0.0000
vn 0.7465 0.4767 -0.4642
vn 0.4986 0.2776 -0.8212
vn 0.1495 -0.0022 -0.9888
vn -0.2187 -0.2992 -0.9288
vn -0.5215 -0.5447 -0.6568
vn 0.6765 0.6965 -0.2393
vn 0.5215 0.5369 -0.6631
vn 0.2471 0.2544 -0.9350
vn -0.0840 -0.0865 -0.9927
vn -0.3958 -0.4075 -0.8230
vn -0.6170 -0.6352 -0.4647
vn -0.6967 -0.7173 -0.0000
vn -0.6170 -0.6352 0.4647
vn -0.3958 -0.4075 0.8230
vn -0.0840 -0.0865 0.9927
vn 0.2471 0.2544 0.9350
vn 0.5215 0.5369 0.6631
vn 0.6765 0.6965 0.2393
vn 0.6560 0.7159 -0.2393
vn 0.5057 0.5519 -0.6631
vn 0.2396 0.2615 -0.9350
vn -0.0814 -0.0889 -0.9927
vn -0.3838 -0.4189 -0.8230
vn -0.5982 -0.6528 -0.4647
vn -0.6756 -0.7373 -0.0000
vn -0.5982 -0.6528 0.4647
vn -0.3838 -0.4188 0.8230
vn -0.0814 -0.0889 0.9927
vn 0.2396 0.2615 0.9350
vn 0.5057 0.5519 0.6631
vn 0.6560 0.7159 0.2393
vn 0.6349 0.7346 -0.2393
vn 0.4894 0.5664 -0.6631
vn 0.2319 0.2683 -0.9350
vn -0.0788 -0.0912 -0.9927
vn -0.3715 -0.4298 -0.8230
vn -0.5790 -0.6700 -0.4647
vn -0.6539 -0.7566 -0.0000
vn -0.5790 -0.6700 0.4647
vn -0.3715 -0.4298 0.8230
vn -0.0788 -0.0912 0.9927
vn 0.2319 0.2683 0.9350
vn 0.4894 0.5664 0.6631
vn 0.6349 0.7346 0.2393
vn -0.0493 0.9922 0.1146
vn -0.0493 0.9922 -0.1146
vn -0.6645 0.7451 0.0570
vn -0.1334 0.7982 -0.5874
vn -0.6816 0.7016 -0.2078
vn -0.0828 0.9144 -0.3963
vn -0.3058 0.4002 -0.8639
vn -0.7482 0.5297 -0.3996
vn -0.2218 0.5933 -0.7738
vn -0.5082 -0.0657 -0.8587
vn -0.8401 0.2924 -0.4568
vn -0.4187 0.1406 -0.8972
vn -0.6756 -0.4492 -0.5847
vn -0.9267 0.0692 -0.3693
vn -0.6087 -0.2948 -0.7366
vn -0.7583 -0.6376 -0.1356
vn -0.9823 -0.0741 -0.1720
vn -0.7338 -0.5808 -0.3525
vn -0.7338 -0.5808 0.3525
vn -0.9922 -0.1004 0.0742
vn -0.7583 -0.6376 0.1355
vn -0.6087 -0.2948 0.7366
vn -0.9539 -0.0030 0.3001
vn -0.6756 -0.4492 0.5847
vn -0.4187 0.1406 0.8972
vn -0.8773 0.1938 0.4392
vn -0.5082 -0.0657 0.8587
vn -0.2218 0.5933 0.7738
vn -0.7839 0.4348 0.4432
vn -0.3058 0.4002 0.8639
vn -0.0827 0.9144 0.3963
vn -0.7035 0.6433 0.3020
vn -0.1334 0.7982 0.5874
vn 0.5543 0.8236 0.1203
vn 0.5543 0.8236 -0.1203
vn 0.4067 0.6630 -0.6285
vn 0.4921 0.7579 -0.4283
vn 0.0935 0.3261 -0.9407
vn 0.2380 0.4868 -0.8404
vn -0.2874 -0.0802 -0.9545
vn -0.1291 0.0958 -0.9870
vn -0.6147 -0.4257 -0.6640
vn -0.4933 -0.2907 -0.8199
vn -0.7831 -0.6004 -0.1619
vn -0.7377 -0.5500 -0.3915
vn -0.7377 -0.5500 0.3915
vn -0.7831 -0.6004 0.1619
vn -0.4933 -0.2907 0.8199
vn -0.6147 -0.4257 0.6640
vn -0.1291 0.0958 0.9870
vn -0.2874 -0.0802 0.9545
vn 0.2380 0.4868 0.8404
vn 0.0935 0.3261 0.9407
vn 0.4921 0.7579 0.4283
vn 0.4067 0.6630 0.6285
vn 0.4595 0.8800 0.1203
vn 0.4595 0.8800 -0.1203
vn 0.3308 0.7045 -0.6279
vn 0.4052 0.8080 -0.4277
vn 0.0571 0.3357 -0.9403
vn 0.1832 0.5110 -0.8398
vn -0.2760 -0.1104 -0.9548
vn -0.1378 0.0818 -0.9871
vn -0.5629 -0.4911 -0.6648
vn -0.4567 -0.3435 -0.8206
vn -0.7107 -0.6846 -0.1623
vn -0.6710 -0.6294 -0.3920
vn -0.6710 -0.6294 0.3920
vn -0.7107 -0.6846 0.1623
vn -0.4567 -0.3435 0.8206
vn -0.5629 -0.4911 0.6648
vn -0.1378 0.0818 0.9871
vn -0.2760 -0.1104 0.9548
vn 0.1832 0.5110 0.8398
vn 0.0571 0.3357 0.9402
vn 0.4052 0.8080 0.4277
vn 0.3308 0.7045 0.6279
vn 0.3589 0.9256 0.1203
vn 0.3589 0.9256 -0.1203
vn 0.2505 0.7374 -0.6273
vn 0.3132 0.8482 -0.4271
vn 0.0197 0.3411 -0.9398
vn 0.1260 0.5290 -0.8392
vn -0.2616 -0.1392 -0.9551
vn -0.1450 0.0669 -0.9872
vn -0.5042 -0.5503 -0.6656
vn -0.4146 -0.3919 -0.8213
vn -0.6293 -0.7599 -0.1626
vn -0.5958 -0.7007 -0.3924
vn -0.5958 -0.7007 0.3924
vn -0.6293 -0.7599 0.1626
vn -0.4146 -0.3919 0.8213
vn -0.5042 -0.5503 0.6656
vn -0.1450 0.0670 0.9872
vn -0.2616 -0.1392 0.9551
vn 0.1260 0.5290 0.8392
vn 0.0197 0.3411 0.9398
vn 0.3132 0.8482 0.4271
vn 0.2505 0.7374 0.6273
vn 0.2536 0.9598 0.1203
vn 0.2536 0.9598 -0.1203
vn 0.1669 0.7612 -0.6267
vn 0.2171 0.8780 -0.4265
vn -0.7518 0.6512 -0.1037
vn -0.3056 0.3581 0.8822
vn -0.0182 0.3424 -0.9394
vn 0.0669 0.5405 -0.8386
vn -0.7923 0.5443 -0.2756
vn -0.1551 0.8041 0.5739
vn -0.2442 -0.1662 -0.9554
vn -0.1507 0.0514 -0.9872
vn -0.8587 0.3690 -0.3557
vn -0.1674 0.9819 -0.0888
vn -0.4392 -0.6026 -0.6663
vn -0.3673 -0.4353 -0.8220
vn -0.9287 0.1841 -0.3218
vn -0.4136 0.5729 -0.7076
vn -0.5399 -0.8258 -0.1630
vn -0.5131 -0.7632 -0.3929
vn -0.9808 0.0462 -0.1894
vn -0.7151 -0.1660 -0.6790
vn -0.5130 -0.7632 0.3929
vn -0.5399 -0.8258 0.1630
vn -1.0000 -0.0054 -0.0000
vn -0.7995 -0.6007 -0.0000
vn -0.3673 -0.4353 0.8220
vn -0.4392 -0.6026 0.6663
vn -0.9810 0.0440 0.1890
vn -0.7456 -0.4834 0.4587
vn -0.1507 0.0514 0.9872
vn -0.2442 -0.1662 0.9554
vn -0.9289 0.1811 0.3231
vn -0.6028 -0.1564 0.7824
vn 0.0669 0.5405 0.8386
vn -0.0182 0.3424 0.9394
vn -0.8584 0.3672 0.3581
vn -0.4124 0.2864 0.8648
vn 0.2171 0.8780 0.4265
vn 0.1669 0.7612 0.6267
vn -0.7918 0.5441 0.2776
vn -0.2342 0.7056 0.6688
vn -0.7514 0.6515 0.1043
vn -0.1277 0.9595 0.2510
vn 0.5357 0.7977 0.2769
vn 0.5358 0.7963 -0.2808
vn 0.3286 0.5716 -0.7518
vn -0.0200 0.1968 -0.9802
vn -0.3971 -0.2052 -0.8946
vn -0.6825 -0.5055 -0.5279
vn -0.7889 -0.6146 -0.0000
vn -0.6809 -0.4989 0.5361
vn -0.3908 -0.1908 0.9005
vn -0.0128 0.2115 0.9773
vn 0.3319 0.5798 0.7440
vn 0.4442 0.8521 0.2768
vn 0.4442 0.8508 -0.2808
vn 0.2628 0.6049 -0.7517
vn -0.0421 0.1939 -0.9801
vn -0.3720 -0.2474 -0.8946
vn -0.6218 -0.5783 -0.5282
vn -0.7149 -0.6992 -0.0000
vn -0.6203 -0.5723 0.5364
vn -0.3662 -0.2336 0.9008
vn -0.0354 0.2086 0.9774
vn 0.2661 0.6130 0.7439
vn 0.3471 0.8961 0.2767
vn 0.3470 0.8949 -0.2807
vn 0.1937 0.6306 -0.7516
vn -0.0639 0.1886 -0.9800
vn -0.3425 -0.2867 -0.8947
vn -0.5535 -0.6438 -0.5284
vn -0.6320 -0.7749 -0.0000
vn -0.5518 -0.6384 0.5366
vn -0.3370 -0.2732 0.9010
vn -0.0576 0.2033 0.9774
vn 0.1969 0.6387 0.7438
vn 0.2461 0.9290 0.2766
vn 0.2454 0.9291 -0.2766
vn 0.1243 0.6570 -0.7435
vn -0.0805 0.1963 -0.9772
vn -0.3051 -0.3083 -0.9010
vn -0.3724 -0.4368 -0.8189
vn -0.5413 -0.8408 -0.0000
vn -0.4757 -0.6968 0.5368
vn 0.0947 0.3981 0.9124
vn 0.3810 0.9059 0.1850
vn 0.3461 0.7332 -0.5853
vn -0.9397 0.3420 -0.0000
vn -0.9223 -0.3054 -0.2367
vn -0.7071 -0.2624 -0.6566
vn -0.3248 -0.1869 -0.9271
vn 0.1386 -0.1008 -0.9852
vn 0.5764 -0.0276 -0.8167
vn 0.8871 0.0206 -0.4611
vn 0.8914 0.0447 0.4509
vn 0.5879 0.0038 0.8089
vn 0.1518 -0.0749 0.9856
vn -0.3156 -0.1700 0.9335
vn -0.7038 -0.2536 0.6636
vn -0.9224 -0.3029 0.2396
vn -0.8628 -0.4468 -0.2367
vn -0.6570 -0.3705 -0.6565
vn -0.2914 -0.2356 -0.9271
vn 0.1524 -0.0769 -0.9853
vn 0.5729 0.0659 -0.8170
vn 0.8719 0.1643 -0.4614
vn 0.8727 0.1867 0.4512
vn 0.5797 0.0967 0.8090
vn 0.1618 -0.0504 0.9855
vn -0.2847 -0.2179 0.9335
vn -0.6550 -0.3615 0.6636
vn -0.8632 -0.4444 0.2396
vn -0.7817 -0.5770 -0.2367
vn -0.5905 -0.4693 -0.6565
vn -0.2508 -0.2784 -0.9271
vn 0.1622 -0.0512 -0.9854
vn 0.5544 0.1575 -0.8172
vn 0.8336 0.3034 -0.4616
vn 0.8315 0.3237 0.4515
vn 0.5570 0.1871 0.8091
vn 0.1679 -0.0246 0.9855
vn -0.2466 -0.2603 0.9335
vn -0.5897 -0.4603 0.6636
vn -0.7824 -0.5748 0.2396
vn -0.6811 -0.6929 -0.2367
vn -0.5093 -0.5565 -0.6565
vn -0.2040 -0.3144 -0.9271
vn 0.1678 -0.0244 -0.9855
vn 0.5214 0.2447 -0.8174
vn 0.7735 0.4342 -0.4618
vn 0.7690 0.4523 0.4518
vn 0.5203 0.2727 0.8092
vn 0.1699 0.0019 0.9855
vn -0.2022 -0.2962 0.9335
vn -0.5097 -0.5475 0.6636
vn -0.6821 -0.6909 0.2397
vn -0.5634 -0.7915 -0.2366
vn -0.4153 -0.6298 -0.6564
vn -0.1520 -0.3425 -0.9271
vn 0.1689 0.0029 -0.9856
vn 0.4750 0.3254 -0.8176
vn 0.6932 0.5533 -0.4619
vn 0.6868 0.5691 0.4521
vn 0.4706 0.3515 0.8093
vn 0.1678 0.0284 0.9854
vn -0.1526 -0.3246 0.9335
vn -0.4169 -0.6211 0.6637
vn -0.5647 -0.7897 0.2397
vn -0.4317 -0.8704 -0.2366
vn -0.3110 -0.6873 -0.6564
vn -0.0964 -0.3621 -0.9272
vn 0.1658 0.0299 -0.9857
vn 0.4162 0.3975 -0.8178
vn 0.5948 0.6578 -0.4621
vn 0.5872 0.6713 0.4523
vn 0.4090 0.4214 0.8094
vn 0.1616 0.0543 0.9854
vn -0.0991 -0.3447 0.9335
vn -0.3136 -0.6791 0.6637
vn -0.4332 -0.8688 0.2397
vn 0.9225 0.3029 0.2393
vn 0.7045 0.2535 0.6629
vn 0.3170 0.1696 0.9331
vn -0.1499 0.0741 0.9859
vn -0.5863 -0.0052 0.8101
vn -0.8908 -0.0462 0.4521
vn -0.8908 -0.0462 -0.4521
vn -0.5863 -0.0052 -0.8101
vn -0.1499 0.0741 -0.9859
vn 0.3170 0.1696 -0.9331
vn 0.7045 0.2535 -0.6629
vn 0.9225 0.3029 -0.2393
vn 0.8633 0.4444 0.2393
vn 0.6557 0.3614 0.6629
vn 0.2862 0.2177 0.9331
vn -0.1598 0.0499 0.9859
vn -0.5779 -0.0978 0.8102
vn -0.8717 -0.1880 0.4525
vn -0.8717 -0.1880 -0.4525
vn -0.5779 -0.0978 -0.8102
vn -0.1598 0.0499 -0.9859
vn 0.2862 0.2177 -0.9331
vn 0.6557 0.3614 -0.6629
vn 0.8633 0.4444 -0.2393
vn 0.7825 0.5748 0.2393
vn 0.5905 0.4603 0.6629
vn 0.2482 0.2604 0.9330
vn -0.1658 0.0245 0.9859
vn -0.5550 -0.1878 0.8104
vn -0.8304 -0.3248 0.4528
vn -0.8304 -0.3248 -0.4528
vn -0.5550 -0.1878 -0.8104
vn -0.1658 0.0245 -0.9859
vn 0.2482 0.2604 -0.9330
vn 0.5905 0.4603 -0.6629
vn 0.7825 0.5748 -0.2393
vn 0.6822 0.6909 0.2393
vn 0.5105 0.5477 0.6629
vn 0.2038 0.2966 0.9330
vn -0.1677 -0.0016 0.9858
vn -0.5182 -0.2730 0.8105
vn -0.7677 -0.4531 0.4531
vn -0.7677 -0.4531 -0.4531
vn -0.5182 -0.2730 -0.8105
vn -0.1677 -0.0016 -0.9858
vn 0.2038 0.2966 -0.9330
vn 0.5105 0.5477 -0.6629
vn 0.6822 0.6909 -0.2393
vn 0.5648 0.7898 0.2393
vn 0.4176 0.6214 0.6629
vn 0.1542 0.3253 0.9330
vn -0.1656 -0.0277 0.9858
vn -0.4684 -0.3514 0.8107
vn -0.6855 -0.5697 0.4534
vn -0.6855 -0.5697 -0.4534
vn -0.4684 -0.3514 -0.8107
vn -0.1656 -0.0277 -0.9858
vn 0.1542 0.3253 -0.9330
vn 0.4176 0.6214 -0.6629
vn 0.5648 0.7898 -0.2393
vn 0.4333 0.8689 0.2393
vn 0.3143 0.6796 0.6629
vn 0.1007 0.3458 0.9329
vn -0.1594 -0.0531 0.9858
vn -0.4069 -0.4208 0.8108
vn -0.5858 -0.6716 0.4536
vn -0.5858 -0.6716 -0.4536
vn -0.4069 -0.4208 -0.8108
vn -0.1594 -0.0531 -0.9858
vn 0.1007 0.3458 -0.9329
vn 0.3143 0.6796 -0.6629
vn 0.4333 0.8689 -0.2393
vn -0.2270 -0.9724 -0.0549
vn -0.8287 -0.5211 -0.2041
vn -0.1872 -0.9688 -0.1623
vn -0.6425 -0.5134 -0.5689
vn -0.0967 -0.9644 -0.2463
vn -0.3065 -0.5013 -0.8092
vn 0.0313 -0.9614 -0.2734
vn 0.1067 -0.4921 -0.8640
vn 0.1560 -0.9618 -0.2251
vn 0.4976 -0.4914 -0.7147
vn 0.2371 -0.9637 -0.1226
vn 0.7711 -0.4947 -0.4008
vn 0.2452 -0.9610 0.1279
vn 0.7802 -0.4742 0.4080
vn 0.1582 -0.9604 0.2291
vn 0.5031 -0.4676 0.7268
vn 0.0311 -0.9635 0.2658
vn 0.1062 -0.4755 0.8733
vn -0.0903 -0.9683 0.2330
vn -0.3092 -0.4924 0.8136
vn -0.1766 -0.9721 0.1544
vn -0.6445 -0.5094 0.5701
vn -0.2218 -0.9736 0.0541
vn -0.8294 -0.5200 0.2042
vn -0.9934 -0.0709 -0.0907
vn -0.6396 -0.7364 -0.2205
vn -0.9655 -0.0023 -0.2604
vn -0.5606 -0.5531 -0.6163
vn -0.9075 0.1278 -0.4002
vn -0.4130 -0.2220 -0.8833
vn -0.8197 0.3190 -0.4757
vn -0.2241 0.1905 -0.9558
vn -0.7140 0.5435 -0.4414
vn -0.0336 0.5909 -0.8060
vn -0.6185 0.7371 -0.2724
vn 0.1127 0.8805 -0.4605
vn -0.5953 0.7504 0.2872
vn 0.1284 0.8767 0.4636
vn -0.6826 0.5523 0.4785
vn -0.0114 0.5840 0.8117
vn -0.7945 0.3096 0.5223
vn -0.2038 0.1817 0.9620
vn -0.8938 0.1021 0.4367
vn -0.3983 -0.2310 0.8877
vn -0.9607 -0.0291 0.2761
vn -0.5520 -0.5599 0.6179
vn -0.9924 -0.0819 0.0917
vn -0.6368 -0.7389 0.2204
vn 0.9445 -0.2314 0.2331
vn 0.5100 -0.8509 0.1259
vn 0.7259 -0.2409 0.6443
vn 0.3832 -0.8587 0.3403
vn 0.3413 -0.2557 0.9045
vn 0.1753 -0.8680 0.4645
vn -0.1187 -0.2671 0.9563
vn -0.0592 -0.8741 0.4820
vn -0.5499 -0.2690 0.7908
vn -0.2760 -0.8744 0.3991
vn -0.8547 -0.2664 0.4455
vn -0.4341 -0.8716 0.2277
vn -0.8478 -0.2897 -0.4442
vn -0.4258 -0.8766 -0.2243
vn -0.5434 -0.2962 -0.7855
vn -0.2730 -0.8770 -0.3955
vn -0.1164 -0.2865 -0.9510
vn -0.0605 -0.8709 -0.4878
vn 0.3411 -0.2666 -0.9014
vn 0.1785 -0.8611 -0.4762
vn 0.7252 -0.2460 -0.6431
vn 0.3905 -0.8522 -0.3482
vn 0.9442 -0.2329 -0.2329
vn 0.5140 -0.8483 -0.1273
vn -0.1035 0.9701 0.2196
vn -0.7752 0.6254 0.0895
vn -0.1833 0.7757 0.6039
vn -0.8072 0.5391 0.2403
vn -0.3259 0.4393 0.8371
vn -0.8649 0.3956 0.3090
vn -0.4956 0.0501 0.8671
vn -0.9250 0.2555 0.2811
vn -0.6524 -0.2948 0.6982
vn -0.9677 0.1680 0.1879
vn -0.7630 -0.5203 0.3835
vn -0.9861 0.1441 0.0826
vn -0.8063 -0.5914 -0.0000
vn -0.7736 -0.5066 -0.3808
vn -0.9824 0.1725 -0.0720
vn -0.6696 -0.2783 -0.6886
vn -0.9676 0.2019 -0.1518
vn -0.5146 0.0609 -0.8553
vn -0.9343 0.2719 -0.2305
vn -0.3425 0.4437 -0.8281
vn -0.8816 0.3902 -0.2655
vn -0.1945 0.7764 -0.5994
vn -0.8234 0.5240 -0.2178
vn -0.1075 0.9698 -0.2188
vn -0.7820 0.6174 -0.0857
vn -0.9587 -0.1532 0.2396
vn -0.9590 -0.1559 -0.2368
vn 0.1536 -0.9874 -0.0386
vn 0.1598 -0.9863 0.0401
vn -0.7394 -0.1478 -0.6568
vn 0.1179 -0.9873 0.1069
vn -0.3493 -0.1340 -0.9274
vn 0.0490 -0.9896 0.1350
vn 0.1228 -0.1229 -0.9848
vn -0.0164 -0.9921 0.1240
vn 0.5671 -0.1210 -0.8147
vn -0.0640 -0.9936 0.0928
vn 0.8801 -0.1233 -0.4585
vn -0.0997 -0.9936 0.0532
vn 0.8874 -0.0967 0.4508
vn -0.1061 -0.9927 -0.0566
vn 0.5812 -0.0880 0.8090
vn -0.0642 -0.9936 -0.0931
vn 0.1380 -0.0969 0.9857
vn -0.0149 -0.9937 -0.1113
vn -0.3386 -0.1173 0.9336
vn 0.0420 -0.9923 -0.1167
vn -0.7351 -0.1389 0.6635
vn 0.1055 -0.9898 -0.0958
vn -0.2902 -0.9265 0.2396
vn 0.9544 -0.2984 -0.0008
vn -0.2883 -0.9278 -0.2366
vn 0.9579 -0.2869 0.0037
vn -0.1980 -0.7280 -0.6563
vn 0.9638 -0.2646 0.0333
vn -0.0377 -0.3729 -0.9271
vn -0.9596 0.2643 -0.0960
vn 0.1589 0.0557 -0.9857
vn -0.9354 0.3146 -0.1616
vn 0.3476 0.4585 -0.8179
vn -0.8942 0.4099 -0.1798
vn 0.4823 0.7442 -0.4621
vn -0.8566 0.5023 -0.1178
vn 0.4726 0.7552 0.4542
vn -0.8726 0.4775 0.1025
vn 0.3362 0.4789 0.8109
vn -0.9131 0.3845 0.1358
vn 0.1501 0.0775 0.9856
vn -0.9450 0.3102 0.1040
vn -0.0438 -0.3568 0.9331
vn 0.9579 -0.2830 -0.0481
vn -0.2023 -0.7203 0.6635
vn 0.9569 -0.2901 -0.0102
vn 0.9587 0.1539 -0.2393
vn 0.9587 0.1539 0.2393
vn 0.7356 0.1392 0.6630
vn 0.3398 0.1171 0.9332
vn -0.1365 0.0964 0.9859
vn -0.5799 0.0876 0.8100
vn -0.8869 0.0970 0.4518
vn -0.8869 0.0970 -0.4518
vn -0.5799 0.0876 -0.8100
vn -0.1365 0.0964 -0.9859
vn 0.3398 0.1171 -0.9332
vn 0.7356 0.1392 -0.6630
vn 0.2909 0.9264 -0.2389
vn 0.2909 0.9264 0.2389
vn 0.2033 0.7214 0.6619
vn 0.0453 0.3593 0.9321
vn -0.1483 -0.0747 0.9861
vn -0.3343 -0.4771 0.8128
vn -0.4709 -0.7552 0.4560
vn -0.4709 -0.7552 -0.4560
vn -0.3343 -0.4771 -0.8128
vn -0.1483 -0.0747 -0.9861
vn 0.0453 0.3593 -0.9321
vn 0.2033 0.7214 -0.6619
vn 0.2614 0.8460 -0.4647
vn 0.2614 0.8460 0.4647
vn 0.0015 -0.9714 -0.2376
vn 0.0205 -0.7519 -0.6590
vn 0.0551 -0.3619 -0.9306
vn 0.1014 0.1091 -0.9888
vn 0.1521 0.5519 -0.8199
vn 0.1919 0.8653 -0.4631
vn 0.1747 0.8738 0.4539
vn 0.1317 0.5678 0.8126
vn 0.0861 0.1250 0.9884
vn 0.0455 -0.3513 0.9352
vn 0.0153 -0.7474 0.6642
vn -0.0002 -0.9708 0.2397
vn 0.1669 -0.9569 -0.2376
vn 0.1483 -0.7374 -0.6590
vn 0.1159 -0.3472 -0.9306
vn 0.0808 0.1249 -0.9889
vn 0.0543 0.5698 -0.8200
vn 0.0389 0.8854 -0.4631
vn 0.0218 0.8907 0.4541
vn 0.0328 0.5819 0.8126
vn 0.0637 0.1379 0.9884
vn 0.1049 -0.3382 0.9352
vn 0.1425 -0.7338 0.6642
vn 0.1652 -0.9567 0.2398
vn 0.3275 -0.9145 -0.2376
vn 0.2718 -0.7013 -0.6590
vn 0.1733 -0.3224 -0.9306
vn 0.0579 0.1368 -0.9889
vn -0.0450 0.5706 -0.8200
vn -0.1152 0.8788 -0.4632
vn -0.1317 0.8811 0.4542
vn -0.0671 0.5789 0.8126
vn 0.0395 0.1469 0.9884
vn 0.1612 -0.3153 0.9352
vn 0.2656 -0.6987 0.6643
vn 0.3258 -0.9145 0.2398
vn 0.4786 -0.8453 -0.2376
vn 0.3873 -0.6447 -0.6590
vn 0.2256 -0.2881 -0.9306
vn 0.0333 0.1445 -0.9889
vn -0.1430 0.5541 -0.8201
vn -0.2656 0.8455 -0.4632
vn -0.2811 0.8453 0.4543
vn -0.1650 0.5589 0.8126
vn 0.0140 0.1516 0.9883
vn 0.2127 -0.2830 0.9352
vn 0.3808 -0.6431 0.6644
vn 0.4769 -0.8456 0.2398
vn 0.6156 -0.7514 -0.2376
vn 0.4915 -0.5693 -0.6591
vn 0.2713 -0.2455 -0.9307
vn 0.0077 0.1479 -0.9890
vn -0.2365 0.5211 -0.8201
vn -0.4079 0.7868 -0.4632
vn -0.4222 0.7844 0.4544
vn -0.2580 0.5225 0.8126
vn -0.0119 0.1520 0.9883
vn 0.2580 -0.2424 0.9353
vn 0.4849 -0.5687 0.6644
vn 0.6141 -0.7519 0.2398
vn 0.7346 -0.6355 -0.2376
vn 0.5813 -0.4772 -0.6591
vn 0.3090 -0.1957 -0.9307
vn -0.0180 0.1468 -0.9890
vn -0.3229 0.4724 -0.8201
vn -0.5378 0.7044 -0.4632
vn -0.5506 0.7002 0.4545
vn -0.3435 0.4708 0.8126
vn -0.0376 0.1480 0.9883
vn 0.2956 -0.1946 0.9353
vn 0.5748 -0.4776 0.6645
vn 0.7332 -0.6363 0.2399
vn 0.8322 -0.5010 -0.2376
vn 0.6541 -0.3711 -0.6591
vn 0.3378 -0.1402 -0.9307
vn -0.0431 0.1413 -0.9890
vn -0.3996 0.4095 -0.8201
vn -0.6514 0.6009 -0.4632
vn -0.6626 0.5952 0.4546
vn -0.4189 0.4052 0.8126
vn -0.0622 0.1397 0.9882
vn 0.3244 -0.1411 0.9353
vn 0.6478 -0.3725 0.6646
vn 0.8310 -0.5020 0.2399
vn 0.0002 0.9710 0.2392
vn -0.0149 0.7484 0.6631
vn -0.0446 0.3533 0.9344
vn -0.0846 -0.1224 0.9889
vn -0.1297 -0.5658 0.8143
vn -0.1727 -0.8732 0.4557
vn -0.1727 -0.8732 -0.4557
vn -0.1297 -0.5658 -0.8143
vn -0.0846 -0.1224 -0.9889
vn -0.0446 0.3533 -0.9344
vn -0.0149 0.7484 -0.6631
vn 0.0002 0.9710 -0.2392
vn -0.1653 0.9568 0.2392
vn -0.1423 0.7349 0.6631
vn -0.1043 0.3405 0.9344
vn -0.0627 -0.1350 0.9889
vn -0.0311 -0.5795 0.8144
vn -0.0200 -0.8898 0.4559
vn -0.0200 -0.8898 -0.4559
vn -0.0311 -0.5795 -0.8144
vn -0.0627 -0.1350 -0.9889
vn -0.1043 0.3405 -0.9344
vn -0.1423 0.7349 -0.6631
vn -0.1653 0.9568 -0.2392
vn -0.3259 0.9146 0.2392
vn -0.2655 0.6998 0.6631
vn -0.1610 0.3177 0.9344
vn -0.0390 -0.1437 0.9888
vn 0.0683 -0.5762 0.8144
vn 0.1332 -0.8799 0.4560
vn 0.1332 -0.8799 -0.4560
vn 0.0683 -0.5762 -0.8144
vn -0.0390 -0.1437 -0.9888
vn -0.1610 0.3177 -0.9344
vn -0.2655 0.6998 -0.6631
vn -0.3259 0.9146 -0.2392
vn -0.4770 0.8457 0.2392
vn -0.3810 0.6443 0.6631
vn -0.2130 0.2855 0.9344
vn -0.0141 -0.1483 0.9888
vn 0.1657 -0.5560 0.8145
vn 0.2824 -0.8439 0.4562
vn 0.2824 -0.8439 -0.4562
vn 0.1657 -0.5560 -0.8145
vn -0.0141 -0.1483 -0.9888
vn -0.2130 0.2855 -0.9344
vn -0.3810 0.6443 -0.6631
vn -0.4770 0.8457 -0.2392
vn -0.6142 0.7520 0.2392
vn -0.4853 0.5699 0.6631
vn -0.2588 0.2449 0.9344
vn 0.0112 -0.1487 0.9888
vn 0.2581 -0.5195 0.8146
vn 0.4231 -0.7828 0.4563
vn 0.4231 -0.7828 -0.4563
vn 0.2581 -0.5195 -0.8146
vn 0.0112 -0.1487 -0.9888
vn -0.2588 0.2449 -0.9344
vn -0.4853 0.5699 -0.6631
vn -0.6142 0.7520 -0.2392
vn -0.7334 0.6364 0.2392
vn -0.5754 0.4787 0.6631
vn -0.2969 0.1970 0.9344
vn 0.0362 -0.1447 0.9888
vn 0.3430 -0.4677 0.8146
vn 0.5512 -0.6984 0.4565
vn 0.5512 -0.6984 -0.4565
vn 0.3430 -0.4677 -0.8146
vn 0.0362 -0.1447 -0.9888
vn -0.2969 0.1970 -0.9344
vn -0.5754 0.4787 -0.6631
vn -0.7334 0.6364 -0.2392
vn -0.8311 0.5020 0.2393
vn -0.6487 0.3735 0.6631
vn -0.3262 0.1434 0.9344
vn 0.0602 -0.1366 0.9888
vn 0.4177 -0.4022 0.8147
vn 0.6628 -0.5934 0.4566
vn 0.6628 -0.5934 -0.4566
vn 0.4177 -0.4022 -0.8147
vn 0.0602 -0.1366 -0.9888
vn -0.3262 0.1434 -0.9344
vn -0.6487 0.3735 -0.6631
vn -0.8311 0.5020 -0.2393
vn 0.8453 -0.5311 -0.0580
vn 0.2236 -0.9527 -0.2058
vn 0.8523 -0.4930 -0.1747
vn 0.2705 -0.7722 -0.5750
vn 0.8749 -0.4006 -0.2723
vn 0.3575 -0.4446 -0.8213
vn 0.9130 -0.2626 -0.3123
vn 0.4701 -0.0392 -0.8818
vn 0.9563 -0.1198 -0.2666
vn 0.5843 0.3468 -0.7337
vn 0.9886 -0.0208 -0.1493
vn 0.6684 0.6186 -0.4130
vn 0.9883 -0.0180 0.1512
vn 0.6549 0.6291 0.4188
vn 0.9573 -0.1226 0.2620
vn 0.5685 0.3548 0.7423
vn 0.9183 -0.2641 0.2950
vn 0.4593 -0.0367 0.8875
vn 0.8845 -0.3924 0.2525
vn 0.3523 -0.4446 0.8235
vn 0.8617 -0.4801 0.1646
vn 0.2687 -0.7725 0.5754
vn 0.8491 -0.5251 0.0573
vn 0.2233 -0.9528 0.2058
vn 0.0037 -0.9966 -0.0825
vn 0.6925 -0.6880 -0.2171
vn -0.0565 -0.9696 -0.2381
vn 0.5158 -0.6039 -0.6077
vn -0.1719 -0.9129 -0.3702
vn 0.1956 -0.4469 -0.8729
vn -0.3462 -0.8252 -0.4463
vn -0.2054 -0.2458 -0.9473
vn -0.5562 -0.7175 -0.4193
vn -0.5968 -0.0427 -0.8012
vn -0.7408 -0.6189 -0.2612
vn -0.8812 0.1132 -0.4589
vn -0.7538 -0.5952 0.2784
vn -0.8773 0.1274 0.4628
vn -0.5629 -0.6865 0.4602
vn -0.5893 -0.0233 0.8076
vn -0.3331 -0.8018 0.4962
vn -0.1959 -0.2285 0.9536
vn -0.1421 -0.9017 0.4083
vn 0.2050 -0.4345 0.8770
vn -0.0268 -0.9669 0.2536
vn 0.5228 -0.5966 0.6088
vn 0.0156 -0.9964 0.0830
vn 0.6950 -0.6856 0.2168
vn 0.5273 0.8173 0.2321
vn 0.9715 0.2034 0.1221
vn 0.4723 0.6054 0.6407
vn 0.9417 0.0802 0.3268
vn 0.3739 0.2343 0.8974
vn 0.8909 -0.1159 0.4392
vn 0.2519 -0.2057 0.9457
vn 0.8320 -0.3288 0.4467
vn 0.1309 -0.6130 0.7791
vn 0.7755 -0.5166 0.3629
vn 0.0421 -0.8981 0.4377
vn 0.7326 -0.6492 0.2048
vn 0.0611 -0.8974 -0.4369
vn 0.7350 -0.6467 -0.2037
vn 0.1514 -0.6134 -0.7751
vn 0.7727 -0.5186 -0.3660
vn 0.2646 -0.2076 -0.9417
vn 0.8236 -0.3301 -0.4611
vn 0.3798 0.2324 -0.8954
vn 0.8823 -0.1087 -0.4580
vn 0.4745 0.6043 -0.6400
vn 0.9364 0.0923 -0.3385
vn 0.5278 0.8170 -0.2320
vn 0.9699 0.2095 -0.1242
vn -0.9742 -0.0367 0.2228
vn -0.6767 -0.7298 0.0980
vn -0.7805 -0.1252 0.6125
vn -0.5837 -0.7681 0.2634
vn -0.4450 -0.2827 0.8497
vn -0.4292 -0.8367 0.3401
vn -0.0564 -0.4694 0.8812
vn -0.2770 -0.9087 0.3123
vn 0.2890 -0.6413 0.7108
vn -0.1792 -0.9606 0.2124
vn 0.5161 -0.7619 0.3913
vn -0.1484 -0.9843 0.0958
vn 0.5034 -0.7712 -0.3896
vn -0.1778 -0.9802 -0.0866
vn 0.2733 -0.6562 -0.7034
vn -0.2156 -0.9602 -0.1777
vn -0.0674 -0.4857 -0.8715
vn -0.2971 -0.9182 -0.2618
vn -0.4503 -0.2970 -0.8420
vn -0.4271 -0.8546 -0.2953
vn -0.7820 -0.1350 -0.6085
vn -0.5704 -0.7857 -0.2393
vn -0.9742 -0.0402 -0.2219
vn -0.6691 -0.7372 -0.0935
vn -0.1667 -0.9564 0.2397
vn -0.1649 -0.9573 -0.2376
vn 0.9836 -0.1773 -0.0345
vn 0.9848 -0.1695 0.0372
vn -0.1081 -0.7441 -0.6592
vn 0.9735 -0.2077 0.0958
vn -0.0066 -0.3654 -0.9308
vn 0.9560 -0.2698 0.1151
vn 0.1204 0.0917 -0.9885
vn 0.9421 -0.3220 0.0937
vn 0.2464 0.5200 -0.8178
vn 0.9353 -0.3488 0.0589
vn 0.3384 0.8209 -0.4601
vn 0.9319 -0.3615 0.0294
vn 0.9295 -0.3688 -0.0000
vn 0.3198 0.8316 0.4540
vn 0.9318 -0.3618 -0.0296
vn 0.2253 0.5373 0.8127
vn 0.9377 -0.3437 -0.0509
vn 0.1053 0.1086 0.9885
vn 0.9448 -0.3200 -0.0707
vn -0.0158 -0.3538 0.9352
vn 0.9558 -0.2805 -0.0882
vn -0.1132 -0.7390 0.6641
vn 0.9711 -0.2244 -0.0816
vn 0.9048 -0.3519 0.2399
vn 0.3628 0.9318 0.0083
vn 0.9059 -0.3506 -0.2376
vn 0.3507 0.9365 -0.0053
vn 0.7082 -0.2532 -0.6591
vn 0.3203 0.9473 0.0096
vn 0.3569 -0.0799 -0.9307
vn -0.3063 -0.9497 -0.0645
vn -0.0665 0.1322 -0.9890
vn -0.3412 -0.9309 -0.1305
vn -0.4635 0.3356 -0.8201
vn -0.4233 -0.8925 -0.1558
vn -0.7442 0.4813 -0.4631
vn -0.5068 -0.8557 -0.1049
vn -0.5318 -0.8469 -0.0000
vn -0.7534 0.4729 0.4569
vn -0.4811 -0.8722 0.0890
vn -0.4798 0.3264 0.8144
vn -0.3967 -0.9114 0.1096
vn -0.0836 0.1257 0.9885
vn -0.3365 -0.9391 0.0695
vn 0.3444 -0.0841 0.9350
vn 0.3250 0.9456 -0.0133
vn 0.7022 -0.2561 0.6644
vn 0.3461 0.9381 0.0148
vn 0.1656 0.9567 -0.2392
vn 0.1656 0.9567 0.2392
vn 0.1129 0.7400 0.6631
vn 0.0165 0.3557 0.9345
vn -0.1040 -0.1063 0.9889
vn -0.2244 -0.5354 0.8142
vn -0.3204 -0.8306 0.4555
vn -0.3204 -0.8306 -0.4555
vn -0.2244 -0.5354 -0.8142
vn -0.1040 -0.1063 -0.9889
vn 0.0165 0.3557 -0.9345
vn 0.1129 0.7400 -0.6631
vn -0.9046 0.3530 -0.2389
vn -0.9046 0.3530 0.2389
vn -0.7036 0.2577 0.6622
vn -0.3479 0.0863 0.9336
vn 0.0795 -0.1232 0.9892
vn 0.4774 -0.3237 0.8169
vn 0.7536 -0.4704 0.4592
vn 0.7536 -0.4704 -0.4592
vn 0.4774 -0.3237 -0.8169
vn 0.0795 -0.1232 -0.9892
vn -0.3479 0.0863 -0.9336
vn -0.7036 0.2577 -0.6622
vn 0.9707 -0.0350 -0.2376
vn 0.7521 -0.0059 -0.6590
vn 0.3640 0.0460 -0.9303
vn -0.1046 0.1113 -0.9883
vn -0.5454 0.1765 -0.8194
vn -0.8577 0.2240 -0.4628
vn -0.8649 0.2141 0.4540
vn -0.5607 0.1637 0.8117
vn -0.1212 0.1007 0.9875
vn 0.3523 0.0387 0.9351
vn 0.7470 -0.0102 0.6647
vn 0.9701 -0.0365 0.2400
vn 0.9636 0.1228 -0.2376
vn 0.7431 0.1160 -0.6591
vn 0.3516 0.1042 -0.9303
vn -0.1214 0.0924 -0.9883
vn -0.5670 0.0844 -0.8194
vn -0.8829 0.0800 -0.4628
vn -0.8882 0.0699 0.4540
vn -0.5799 0.0704 0.8116
vn -0.1361 0.0800 0.9875
vn 0.3411 0.0956 0.9351
vn 0.7387 0.1112 0.6648
vn 0.9631 0.1213 0.2401
vn 0.9309 0.2774 -0.2377
vn 0.7144 0.2349 -0.6591
vn 0.3300 0.1597 -0.9304
vn -0.1349 0.0709 -0.9883
vn -0.5732 -0.0098 -0.8194
vn -0.8840 -0.0662 -0.4628
vn -0.8877 -0.0761 0.4541
vn -0.5837 -0.0247 0.8116
vn -0.1475 0.0570 0.9874
vn 0.3209 0.1498 0.9352
vn 0.7108 0.2296 0.6649
vn 0.9307 0.2758 0.2401
vn 0.8736 0.4246 -0.2377
vn 0.6668 0.3476 -0.6592
vn 0.2996 0.2109 -0.9304
vn -0.1447 0.0476 -0.9883
vn -0.5638 -0.1038 -0.8194
vn -0.8612 -0.2104 -0.4627
vn -0.8634 -0.2200 0.4541
vn -0.5720 -0.1192 0.8115
vn -0.1552 0.0325 0.9874
vn 0.2920 0.2001 0.9353
vn 0.6639 0.3419 0.6650
vn 0.8737 0.4231 0.2402
vn 0.7932 0.5606 -0.2378
vn 0.6016 0.4510 -0.6593
vn 0.2614 0.2565 -0.9305
vn -0.1504 0.0230 -0.9884
vn -0.5392 -0.1949 -0.8193
vn -0.8150 -0.3489 -0.4626
vn -0.8159 -0.3579 0.4541
vn -0.5452 -0.2106 0.8114
vn -0.1587 0.0070 0.9873
vn 0.2553 0.2449 0.9353
vn 0.5995 0.4451 0.6652
vn 0.7935 0.5592 0.2403
vn -0.9703 0.0364 0.2393
vn -0.7485 0.0108 0.6631
vn -0.3553 -0.0373 0.9340
vn 0.1176 -0.0987 0.9882
vn 0.5580 -0.1613 0.8140
vn 0.8642 -0.2121 0.4562
vn 0.8642 -0.2121 -0.4562
vn 0.5580 -0.1613 -0.8140
vn 0.1176 -0.0987 -0.9882
vn -0.3553 -0.0373 -0.9340
vn -0.7485 0.0108 -0.6631
vn -0.9703 0.0364 -0.2393
vn -0.9633 -0.1213 0.2393
vn -0.7403 -0.1108 0.6631
vn -0.3445 -0.0947 0.9340
vn 0.1320 -0.0786 0.9881
vn 0.5767 -0.0686 0.8141
vn 0.8872 -0.0681 0.4564
vn 0.8872 -0.0681 -0.4564
vn 0.5767 -0.0686 -0.8141
vn 0.1320 -0.0786 -0.9881
vn -0.3445 -0.0947 -0.9340
vn -0.7403 -0.1108 -0.6631
vn -0.9633 -0.1213 -0.2393
vn -0.9309 -0.2759 0.2393
vn -0.7125 -0.2295 0.6631
vn -0.3245 -0.1496 0.9340
vn 0.1429 -0.0564 0.9881
vn 0.5801 0.0260 0.8141
vn 0.8863 0.0776 0.4565
vn 0.8863 0.0776 -0.4565
vn 0.5801 0.0260 -0.8141
vn 0.1429 -0.0564 -0.9881
vn -0.3245 -0.1496 -0.9340
vn -0.7125 -0.2295 -0.6631
vn -0.9309 -0.2759 -0.2393
vn -0.8739 -0.4232 0.2393
vn -0.6658 -0.3421 0.6631
vn -0.2959 -0.2005 0.9339
vn 0.1502 -0.0327 0.9881
vn 0.5681 0.1198 0.8142
vn 0.8617 0.2212 0.4567
vn 0.8617 0.2212 -0.4567
vn 0.5681 0.1198 -0.8142
vn 0.1502 -0.0327 -0.9881
vn -0.2959 -0.2005 -0.9339
vn -0.6658 -0.3421 -0.6631
vn -0.8739 -0.4232 -0.2393
vn -0.7937 -0.5593 0.2393
vn -0.6014 -0.4456 0.6631
vn -0.2593 -0.2460 0.9339
vn 0.1536 -0.0082 0.9881
vn 0.5410 0.2104 0.8143
vn 0.8140 0.3588 0.4568
vn 0.8140 0.3588 -0.4568
vn 0.5410 0.2104 -0.8143
vn 0.1536 -0.0082 -0.9881
vn -0.2593 -0.2460 -0.9339
vn -0.6014 -0.4456 -0.6631
vn -0.7937 -0.5593 -0.2393
vn 0.5558 0.8294 -0.0558
vn 0.9591 0.1954 -0.2049
vn 0.5200 0.8373 -0.1689
vn 0.7812 0.2489 -0.5725
vn 0.4320 0.8621 -0.2649
vn 0.4585 0.3473 -0.8180
vn 0.2987 0.9035 -0.3074
vn 0.0585 0.4725 -0.8794
vn 0.1561 0.9507 -0.2679
vn -0.3249 0.5961 -0.7342
vn 0.0520 0.9868 -0.1534
vn -0.5982 0.6853 -0.4153
vn 0.0547 0.9870 0.1514
vn -0.6042 0.6776 0.4193
vn 0.1617 0.9527 0.2573
vn -0.3297 0.5860 0.7402
vn 0.2994 0.9100 0.2870
vn 0.0570 0.4649 0.8835
vn 0.4226 0.8726 0.2449
vn 0.4586 0.3435 0.8196
vn 0.5066 0.8473 0.1596
vn 0.7814 0.2476 0.5728
vn 0.5498 0.8334 0.0555
vn 0.9591 0.1952 0.2049
vn 0.9102 -0.4055 -0.0848
vn 0.9114 0.3491 -0.2180
vn 0.8588 -0.4503 -0.2442
vn 0.7603 0.2235 -0.6099
vn 0.7563 -0.5336 -0.3786
vn 0.4827 -0.0025 -0.8758
vn 0.6007 -0.6579 -0.4542
vn 0.1314 -0.2835 -0.9499
vn 0.4136 -0.8056 -0.4241
vn -0.2161 -0.5558 -0.8027
vn 0.2486 -0.9324 -0.2623
vn -0.4741 -0.7512 -0.4593
vn 0.2249 -0.9331 0.2804
vn -0.4823 -0.7434 0.4634
vn 0.3870 -0.7962 0.4651
vn -0.2269 -0.5423 0.8090
vn 0.5886 -0.6329 0.5030
vn 0.1223 -0.2680 0.9556
vn 0.7612 -0.4987 0.4145
vn 0.4768 0.0116 0.8789
vn 0.8701 -0.4203 0.2574
vn 0.7572 0.2332 0.6102
vn 0.9152 -0.3942 0.0841
vn 0.9103 0.3524 0.2173
vn -0.8018 0.5505 0.2326
vn -0.1758 0.9766 0.1236
vn -0.5918 0.4874 0.6421
vn -0.0529 0.9420 0.3314
vn -0.2236 0.3756 0.8994
vn 0.1438 0.8835 0.4459
vn 0.2132 0.2395 0.9472
vn 0.3578 0.8171 0.4521
vn 0.6172 0.1093 0.7792
vn 0.5440 0.7563 0.3634
vn 0.8992 0.0171 0.4371
vn 0.6716 0.7127 0.2025
vn 0.8990 0.0285 -0.4371
vn 0.6734 0.7108 -0.2032
vn 0.6175 0.1231 -0.7769
vn 0.5488 0.7496 -0.3699
vn 0.2145 0.2492 -0.9444
vn 0.3599 0.8070 -0.4683
vn -0.2222 0.3806 -0.8976
vn 0.1372 0.8746 -0.4650
vn -0.5908 0.4895 -0.6414
vn -0.0642 0.9370 -0.3433
vn -0.8015 0.5510 -0.2324
vn -0.1816 0.9753 -0.1260
vn -0.3655 -0.9041 0.2216
vn 0.3888 -0.9163 0.0958
vn -0.2050 -0.7660 0.6093
vn 0.4610 -0.8493 0.2574
vn 0.0766 -0.5285 0.8454
vn 0.5851 -0.7400 0.3318
vn 0.4064 -0.2545 0.8775
vn 0.7106 -0.6344 0.3042
vn 0.7049 -0.0118 0.7092
vn 0.7962 -0.5684 0.2075
vn 0.9083 0.1474 0.3916
vn 0.8305 -0.5488 0.0948
vn 0.9104 0.1354 -0.3910
vn 0.8158 -0.5716 -0.0885
vn 0.7097 -0.0291 -0.7039
vn 0.7797 -0.6004 -0.1778
vn 0.4142 -0.2700 -0.8692
vn 0.7078 -0.6580 -0.2571
vn 0.0856 -0.5390 -0.8379
vn 0.5989 -0.7475 -0.2873
vn -0.1976 -0.7714 -0.6049
vn 0.4807 -0.8456 -0.2320
vn -0.3625 -0.9055 -0.2205
vn 0.3983 -0.9128 -0.0906
vn 0.9517 -0.1945 0.2377
vn 0.9515 -0.1925 -0.2400
vn 0.2051 0.9781 -0.0365
vn 0.1993 0.9792 0.0386
vn 0.7411 -0.1279 -0.6591
vn 0.2380 0.9660 0.1013
vn 0.3662 -0.0127 -0.9305
vn 0.3017 0.9455 0.1224
vn -0.0865 0.1287 -0.9879
vn 0.3572 0.9284 0.1022
vn -0.5113 0.2648 -0.8176
vn 0.3862 0.9202 0.0640
vn -0.8109 0.3613 -0.4604
vn 0.3959 0.9178 0.0292
vn 0.3973 0.9177 -0.0000
vn -0.8193 0.3501 0.4541
vn 0.3910 0.9200 -0.0263
vn -0.5271 0.2511 0.8119
vn 0.3780 0.9244 -0.0504
vn -0.1034 0.1180 0.9876
vn 0.3551 0.9317 -0.0764
vn 0.3539 -0.0199 0.9351
vn 0.3124 0.9451 -0.0958
vn 0.7354 -0.1322 0.6646
vn 0.2537 0.9633 -0.0872
vn 0.6914 0.6814 0.2403
vn -0.7015 0.7126 0.0060
vn 0.6908 0.6829 -0.2378
vn -0.7106 0.7036 -0.0028
vn 0.5196 0.5434 -0.6593
vn -0.7315 0.6817 0.0166
vn 0.2157 0.2959 -0.9305
vn 0.7362 -0.6728 -0.0733
vn -0.1526 -0.0016 -0.9883
vn 0.7017 -0.6992 -0.1369
vn -0.5008 -0.2797 -0.8191
vn 0.6322 -0.7585 -0.1579
vn -0.7479 -0.4762 -0.4625
vn 0.5656 -0.8180 -0.1047
vn -0.7462 -0.4849 0.4560
vn 0.5889 -0.8032 0.0899
vn -0.5019 -0.2953 0.8130
vn 0.6586 -0.7437 0.1149
vn -0.1561 -0.0183 0.9876
vn 0.7112 -0.6988 0.0764
vn 0.2127 0.2832 0.9352
vn -0.7251 0.6882 -0.0235
vn 0.5190 0.5369 0.6652
vn -0.7124 0.7017 0.0082
vn -0.9515 0.1932 -0.2393
vn -0.9515 0.1932 0.2393
vn -0.7368 0.1321 0.6631
vn -0.3565 0.0210 0.9340
vn 0.1001 -0.1162 0.9882
vn 0.5245 -0.2498 0.8139
vn 0.8180 -0.3505 0.4560
vn 0.8180 -0.3505 -0.4560
vn 0.5245 -0.2498 -0.8139
vn 0.1001 -0.1162 -0.9882
vn -0.3565 0.0210 -0.9340
vn -0.7368 0.1321 -0.6631
vn -0.6925 -0.6807 -0.2388
vn -0.6925 -0.6807 0.2388
vn -0.5219 -0.5381 0.6619
vn -0.2178 -0.2868 0.9329
vn 0.1503 0.0142 0.9885
vn 0.4971 0.2931 0.8166
vn 0.7436 0.4858 0.4594
vn 0.7436 0.4858 -0.4594
vn 0.4971 0.2931 -0.8166
vn 0.1503 0.0142 -0.9885
vn -0.2178 -0.2868 -0.9329
vn -0.5219 -0.5381 -0.6619
vn -0.3838 -0.4188 -0.8230
vn -0.3838 -0.4189 0.8230
vn 0.0299 0.9736 0.2264
vn 0.0299 0.9736 -0.2264
vn -0.6645 0.7451 -0.0570
vn -0.0771 0.7219 -0.6877
vn -0.7035 0.6433 -0.3020
vn 0.0165 0.9506 -0.3100
vn -0.2675 0.2829 -0.9211
vn -0.7839 0.4348 -0.4432
vn -0.1125 0.6621 -0.7409
vn -0.4773 -0.1949 -0.8569
vn -0.8773 0.1938 -0.4392
vn -0.3127 0.2091 -0.9266
vn -0.6402 -0.5593 -0.5266
vn -0.9539 -0.0030 -0.3001
vn -0.5174 -0.2573 -0.8161
vn -0.7084 -0.7047 -0.0404
vn -0.9922 -0.1004 -0.0742
vn -0.6633 -0.5936 -0.4557
vn -0.6633 -0.5936 0.4557
vn -0.9823 -0.0741 0.1720
vn -0.7084 -0.7047 0.0405
vn -0.5174 -0.2573 0.8161
vn -0.9267 0.0692 0.3693
vn -0.6402 -0.5593 0.5266
vn -0.3126 0.2091 0.9266
vn -0.8401 0.2924 0.4568
vn -0.4773 -0.1949 0.8569
vn -0.1125 0.6621 0.7409
vn -0.7482 0.5297 0.3996
vn -0.2675 0.2829 0.9211
vn 0.0165 0.9506 0.3100
vn -0.6816 0.7016 0.2078
vn -0.0771 0.7219 0.6877
vn 0.5547 0.8236 0.1185
vn 0.5547 0.8236 -0.1185
vn 0.4013 0.6596 -0.6355
vn 0.4913 0.7552 -0.4339
vn 0.0818 0.3177 -0.9447
vn 0.2328 0.4771 -0.8474
vn -0.3003 -0.0892 -0.9497
vn -0.1373 0.0814 -0.9872
vn -0.6220 -0.4294 -0.6548
vn -0.4990 -0.3023 -0.8121
vn -0.7839 -0.6002 -0.1590
vn -0.7385 -0.5537 -0.3847
vn -0.7385 -0.5537 0.3847
vn -0.7839 -0.6002 0.1590
vn -0.4990 -0.3023 0.8121
vn -0.6220 -0.4294 0.6548
vn -0.1373 0.0814 0.9872
vn -0.3003 -0.0892 0.9497
vn 0.2328 0.4771 0.8474
vn 0.0818 0.3177 0.9447
vn 0.4913 0.7552 0.4339
vn 0.4013 0.6596 0.6355
vn 0.4599 0.8800 0.1185
vn 0.4599 0.8800 -0.1185
vn 0.3256 0.7005 -0.6350
vn 0.4047 0.8052 -0.4334
vn 0.0462 0.3259 -0.9443
vn 0.1791 0.5007 -0.8469
vn -0.2879 -0.1208 -0.9500
vn -0.1444 0.0665 -0.9873
vn -0.5696 -0.4956 -0.6557
vn -0.4612 -0.3556 -0.8129
vn -0.7114 -0.6844 -0.1594
vn -0.6714 -0.6331 -0.3853
vn -0.6714 -0.6331 0.3853
vn -0.7114 -0.6844 0.1594
vn -0.4612 -0.3556 0.8129
vn -0.5696 -0.4956 0.6557
vn -0.1444 0.0665 0.9873
vn -0.2879 -0.1208 0.9500
vn 0.1791 0.5007 0.8469
vn 0.0462 0.3259 0.9443
vn 0.4047 0.8052 0.4334
vn 0.3256 0.7005 0.6350
vn 0.3594 0.9257 0.1184
vn 0.3594 0.9257 -0.1184
vn 0.2458 0.7328 -0.6345
vn 0.3130 0.8454 -0.4329
vn 0.0099 0.3301 -0.9439
vn 0.1230 0.5182 -0.8464
vn -0.2723 -0.1508 -0.9503
vn -0.1499 0.0511 -0.9874
vn -0.5103 -0.5555 -0.6565
vn -0.4177 -0.4042 -0.8137
vn -0.6301 -0.7599 -0.1598
vn -0.5959 -0.7043 -0.3859
vn -0.5959 -0.7043 0.3859
vn -0.6301 -0.7599 0.1598
vn -0.4177 -0.4042 0.8137
vn -0.5103 -0.5555 0.6565
vn -0.1499 0.0511 0.9874
vn -0.2723 -0.1508 0.9503
vn 0.1230 0.5182 0.8464
vn 0.0099 0.3301 0.9439
vn 0.3130 0.8454 0.4329
vn 0.2458 0.7328 0.6345
vn 0.2542 0.9599 0.1184
vn 0.2542 0.9599 -0.1184
vn 0.1620 0.7562 -0.6340
vn 0.2177 0.8750 -0.4324
vn -0.7514 0.6515 -0.1043
vn -0.1277 0.9595 -0.2510
vn -0.0279 0.3306 -0.9434
vn 0.0660 0.5292 -0.8459
vn -0.7918 0.5441 -0.2776
vn -0.2342 0.7056 -0.6688
vn -0.2547 -0.1784 -0.9504
vn -0.1526 0.0347 -0.9877
vn -0.8584 0.3672 -0.3581
vn -0.4124 0.2864 -0.8648
vn -0.4456 -0.6078 -0.6573
vn -0.3680 -0.4483 -0.8146
vn -0.9289 0.1810 -0.3231
vn -0.6028 -0.1564 -0.7824
vn -0.5409 -0.8257 -0.1602
vn -0.5121 -0.7671 -0.3864
vn -0.9810 0.0440 -0.1890
vn -0.7456 -0.4834 -0.4587
vn -0.5121 -0.7671 0.3864
vn -0.5409 -0.8257 0.1602
vn -0.7995 -0.6007 -0.0002
vn -0.3680 -0.4483 0.8146
vn -0.4456 -0.6078 0.6573
vn -0.9808 0.0462 0.1894
vn -0.7151 -0.1661 0.6790
vn -0.1526 0.0347 0.9877
vn -0.2547 -0.1784 0.9504
vn -0.9287 0.1841 0.3218
vn -0.4135 0.5730 0.7076
vn 0.0660 0.5292 0.8459
vn -0.0279 0.3306 0.9434
vn -0.8587 0.3690 0.3557
vn -0.1674 0.9819 0.0888
vn 0.2177 0.8750 0.4324
vn 0.1620 0.7562 0.6340
vn -0.7923 0.5443 0.2756
vn -0.1550 0.8041 -0.5739
vn -0.7518 0.6512 0.1037
vn -0.3052 0.3585 -0.8822
vn 0.5358 0.7963 0.2808
vn 0.5357 0.7977 -0.2769
vn 0.3319 0.5798 -0.7440
vn -0.0128 0.2115 -0.9773
vn -0.3908 -0.1908 -0.9005
vn -0.6809 -0.4989 -0.5361
vn -0.6825 -0.5055 0.5279
vn -0.3971 -0.2052 0.8946
vn -0.0200 0.1968 0.9802
vn 0.3286 0.5716 0.7518
vn 0.4442 0.8508 0.2808
vn 0.4442 0.8521 -0.2768
vn 0.2661 0.6130 -0.7439
vn -0.0354 0.2086 -0.9774
vn -0.3662 -0.2336 -0.9008
vn -0.6203 -0.5723 -0.5364
vn -0.6218 -0.5783 0.5282
vn -0.3720 -0.2474 0.8946
vn -0.0421 0.1939 0.9801
vn 0.2628 0.6049 0.7517
vn 0.3470 0.8949 0.2807
vn 0.3471 0.8961 -0.2767
vn 0.1969 0.6387 -0.7438
vn -0.0576 0.2033 -0.9774
vn -0.3370 -0.2732 -0.9010
vn -0.5518 -0.6384 -0.5366
vn -0.5535 -0.6438 0.5284
vn -0.3425 -0.2867 0.8947
vn -0.0639 0.1886 0.9800
vn 0.1937 0.6306 0.7516
vn 0.0747 0.2812 -0.9567
vn 0.1532 0.2594 0.9535
vn 0.3462 0.7333 0.5851
vn 0.3810 0.9059 -0.1850
vn 0.0946 0.3980 -0.9125
vn -0.4757 -0.6968 -0.5368
vn -0.5413 -0.8408 0.0002
vn -0.3723 -0.4368 0.8189
vn -0.3051 -0.3083 0.9010
vn -0.0805 0.1963 0.9772
vn 0.1243 0.6570 0.7435
vt 0.000000 0.125000
vt 0.076923 0.250000
vt 0.000000 0.250000
vt 0.076923 0.125000
vt 0.153846 0.250000
vt 0.153846 0.125000
vt 0.230769 0.250000
vt 0.230769 0.125000
vt 0.307692 0.250000
vt 0.307692 0.125000
vt 0.384615 0.250000
vt 0.384615 0.125000
vt 0.461538 0.250000
vt 0.538462 0.125000
vt 0.461538 0.125000
vt 0.615385 0.125000
vt 0.538462 0.250000
vt 0.692308 0.125000
vt 0.615385 0.250000
vt 0.769231 0.125000
vt 0.692308 0.250000
vt 0.846154 0.125000
vt 0.769231 0.250000
vt 0.923077 0.125000
vt 0.846154 0.250000
vt 1.000000 0.125000
vt 0.923077 0.250000
vt 0.076923 0.375000
vt 0.000000 0.375000
vt 0.153846 0.375000
vt 0.230769 0.375000
vt 0.307692 0.375000
vt 0.384615 0.375000
vt 0.461538 0.375000
vt 0.538462 0.375000
vt 0.615385 0.375000
vt 0.692308 0.375000
vt 0.769231 0.375000
vt 0.846154 0.375000
vt 1.000000 0.250000
vt 0.923077 0.375000
vt 0.076923 0.500000
vt 0.000000 0.500000
vt 0.153846 0.500000
vt 0.230769 0.500000
vt 0.307692 0.500000
vt 0.384615 0.500000
vt 0.461538 0.500000
vt 0.538462 0.500000
vt 0.615385 0.500000
vt 0.692308 0.500000
vt 0.769231 0.500000
vt 0.846154 0.500000
vt 1.000000 0.375000
vt 0.923077 0.500000
vt 0.076923 0.625000
vt 0.000000 0.625000
vt 0.153846 0.625000
vt 0.230769 0.625000
vt 0.307692 0.625000
vt 0.384615 0.625000
vt 0.461538 0.625000
vt 0.538462 0.625000
vt 0.615385 0.625000
vt 0.692308 0.625000
vt 0.769231 0.625000
vt 0.846154 0.625000
vt 1.000000 0.500000
vt 0.923077 0.625000
vt 0.076923 0.750000
vt 0.000000 0.750000
vt 0.153846 0.750000
vt 0.230769 0.750000
vt 0.307692 0.750000
vt 0.384615 0.750000
vt 0.461538 0.750000
vt 0.538462 0.750000
vt 0.615385 0.750000
vt 0.692308 0.750000
vt 0.769231 0.750000
vt 0.846154 0.750000
vt 1.000000 0.625000
vt 0.923077 0.750000
vt 0.076923 0.875000
vt 0.000000 0.875000
vt 0.153846 0.875000
vt 0.230769 0.875000
vt 0.307692 0.875000
vt 0.384615 0.875000
vt 0.461538 0.875000
vt 0.538462 0.875000
vt 0.615385 0.875000
vt 0.692308 0.875000
vt 0.769231 0.875000
vt 0.846154 0.875000
vt 1.000000 0.750000
vt 0.923077 0.875000
vt 0.076923 0.000000
vt 0.000000 0.000000
vt 0.076923 0.000000
vt 0.000000 0.012844
vt 0.153846 0.000000
vt 0.153846 0.000000
vt 0.076923 0.013283
vt 0.230769 0.000000
vt 0.230769 0.000000
vt 0.153846 0.014673
vt 0.307692 0.000000
vt 0.307692 0.000000
vt 0.230769 0.017211
vt 0.384615 0.000000
vt 0.384615 0.000000
vt 0.307692 0.021079
vt 0.461538 0.000000
vt 0.384615 0.025899
vt 0.538462 0.000000
vt 0.461538 0.029730
vt 0.615385 0.000000
vt 0.615385 0.025899
vt 0.538462 0.029730
vt 0.615385 0.000000
vt 0.692308 0.000000
vt 0.692308 0.021079
vt 0.692308 0.000000
vt 0.769231 0.000000
vt 0.769231 0.017211
vt 0.769231 0.000000
vt 0.846154 0.000000
vt 0.846154 0.014673
vt 0.846154 0.000000
vt 0.923077 0.000000
vt 0.923077 0.013283
vt 0.923077 0.000000
vt 1.000000 0.000000
vt 1.000000 0.012844
vt 0.076923 1.000000
vt 0.000000 1.000000
vt 0.076923 1.000000
vt 0.000000 0.986073
vt 0.076923 0.985696
vt 0.153846 1.000000
vt 0.153846 1.000000
vt 0.153846 0.984542
vt 0.230769 1.000000
vt 0.230769 1.000000
vt 0.230769 0.982568
vt 0.307692 1.000000
vt 0.307692 0.979855
vt 0.384615 1.000000
vt 0.384615 1.000000
vt 0.384615 0.976902
vt 0.461538 1.000000
vt 0.461538 1.000000
vt 0.461538 0.974837
vt 0.538462 1.000000
vt 0.538462 1.000000
vt 0.538462 0.974837
vt 0.615385 1.000000
vt 0.615385 1.000000
vt 0.615385 0.976902
vt 0.692308 1.000000
vt 0.692308 1.000000
vt 0.692308 0.979855
vt 0.769231 1.000000
vt 0.769231 0.982568
vt 0.846154 1.000000
vt 0.846154 0.984542
vt 0.923077 1.000000
vt 0.923077 0.985697
vt 1.000000 1.000000
vt 1.000000 0.986073
vt 0.000000 0.012634
vt 0.077013 0.000000
vt 0.000671 0.000000
vt 0.076923 0.013085
vt 0.154003 0.000000
vt 0.153846 0.000000
vt 0.153846 0.014517
vt 0.230956 0.000000
vt 0.230769 0.017167
vt 0.307865 0.000000
vt 0.307692 0.021290
vt 0.384734 0.000000
vt 0.384615 0.000000
vt 0.384615 0.026572
vt 0.461580 0.000000
vt 0.538462 0.030890
vt 0.461539 0.030890
vt 0.538420 0.000000
vt 0.615385 0.026572
vt 0.615266 0.000000
vt 0.538462 0.000000
vt 0.692308 0.021290
vt 0.692135 0.000000
vt 0.615385 0.000000
vt 0.769231 0.017167
vt 0.769044 0.000000
vt 0.692308 0.000000
vt 0.846154 0.014517
vt 0.845997 0.000000
vt 0.923077 0.013085
vt 0.922987 0.000000
vt 1.000000 0.012634
vt 0.999329 0.000000
vt 0.923077 0.000000
vt 0.000000 0.986313
vt 0.077079 1.000000
vt 0.076923 0.985923
vt 0.000874 1.000000
vt 0.154124 1.000000
vt 0.153846 0.984720
vt 0.231107 1.000000
vt 0.230769 0.982633
vt 0.230769 1.000000
vt 0.308014 1.000000
vt 0.307692 0.979704
vt 0.384846 1.000000
vt 0.384615 0.976427
vt 0.461622 1.000000
vt 0.461538 0.974074
vt 0.538378 1.000000
vt 0.538462 0.974074
vt 0.615385 0.976427
vt 0.615154 1.000000
vt 0.692308 0.979704
vt 0.691986 1.000000
vt 0.692308 1.000000
vt 0.769231 0.982633
vt 0.768893 1.000000
vt 0.769231 1.000000
vt 0.846154 0.984720
vt 0.845876 1.000000
vt 0.846154 1.000000
vt 0.923077 0.985923
vt 0.922921 1.000000
vt 1.000000 0.986313
vt 0.999126 1.000000
vt 1.000000 0.875000
vt 0.076923 0.333333
vt 0.000000 0.333333
vt 0.153846 0.333333
vt 0.307692 0.333333
vt 0.230769 0.333333
vt 0.461538 0.333333
vt 0.384615 0.333333
vt 0.461538 0.000000
vt 0.615385 0.333333
vt 0.538462 0.333333
vt 0.692308 0.333333
vt 0.769231 0.333333
vt 0.846154 0.333333
vt 0.923077 0.333333
vt 0.000000 0.666667
vt 0.076923 0.666667
vt 0.153846 0.666667
vt 0.307692 0.666667
vt 0.230769 0.666667
vt 0.461538 0.666667
vt 0.384615 0.666667
vt 0.538462 0.666667
vt 0.692308 0.666667
vt 0.615385 0.666667
vt 0.846154 0.666667
vt 0.769231 0.666667
vt 1.000000 0.666667
vt 0.923077 0.666667
vt 0.230769 1.000000
vt 0.538462 1.000000
vt 0.769231 1.000000
vt 0.846154 1.000000
vt 0.923077 1.000000
vt 0.000000 0.111111
vt 0.076923 0.222222
vt 0.000000 0.222222
vt 0.076923 0.111111
vt 0.153846 0.222222
vt 0.153846 0.111111
vt 0.230769 0.222222
vt 0.230769 0.111111
vt 0.307692 0.222222
vt 0.307692 0.111111
vt 0.384615 0.222222
vt 0.384615 0.111111
vt 0.461538 0.222222
vt 0.538462 0.111111
vt 0.461538 0.111111
vt 0.615385 0.111111
vt 0.538462 0.222222
vt 0.692308 0.111111
vt 0.615385 0.222222
vt 0.769231 0.111111
vt 0.692308 0.222222
vt 0.846154 0.111111
vt 0.769231 0.222222
vt 0.923077 0.111111
vt 0.846154 0.222222
vt 1.000000 0.111111
vt 0.923077 0.222222
vt 1.000000 0.222222
vt 0.076923 0.444444
vt 0.000000 0.444444
vt 0.153846 0.444444
vt 0.230769 0.444444
vt 0.307692 0.444444
vt 0.384615 0.444444
vt 0.461538 0.444444
vt 0.538462 0.444444
vt 0.615385 0.444444
vt 0.692308 0.444444
vt 0.769231 0.444444
vt 0.846154 0.444444
vt 1.000000 0.333333
vt 0.923077 0.444444
vt 0.076923 0.555556
vt 0.000000 0.555556
vt 0.153846 0.555556
vt 0.230769 0.555556
vt 0.307692 0.555556
vt 0.384615 0.555556
vt 0.461538 0.555556
vt 0.538462 0.555556
vt 0.615385 0.555556
vt 0.692308 0.555556
vt 0.769231 0.555556
vt 0.846154 0.555556
vt 1.000000 0.444444
vt 0.923077 0.555556
vt 1.000000 0.555556
vt 0.076923 0.777778
vt 0.000000 0.777778
vt 0.153846 0.777778
vt 0.230769 0.777778
vt 0.307692 0.777778
vt 0.384615 0.777778
vt 0.461538 0.777778
vt 0.538462 0.777778
vt 0.615385 0.777778
vt 0.692308 0.777778
vt 0.769231 0.777778
vt 0.846154 0.777778
vt 0.923077 0.777778
vt 0.076923 0.888889
vt 0.000000 0.888889
vt 0.153846 0.888889
vt 0.230769 0.888889
vt 0.307692 0.888889
vt 0.384615 0.888889
vt 0.461538 0.888889
vt 0.538462 0.888889
vt 0.615385 0.888889
vt 0.692308 0.888889
vt 0.769231 0.888889
vt 0.846154 0.888889
vt 1.000000 0.777778
vt 0.923077 0.888889
vt 0.000000 0.016152
vt 0.076923 0.016716
vt 0.230769 0.000000
vt 0.153846 0.018505
vt 0.230769 0.021793
vt 0.384615 0.000000
vt 0.307692 0.026856
vt 0.461539 0.000000
vt 0.384615 0.033260
vt 0.538462 0.000000
vt 0.461538 0.038432
vt 0.615385 0.033260
vt 0.538462 0.038432
vt 0.692308 0.026856
vt 0.769231 0.021793
vt 0.769231 0.000000
vt 0.846154 0.018505
vt 0.846154 0.000000
vt 0.923077 0.016716
vt 1.000000 0.000000
vt 1.000000 0.016152
vt 0.076923 1.000000
vt 0.076923 1.000000
vt 0.000000 0.982620
vt 0.076923 0.982124
vt 0.153846 1.000000
vt 0.153846 0.980592
vt 0.230769 1.000000
vt 0.230769 0.977938
vt 0.307692 1.000000
vt 0.307692 0.974219
vt 0.384615 0.970073
vt 0.461538 1.000000
vt 0.461538 0.967112
vt 0.538462 1.000000
vt 0.538462 0.967112
vt 0.615385 1.000000
vt 0.615385 0.970073
vt 0.692308 0.974219
vt 0.769231 1.000000
vt 0.769231 0.977938
vt 0.846154 0.980592
vt 0.923077 1.000000
vt 0.923077 0.982124
vt 1.000000 0.982620
vt 0.000000 0.015744
vt 0.077070 0.000000
vt 0.000985 0.000000
vt 0.076923 0.000000
vt 0.076923 0.016327
vt 0.154106 0.000000
vt 0.153846 0.018196
vt 0.231080 0.000000
vt 0.230769 0.000000
vt 0.230769 0.021696
vt 0.307980 0.000000
vt 0.307692 0.027262
vt 0.384815 0.000000
vt 0.384615 0.034625
vt 0.461609 0.000000
vt 0.461538 0.000000
vt 0.538462 0.040850
vt 0.461538 0.040850
vt 0.538391 0.000000
vt 0.615385 0.034625
vt 0.615185 0.000000
vt 0.692308 0.027262
vt 0.692020 0.000000
vt 0.769231 0.021696
vt 0.768920 0.000000
vt 0.846154 0.018196
vt 0.845894 0.000000
vt 0.923077 0.016327
vt 0.922929 0.000000
vt 1.000000 0.015744
vt 0.999015 0.000000
vt 0.000000 0.983085
vt 0.077151 1.000000
vt 0.076923 0.982565
vt 0.001244 1.000000
vt 0.154253 1.000000
vt 0.153846 0.980942
vt 0.231264 1.000000
vt 0.230769 0.978072
vt 0.230769 1.000000
vt 0.308163 1.000000
vt 0.307692 0.973917
vt 0.307692 1.000000
vt 0.384953 1.000000
vt 0.384615 0.969080
vt 0.384615 1.000000
vt 0.461661 1.000000
vt 0.461539 0.965477
vt 0.538339 1.000000
vt 0.538462 0.965477
vt 0.615385 0.969080
vt 0.615047 1.000000
vt 0.692308 0.973917
vt 0.691837 1.000000
vt 0.769231 0.978072
vt 0.768736 1.000000
vt 0.846154 0.980942
vt 0.845747 1.000000
vt 0.923077 0.982564
vt 0.922849 1.000000
vt 1.000000 0.983085
vt 0.998756 1.000000
vt 1.000000 0.888889
vt 0.000000 1.000000
vt 0.000000 0.142857
vt 0.076923 0.285714
vt 0.000000 0.285714
vt 0.076923 0.142857
vt 0.153846 0.285714
vt 0.153846 0.142857
vt 0.230769 0.285714
vt 0.230769 0.142857
vt 0.307692 0.285714
vt 0.307692 0.142857
vt 0.384615 0.285714
vt 0.384615 0.142857
vt 0.461538 0.285714
vt 0.461538 0.142857
vt 0.538462 0.285714
vt 0.615385 0.142857
vt 0.538462 0.142857
vt 0.692308 0.142857
vt 0.615385 0.285714
vt 0.769231 0.142857
vt 0.692308 0.285714
vt 0.846154 0.142857
vt 0.769231 0.285714
vt 0.923077 0.142857
vt 0.846154 0.285714
vt 1.000000 0.142857
vt 0.923077 0.285714
vt 0.076923 0.428571
vt 0.000000 0.428571
vt 0.153846 0.428571
vt 0.230769 0.428571
vt 0.307692 0.428571
vt 0.384615 0.428571
vt 0.461538 0.428571
vt 0.538462 0.428571
vt 0.615385 0.428571
vt 0.692308 0.428571
vt 0.769231 0.428571
vt 0.846154 0.428571
vt 1.000000 0.285714
vt 0.923077 0.428571
vt 0.076923 0.571429
vt 0.000000 0.571429
vt 0.153846 0.571429
vt 0.230769 0.571429
vt 0.307692 0.571429
vt 0.384615 0.571429
vt 0.461538 0.571429
vt 0.538462 0.571429
vt 0.615385 0.571429
vt 0.692308 0.571429
vt 0.769231 0.571429
vt 0.846154 0.571429
vt 1.000000 0.428571
vt 0.923077 0.571429
vt 0.076923 0.714286
vt 0.000000 0.714286
vt 0.153846 0.714286
vt 0.230769 0.714286
vt 0.307692 0.714286
vt 0.384615 0.714286
vt 0.461538 0.714286
vt 0.538462 0.714286
vt 0.615385 0.714286
vt 0.692308 0.714286
vt 0.769231 0.714286
vt 0.846154 0.714286
vt 1.000000 0.571429
vt 0.923077 0.714286
vt 0.076923 0.857143
vt 0.000000 0.857143
vt 0.153846 0.857143
vt 0.230769 0.857143
vt 0.307692 0.857143
vt 0.384615 0.857143
vt 0.461538 0.857143
vt 0.538462 0.857143
vt 0.615385 0.857143
vt 0.692308 0.857143
vt 0.769231 0.857143
vt 0.846154 0.857143
vt 1.000000 0.714286
vt 0.923077 0.857143
vt 0.000000 0.025483
vt 0.153846 0.000000
vt 0.076923 0.026196
vt 0.153846 0.028395
vt 0.307692 0.000000
vt 0.230769 0.032205
vt 0.307692 0.037553
vt 0.384615 0.043547
vt 0.461538 0.047861
vt 0.615385 0.043547
vt 0.538462 0.047861
vt 0.692308 0.037553
vt 0.769231 0.000000
vt 0.769231 0.032205
vt 0.846154 0.028395
vt 0.923077 0.000000
vt 0.923077 0.026196
vt 1.000000 0.025483
vt 0.000000 0.972987
vt 0.076923 0.972374
vt 0.153846 0.970522
vt 0.230769 0.967465
vt 0.307692 0.963479
vt 0.384615 0.959398
vt 0.461539 1.000000
vt 0.461539 0.956692
vt 0.538462 0.956692
vt 0.615385 1.000000
vt 0.615385 0.959398
vt 0.692308 0.963479
vt 0.769231 1.000000
vt 0.769231 0.967465
vt 0.846154 0.970522
vt 0.923077 1.000000
vt 0.923077 0.972374
vt 1.000000 0.972987
vt 0.000000 0.024726
vt 0.077114 0.000000
vt 0.001365 0.000000
vt 0.076923 0.025484
vt 0.154184 0.000000
vt 0.153846 0.027849
vt 0.231173 0.000000
vt 0.230769 0.032042
vt 0.308068 0.000000
vt 0.307692 0.038137
vt 0.384878 0.000000
vt 0.384615 0.045278
vt 0.461632 0.000000
vt 0.538462 0.050630
vt 0.461538 0.050630
vt 0.538368 0.000000
vt 0.615385 0.045278
vt 0.615122 0.000000
vt 0.692308 0.038137
vt 0.691932 0.000000
vt 0.769231 0.032042
vt 0.768827 0.000000
vt 0.846154 0.027849
vt 0.845816 0.000000
vt 0.923077 0.025484
vt 0.922886 0.000000
vt 1.000000 0.024726
vt 0.998636 0.000000
vt 0.000000 0.973808
vt 0.077229 1.000000
vt 0.076923 0.973144
vt 0.001718 1.000000
vt 0.154391 1.000000
vt 0.153846 0.971120
vt 0.231432 1.000000
vt 0.230769 0.967699
vt 0.308321 1.000000
vt 0.307692 0.963071
vt 0.385065 1.000000
vt 0.384615 0.958115
vt 0.461702 1.000000
vt 0.461538 0.954693
vt 0.461538 1.000000
vt 0.538299 1.000000
vt 0.538462 0.954693
vt 0.615385 0.958115
vt 0.614935 1.000000
vt 0.692308 0.963071
vt 0.691679 1.000000
vt 0.692308 1.000000
vt 0.769231 0.967699
vt 0.768569 1.000000
vt 0.846154 0.971120
vt 0.845609 1.000000
vt 0.846154 1.000000
vt 0.923077 0.973144
vt 0.922771 1.000000
vt 1.000000 0.973807
vt 0.998282 1.000000
vt 1.000000 0.857143
vt 1.000000 0.945143
vt 0.970006 1.000000
vt 0.954628 0.943287
vt 0.029994 1.000000
vt 0.000000 0.945143
vt 0.045372 0.943287
vt 0.847088 0.500000
vt 0.996935 0.489560
vt 0.973812 0.589189
vt 0.121426 1.000000
vt 0.090909 0.944495
vt 0.136126 0.941707
vt 0.791989 0.687650
vt 0.923119 0.761834
vt 0.849154 0.832252
vt 0.061548 1.000000
vt 0.045374 0.943287
vt 0.212553 1.000000
vt 0.181818 0.942680
vt 0.226893 0.938873
vt 0.644185 0.815722
vt 0.713096 0.950147
vt 0.613427 0.968371
vt 0.152991 1.000000
vt 0.136151 0.941707
vt 0.303297 1.000000
vt 0.272727 0.940113
vt 0.317694 0.935499
vt 0.450604 0.843555
vt 0.435051 0.994018
vt 0.342665 0.955555
vt 0.244177 1.000000
vt 0.227033 0.938868
vt 0.393731 1.000000
vt 0.363636 0.937529
vt 0.408591 0.932685
vt 0.272706 0.762312
vt 0.178462 0.880566
vt 0.122147 0.799416
vt 0.335043 1.000000
vt 0.318067 0.935486
vt 0.484031 1.000000
vt 0.454545 0.935873
vt 0.499632 0.931570
vt 0.166972 0.597786
vt 0.024382 0.647290
vt 0.020254 0.549488
vt 0.425610 1.000000
vt 0.409216 0.932671
vt 0.574390 1.000000
vt 0.545455 0.935873
vt 0.590783 0.932671
vt 0.166971 0.402214
vt 0.020254 0.368543
vt 0.068735 0.283695
vt 0.515969 1.000000
vt 0.500368 0.931570
vt 0.664957 1.000000
vt 0.636364 0.937529
vt 0.681933 0.935487
vt 0.272706 0.237689
vt 0.166453 0.131643
vt 0.253174 0.085315
vt 0.606269 1.000000
vt 0.591410 0.932685
vt 0.755823 1.000000
vt 0.727273 0.940113
vt 0.772967 0.938868
vt 0.450604 0.156445
vt 0.417231 0.010392
vt 0.516420 0.017681
vt 0.696703 1.000000
vt 0.682306 0.935499
vt 0.847009 1.000000
vt 0.818182 0.942680
vt 0.863849 0.941707
vt 0.644185 0.184278
vt 0.694596 0.043299
vt 0.775225 0.103688
vt 0.787447 1.000000
vt 0.773107 0.938873
vt 0.938452 1.000000
vt 0.909091 0.944495
vt 0.954626 0.943287
vt 0.791989 0.312350
vt 0.911148 0.221466
vt 0.946262 0.316984
vt 0.878574 1.000000
vt 0.863874 0.941707
vt 0.972864 0.000000
vt 1.000000 0.250864
vt 0.969641 0.250000
vt 0.000000 0.250864
vt 0.027136 0.000000
vt 0.030359 0.250000
vt 0.118167 0.000000
vt 0.090909 0.250856
vt 0.090909 0.001689
vt 0.063891 0.000000
vt 0.209157 0.000000
vt 0.181818 0.250834
vt 0.181818 0.001660
vt 0.154889 0.000000
vt 0.300062 0.000000
vt 0.272727 0.250805
vt 0.272727 0.001624
vt 0.245848 0.000000
vt 0.390875 0.000000
vt 0.363636 0.250779
vt 0.363636 0.001595
vt 0.336755 0.000000
vt 0.481633 0.000000
vt 0.454545 0.250764
vt 0.454545 0.001582
vt 0.427593 0.000000
vt 0.572407 0.000000
vt 0.545455 0.250764
vt 0.545455 0.001582
vt 0.518367 0.000000
vt 0.663245 0.000000
vt 0.636364 0.250779
vt 0.636364 0.001595
vt 0.609125 0.000000
vt 0.754152 0.000000
vt 0.727273 0.250805
vt 0.727273 0.001624
vt 0.699938 0.000000
vt 0.845111 0.000000
vt 0.818182 0.250834
vt 0.818182 0.001660
vt 0.790843 0.000000
vt 0.936109 0.000000
vt 0.909091 0.250856
vt 0.909091 0.001689
vt 0.881833 0.000000
vt 1.000000 0.500885
vt 0.965538 0.500000
vt 0.000000 0.500885
vt 0.034462 0.500000
vt 0.121345 0.250000
vt 0.090909 0.500874
vt 0.060614 0.250000
vt 0.212308 0.250000
vt 0.181818 0.500842
vt 0.151559 0.250000
vt 0.303213 0.250000
vt 0.272727 0.500797
vt 0.242483 0.250000
vt 0.394060 0.250000
vt 0.363636 0.500756
vt 0.333392 0.250000
vt 0.484884 0.250000
vt 0.454545 0.500731
vt 0.424272 0.250000
vt 0.575728 0.250000
vt 0.545455 0.500731
vt 0.515116 0.250000
vt 0.666608 0.250000
vt 0.636364 0.500756
vt 0.605940 0.250000
vt 0.757517 0.250000
vt 0.727273 0.500797
vt 0.696787 0.250000
vt 0.848441 0.250000
vt 0.818182 0.500842
vt 0.787692 0.250000
vt 0.939386 0.250000
vt 0.909091 0.500874
vt 0.878655 0.250000
vt 1.000000 0.750792
vt 0.960138 0.750000
vt 0.000000 0.750792
vt 0.039862 0.750000
vt 0.125397 0.500000
vt 0.090909 0.750777
vt 0.056446 0.500000
vt 0.216329 0.500000
vt 0.181818 0.750735
vt 0.147328 0.500000
vt 0.307234 0.500000
vt 0.272727 0.750677
vt 0.238213 0.500000
vt 0.398122 0.500000
vt 0.363636 0.750624
vt 0.329124 0.500000
vt 0.489021 0.500000
vt 0.454545 0.750592
vt 0.420055 0.500000
vt 0.579945 0.500000
vt 0.545455 0.750593
vt 0.510979 0.500000
vt 0.670876 0.500000
vt 0.636364 0.750624
vt 0.601878 0.500000
vt 0.761787 0.500000
vt 0.727273 0.750677
vt 0.692766 0.500000
vt 0.852671 0.500000
vt 0.818182 0.750735
vt 0.783671 0.500000
vt 0.943554 0.500000
vt 0.909091 0.750777
vt 0.874603 0.500000
vt 0.130727 0.750000
vt 0.050961 0.750000
vt 0.946262 0.683015
vt 0.221620 0.750000
vt 0.141760 0.750000
vt 0.775225 0.896312
vt 0.312527 0.750000
vt 0.232593 0.750000
vt 0.516419 0.982319
vt 0.403468 0.750000
vt 0.323509 0.750000
vt 0.253174 0.914686
vt 0.494464 0.750000
vt 0.414508 0.750000
vt 0.068735 0.716305
vt 0.585492 0.750000
vt 0.505536 0.750000
vt 0.020254 0.450512
vt 0.676491 0.750000
vt 0.596532 0.750000
vt 0.122147 0.200584
vt 0.767407 0.750000
vt 0.687473 0.750000
vt 0.342665 0.044445
vt 0.858240 0.750000
vt 0.778380 0.750000
vt 0.613427 0.031628
vt 0.949039 0.750000
vt 0.869273 0.750000
vt 0.849153 0.167748
vt 0.973812 0.410811
vt 1.000000 0.977851
vt 0.003511 1.000000
vt 0.092936 0.988879
vt 0.183962 0.988708
vt 0.274793 0.988458
vt 0.365466 0.988207
vt 0.456065 0.988041
vt 0.546686 0.988023
vt 0.637407 0.988157
vt 0.728282 0.988389
vt 0.819329 0.988640
vt 0.910515 0.988838
vt 1.000000 0.001699
vt 0.000000 0.001699
s 0
usemtl bone
f 1/1/1 15/2/1 14/3/1
f 2/4/2 16/5/2 15/2/2
f 3/6/3 17/7/3 16/5/3
f 4/8/4 18/9/4 17/7/4
f 5/10/5 19/11/5 18/9/5
f 6/12/6 20/13/6 19/11/6
f 8/14/7 20/13/7 7/15/7
f 9/16/8 21/17/8 8/14/8
f 10/18/9 22/19/9 9/16/9
f 11/20/10 23/21/10 10/18/10
f 12/22/11 24/23/11 11/20/11
f 13/24/12 25/25/12 12/22/12
f 1/26/13 26/27/13 13/24/13
f 14/3/14 28/28/14 27/29/14
f 15/2/15 29/30/15 28/28/15
f 16/5/16 30/31/16 29/30/16
f 17/7/17 31/32/17 30/31/17
f 18/9/18 32/33/18 31/32/18
f 19/11/19 33/34/19 32/33/19
f 20/13/20 34/35/20 33/34/20
f 22/19/21 34/35/21 21/17/21
f 23/21/22 35/36/22 22/19/22
f 24/23/23 36/37/23 23/21/23
f 25/25/24 37/38/24 24/23/24
f 26/27/25 38/39/25 25/25/25
f 14/40/26 39/41/26 26/27/26
f 27/29/27 41/42/27 40/43/27
f 28/28/28 42/44/28 41/42/28
f 29/30/29 43/45/29 42/44/29
f 30/31/30 44/46/30 43/45/30
f 31/32/31 45/47/31 44/46/31
f 32/33/32 46/48/32 45/47/32
f 33/34/33 47/49/33 46/48/33
f 35/36/34 47/49/34 34/35/34
f 36/37/35 48/50/35 35/36/35
f 37/38/36 49/51/36 36/37/36
f 38/39/37 50/52/37 37/38/37
f 39/41/38 51/53/38 38/39/38
f 27/54/39 52/55/39 39/41/39
f 40/43/40 54/56/40 53/57/40
f 41/42/41 55/58/41 54/56/41
f 42/44/42 56/59/42 55/58/42
f 43/45/43 57/60/43 56/59/43
f 44/46/44 58/61/44 57/60/44
f 45/47/45 59/62/45 58/61/45
f 47/49/46 59/62/46 46/48/46
f 48/50/47 60/63/47 47/49/47
f 49/51/48 61/64/48 48/50/48
f 50/52/49 62/65/49 49/51/49
f 51/53/50 63/66/50 50/52/50
f 52/55/51 64/67/51 51/53/51
f 40/68/52 65/69/52 52/55/52
f 53/57/53 67/70/53 66/71/53
f 54/56/54 68/72/54 67/70/54
f 55/58/55 69/73/55 68/72/55
f 56/59/56 70/74/56 69/73/56
f 57/60/57 71/75/57 70/74/57
f 58/61/58 72/76/58 71/75/58
f 60/63/59 72/76/59 59/62/59
f 61/64/60 73/77/60 60/63/60
f 62/65/61 74/78/61 61/64/61
f 63/66/62 75/79/62 62/65/62
f 64/67/63 76/80/63 63/66/63
f 65/69/64 77/81/64 64/67/64
f 53/82/65 78/83/65 65/69/65
f 66/71/66 80/84/66 79/85/66
f 67/70/67 81/86/67 80/84/67
f 68/72/68 82/87/68 81/86/68
f 69/73/69 83/88/69 82/87/69
f 70/74/70 84/89/70 83/88/70
f 71/75/71 85/90/71 84/89/71
f 72/76/72 86/91/72 85/90/72
f 74/78/73 86/91/73 73/77/73
f 75/79/74 87/92/74 74/78/74
f 76/80/75 88/93/75 75/79/75
f 77/81/76 89/94/76 76/80/76
f 78/83/77 90/95/77 77/81/77
f 66/96/78 91/97/78 78/83/78
f 92/1/79 106/2/79 93/4/79
f 93/4/80 107/5/80 94/6/80
f 94/6/81 108/7/81 95/8/81
f 95/8/82 109/9/82 96/10/82
f 96/10/83 110/11/83 97/12/83
f 97/12/84 111/13/84 98/15/84
f 111/13/85 99/14/85 98/15/85
f 112/17/86 100/16/86 99/14/86
f 113/19/87 101/18/87 100/16/87
f 114/21/88 102/20/88 101/18/88
f 115/23/89 103/22/89 102/20/89
f 116/25/90 104/24/90 103/22/90
f 117/27/91 92/26/91 104/24/91
f 105/3/92 119/28/92 106/2/92
f 106/2/93 120/30/93 107/5/93
f 107/5/94 121/31/94 108/7/94
f 108/7/95 122/32/95 109/9/95
f 109/9/96 123/33/96 110/11/96
f 110/11/97 124/34/97 111/13/97
f 124/34/98 112/17/98 111/13/98
f 125/35/99 113/19/99 112/17/99
f 126/36/100 114/21/100 113/19/100
f 127/37/101 115/23/101 114/21/101
f 128/38/102 116/25/102 115/23/102
f 129/39/103 117/27/103 116/25/103
f 130/41/104 105/40/104 117/27/104
f 118/29/105 132/42/105 119/28/105
f 119/28/106 133/44/106 120/30/106
f 120/30/107 134/45/107 121/31/107
f 121/31/108 135/46/108 122/32/108
f 122/32/109 136/47/109 123/33/109
f 123/33/110 137/48/110 124/34/110
f 124/34/111 138/49/111 125/35/111
f 138/49/112 126/36/112 125/35/112
f 139/50/113 127/37/113 126/36/113
f 140/51/114 128/38/114 127/37/114
f 141/52/115 129/39/115 128/38/115
f 142/53/116 130/41/116 129/39/116
f 143/55/117 118/54/117 130/41/117
f 131/43/118 145/56/118 132/42/118
f 132/42/119 146/58/119 133/44/119
f 133/44/120 147/59/120 134/45/120
f 134/45/121 148/60/121 135/46/121
f 135/46/122 149/61/122 136/47/122
f 136/47/123 150/62/123 137/48/123
f 137/48/124 151/63/124 138/49/124
f 151/63/125 139/50/125 138/49/125
f 152/64/126 140/51/126 139/50/126
f 153/65/127 141/52/127 140/51/127
f 154/66/128 142/53/128 141/52/128
f 155/67/129 143/55/129 142/53/129
f 156/69/130 131/68/130 143/55/130
f 144/57/131 158/70/131 145/56/131
f 145/56/132 159/72/132 146/58/132
f 146/58/133 160/73/133 147/59/133
f 147/59/134 161/74/134 148/60/134
f 148/60/135 162/75/135 149/61/135
f 149/61/136 163/76/136 150/62/136
f 163/76/137 151/63/137 150/62/137
f 164/77/138 152/64/138 151/63/138
f 165/78/139 153/65/139 152/64/139
f 166/79/140 154/66/140 153/65/140
f 167/80/141 155/67/141 154/66/141
f 168/81/142 156/69/142 155/67/142
f 169/83/143 144/82/143 156/69/143
f 157/71/144 171/84/144 158/70/144
f 158/70/145 172/86/145 159/72/145
f 159/72/146 173/87/146 160/73/146
f 160/73/147 174/88/147 161/74/147
f 161/74/148 175/89/148 162/75/148
f 162/75/149 176/90/149 163/76/149
f 176/90/150 164/77/150 163/76/150
f 177/91/151 165/78/151 164/77/151
f 178/92/152 166/79/152 165/78/152
f 179/93/153 167/80/153 166/79/153
f 180/94/154 168/81/154 167/80/154
f 181/95/155 169/83/155 168/81/155
f 182/97/156 157/96/156 169/83/156
f 186/98/157 185/99/157 184/99/157
f 188/100/158 183/101/158 185/99/158
f 189/102/159 188/100/159 186/98/159
f 191/103/160 187/104/160 188/100/160
f 192/105/161 191/103/161 189/102/161
f 194/106/162 190/107/162 191/103/162
f 195/108/163 194/106/163 192/105/163
f 197/109/164 193/110/164 194/106/164
f 198/111/165 197/109/165 195/108/165
f 200/112/166 196/113/166 197/109/166
f 201/114/167 200/112/167 198/111/167
f 203/114/168 199/115/168 200/112/168
f 204/116/169 203/114/169 201/114/169
f 206/116/170 202/117/170 203/114/170
f 204/116/171 209/118/171 206/116/171
f 206/116/172 208/119/172 205/120/172
f 207/121/173 212/122/173 209/118/173
f 209/118/174 211/123/174 208/119/174
f 210/124/175 215/125/175 212/122/175
f 212/122/176 214/126/176 211/123/176
f 213/127/177 218/128/177 215/125/177
f 215/125/178 217/129/178 214/126/178
f 216/130/179 221/131/179 218/128/179
f 218/128/180 220/132/180 217/129/180
f 219/133/181 185/134/181 221/131/181
f 221/131/182 183/135/182 220/132/182
f 226/136/183 224/137/183 227/138/183
f 227/138/184 223/139/184 225/140/184
f 229/141/185 227/138/185 230/142/185
f 230/142/186 225/140/186 228/143/186
f 232/144/187 230/142/187 233/145/187
f 233/145/188 228/143/188 231/146/188
f 235/147/189 233/145/189 236/147/189
f 236/147/190 231/146/190 234/148/190
f 238/149/191 236/147/191 239/150/191
f 239/150/192 234/148/192 237/151/192
f 241/152/193 239/150/193 242/153/193
f 242/153/194 237/151/194 240/154/194
f 241/152/195 245/155/195 244/156/195
f 245/155/196 240/154/196 243/157/196
f 244/156/197 248/158/197 247/159/197
f 245/155/198 246/160/198 248/158/198
f 247/159/199 251/161/199 250/162/199
f 248/158/200 249/163/200 251/161/200
f 250/162/201 254/164/201 253/164/201
f 251/161/202 252/165/202 254/164/202
f 253/164/203 257/166/203 256/166/203
f 254/164/204 255/167/204 257/166/204
f 256/166/205 260/168/205 259/168/205
f 257/166/206 258/169/206 260/168/206
f 259/168/207 224/170/207 222/170/207
f 260/168/208 223/171/208 224/170/208
f 262/172/209 266/173/209 263/174/209
f 263/174/210 265/98/210 261/99/210
f 264/175/211 269/176/211 266/173/211
f 266/173/212 268/177/212 265/98/212
f 267/178/213 272/179/213 269/176/213
f 269/176/214 271/106/214 268/177/214
f 270/180/215 275/181/215 272/179/215
f 272/179/216 274/109/216 271/106/216
f 273/182/217 278/183/217 275/181/217
f 275/181/218 277/184/218 274/109/218
f 276/185/219 281/186/219 278/183/219
f 278/183/220 280/114/220 277/184/220
f 282/187/221 281/186/221 279/188/221
f 284/189/222 280/114/222 281/186/222
f 285/190/223 284/189/223 282/187/223
f 287/191/224 283/192/224 284/189/224
f 288/193/225 287/191/225 285/190/225
f 290/194/226 286/195/226 287/191/226
f 291/196/227 290/194/227 288/193/227
f 293/197/228 289/198/228 290/194/228
f 294/199/229 293/197/229 291/196/229
f 296/200/230 292/125/230 293/197/230
f 297/201/231 296/200/231 294/199/231
f 299/202/232 295/128/232 296/200/232
f 262/203/233 299/202/233 297/201/233
f 263/204/234 298/205/234 299/202/234
f 300/206/235 305/207/235 304/208/235
f 302/209/236 303/138/236 305/207/236
f 304/208/237 308/210/237 307/211/237
f 305/207/238 306/142/238 308/210/238
f 307/211/239 311/212/239 310/213/239
f 308/210/240 309/214/240 311/212/240
f 310/213/241 314/215/241 313/216/241
f 311/212/242 312/147/242 314/215/242
f 313/216/243 317/217/243 316/218/243
f 314/215/244 315/150/244 317/217/244
f 316/218/245 320/219/245 319/220/245
f 317/217/246 318/153/246 320/219/246
f 319/220/247 323/221/247 322/222/247
f 320/219/248 321/156/248 323/221/248
f 325/223/249 323/221/249 326/224/249
f 326/224/250 321/156/250 324/158/250
f 328/225/251 326/224/251 329/226/251
f 329/226/252 324/158/252 327/227/252
f 331/228/253 329/226/253 332/229/253
f 332/229/254 327/227/254 330/230/254
f 334/231/255 332/229/255 335/232/255
f 335/232/256 330/230/256 333/233/256
f 337/234/257 335/232/257 338/235/257
f 338/235/258 333/233/258 336/168/258
f 300/236/259 338/235/259 302/237/259
f 302/237/260 336/168/260 301/170/260
f 183/135/261 13/24/261 220/132/261
f 183/101/262 2/4/262 1/1/262
f 184/134/263 298/205/263 261/134/263
f 184/99/264 265/98/264 186/98/264
f 187/104/265 3/6/265 2/4/265
f 186/98/266 268/177/266 189/102/266
f 190/107/267 4/8/267 3/6/267
f 189/102/268 271/106/268 192/105/268
f 193/110/269 5/10/269 4/8/269
f 192/105/270 274/109/270 195/108/270
f 196/113/271 6/12/271 5/10/271
f 195/108/272 277/184/272 198/111/272
f 199/115/273 7/15/273 6/12/273
f 198/111/274 280/114/274 201/114/274
f 205/120/275 7/15/275 202/117/275
f 201/114/276 283/192/276 204/116/276
f 208/119/277 8/14/277 205/120/277
f 204/116/278 286/195/278 207/121/278
f 211/123/279 9/16/279 208/119/279
f 210/124/280 286/195/280 289/198/280
f 214/126/281 10/18/281 211/123/281
f 213/127/282 289/198/282 292/125/282
f 217/129/283 11/20/283 214/126/283
f 216/130/284 292/125/284 295/128/284
f 220/132/285 12/22/285 217/129/285
f 219/133/286 295/128/286 298/205/286
f 79/238/287 258/169/287 91/97/287
f 259/168/288 301/170/288 336/168/288
f 79/85/289 225/140/289 223/139/289
f 226/136/290 301/137/290 222/137/290
f 80/84/291 228/143/291 225/140/291
f 229/141/292 303/138/292 226/136/292
f 81/86/293 231/146/293 228/143/293
f 229/141/294 309/214/294 306/142/294
f 82/87/295 234/148/295 231/146/295
f 232/144/296 312/147/296 309/214/296
f 83/88/297 237/151/297 234/148/297
f 235/147/298 315/150/298 312/147/298
f 84/89/299 240/154/299 237/151/299
f 238/149/300 318/153/300 315/150/300
f 85/90/301 243/157/301 240/154/301
f 244/156/302 318/153/302 241/152/302
f 87/92/303 243/157/303 86/91/303
f 247/159/304 321/156/304 244/156/304
f 88/93/305 246/160/305 87/92/305
f 250/162/306 324/158/306 247/159/306
f 89/94/307 249/163/307 88/93/307
f 253/164/308 327/227/308 250/162/308
f 90/95/309 252/165/309 89/94/309
f 253/164/310 333/233/310 330/230/310
f 91/97/311 255/167/311 90/95/311
f 256/166/312 336/168/312 333/233/312
f 104/24/313 262/203/313 297/201/313
f 262/172/314 93/4/314 264/175/314
f 264/175/315 94/6/315 267/178/315
f 267/178/316 95/8/316 270/180/316
f 270/180/317 96/10/317 273/182/317
f 273/182/318 97/12/318 276/185/318
f 276/185/319 98/15/319 279/188/319
f 279/188/320 99/14/320 282/187/320
f 99/14/321 285/190/321 282/187/321
f 100/16/322 288/193/322 285/190/322
f 101/18/323 291/196/323 288/193/323
f 102/20/324 294/199/324 291/196/324
f 103/22/325 297/201/325 294/199/325
f 337/234/326 170/238/326 182/97/326
f 170/85/327 304/208/327 171/84/327
f 171/84/328 307/211/328 172/86/328
f 172/86/329 310/213/329 173/87/329
f 173/87/330 313/216/330 174/88/330
f 174/88/331 316/218/331 175/89/331
f 175/89/332 319/220/332 176/90/332
f 319/220/333 177/91/333 176/90/333
f 322/222/334 178/92/334 177/91/334
f 325/223/335 179/93/335 178/92/335
f 328/225/336 180/94/336 179/93/336
f 331/228/337 181/95/337 180/94/337
f 334/231/338 182/97/338 181/95/338
f 391/272/378 405/273/378 404/274/378
f 392/275/379 406/276/379 405/273/379
f 393/277/380 407/278/380 406/276/380
f 394/279/381 408/280/381 407/278/381
f 395/281/382 409/282/382 408/280/382
f 396/283/383 410/284/383 409/282/383
f 398/285/384 410/284/384 397/286/384
f 399/287/385 411/288/385 398/285/385
f 400/289/386 412/290/386 399/287/386
f 401/291/387 413/292/387 400/289/387
f 402/293/388 414/294/388 401/291/388
f 403/295/389 415/296/389 402/293/389
f 391/297/390 416/298/390 403/295/390
f 404/274/391 418/239/391 417/240/391
f 405/273/392 419/241/392 418/239/392
f 406/276/393 420/243/393 419/241/393
f 407/278/394 421/242/394 420/243/394
f 408/280/395 422/245/395 421/242/395
f 409/282/396 423/244/396 422/245/396
f 411/288/397 423/244/397 410/284/397
f 412/290/398 424/248/398 411/288/398
f 413/292/399 425/247/399 412/290/399
f 414/294/400 426/249/400 413/292/400
f 415/296/401 427/250/401 414/294/401
f 416/298/402 428/251/402 415/296/402
f 404/299/403 429/252/403 416/298/403
f 417/240/404 431/300/404 430/301/404
f 418/239/405 432/302/405 431/300/405
f 419/241/406 433/303/406 432/302/406
f 420/243/407 434/304/407 433/303/407
f 421/242/408 435/305/408 434/304/408
f 422/245/409 436/306/409 435/305/409
f 424/248/410 436/306/410 423/244/410
f 425/247/411 437/307/411 424/248/411
f 426/249/412 438/308/412 425/247/412
f 427/250/413 439/309/413 426/249/413
f 428/251/414 440/310/414 427/250/414
f 429/252/415 441/311/415 428/251/415
f 417/312/416 442/313/416 429/252/416
f 430/301/417 444/314/417 443/315/417
f 431/300/418 445/316/418 444/314/418
f 432/302/419 446/317/419 445/316/419
f 433/303/420 447/318/420 446/317/420
f 434/304/421 448/319/421 447/318/421
f 435/305/422 449/320/422 448/319/422
f 437/307/423 449/320/423 436/306/423
f 438/308/424 450/321/424 437/307/424
f 439/309/425 451/322/425 438/308/425
f 440/310/426 452/323/426 439/309/426
f 441/311/427 453/324/427 440/310/427
f 442/313/428 454/325/428 441/311/428
f 430/326/429 455/327/429 442/313/429
f 443/315/430 457/254/430 456/253/430
f 444/314/431 458/255/431 457/254/431
f 445/316/432 459/257/432 458/255/432
f 446/317/433 460/256/433 459/257/433
f 447/318/434 461/259/434 460/256/434
f 448/319/435 462/258/435 461/259/435
f 450/321/436 462/258/436 449/320/436
f 451/322/437 463/260/437 450/321/437
f 452/323/438 464/262/438 451/322/438
f 453/324/439 465/261/439 452/323/439
f 454/325/440 466/264/440 453/324/440
f 455/327/441 467/263/441 454/325/441
f 443/328/442 468/266/442 455/327/442
f 456/253/443 470/329/443 469/330/443
f 457/254/444 471/331/444 470/329/444
f 458/255/445 472/332/445 471/331/445
f 459/257/446 473/333/446 472/332/446
f 460/256/447 474/334/447 473/333/447
f 461/259/448 475/335/448 474/334/448
f 463/260/449 475/335/449 462/258/449
f 464/262/450 476/336/450 463/260/450
f 465/261/451 477/337/451 464/262/451
f 466/264/452 478/338/452 465/261/452
f 467/263/453 479/339/453 466/264/453
f 468/266/454 480/340/454 467/263/454
f 456/265/455 481/341/455 468/266/455
f 469/330/456 483/342/456 482/343/456
f 470/329/457 484/344/457 483/342/457
f 471/331/458 485/345/458 484/344/458
f 472/332/459 486/346/459 485/345/459
f 473/333/460 487/347/460 486/346/460
f 474/334/461 488/348/461 487/347/461
f 476/336/462 488/348/462 475/335/462
f 477/337/463 489/349/463 476/336/463
f 478/338/464 490/350/464 477/337/464
f 479/339/465 491/351/465 478/338/465
f 480/340/466 492/352/466 479/339/466
f 481/341/467 493/353/467 480/340/467
f 469/354/468 494/355/468 481/341/468
f 495/272/469 509/273/469 496/275/469
f 496/275/470 510/276/470 497/277/470
f 497/277/471 511/278/471 498/279/471
f 498/279/472 512/280/472 499/281/472
f 499/281/473 513/282/473 500/283/473
f 500/283/474 514/284/474 501/286/474
f 514/284/475 502/285/475 501/286/475
f 515/288/476 503/287/476 502/285/476
f 516/290/477 504/289/477 503/287/477
f 517/292/478 505/291/478 504/289/478
f 518/294/479 506/293/479 505/291/479
f 519/296/480 507/295/480 506/293/480
f 520/298/481 495/297/481 507/295/481
f 508/274/482 522/239/482 509/273/482
f 509/273/483 523/241/483 510/276/483
f 510/276/484 524/243/484 511/278/484
f 511/278/485 525/242/485 512/280/485
f 512/280/486 526/245/486 513/282/486
f 513/282/487 527/244/487 514/284/487
f 527/244/488 515/288/488 514/284/488
f 528/248/489 516/290/489 515/288/489
f 529/247/490 517/292/490 516/290/490
f 530/249/491 518/294/491 517/292/491
f 531/250/492 519/296/492 518/294/492
f 532/251/493 520/298/493 519/296/493
f 533/252/494 508/299/494 520/298/494
f 521/240/495 535/300/495 522/239/495
f 522/239/496 536/302/496 523/241/496
f 523/241/497 537/303/497 524/243/497
f 524/243/498 538/304/498 525/242/498
f 525/242/499 539/305/499 526/245/499
f 526/245/500 540/306/500 527/244/500
f 540/306/501 528/248/501 527/244/501
f 541/307/502 529/247/502 528/248/502
f 542/308/503 530/249/503 529/247/503
f 543/309/504 531/250/504 530/249/504
f 544/310/505 532/251/505 531/250/505
f 545/311/506 533/252/506 532/251/506
f 546/313/507 521/312/507 533/252/507
f 534/301/508 548/314/508 535/300/508
f 535/300/509 549/316/509 536/302/509
f 536/302/510 550/317/510 537/303/510
f 537/303/511 551/318/511 538/304/511
f 538/304/512 552/319/512 539/305/512
f 539/305/513 553/320/513 540/306/513
f 553/320/514 541/307/514 540/306/514
f 554/321/515 542/308/515 541/307/515
f 555/322/516 543/309/516 542/308/516
f 556/323/517 544/310/517 543/309/517
f 557/324/518 545/311/518 544/310/518
f 558/325/519 546/313/519 545/311/519
f 559/327/520 534/326/520 546/313/520
f 547/315/521 561/254/521 548/314/521
f 548/314/522 562/255/522 549/316/522
f 549/316/523 563/257/523 550/317/523
f 550/317/524 564/256/524 551/318/524
f 551/318/525 565/259/525 552/319/525
f 552/319/526 566/258/526 553/320/526
f 566/258/527 554/321/527 553/320/527
f 567/260/528 555/322/528 554/321/528
f 568/262/529 556/323/529 555/322/529
f 569/261/530 557/324/530 556/323/530
f 570/264/531 558/325/531 557/324/531
f 571/263/532 559/327/532 558/325/532
f 572/266/533 547/328/533 559/327/533
f 560/253/534 574/329/534 561/254/534
f 561/254/535 575/331/535 562/255/535
f 562/255/536 576/332/536 563/257/536
f 563/257/537 577/333/537 564/256/537
f 564/256/538 578/334/538 565/259/538
f 565/259/539 579/335/539 566/258/539
f 579/335/540 567/260/540 566/258/540
f 580/336/541 568/262/541 567/260/541
f 581/337/542 569/261/542 568/262/542
f 582/338/543 570/264/543 569/261/543
f 583/339/544 571/263/544 570/264/544
f 584/340/545 572/266/545 571/263/545
f 585/341/546 560/265/546 572/266/546
f 573/330/547 587/342/547 574/329/547
f 574/329/548 588/344/548 575/331/548
f 575/331/549 589/345/549 576/332/549
f 576/332/550 590/346/550 577/333/550
f 577/333/551 591/347/551 578/334/551
f 578/334/552 592/348/552 579/335/552
f 592/348/553 580/336/553 579/335/553
f 593/349/554 581/337/554 580/336/554
f 594/350/555 582/338/555 581/337/555
f 595/351/556 583/339/556 582/338/556
f 596/352/557 584/340/557 583/339/557
f 597/353/558 585/341/558 584/340/558
f 598/355/559 573/354/559 585/341/559
f 602/98/560 601/99/560 600/99/560
f 604/98/561 599/356/561 601/99/561
f 605/103/562 604/98/562 602/98/562
f 607/177/563 603/357/563 604/98/563
f 608/106/564 607/177/564 605/103/564
f 610/358/565 606/359/565 607/177/565
f 611/109/566 610/358/566 608/106/566
f 613/108/567 609/360/567 610/358/567
f 614/361/568 613/108/568 611/109/568
f 616/112/569 612/362/569 613/108/569
f 617/363/570 616/112/570 614/361/570
f 619/246/571 615/364/571 616/112/571
f 620/192/572 619/246/572 617/363/572
f 622/365/573 618/366/573 619/246/573
f 620/192/574 625/121/574 622/365/574
f 622/365/575 624/367/575 621/368/575
f 623/195/576 628/124/576 625/121/576
f 625/121/577 627/369/577 624/367/577
f 626/124/578 631/127/578 628/124/578
f 628/124/579 630/370/579 627/369/579
f 629/371/580 634/128/580 631/127/580
f 631/127/581 633/372/581 630/370/581
f 632/373/582 637/131/582 634/128/582
f 634/128/583 636/374/583 633/372/583
f 635/205/584 601/375/584 637/131/584
f 637/131/585 599/376/585 636/374/585
f 642/377/586 640/137/586 643/378/586
f 643/378/587 639/379/587 641/380/587
f 645/381/588 643/378/588 646/142/588
f 646/142/589 641/380/589 644/382/589
f 648/383/590 646/142/590 649/267/590
f 649/267/591 644/382/591 647/384/591
f 651/385/592 649/267/592 652/385/592
f 652/385/593 647/384/593 650/386/593
f 654/149/594 652/385/594 655/149/594
f 655/149/595 650/386/595 653/387/595
f 657/152/596 655/149/596 658/388/596
f 658/388/597 653/387/597 656/389/597
f 657/152/598 661/390/598 660/156/598
f 658/388/599 659/391/599 661/390/599
f 660/156/600 664/392/600 663/392/600
f 661/390/601 662/393/601 664/392/601
f 663/392/602 667/161/602 666/161/602
f 664/392/603 665/394/603 667/161/603
f 666/161/604 670/269/604 669/395/604
f 667/161/605 668/396/605 670/269/605
f 669/395/606 673/270/606 672/270/606
f 670/269/607 671/397/607 673/270/607
f 672/270/608 676/271/608 675/398/608
f 673/270/609 674/399/609 676/271/609
f 675/398/610 640/170/610 638/170/610
f 676/271/611 639/400/611 640/170/611
f 678/401/612 682/402/612 679/403/612
f 679/403/613 681/404/613 677/99/613
f 680/405/614 685/406/614 682/402/614
f 682/402/615 684/177/615 681/404/615
f 683/407/616 688/408/616 685/406/616
f 685/406/617 687/409/617 684/177/617
f 686/410/618 691/411/618 688/408/618
f 688/408/619 690/109/619 687/409/619
f 689/412/620 694/413/620 691/411/620
f 691/411/621 693/112/621 690/109/621
f 692/414/622 697/415/622 694/413/622
f 694/413/623 696/416/623 693/112/623
f 698/417/624 697/415/624 695/418/624
f 700/419/625 696/416/625 697/415/625
f 701/420/626 700/419/626 698/417/626
f 703/421/627 699/116/627 700/419/627
f 704/422/628 703/421/628 701/420/628
f 706/423/629 702/118/629 703/421/629
f 707/424/630 706/423/630 704/422/630
f 709/425/631 705/124/631 706/423/631
f 710/426/632 709/425/632 707/424/632
f 712/427/633 708/127/633 709/425/633
f 713/428/634 712/427/634 710/426/634
f 715/429/635 711/373/635 712/427/635
f 678/430/636 715/429/636 713/428/636
f 679/431/637 714/131/637 715/429/637
f 716/432/638 721/433/638 720/434/638
f 718/435/639 719/136/639 721/433/639
f 720/434/640 724/436/640 723/437/640
f 721/433/641 722/142/641 724/436/641
f 723/437/642 727/438/642 726/439/642
f 724/436/643 725/440/643 727/438/643
f 726/439/644 730/441/644 729/442/644
f 727/438/645 728/443/645 730/441/645
f 729/442/646 733/444/646 732/445/646
f 730/441/647 731/446/647 733/444/647
f 732/445/648 736/447/648 735/448/648
f 733/444/649 734/388/649 736/447/649
f 735/448/650 739/449/650 738/450/650
f 736/447/651 737/155/651 739/449/651
f 741/451/652 739/449/652 742/452/652
f 742/452/653 737/155/653 740/159/653
f 744/453/654 742/452/654 745/454/654
f 745/454/655 740/159/655 743/227/655
f 747/455/656 745/454/656 748/456/656
f 748/456/657 743/227/657 746/269/657
f 750/457/658 748/456/658 751/458/658
f 751/458/659 746/269/659 749/166/659
f 753/459/660 751/458/660 754/460/660
f 754/460/661 749/166/661 752/271/661
f 716/461/662 754/460/662 718/462/662
f 718/462/663 752/271/663 717/170/663
f 599/376/664 403/295/664 636/374/664
f 599/356/665 392/275/665 391/272/665
f 635/205/666 677/134/666 600/134/666
f 602/98/667 677/99/667 681/404/667
f 603/357/668 393/277/668 392/275/668
f 602/98/669 684/177/669 605/103/669
f 606/359/670 394/279/670 393/277/670
f 605/103/671 687/409/671 608/106/671
f 609/360/672 395/281/672 394/279/672
f 608/106/673 690/109/673 611/109/673
f 612/362/674 396/283/674 395/281/674
f 611/109/675 693/112/675 614/361/675
f 615/364/676 397/286/676 396/283/676
f 614/361/677 696/416/677 617/363/677
f 621/368/678 397/286/678 618/366/678
f 617/363/679 699/116/679 620/192/679
f 624/367/680 398/285/680 621/368/680
f 623/195/681 699/116/681 702/118/681
f 627/369/682 399/287/682 624/367/682
f 626/124/683 702/118/683 705/124/683
f 630/370/684 400/289/684 627/369/684
f 629/371/685 705/124/685 708/127/685
f 633/372/686 401/291/686 630/370/686
f 632/373/687 708/127/687 711/373/687
f 636/374/688 402/293/688 633/372/688
f 635/205/689 711/373/689 714/131/689
f 482/463/690 674/399/690 494/355/690
f 675/398/691 717/170/691 752/271/691
f 482/343/692 641/380/692 639/379/692
f 642/377/693 717/137/693 638/464/693
f 483/342/694 644/382/694 641/380/694
f 645/381/695 719/136/695 642/377/695
f 484/344/696 647/384/696 644/382/696
f 645/381/697 725/440/697 722/142/697
f 485/345/698 650/386/698 647/384/698
f 648/383/699 728/443/699 725/440/699
f 486/346/700 653/387/700 650/386/700
f 651/385/701 731/446/701 728/443/701
f 487/347/702 656/389/702 653/387/702
f 654/149/703 734/388/703 731/446/703
f 489/349/704 656/389/704 488/348/704
f 657/152/705 737/155/705 734/388/705
f 490/350/706 659/391/706 489/349/706
f 663/392/707 737/155/707 660/156/707
f 491/351/708 662/393/708 490/350/708
f 666/161/709 740/159/709 663/392/709
f 492/352/710 665/394/710 491/351/710
f 669/395/711 743/227/711 666/161/711
f 493/353/712 668/396/712 492/352/712
f 669/395/713 749/166/713 746/269/713
f 494/355/714 671/397/714 493/353/714
f 672/270/715 752/271/715 749/166/715
f 507/295/716 678/430/716 713/428/716
f 678/401/717 496/275/717 680/405/717
f 680/405/718 497/277/718 683/407/718
f 683/407/719 498/279/719 686/410/719
f 686/410/720 499/281/720 689/412/720
f 689/412/721 500/283/721 692/414/721
f 692/414/722 501/286/722 695/418/722
f 695/418/723 502/285/723 698/417/723
f 502/285/724 701/420/724 698/417/724
f 503/287/725 704/422/725 701/420/725
f 504/289/726 707/424/726 704/422/726
f 505/291/727 710/426/727 707/424/727
f 506/293/728 713/428/728 710/426/728
f 753/459/729 586/463/729 598/355/729
f 586/343/730 720/434/730 587/342/730
f 587/342/731 723/437/731 588/344/731
f 588/344/732 726/439/732 589/345/732
f 589/345/733 729/442/733 590/346/733
f 590/346/734 732/445/734 591/347/734
f 591/347/735 735/448/735 592/348/735
f 735/448/736 593/349/736 592/348/736
f 738/450/737 594/350/737 593/349/737
f 741/451/738 595/351/738 594/350/738
f 744/453/739 596/352/739 595/351/739
f 747/455/740 597/353/740 596/352/740
f 750/457/741 598/355/741 597/353/741
f 755/465/742 769/466/742 768/467/742
f 756/468/743 770/469/743 769/466/743
f 757/470/744 771/471/744 770/469/744
f 758/472/745 772/473/745 771/471/745
f 759/474/746 773/475/746 772/473/746
f 760/476/747 774/477/747 773/475/747
f 761/478/748 775/479/748 774/477/748
f 763/480/749 775/479/749 762/481/749
f 764/482/750 776/483/750 763/480/750
f 765/484/751 777/485/751 764/482/751
f 766/486/752 778/487/752 765/484/752
f 767/488/753 779/489/753 766/486/753
f 755/490/754 780/491/754 767/488/754
f 768/467/755 782/492/755 781/493/755
f 769/466/756 783/494/756 782/492/756
f 770/469/757 784/495/757 783/494/757
f 771/471/758 785/496/758 784/495/758
f 772/473/759 786/497/759 785/496/759
f 773/475/760 787/498/760 786/497/760
f 775/479/761 787/498/761 774/477/761
f 776/483/762 788/499/762 775/479/762
f 777/485/763 789/500/763 776/483/763
f 778/487/764 790/501/764 777/485/764
f 779/489/765 791/502/765 778/487/765
f 780/491/766 792/503/766 779/489/766
f 768/504/767 793/505/767 780/491/767
f 781/493/768 795/506/768 794/507/768
f 782/492/769 796/508/769 795/506/769
f 783/494/770 797/509/770 796/508/770
f 784/495/771 798/510/771 797/509/771
f 785/496/772 799/511/772 798/510/772
f 786/497/773 800/512/773 799/511/773
f 788/499/774 800/512/774 787/498/774
f 789/500/775 801/513/775 788/499/775
f 790/501/776 802/514/776 789/500/776
f 791/502/777 803/515/777 790/501/777
f 792/503/778 804/516/778 791/502/778
f 793/505/779 805/517/779 792/503/779
f 781/518/780 806/519/780 793/505/780
f 794/507/781 808/520/781 807/521/781
f 795/506/782 809/522/782 808/520/782
f 796/508/783 810/523/783 809/522/783
f 797/509/784 811/524/784 810/523/784
f 798/510/785 812/525/785 811/524/785
f 799/511/786 813/526/786 812/525/786
f 801/513/787 813/526/787 800/512/787
f 802/514/788 814/527/788 801/513/788
f 803/515/789 815/528/789 802/514/789
f 804/516/790 816/529/790 803/515/790
f 805/517/791 817/530/791 804/516/791
f 806/519/792 818/531/792 805/517/792
f 794/532/793 819/533/793 806/519/793
f 807/521/794 821/534/794 820/535/794
f 808/520/795 822/536/795 821/534/795
f 809/522/796 823/537/796 822/536/796
f 810/523/797 824/538/797 823/537/797
f 811/524/798 825/539/798 824/538/798
f 812/525/799 826/540/799 825/539/799
f 814/527/800 826/540/800 813/526/800
f 815/528/801 827/541/801 814/527/801
f 816/529/802 828/542/802 815/528/802
f 817/530/803 829/543/803 816/529/803
f 818/531/804 830/544/804 817/530/804
f 819/533/805 831/545/805 818/531/805
f 807/546/806 832/547/806 819/533/806
f 833/465/807 847/466/807 834/468/807
f 834/468/808 848/469/808 835/470/808
f 835/470/809 849/471/809 836/472/809
f 836/472/810 850/473/810 837/474/810
f 837/474/811 851/475/811 838/476/811
f 838/476/812 852/477/812 839/478/812
f 852/477/813 840/481/813 839/478/813
f 853/479/814 841/480/814 840/481/814
f 854/483/815 842/482/815 841/480/815
f 855/485/816 843/484/816 842/482/816
f 856/487/817 844/486/817 843/484/817
f 857/489/818 845/488/818 844/486/818
f 858/491/819 833/490/819 845/488/819
f 846/467/820 860/492/820 847/466/820
f 847/466/821 861/494/821 848/469/821
f 848/469/822 862/495/822 849/471/822
f 849/471/823 863/496/823 850/473/823
f 850/473/824 864/497/824 851/475/824
f 851/475/825 865/498/825 852/477/825
f 865/498/826 853/479/826 852/477/826
f 866/499/827 854/483/827 853/479/827
f 867/500/828 855/485/828 854/483/828
f 868/501/829 856/487/829 855/485/829
f 869/502/830 857/489/830 856/487/830
f 870/503/831 858/491/831 857/489/831
f 871/505/832 846/504/832 858/491/832
f 859/493/833 873/506/833 860/492/833
f 860/492/834 874/508/834 861/494/834
f 861/494/835 875/509/835 862/495/835
f 862/495/836 876/510/836 863/496/836
f 863/496/837 877/511/837 864/497/837
f 864/497/838 878/512/838 865/498/838
f 878/512/839 866/499/839 865/498/839
f 879/513/840 867/500/840 866/499/840
f 880/514/841 868/501/841 867/500/841
f 881/515/842 869/502/842 868/501/842
f 882/516/843 870/503/843 869/502/843
f 883/517/844 871/505/844 870/503/844
f 884/519/845 859/518/845 871/505/845
f 872/507/846 886/520/846 873/506/846
f 873/506/847 887/522/847 874/508/847
f 874/508/848 888/523/848 875/509/848
f 875/509/849 889/524/849 876/510/849
f 876/510/850 890/525/850 877/511/850
f 877/511/851 891/526/851 878/512/851
f 891/526/852 879/513/852 878/512/852
f 892/527/853 880/514/853 879/513/853
f 893/528/854 881/515/854 880/514/854
f 894/529/855 882/516/855 881/515/855
f 895/530/856 883/517/856 882/516/856
f 896/531/857 884/519/857 883/517/857
f 897/533/858 872/532/858 884/519/858
f 885/521/859 899/534/859 886/520/859
f 886/520/860 900/536/860 887/522/860
f 887/522/861 901/537/861 888/523/861
f 888/523/862 902/538/862 889/524/862
f 889/524/863 903/539/863 890/525/863
f 890/525/864 904/540/864 891/526/864
f 904/540/865 892/527/865 891/526/865
f 905/541/866 893/528/866 892/527/866
f 906/542/867 894/529/867 893/528/867
f 907/543/868 895/530/868 894/529/868
f 908/544/869 896/531/869 895/530/869
f 909/545/870 897/533/870 896/531/870
f 910/547/871 885/546/871 897/533/871
f 914/98/872 913/99/872 912/99/872
f 916/98/873 911/548/873 913/99/873
f 917/549/874 916/98/874 914/98/874
f 919/177/875 915/550/875 916/98/875
f 920/106/876 919/177/876 917/549/876
f 922/106/877 918/551/877 919/177/877
f 923/108/878 922/106/878 920/106/878
f 925/552/879 921/553/879 922/106/879
f 926/361/880 925/552/880 923/108/880
f 928/361/881 924/554/881 925/552/881
f 929/246/882 928/361/882 926/361/882
f 931/246/883 927/555/883 928/361/883
f 932/192/884 931/246/884 929/246/884
f 934/116/885 930/556/885 931/246/885
f 932/192/886 937/121/886 934/116/886
f 934/116/887 936/557/887 933/558/887
f 935/118/888 940/198/888 937/121/888
f 937/121/889 939/559/889 936/557/889
f 938/122/890 943/560/890 940/198/890
f 940/198/891 942/561/891 939/559/891
f 941/560/892 946/373/892 943/560/892
f 943/560/893 945/562/893 942/561/893
f 944/128/894 949/563/894 946/373/894
f 946/373/895 948/564/895 945/562/895
f 947/133/896 913/375/896 949/563/896
f 949/563/897 911/565/897 948/564/897
f 954/136/898 952/137/898 955/136/898
f 955/136/899 951/566/899 953/567/899
f 957/142/900 955/136/900 958/142/900
f 958/142/901 953/567/901 956/568/901
f 960/145/902 958/142/902 961/267/902
f 961/267/903 956/568/903 959/569/903
f 963/147/904 961/267/904 964/147/904
f 964/147/905 959/569/905 962/570/905
f 966/149/906 964/147/906 967/446/906
f 967/446/907 962/570/907 965/571/907
f 969/572/908 967/446/908 970/153/908
f 970/153/909 965/571/909 968/573/909
f 969/572/910 973/155/910 972/155/910
f 970/153/911 971/574/911 973/155/911
f 972/155/912 976/575/912 975/159/912
f 973/155/913 974/576/913 976/575/913
f 975/159/914 979/161/914 978/161/914
f 976/575/915 977/577/915 979/161/915
f 978/161/916 982/164/916 981/578/916
f 979/161/917 980/579/917 982/164/917
f 981/578/918 985/270/918 984/270/918
f 982/164/919 983/580/919 985/270/919
f 984/270/920 988/581/920 987/271/920
f 985/270/921 986/582/921 988/581/921
f 987/271/922 952/170/922 950/170/922
f 988/581/923 951/583/923 952/170/923
f 990/584/924 994/585/924 991/586/924
f 991/586/925 993/100/925 989/99/925
f 992/587/926 997/588/926 994/585/926
f 994/585/927 996/177/927 993/100/927
f 995/589/928 1000/590/928 997/588/928
f 997/588/929 999/409/929 996/177/929
f 998/591/930 1003/592/930 1000/590/930
f 1000/590/931 1002/109/931 999/409/931
f 1001/593/932 1006/594/932 1003/592/932
f 1003/592/933 1005/111/933 1002/109/933
f 1004/595/934 1009/596/934 1006/594/934
f 1006/594/935 1008/114/935 1005/111/935
f 1010/597/936 1009/596/936 1007/598/936
f 1012/599/937 1008/114/937 1009/596/937
f 1013/600/938 1012/599/938 1010/597/938
f 1015/601/939 1011/116/939 1012/599/939
f 1016/602/940 1015/601/940 1013/600/940
f 1018/603/941 1014/118/941 1015/601/941
f 1019/604/942 1018/603/942 1016/602/942
f 1021/605/943 1017/122/943 1018/603/943
f 1022/606/944 1021/605/944 1019/604/944
f 1024/607/945 1020/125/945 1021/605/945
f 1025/608/946 1024/607/946 1022/606/946
f 1027/609/947 1023/128/947 1024/607/947
f 990/610/948 1027/609/948 1025/608/948
f 991/611/949 1026/131/949 1027/609/949
f 1028/612/950 1033/613/950 1032/614/950
f 1030/615/951 1031/378/951 1033/613/951
f 1032/614/952 1036/616/952 1035/617/952
f 1033/613/953 1034/141/953 1036/616/953
f 1035/617/954 1039/618/954 1038/619/954
f 1036/616/955 1037/267/955 1039/618/955
f 1038/619/956 1042/620/956 1041/621/956
f 1039/618/957 1040/147/957 1042/620/957
f 1041/621/958 1045/622/958 1044/623/958
f 1042/620/959 1043/446/959 1045/622/959
f 1044/623/960 1048/624/960 1047/625/960
f 1045/622/961 1046/626/961 1048/624/961
f 1047/625/962 1051/627/962 1050/628/962
f 1048/624/963 1049/268/963 1051/627/963
f 1053/629/964 1051/627/964 1054/630/964
f 1054/630/965 1049/268/965 1052/392/965
f 1056/631/966 1054/630/966 1057/632/966
f 1057/632/967 1052/392/967 1055/633/967
f 1059/634/968 1057/632/968 1060/635/968
f 1060/635/969 1055/633/969 1058/269/969
f 1062/636/970 1060/635/970 1063/637/970
f 1063/637/971 1058/269/971 1061/638/971
f 1065/639/972 1063/637/972 1066/640/972
f 1066/640/973 1061/638/973 1064/271/973
f 1028/641/974 1066/640/974 1030/642/974
f 1030/642/975 1064/271/975 1029/170/975
f 948/564/976 755/490/976 767/488/976
f 915/550/977 755/465/977 911/548/977
f 947/133/978 989/134/978 912/134/978
f 914/98/979 989/99/979 993/100/979
f 915/550/980 757/470/980 756/468/980
f 917/549/981 993/100/981 996/177/981
f 918/551/982 758/472/982 757/470/982
f 917/549/983 999/409/983 920/106/983
f 921/553/984 759/474/984 758/472/984
f 920/106/985 1002/109/985 923/108/985
f 924/554/986 760/476/986 759/474/986
f 923/108/987 1005/111/987 926/361/987
f 927/555/988 761/478/988 760/476/988
f 926/361/989 1008/114/989 929/246/989
f 933/558/990 761/478/990 930/556/990
f 929/246/991 1011/116/991 932/192/991
f 936/557/992 762/481/992 933/558/992
f 935/118/993 1011/116/993 1014/118/993
f 939/559/994 763/480/994 936/557/994
f 938/122/995 1014/118/995 1017/122/995
f 942/561/996 764/482/996 939/559/996
f 941/560/997 1017/122/997 1020/125/997
f 945/562/998 765/484/998 942/561/998
f 944/128/999 1020/125/999 1023/128/999
f 948/564/1000 766/486/1000 945/562/1000
f 944/128/1001 1026/131/1001 947/133/1001
f 820/643/1002 986/582/1002 832/547/1002
f 987/271/1003 1029/170/1003 1064/271/1003
f 820/535/1004 953/567/1004 951/566/1004
f 954/136/1005 1029/137/1005 950/137/1005
f 821/534/1006 956/568/1006 953/567/1006
f 957/142/1007 1031/378/1007 954/136/1007
f 822/536/1008 959/569/1008 956/568/1008
f 957/142/1009 1037/267/1009 1034/141/1009
f 823/537/1010 962/570/1010 959/569/1010
f 960/145/1011 1040/147/1011 1037/267/1011
f 824/538/1012 965/571/1012 962/570/1012
f 963/147/1013 1043/446/1013 1040/147/1013
f 825/539/1014 968/573/1014 965/571/1014
f 966/149/1015 1046/626/1015 1043/446/1015
f 827/541/1016 968/573/1016 826/540/1016
f 972/155/1017 1046/626/1017 969/572/1017
f 828/542/1018 971/574/1018 827/541/1018
f 975/159/1019 1049/268/1019 972/155/1019
f 829/543/1020 974/576/1020 828/542/1020
f 978/161/1021 1052/392/1021 975/159/1021
f 830/544/1022 977/577/1022 829/543/1022
f 981/578/1023 1055/633/1023 978/161/1023
f 831/545/1024 980/579/1024 830/544/1024
f 981/578/1025 1061/638/1025 1058/269/1025
f 832/547/1026 983/580/1026 831/545/1026
f 984/270/1027 1064/271/1027 1061/638/1027
f 845/488/1028 990/610/1028 1025/608/1028
f 990/584/1029 834/468/1029 992/587/1029
f 992/587/1030 835/470/1030 995/589/1030
f 995/589/1031 836/472/1031 998/591/1031
f 998/591/1032 837/474/1032 1001/593/1032
f 1001/593/1033 838/476/1033 1004/595/1033
f 1004/595/1034 839/478/1034 1007/598/1034
f 839/478/1035 1010/597/1035 1007/598/1035
f 840/481/1036 1013/600/1036 1010/597/1036
f 841/480/1037 1016/602/1037 1013/600/1037
f 842/482/1038 1019/604/1038 1016/602/1038
f 843/484/1039 1022/606/1039 1019/604/1039
f 844/486/1040 1025/608/1040 1022/606/1040
f 1065/639/1041 898/643/1041 910/547/1041
f 898/535/1042 1032/614/1042 899/534/1042
f 899/534/1043 1035/617/1043 900/536/1043
f 900/536/1044 1038/619/1044 901/537/1044
f 901/537/1045 1041/621/1045 902/538/1045
f 902/538/1046 1044/623/1046 903/539/1046
f 903/539/1047 1047/625/1047 904/540/1047
f 1047/625/1048 905/541/1048 904/540/1048
f 1050/628/1049 906/542/1049 905/541/1049
f 1053/629/1050 907/543/1050 906/542/1050
f 1056/631/1051 908/544/1051 907/543/1051
f 1059/634/1052 909/545/1052 908/544/1052
f 1062/636/1053 910/547/1053 909/545/1053
f 1/1/1281 2/4/1281 15/2/1281
f 2/4/1282 3/6/1282 16/5/1282
f 3/6/1283 4/8/1283 17/7/1283
f 4/8/1284 5/10/1284 18/9/1284
f 5/10/1285 6/12/1285 19/11/1285
f 6/12/1286 7/15/1286 20/13/1286
f 8/14/7 21/17/7 20/13/7
f 9/16/1287 22/19/1287 21/17/1287
f 10/18/1288 23/21/1288 22/19/1288
f 11/20/1289 24/23/1289 23/21/1289
f 12/22/1290 25/25/1290 24/23/1290
f 13/24/1291 26/27/1291 25/25/1291
f 1/26/1292 14/40/1292 26/27/1292
f 14/3/1293 15/2/1293 28/28/1293
f 15/2/1294 16/5/1294 29/30/1294
f 16/5/1295 17/7/1295 30/31/1295
f 17/7/1296 18/9/1296 31/32/1296
f 18/9/1297 19/11/1297 32/33/1297
f 19/11/1298 20/13/1298 33/34/1298
f 20/13/20 21/17/20 34/35/20
f 22/19/1299 35/36/1299 34/35/1299
f 23/21/1300 36/37/1300 35/36/1300
f 24/23/1301 37/38/1301 36/37/1301
f 25/25/1302 38/39/1302 37/38/1302
f 26/27/1303 39/41/1303 38/39/1303
f 14/40/1304 27/54/1304 39/41/1304
f 27/29/1305 28/28/1305 41/42/1305
f 28/28/1306 29/30/1306 42/44/1306
f 29/30/1307 30/31/1307 43/45/1307
f 30/31/1308 31/32/1308 44/46/1308
f 31/32/1309 32/33/1309 45/47/1309
f 32/33/1310 33/34/1310 46/48/1310
f 33/34/33 34/35/33 47/49/33
f 35/36/1311 48/50/1311 47/49/1311
f 36/37/1312 49/51/1312 48/50/1312
f 37/38/1313 50/52/1313 49/51/1313
f 38/39/1314 51/53/1314 50/52/1314
f 39/41/1315 52/55/1315 51/53/1315
f 27/54/1316 40/68/1316 52/55/1316
f 40/43/1317 41/42/1317 54/56/1317
f 41/42/1318 42/44/1318 55/58/1318
f 42/44/1319 43/45/1319 56/59/1319
f 43/45/1320 44/46/1320 57/60/1320
f 44/46/1321 45/47/1321 58/61/1321
f 45/47/1322 46/48/1322 59/62/1322
f 47/49/46 60/63/46 59/62/46
f 48/50/1323 61/64/1323 60/63/1323
f 49/51/1324 62/65/1324 61/64/1324
f 50/52/1325 63/66/1325 62/65/1325
f 51/53/1326 64/67/1326 63/66/1326
f 52/55/1327 65/69/1327 64/67/1327
f 40/68/1328 53/82/1328 65/69/1328
f 53/57/1329 54/56/1329 67/70/1329
f 54/56/1330 55/58/1330 68/72/1330
f 55/58/1331 56/59/1331 69/73/1331
f 56/59/1332 57/60/1332 70/74/1332
f 57/60/1333 58/61/1333 71/75/1333
f 58/61/1334 59/62/1334 72/76/1334
f 60/63/59 73/77/59 72/76/59
f 61/64/1335 74/78/1335 73/77/1335
f 62/65/1336 75/79/1336 74/78/1336
f 63/66/1337 76/80/1337 75/79/1337
f 64/67/1338 77/81/1338 76/80/1338
f 65/69/1339 78/83/1339 77/81/1339
f 53/82/1340 66/96/1340 78/83/1340
f 66/71/1341 67/70/1341 80/84/1341
f 67/70/1342 68/72/1342 81/86/1342
f 68/72/1343 69/73/1343 82/87/1343
f 69/73/1344 70/74/1344 83/88/1344
f 70/74/1345 71/75/1345 84/89/1345
f 71/75/1346 72/76/1346 85/90/1346
f 72/76/72 73/77/72 86/91/72
f 74/78/1347 87/92/1347 86/91/1347
f 75/79/1348 88/93/1348 87/92/1348
f 76/80/1349 89/94/1349 88/93/1349
f 77/81/1350 90/95/1350 89/94/1350
f 78/83/1351 91/97/1351 90/95/1351
f 66/96/1352 79/238/1352 91/97/1352
f 92/1/1353 105/3/1353 106/2/1353
f 93/4/1354 106/2/1354 107/5/1354
f 94/6/1355 107/5/1355 108/7/1355
f 95/8/1356 108/7/1356 109/9/1356
f 96/10/1357 109/9/1357 110/11/1357
f 97/12/1358 110/11/1358 111/13/1358
f 111/13/85 112/17/85 99/14/85
f 112/17/1359 113/19/1359 100/16/1359
f 113/19/1360 114/21/1360 101/18/1360
f 114/21/1361 115/23/1361 102/20/1361
f 115/23/1362 116/25/1362 103/22/1362
f 116/25/1363 117/27/1363 104/24/1363
f 117/27/1364 105/40/1364 92/26/1364
f 105/3/1365 118/29/1365 119/28/1365
f 106/2/1366 119/28/1366 120/30/1366
f 107/5/1367 120/30/1367 121/31/1367
f 108/7/1368 121/31/1368 122/32/1368
f 109/9/1369 122/32/1369 123/33/1369
f 110/11/1370 123/33/1370 124/34/1370
f 124/34/98 125/35/98 112/17/98
f 125/35/1371 126/36/1371 113/19/1371
f 126/36/1372 127/37/1372 114/21/1372
f 127/37/1373 128/38/1373 115/23/1373
f 128/38/1374 129/39/1374 116/25/1374
f 129/39/1375 130/41/1375 117/27/1375
f 130/41/1376 118/54/1376 105/40/1376
f 118/29/1377 131/43/1377 132/42/1377
f 119/28/1378 132/42/1378 133/44/1378
f 120/30/1379 133/44/1379 134/45/1379
f 121/31/1380 134/45/1380 135/46/1380
f 122/32/1381 135/46/1381 136/47/1381
f 123/33/1382 136/47/1382 137/48/1382
f 124/34/111 137/48/111 138/49/111
f 138/49/1383 139/50/1383 126/36/1383
f 139/50/1384 140/51/1384 127/37/1384
f 140/51/1385 141/52/1385 128/38/1385
f 141/52/1386 142/53/1386 129/39/1386
f 142/53/1387 143/55/1387 130/41/1387
f 143/55/1388 131/68/1388 118/54/1388
f 131/43/1389 144/57/1389 145/56/1389
f 132/42/1390 145/56/1390 146/58/1390
f 133/44/1391 146/58/1391 147/59/1391
f 134/45/1392 147/59/1392 148/60/1392
f 135/46/1393 148/60/1393 149/61/1393
f 136/47/1394 149/61/1394 150/62/1394
f 137/48/124 150/62/124 151/63/124
f 151/63/1395 152/64/1395 139/50/1395
f 152/64/1396 153/65/1396 140/51/1396
f 153/65/1397 154/66/1397 141/52/1397
f 154/66/1398 155/67/1398 142/53/1398
f 155/67/1399 156/69/1399 143/55/1399
f 156/69/1400 144/82/1400 131/68/1400
f 144/57/1401 157/71/1401 158/70/1401
f 145/56/1402 158/70/1402 159/72/1402
f 146/58/1403 159/72/1403 160/73/1403
f 147/59/1404 160/73/1404 161/74/1404
f 148/60/1405 161/74/1405 162/75/1405
f 149/61/1406 162/75/1406 163/76/1406
f 163/76/137 164/77/137 151/63/137
f 164/77/1407 165/78/1407 152/64/1407
f 165/78/1408 166/79/1408 153/65/1408
f 166/79/1409 167/80/1409 154/66/1409
f 167/80/1410 168/81/1410 155/67/1410
f 168/81/1411 169/83/1411 156/69/1411
f 169/83/1412 157/96/1412 144/82/1412
f 157/71/1413 170/85/1413 171/84/1413
f 158/70/1414 171/84/1414 172/86/1414
f 159/72/1415 172/86/1415 173/87/1415
f 160/73/1416 173/87/1416 174/88/1416
f 161/74/1417 174/88/1417 175/89/1417
f 162/75/1418 175/89/1418 176/90/1418
f 176/90/150 177/91/150 164/77/150
f 177/91/1419 178/92/1419 165/78/1419
f 178/92/1420 179/93/1420 166/79/1420
f 179/93/1421 180/94/1421 167/80/1421
f 180/94/1422 181/95/1422 168/81/1422
f 181/95/1423 182/97/1423 169/83/1423
f 182/97/1424 170/238/1424 157/96/1424
f 186/98/1425 188/100/1425 185/99/1425
f 188/100/1426 187/104/1426 183/101/1426
f 189/102/1427 191/103/1427 188/100/1427
f 191/103/1428 190/107/1428 187/104/1428
f 192/105/1429 194/106/1429 191/103/1429
f 194/106/1430 193/110/1430 190/107/1430
f 195/108/1431 197/109/1431 194/106/1431
f 197/109/1432 196/113/1432 193/110/1432
f 198/111/1433 200/112/1433 197/109/1433
f 200/112/1434 199/115/1434 196/113/1434
f 201/114/1435 203/114/1435 200/112/1435
f 203/114/1436 202/117/1436 199/115/1436
f 204/116/169 206/116/169 203/114/169
f 206/116/170 205/120/170 202/117/170
f 204/116/1437 207/121/1437 209/118/1437
f 206/116/1438 209/118/1438 208/119/1438
f 207/121/1439 210/124/1439 212/122/1439
f 209/118/1440 212/122/1440 211/123/1440
f 210/124/1441 213/127/1441 215/125/1441
f 212/122/1442 215/125/1442 214/126/1442
f 213/127/1443 216/130/1443 218/128/1443
f 215/125/1444 218/128/1444 217/129/1444
f 216/130/1445 219/133/1445 221/131/1445
f 218/128/1446 221/131/1446 220/132/1446
f 219/133/1447 184/134/1447 185/134/1447
f 221/131/1448 185/134/1448 183/135/1448
f 226/136/1449 222/137/1449 224/137/1449
f 227/138/1450 224/137/1450 223/139/1450
f 229/141/1451 226/136/1451 227/138/1451
f 230/142/1452 227/138/1452 225/140/1452
f 232/144/1453 229/141/1453 230/142/1453
f 233/145/1454 230/142/1454 228/143/1454
f 235/147/1455 232/144/1455 233/145/1455
f 236/147/1456 233/145/1456 231/146/1456
f 238/149/1457 235/147/1457 236/147/1457
f 239/150/1458 236/147/1458 234/148/1458
f 241/152/1459 238/149/1459 239/150/1459
f 242/153/1460 239/150/1460 237/151/1460
f 241/152/195 242/153/195 245/155/195
f 245/155/196 242/153/196 240/154/196
f 244/156/1461 245/155/1461 248/158/1461
f 245/155/1462 243/157/1462 246/160/1462
f 247/159/1463 248/158/1463 251/161/1463
f 248/158/1464 246/160/1464 249/163/1464
f 250/162/1465 251/161/1465 254/164/1465
f 251/161/1466 249/163/1466 252/165/1466
f 253/164/1467 254/164/1467 257/166/1467
f 254/164/1468 252/165/1468 255/167/1468
f 256/166/1469 257/166/1469 260/168/1469
f 257/166/1470 255/167/1470 258/169/1470
f 259/168/1471 260/168/1471 224/170/1471
f 260/168/1472 258/169/1472 223/171/1472
f 262/172/1473 264/175/1473 266/173/1473
f 263/174/1474 266/173/1474 265/98/1474
f 264/175/1475 267/178/1475 269/176/1475
f 266/173/1476 269/176/1476 268/177/1476
f 267/178/1477 270/180/1477 272/179/1477
f 269/176/1478 272/179/1478 271/106/1478
f 270/180/1479 273/182/1479 275/181/1479
f 272/179/1480 275/181/1480 274/109/1480
f 273/182/1481 276/185/1481 278/183/1481
f 275/181/1482 278/183/1482 277/184/1482
f 276/185/1483 279/188/1483 281/186/1483
f 278/183/1484 281/186/1484 280/114/1484
f 282/187/221 284/189/221 281/186/221
f 284/189/222 283/192/222 280/114/222
f 285/190/1485 287/191/1485 284/189/1485
f 287/191/1486 286/195/1486 283/192/1486
f 288/193/1487 290/194/1487 287/191/1487
f 290/194/1488 289/198/1488 286/195/1488
f 291/196/1489 293/197/1489 290/194/1489
f 293/197/1490 292/125/1490 289/198/1490
f 294/199/1491 296/200/1491 293/197/1491
f 296/200/1492 295/128/1492 292/125/1492
f 297/201/1493 299/202/1493 296/200/1493
f 299/202/1494 298/205/1494 295/128/1494
f 262/203/1495 263/204/1495 299/202/1495
f 263/204/1496 261/134/1496 298/205/1496
f 300/206/1497 302/209/1497 305/207/1497
f 302/209/1498 301/137/1498 303/138/1498
f 304/208/1499 305/207/1499 308/210/1499
f 305/207/1500 303/138/1500 306/142/1500
f 307/211/1501 308/210/1501 311/212/1501
f 308/210/1502 306/142/1502 309/214/1502
f 310/213/1503 311/212/1503 314/215/1503
f 311/212/1504 309/214/1504 312/147/1504
f 313/216/1505 314/215/1505 317/217/1505
f 314/215/1506 312/147/1506 315/150/1506
f 316/218/1507 317/217/1507 320/219/1507
f 317/217/1508 315/150/1508 318/153/1508
f 319/220/1509 320/219/1509 323/221/1509
f 320/219/248 318/153/248 321/156/248
f 325/223/1510 322/222/1510 323/221/1510
f 326/224/1511 323/221/1511 321/156/1511
f 328/225/1512 325/223/1512 326/224/1512
f 329/226/1513 326/224/1513 324/158/1513
f 331/228/1514 328/225/1514 329/226/1514
f 332/229/1515 329/226/1515 327/227/1515
f 334/231/1516 331/228/1516 332/229/1516
f 335/232/1517 332/229/1517 330/230/1517
f 337/234/1518 334/231/1518 335/232/1518
f 338/235/1519 335/232/1519 333/233/1519
f 300/236/1520 337/234/1520 338/235/1520
f 302/237/1521 338/235/1521 336/168/1521
f 183/135/1522 1/26/1522 13/24/1522
f 183/101/1523 187/104/1523 2/4/1523
f 184/134/1524 219/133/1524 298/205/1524
f 184/99/1525 261/99/1525 265/98/1525
f 187/104/1526 190/107/1526 3/6/1526
f 186/98/1527 265/98/1527 268/177/1527
f 190/107/1528 193/110/1528 4/8/1528
f 189/102/1529 268/177/1529 271/106/1529
f 193/110/1530 196/113/1530 5/10/1530
f 192/105/1531 271/106/1531 274/109/1531
f 196/113/1532 199/115/1532 6/12/1532
f 195/108/1533 274/109/1533 277/184/1533
f 199/115/1534 202/117/1534 7/15/1534
f 198/111/1535 277/184/1535 280/114/1535
f 205/120/275 8/14/275 7/15/275
f 201/114/276 280/114/276 283/192/276
f 208/119/1536 9/16/1536 8/14/1536
f 204/116/1537 283/192/1537 286/195/1537
f 211/123/1538 10/18/1538 9/16/1538
f 210/124/1539 207/121/1539 286/195/1539
f 214/126/1540 11/20/1540 10/18/1540
f 213/127/1541 210/124/1541 289/198/1541
f 217/129/1542 12/22/1542 11/20/1542
f 216/130/1543 213/127/1543 292/125/1543
f 220/132/1544 13/24/1544 12/22/1544
f 219/133/1545 216/130/1545 295/128/1545
f 79/238/1546 223/171/1546 258/169/1546
f 259/168/1547 222/170/1547 301/170/1547
f 79/85/1548 80/84/1548 225/140/1548
f 226/136/1549 303/138/1549 301/137/1549
f 80/84/1550 81/86/1550 228/143/1550
f 229/141/1551 306/142/1551 303/138/1551
f 81/86/1552 82/87/1552 231/146/1552
f 229/141/1553 232/144/1553 309/214/1553
f 82/87/1554 83/88/1554 234/148/1554
f 232/144/1555 235/147/1555 312/147/1555
f 83/88/1556 84/89/1556 237/151/1556
f 235/147/1557 238/149/1557 315/150/1557
f 84/89/1558 85/90/1558 240/154/1558
f 238/149/1559 241/152/1559 318/153/1559
f 85/90/301 86/91/301 243/157/301
f 244/156/704 321/156/704 318/153/704
f 87/92/1560 246/160/1560 243/157/1560
f 247/159/1561 324/158/1561 321/156/1561
f 88/93/1562 249/163/1562 246/160/1562
f 250/162/1563 327/227/1563 324/158/1563
f 89/94/1564 252/165/1564 249/163/1564
f 253/164/1565 330/230/1565 327/227/1565
f 90/95/1566 255/167/1566 252/165/1566
f 253/164/1567 256/166/1567 333/233/1567
f 91/97/1568 258/169/1568 255/167/1568
f 256/166/1569 259/168/1569 336/168/1569
f 104/24/1570 92/26/1570 262/203/1570
f 262/172/1571 92/1/1571 93/4/1571
f 264/175/1572 93/4/1572 94/6/1572
f 267/178/1573 94/6/1573 95/8/1573
f 270/180/1574 95/8/1574 96/10/1574
f 273/182/1575 96/10/1575 97/12/1575
f 276/185/1576 97/12/1576 98/15/1576
f 279/188/320 98/15/320 99/14/320
f 99/14/1577 100/16/1577 285/190/1577
f 100/16/1578 101/18/1578 288/193/1578
f 101/18/1579 102/20/1579 291/196/1579
f 102/20/1580 103/22/1580 294/199/1580
f 103/22/1581 104/24/1581 297/201/1581
f 337/234/1582 300/236/1582 170/238/1582
f 170/85/1583 300/206/1583 304/208/1583
f 171/84/1584 304/208/1584 307/211/1584
f 172/86/1585 307/211/1585 310/213/1585
f 173/87/1586 310/213/1586 313/216/1586
f 174/88/1587 313/216/1587 316/218/1587
f 175/89/1588 316/218/1588 319/220/1588
f 319/220/333 322/222/333 177/91/333
f 322/222/1589 325/223/1589 178/92/1589
f 325/223/1590 328/225/1590 179/93/1590
f 328/225/1591 331/228/1591 180/94/1591
f 331/228/1592 334/231/1592 181/95/1592
f 334/231/1593 337/234/1593 182/97/1593
f 391/272/1596 392/275/1596 405/273/1596
f 392/275/1597 393/277/1597 406/276/1597
f 393/277/1598 394/279/1598 407/278/1598
f 394/279/1599 395/281/1599 408/280/1599
f 395/281/1600 396/283/1600 409/282/1600
f 396/283/1601 397/286/1601 410/284/1601
f 398/285/384 411/288/384 410/284/384
f 399/287/1602 412/290/1602 411/288/1602
f 400/289/1603 413/292/1603 412/290/1603
f 401/291/1604 414/294/1604 413/292/1604
f 402/293/1605 415/296/1605 414/294/1605
f 403/295/1606 416/298/1606 415/296/1606
f 391/297/1607 404/299/1607 416/298/1607
f 404/274/1608 405/273/1608 418/239/1608
f 405/273/1609 406/276/1609 419/241/1609
f 406/276/1610 407/278/1610 420/243/1610
f 407/278/1611 408/280/1611 421/242/1611
f 408/280/1612 409/282/1612 422/245/1612
f 409/282/1613 410/284/1613 423/244/1613
f 411/288/397 424/248/397 423/244/397
f 412/290/1614 425/247/1614 424/248/1614
f 413/292/1615 426/249/1615 425/247/1615
f 414/294/1616 427/250/1616 426/249/1616
f 415/296/1617 428/251/1617 427/250/1617
f 416/298/1618 429/252/1618 428/251/1618
f 404/299/1619 417/312/1619 429/252/1619
f 417/240/1620 418/239/1620 431/300/1620
f 418/239/1621 419/241/1621 432/302/1621
f 419/241/1622 420/243/1622 433/303/1622
f 420/243/1623 421/242/1623 434/304/1623
f 421/242/1624 422/245/1624 435/305/1624
f 422/245/1625 423/244/1625 436/306/1625
f 424/248/410 437/307/410 436/306/410
f 425/247/1626 438/308/1626 437/307/1626
f 426/249/1627 439/309/1627 438/308/1627
f 427/250/1628 440/310/1628 439/309/1628
f 428/251/1629 441/311/1629 440/310/1629
f 429/252/1630 442/313/1630 441/311/1630
f 417/312/1631 430/326/1631 442/313/1631
f 430/301/1632 431/300/1632 444/314/1632
f 431/300/1633 432/302/1633 445/316/1633
f 432/302/1634 433/303/1634 446/317/1634
f 433/303/1635 434/304/1635 447/318/1635
f 434/304/1636 435/305/1636 448/319/1636
f 435/305/1637 436/306/1637 449/320/1637
f 437/307/423 450/321/423 449/320/423
f 438/308/1638 451/322/1638 450/321/1638
f 439/309/1639 452/323/1639 451/322/1639
f 440/310/1640 453/324/1640 452/323/1640
f 441/311/1641 454/325/1641 453/324/1641
f 442/313/1642 455/327/1642 454/325/1642
f 430/326/1643 443/328/1643 455/327/1643
f 443/315/1644 444/314/1644 457/254/1644
f 444/314/1645 445/316/1645 458/255/1645
f 445/316/1646 446/317/1646 459/257/1646
f 446/317/1647 447/318/1647 460/256/1647
f 447/318/1648 448/319/1648 461/259/1648
f 448/319/1649 449/320/1649 462/258/1649
f 450/321/436 463/260/436 462/258/436
f 451/322/1650 464/262/1650 463/260/1650
f 452/323/1651 465/261/1651 464/262/1651
f 453/324/1652 466/264/1652 465/261/1652
f 454/325/1653 467/263/1653 466/264/1653
f 455/327/1654 468/266/1654 467/263/1654
f 443/328/1655 456/265/1655 468/266/1655
f 456/253/1656 457/254/1656 470/329/1656
f 457/254/1657 458/255/1657 471/331/1657
f 458/255/1658 459/257/1658 472/332/1658
f 459/257/1659 460/256/1659 473/333/1659
f 460/256/1660 461/259/1660 474/334/1660
f 461/259/1661 462/258/1661 475/335/1661
f 463/260/449 476/336/449 475/335/449
f 464/262/1662 477/337/1662 476/336/1662
f 465/261/1663 478/338/1663 477/337/1663
f 466/264/1664 479/339/1664 478/338/1664
f 467/263/1665 480/340/1665 479/339/1665
f 468/266/1666 481/341/1666 480/340/1666
f 456/265/1667 469/354/1667 481/341/1667
f 469/330/1668 470/329/1668 483/342/1668
f 470/329/1669 471/331/1669 484/344/1669
f 471/331/1670 472/332/1670 485/345/1670
f 472/332/1671 473/333/1671 486/346/1671
f 473/333/1672 474/334/1672 487/347/1672
f 474/334/1673 475/335/1673 488/348/1673
f 476/336/462 489/349/462 488/348/462
f 477/337/1674 490/350/1674 489/349/1674
f 478/338/1675 491/351/1675 490/350/1675
f 479/339/1676 492/352/1676 491/351/1676
f 480/340/1677 493/353/1677 492/352/1677
f 481/341/1678 494/355/1678 493/353/1678
f 469/354/1679 482/463/1679 494/355/1679
f 495/272/1680 508/274/1680 509/273/1680
f 496/275/1681 509/273/1681 510/276/1681
f 497/277/1682 510/276/1682 511/278/1682
f 498/279/1683 511/278/1683 512/280/1683
f 499/281/1684 512/280/1684 513/282/1684
f 500/283/1685 513/282/1685 514/284/1685
f 514/284/475 515/288/475 502/285/475
f 515/288/1686 516/290/1686 503/287/1686
f 516/290/1687 517/292/1687 504/289/1687
f 517/292/1688 518/294/1688 505/291/1688
f 518/294/1689 519/296/1689 506/293/1689
f 519/296/1690 520/298/1690 507/295/1690
f 520/298/1691 508/299/1691 495/297/1691
f 508/274/1692 521/240/1692 522/239/1692
f 509/273/1693 522/239/1693 523/241/1693
f 510/276/1694 523/241/1694 524/243/1694
f 511/278/1695 524/243/1695 525/242/1695
f 512/280/1696 525/242/1696 526/245/1696
f 513/282/1697 526/245/1697 527/244/1697
f 527/244/488 528/248/488 515/288/488
f 528/248/1698 529/247/1698 516/290/1698
f 529/247/1699 530/249/1699 517/292/1699
f 530/249/1700 531/250/1700 518/294/1700
f 531/250/1701 532/251/1701 519/296/1701
f 532/251/1702 533/252/1702 520/298/1702
f 533/252/1703 521/312/1703 508/299/1703
f 521/240/1704 534/301/1704 535/300/1704
f 522/239/1705 535/300/1705 536/302/1705
f 523/241/1706 536/302/1706 537/303/1706
f 524/243/1707 537/303/1707 538/304/1707
f 525/242/1708 538/304/1708 539/305/1708
f 526/245/1709 539/305/1709 540/306/1709
f 540/306/501 541/307/501 528/248/501
f 541/307/1710 542/308/1710 529/247/1710
f 542/308/1711 543/309/1711 530/249/1711
f 543/309/1712 544/310/1712 531/250/1712
f 544/310/1713 545/311/1713 532/251/1713
f 545/311/1714 546/313/1714 533/252/1714
f 546/313/1715 534/326/1715 521/312/1715
f 534/301/1716 547/315/1716 548/314/1716
f 535/300/1717 548/314/1717 549/316/1717
f 536/302/1718 549/316/1718 550/317/1718
f 537/303/1719 550/317/1719 551/318/1719
f 538/304/1720 551/318/1720 552/319/1720
f 539/305/1721 552/319/1721 553/320/1721
f 553/320/514 554/321/514 541/307/514
f 554/321/1722 555/322/1722 542/308/1722
f 555/322/1723 556/323/1723 543/309/1723
f 556/323/1724 557/324/1724 544/310/1724
f 557/324/1725 558/325/1725 545/311/1725
f 558/325/1726 559/327/1726 546/313/1726
f 559/327/1727 547/328/1727 534/326/1727
f 547/315/1728 560/253/1728 561/254/1728
f 548/314/1729 561/254/1729 562/255/1729
f 549/316/1730 562/255/1730 563/257/1730
f 550/317/1731 563/257/1731 564/256/1731
f 551/318/1732 564/256/1732 565/259/1732
f 552/319/1733 565/259/1733 566/258/1733
f 566/258/527 567/260/527 554/321/527
f 567/260/1734 568/262/1734 555/322/1734
f 568/262/1735 569/261/1735 556/323/1735
f 569/261/1736 570/264/1736 557/324/1736
f 570/264/1737 571/263/1737 558/325/1737
f 571/263/1738 572/266/1738 559/327/1738
f 572/266/1739 560/265/1739 547/328/1739
f 560/253/1740 573/330/1740 574/329/1740
f 561/254/1741 574/329/1741 575/331/1741
f 562/255/1742 575/331/1742 576/332/1742
f 563/257/1743 576/332/1743 577/333/1743
f 564/256/1744 577/333/1744 578/334/1744
f 565/259/1745 578/334/1745 579/335/1745
f 579/335/540 580/336/540 567/260/540
f 580/336/1746 581/337/1746 568/262/1746
f 581/337/1747 582/338/1747 569/261/1747
f 582/338/1748 583/339/1748 570/264/1748
f 583/339/1749 584/340/1749 571/263/1749
f 584/340/1750 585/341/1750 572/266/1750
f 585/341/1751 573/354/1751 560/265/1751
f 573/330/1752 586/343/1752 587/342/1752
f 574/329/1753 587/342/1753 588/344/1753
f 575/331/1754 588/344/1754 589/345/1754
f 576/332/1755 589/345/1755 590/346/1755
f 577/333/1756 590/346/1756 591/347/1756
f 578/334/1757 591/347/1757 592/348/1757
f 592/348/553 593/349/553 580/336/553
f 593/349/1758 594/350/1758 581/337/1758
f 594/350/1759 595/351/1759 582/338/1759
f 595/351/1760 596/352/1760 583/339/1760
f 596/352/1761 597/353/1761 584/340/1761
f 597/353/1762 598/355/1762 585/341/1762
f 598/355/1763 586/463/1763 573/354/1763
f 602/98/1764 604/98/1764 601/99/1764
f 604/98/1765 603/357/1765 599/356/1765
f 605/103/1766 607/177/1766 604/98/1766
f 607/177/1767 606/359/1767 603/357/1767
f 608/106/1768 610/358/1768 607/177/1768
f 610/358/1769 609/360/1769 606/359/1769
f 611/109/1770 613/108/1770 610/358/1770
f 613/108/1771 612/362/1771 609/360/1771
f 614/361/1772 616/112/1772 613/108/1772
f 616/112/1773 615/364/1773 612/362/1773
f 617/363/1774 619/246/1774 616/112/1774
f 619/246/1775 618/366/1775 615/364/1775
f 620/192/572 622/365/572 619/246/572
f 622/365/573 621/368/573 618/366/573
f 620/192/1776 623/195/1776 625/121/1776
f 622/365/1777 625/121/1777 624/367/1777
f 623/195/1778 626/124/1778 628/124/1778
f 625/121/1779 628/124/1779 627/369/1779
f 626/124/1780 629/371/1780 631/127/1780
f 628/124/1781 631/127/1781 630/370/1781
f 629/371/1782 632/373/1782 634/128/1782
f 631/127/1783 634/128/1783 633/372/1783
f 632/373/1784 635/205/1784 637/131/1784
f 634/128/1785 637/131/1785 636/374/1785
f 635/205/1786 600/134/1786 601/375/1786
f 637/131/1787 601/375/1787 599/376/1787
f 642/377/1788 638/464/1788 640/137/1788
f 643/378/1789 640/137/1789 639/379/1789
f 645/381/1790 642/377/1790 643/378/1790
f 646/142/1791 643/378/1791 641/380/1791
f 648/383/1792 645/381/1792 646/142/1792
f 649/267/1793 646/142/1793 644/382/1793
f 651/385/1794 648/383/1794 649/267/1794
f 652/385/1795 649/267/1795 647/384/1795
f 654/149/1796 651/385/1796 652/385/1796
f 655/149/1797 652/385/1797 650/386/1797
f 657/152/1798 654/149/1798 655/149/1798
f 658/388/1799 655/149/1799 653/387/1799
f 657/152/598 658/388/598 661/390/598
f 658/388/599 656/389/599 659/391/599
f 660/156/1800 661/390/1800 664/392/1800
f 661/390/1801 659/391/1801 662/393/1801
f 663/392/1802 664/392/1802 667/161/1802
f 664/392/1803 662/393/1803 665/394/1803
f 666/161/1804 667/161/1804 670/269/1804
f 667/161/1805 665/394/1805 668/396/1805
f 669/395/1806 670/269/1806 673/270/1806
f 670/269/1807 668/396/1807 671/397/1807
f 672/270/1808 673/270/1808 676/271/1808
f 673/270/1809 671/397/1809 674/399/1809
f 675/398/1810 676/271/1810 640/170/1810
f 676/271/1811 674/399/1811 639/400/1811
f 678/401/1812 680/405/1812 682/402/1812
f 679/403/1813 682/402/1813 681/404/1813
f 680/405/1814 683/407/1814 685/406/1814
f 682/402/1815 685/406/1815 684/177/1815
f 683/407/1816 686/410/1816 688/408/1816
f 685/406/1817 688/408/1817 687/409/1817
f 686/410/1818 689/412/1818 691/411/1818
f 688/408/1819 691/411/1819 690/109/1819
f 689/412/1820 692/414/1820 694/413/1820
f 691/411/1821 694/413/1821 693/112/1821
f 692/414/1822 695/418/1822 697/415/1822
f 694/413/1823 697/415/1823 696/416/1823
f 698/417/624 700/419/624 697/415/624
f 700/419/625 699/116/625 696/416/625
f 701/420/1824 703/421/1824 700/419/1824
f 703/421/1825 702/118/1825 699/116/1825
f 704/422/1826 706/423/1826 703/421/1826
f 706/423/1827 705/124/1827 702/118/1827
f 707/424/1828 709/425/1828 706/423/1828
f 709/425/1829 708/127/1829 705/124/1829
f 710/426/1830 712/427/1830 709/425/1830
f 712/427/1831 711/373/1831 708/127/1831
f 713/428/1832 715/429/1832 712/427/1832
f 715/429/1833 714/131/1833 711/373/1833
f 678/430/1834 679/431/1834 715/429/1834
f 679/431/1835 677/134/1835 714/131/1835
f 716/432/1836 718/435/1836 721/433/1836
f 718/435/1837 717/137/1837 719/136/1837
f 720/434/1838 721/433/1838 724/436/1838
f 721/433/1839 719/136/1839 722/142/1839
f 723/437/1840 724/436/1840 727/438/1840
f 724/436/1841 722/142/1841 725/440/1841
f 726/439/1842 727/438/1842 730/441/1842
f 727/438/1843 725/440/1843 728/443/1843
f 729/442/1844 730/441/1844 733/444/1844
f 730/441/1845 728/443/1845 731/446/1845
f 732/445/1846 733/444/1846 736/447/1846
f 733/444/1847 731/446/1847 734/388/1847
f 735/448/650 736/447/650 739/449/650
f 736/447/651 734/388/651 737/155/651
f 741/451/1848 738/450/1848 739/449/1848
f 742/452/1849 739/449/1849 737/155/1849
f 744/453/1850 741/451/1850 742/452/1850
f 745/454/1851 742/452/1851 740/159/1851
f 747/455/1852 744/453/1852 745/454/1852
f 748/456/1853 745/454/1853 743/227/1853
f 750/457/1854 747/455/1854 748/456/1854
f 751/458/1855 748/456/1855 746/269/1855
f 753/459/1856 750/457/1856 751/458/1856
f 754/460/1857 751/458/1857 749/166/1857
f 716/461/1858 753/459/1858 754/460/1858
f 718/462/1859 754/460/1859 752/271/1859
f 599/376/1860 391/297/1860 403/295/1860
f 599/356/1861 603/357/1861 392/275/1861
f 635/205/1862 714/131/1862 677/134/1862
f 602/98/1863 600/99/1863 677/99/1863
f 603/357/1864 606/359/1864 393/277/1864
f 602/98/1865 681/404/1865 684/177/1865
f 606/359/1866 609/360/1866 394/279/1866
f 605/103/1867 684/177/1867 687/409/1867
f 609/360/1868 612/362/1868 395/281/1868
f 608/106/1869 687/409/1869 690/109/1869
f 612/362/1870 615/364/1870 396/283/1870
f 611/109/1871 690/109/1871 693/112/1871
f 615/364/1872 618/366/1872 397/286/1872
f 614/361/1873 693/112/1873 696/416/1873
f 621/368/678 398/285/678 397/286/678
f 617/363/1874 696/416/1874 699/116/1874
f 624/367/1875 399/287/1875 398/285/1875
f 623/195/1876 620/192/1876 699/116/1876
f 627/369/1877 400/289/1877 399/287/1877
f 626/124/1878 623/195/1878 702/118/1878
f 630/370/1879 401/291/1879 400/289/1879
f 629/371/1880 626/124/1880 705/124/1880
f 633/372/1881 402/293/1881 401/291/1881
f 632/373/1882 629/371/1882 708/127/1882
f 636/374/1883 403/295/1883 402/293/1883
f 635/205/1884 632/373/1884 711/373/1884
f 482/463/1885 639/400/1885 674/399/1885
f 675/398/1886 638/170/1886 717/170/1886
f 482/343/1887 483/342/1887 641/380/1887
f 642/377/1888 719/136/1888 717/137/1888
f 483/342/1889 484/344/1889 644/382/1889
f 645/381/1890 722/142/1890 719/136/1890
f 484/344/1891 485/345/1891 647/384/1891
f 645/381/1892 648/383/1892 725/440/1892
f 485/345/1893 486/346/1893 650/386/1893
f 648/383/1894 651/385/1894 728/443/1894
f 486/346/1895 487/347/1895 653/387/1895
f 651/385/1896 654/149/1896 731/446/1896
f 487/347/1897 488/348/1897 656/389/1897
f 654/149/1898 657/152/1898 734/388/1898
f 489/349/704 659/391/704 656/389/704
f 657/152/1899 660/156/1899 737/155/1899
f 490/350/1900 662/393/1900 659/391/1900
f 663/392/1901 740/159/1901 737/155/1901
f 491/351/1902 665/394/1902 662/393/1902
f 666/161/1903 743/227/1903 740/159/1903
f 492/352/1904 668/396/1904 665/394/1904
f 669/395/1905 746/269/1905 743/227/1905
f 493/353/1906 671/397/1906 668/396/1906
f 669/395/1907 672/270/1907 749/166/1907
f 494/355/1908 674/399/1908 671/397/1908
f 672/270/1909 675/398/1909 752/271/1909
f 507/295/1910 495/297/1910 678/430/1910
f 678/401/1911 495/272/1911 496/275/1911
f 680/405/1912 496/275/1912 497/277/1912
f 683/407/1913 497/277/1913 498/279/1913
f 686/410/1914 498/279/1914 499/281/1914
f 689/412/1915 499/281/1915 500/283/1915
f 692/414/1916 500/283/1916 501/286/1916
f 695/418/723 501/286/723 502/285/723
f 502/285/1917 503/287/1917 701/420/1917
f 503/287/1918 504/289/1918 704/422/1918
f 504/289/1919 505/291/1919 707/424/1919
f 505/291/1920 506/293/1920 710/426/1920
f 506/293/1921 507/295/1921 713/428/1921
f 753/459/1922 716/461/1922 586/463/1922
f 586/343/1923 716/432/1923 720/434/1923
f 587/342/1924 720/434/1924 723/437/1924
f 588/344/1925 723/437/1925 726/439/1925
f 589/345/1926 726/439/1926 729/442/1926
f 590/346/1927 729/442/1927 732/445/1927
f 591/347/1928 732/445/1928 735/448/1928
f 735/448/736 738/450/736 593/349/736
f 738/450/1929 741/451/1929 594/350/1929
f 741/451/1930 744/453/1930 595/351/1930
f 744/453/1931 747/455/1931 596/352/1931
f 747/455/1932 750/457/1932 597/353/1932
f 750/457/1933 753/459/1933 598/355/1933
f 755/465/1934 756/468/1934 769/466/1934
f 756/468/1935 757/470/1935 770/469/1935
f 757/470/1936 758/472/1936 771/471/1936
f 758/472/1937 759/474/1937 772/473/1937
f 759/474/1938 760/476/1938 773/475/1938
f 760/476/1939 761/478/1939 774/477/1939
f 761/478/748 762/481/748 775/479/748
f 763/480/1940 776/483/1940 775/479/1940
f 764/482/1941 777/485/1941 776/483/1941
f 765/484/1942 778/487/1942 777/485/1942
f 766/486/1943 779/489/1943 778/487/1943
f 767/488/1944 780/491/1944 779/489/1944
f 755/490/1945 768/504/1945 780/491/1945
f 768/467/1946 769/466/1946 782/492/1946
f 769/466/1947 770/469/1947 783/494/1947
f 770/469/1948 771/471/1948 784/495/1948
f 771/471/1949 772/473/1949 785/496/1949
f 772/473/1950 773/475/1950 786/497/1950
f 773/475/1951 774/477/1951 787/498/1951
f 775/479/761 788/499/761 787/498/761
f 776/483/1952 789/500/1952 788/499/1952
f 777/485/1953 790/501/1953 789/500/1953
f 778/487/1954 791/502/1954 790/501/1954
f 779/489/1955 792/503/1955 791/502/1955
f 780/491/1956 793/505/1956 792/503/1956
f 768/504/1957 781/518/1957 793/505/1957
f 781/493/1958 782/492/1958 795/506/1958
f 782/492/1959 783/494/1959 796/508/1959
f 783/494/1960 784/495/1960 797/509/1960
f 784/495/1961 785/496/1961 798/510/1961
f 785/496/1962 786/497/1962 799/511/1962
f 786/497/1963 787/498/1963 800/512/1963
f 788/499/774 801/513/774 800/512/774
f 789/500/1964 802/514/1964 801/513/1964
f 790/501/1965 803/515/1965 802/514/1965
f 791/502/1966 804/516/1966 803/515/1966
f 792/503/1967 805/517/1967 804/516/1967
f 793/505/1968 806/519/1968 805/517/1968
f 781/518/1969 794/532/1969 806/519/1969
f 794/507/1970 795/506/1970 808/520/1970
f 795/506/1971 796/508/1971 809/522/1971
f 796/508/1972 797/509/1972 810/523/1972
f 797/509/1973 798/510/1973 811/524/1973
f 798/510/1974 799/511/1974 812/525/1974
f 799/511/1975 800/512/1975 813/526/1975
f 801/513/787 814/527/787 813/526/787
f 802/514/1976 815/528/1976 814/527/1976
f 803/515/1977 816/529/1977 815/528/1977
f 804/516/1978 817/530/1978 816/529/1978
f 805/517/1979 818/531/1979 817/530/1979
f 806/519/1980 819/533/1980 818/531/1980
f 794/532/1981 807/546/1981 819/533/1981
f 807/521/1982 808/520/1982 821/534/1982
f 808/520/1983 809/522/1983 822/536/1983
f 809/522/1984 810/523/1984 823/537/1984
f 810/523/1985 811/524/1985 824/538/1985
f 811/524/1986 812/525/1986 825/539/1986
f 812/525/1987 813/526/1987 826/540/1987
f 814/527/800 827/541/800 826/540/800
f 815/528/1988 828/542/1988 827/541/1988
f 816/529/1989 829/543/1989 828/542/1989
f 817/530/1990 830/544/1990 829/543/1990
f 818/531/1991 831/545/1991 830/544/1991
f 819/533/1992 832/547/1992 831/545/1992
f 807/546/1993 820/643/1993 832/547/1993
f 833/465/1994 846/467/1994 847/466/1994
f 834/468/1995 847/466/1995 848/469/1995
f 835/470/1996 848/469/1996 849/471/1996
f 836/472/1997 849/471/1997 850/473/1997
f 837/474/1998 850/473/1998 851/475/1998
f 838/476/1999 851/475/1999 852/477/1999
f 852/477/813 853/479/813 840/481/813
f 853/479/2000 854/483/2000 841/480/2000
f 854/483/2001 855/485/2001 842/482/2001
f 855/485/2002 856/487/2002 843/484/2002
f 856/487/2003 857/489/2003 844/486/2003
f 857/489/2004 858/491/2004 845/488/2004
f 858/491/2005 846/504/2005 833/490/2005
f 846/467/2006 859/493/2006 860/492/2006
f 847/466/2007 860/492/2007 861/494/2007
f 848/469/2008 861/494/2008 862/495/2008
f 849/471/2009 862/495/2009 863/496/2009
f 850/473/2010 863/496/2010 864/497/2010
f 851/475/2011 864/497/2011 865/498/2011
f 865/498/826 866/499/826 853/479/826
f 866/499/2012 867/500/2012 854/483/2012
f 867/500/2013 868/501/2013 855/485/2013
f 868/501/2014 869/502/2014 856/487/2014
f 869/502/2015 870/503/2015 857/489/2015
f 870/503/2016 871/505/2016 858/491/2016
f 871/505/2017 859/518/2017 846/504/2017
f 859/493/2018 872/507/2018 873/506/2018
f 860/492/2019 873/506/2019 874/508/2019
f 861/494/2020 874/508/2020 875/509/2020
f 862/495/2021 875/509/2021 876/510/2021
f 863/496/2022 876/510/2022 877/511/2022
f 864/497/2023 877/511/2023 878/512/2023
f 878/512/839 879/513/839 866/499/839
f 879/513/2024 880/514/2024 867/500/2024
f 880/514/2025 881/515/2025 868/501/2025
f 881/515/2026 882/516/2026 869/502/2026
f 882/516/2027 883/517/2027 870/503/2027
f 883/517/2028 884/519/2028 871/505/2028
f 884/519/2029 872/532/2029 859/518/2029
f 872/507/2030 885/521/2030 886/520/2030
f 873/506/2031 886/520/2031 887/522/2031
f 874/508/2032 887/522/2032 888/523/2032
f 875/509/2033 888/523/2033 889/524/2033
f 876/510/2034 889/524/2034 890/525/2034
f 877/511/2035 890/525/2035 891/526/2035
f 891/526/852 892/527/852 879/513/852
f 892/527/2036 893/528/2036 880/514/2036
f 893/528/2037 894/529/2037 881/515/2037
f 894/529/2038 895/530/2038 882/516/2038
f 895/530/2039 896/531/2039 883/517/2039
f 896/531/2040 897/533/2040 884/519/2040
f 897/533/2041 885/546/2041 872/532/2041
f 885/521/2042 898/535/2042 899/534/2042
f 886/520/2043 899/534/2043 900/536/2043
f 887/522/2044 900/536/2044 901/537/2044
f 888/523/2045 901/537/2045 902/538/2045
f 889/524/2046 902/538/2046 903/539/2046
f 890/525/2047 903/539/2047 904/540/2047
f 904/540/865 905/541/865 892/527/865
f 905/541/2048 906/542/2048 893/528/2048
f 906/542/2049 907/543/2049 894/529/2049
f 907/543/2050 908/544/2050 895/530/2050
f 908/544/2051 909/545/2051 896/531/2051
f 909/545/2052 910/547/2052 897/533/2052
f 910/547/2053 898/643/2053 885/546/2053
f 914/98/2054 916/98/2054 913/99/2054
f 916/98/2055 915/550/2055 911/548/2055
f 917/549/2056 919/177/2056 916/98/2056
f 919/177/2057 918/551/2057 915/550/2057
f 920/106/2058 922/106/2058 919/177/2058
f 922/106/2059 921/553/2059 918/551/2059
f 923/108/2060 925/552/2060 922/106/2060
f 925/552/2061 924/554/2061 921/553/2061
f 926/361/2062 928/361/2062 925/552/2062
f 928/361/2063 927/555/2063 924/554/2063
f 929/246/2064 931/246/2064 928/361/2064
f 931/246/2065 930/556/2065 927/555/2065
f 932/192/884 934/116/884 931/246/884
f 934/116/885 933/558/885 930/556/885
f 932/192/2066 935/118/2066 937/121/2066
f 934/116/2067 937/121/2067 936/557/2067
f 935/118/2068 938/122/2068 940/198/2068
f 937/121/2069 940/198/2069 939/559/2069
f 938/122/2070 941/560/2070 943/560/2070
f 940/198/2071 943/560/2071 942/561/2071
f 941/560/2072 944/128/2072 946/373/2072
f 943/560/2073 946/373/2073 945/562/2073
f 944/128/2074 947/133/2074 949/563/2074
f 946/373/2075 949/563/2075 948/564/2075
f 947/133/2076 912/134/2076 913/375/2076
f 949/563/2077 913/375/2077 911/565/2077
f 954/136/2078 950/137/2078 952/137/2078
f 955/136/2079 952/137/2079 951/566/2079
f 957/142/2080 954/136/2080 955/136/2080
f 958/142/2081 955/136/2081 953/567/2081
f 960/145/2082 957/142/2082 958/142/2082
f 961/267/2083 958/142/2083 956/568/2083
f 963/147/2084 960/145/2084 961/267/2084
f 964/147/2085 961/267/2085 959/569/2085
f 966/149/2086 963/147/2086 964/147/2086
f 967/446/2087 964/147/2087 962/570/2087
f 969/572/2088 966/149/2088 967/446/2088
f 970/153/2089 967/446/2089 965/571/2089
f 969/572/910 970/153/910 973/155/910
f 970/153/911 968/573/911 971/574/911
f 972/155/2090 973/155/2090 976/575/2090
f 973/155/2091 971/574/2091 974/576/2091
f 975/159/2092 976/575/2092 979/161/2092
f 976/575/2093 974/576/2093 977/577/2093
f 978/161/2094 979/161/2094 982/164/2094
f 979/161/2095 977/577/2095 980/579/2095
f 981/578/2096 982/164/2096 985/270/2096
f 982/164/2097 980/579/2097 983/580/2097
f 984/270/2098 985/270/2098 988/581/2098
f 985/270/2099 983/580/2099 986/582/2099
f 987/271/2100 988/581/2100 952/170/2100
f 988/581/2101 986/582/2101 951/583/2101
f 990/584/2102 992/587/2102 994/585/2102
f 991/586/2103 994/585/2103 993/100/2103
f 992/587/2104 995/589/2104 997/588/2104
f 994/585/2105 997/588/2105 996/177/2105
f 995/589/2106 998/591/2106 1000/590/2106
f 997/588/2107 1000/590/2107 999/409/2107
f 998/591/2108 1001/593/2108 1003/592/2108
f 1000/590/2109 1003/592/2109 1002/109/2109
f 1001/593/2110 1004/595/2110 1006/594/2110
f 1003/592/2111 1006/594/2111 1005/111/2111
f 1004/595/2112 1007/598/2112 1009/596/2112
f 1006/594/2113 1009/596/2113 1008/114/2113
f 1010/597/936 1012/599/936 1009/596/936
f 1012/599/937 1011/116/937 1008/114/937
f 1013/600/2114 1015/601/2114 1012/599/2114
f 1015/601/2115 1014/118/2115 1011/116/2115
f 1016/602/2116 1018/603/2116 1015/601/2116
f 1018/603/2117 1017/122/2117 1014/118/2117
f 1019/604/2118 1021/605/2118 1018/603/2118
f 1021/605/2119 1020/125/2119 1017/122/2119
f 1022/606/2120 1024/607/2120 1021/605/2120
f 1024/607/2121 1023/128/2121 1020/125/2121
f 1025/608/2122 1027/609/2122 1024/607/2122
f 1027/609/2123 1026/131/2123 1023/128/2123
f 990/610/2124 991/611/2124 1027/609/2124
f 991/611/2125 989/134/2125 1026/131/2125
f 1028/612/2126 1030/615/2126 1033/613/2126
f 1030/615/2127 1029/137/2127 1031/378/2127
f 1032/614/2128 1033/613/2128 1036/616/2128
f 1033/613/2129 1031/378/2129 1034/141/2129
f 1035/617/2130 1036/616/2130 1039/618/2130
f 1036/616/2131 1034/141/2131 1037/267/2131
f 1038/619/2132 1039/618/2132 1042/620/2132
f 1039/618/2133 1037/267/2133 1040/147/2133
f 1041/621/2134 1042/620/2134 1045/622/2134
f 1042/620/2135 1040/147/2135 1043/446/2135
f 1044/623/2136 1045/622/2136 1048/624/2136
f 1045/622/2137 1043/446/2137 1046/626/2137
f 1047/625/962 1048/624/962 1051/627/962
f 1048/624/963 1046/626/963 1049/268/963
f 1053/629/2138 1050/628/2138 1051/627/2138
f 1054/630/2139 1051/627/2139 1049/268/2139
f 1056/631/2140 1053/629/2140 1054/630/2140
f 1057/632/2141 1054/630/2141 1052/392/2141
f 1059/634/2142 1056/631/2142 1057/632/2142
f 1060/635/2143 1057/632/2143 1055/633/2143
f 1062/636/2144 1059/634/2144 1060/635/2144
f 1063/637/2145 1060/635/2145 1058/269/2145
f 1065/639/2146 1062/636/2146 1063/637/2146
f 1066/640/2147 1063/637/2147 1061/638/2147
f 1028/641/2148 1065/639/2148 1066/640/2148
f 1030/642/2149 1066/640/2149 1064/271/2149
f 948/564/2150 911/565/2150 755/490/2150
f 915/550/2151 756/468/2151 755/465/2151
f 947/133/2152 1026/131/2152 989/134/2152
f 914/98/2153 912/99/2153 989/99/2153
f 915/550/2154 918/551/2154 757/470/2154
f 917/549/2155 914/98/2155 993/100/2155
f 918/551/2156 921/553/2156 758/472/2156
f 917/549/2157 996/177/2157 999/409/2157
f 921/553/2158 924/554/2158 759/474/2158
f 920/106/2159 999/409/2159 1002/109/2159
f 924/554/2160 927/555/2160 760/476/2160
f 923/108/2161 1002/109/2161 1005/111/2161
f 927/555/2162 930/556/2162 761/478/2162
f 926/361/2163 1005/111/2163 1008/114/2163
f 933/558/990 762/481/990 761/478/990
f 929/246/2164 1008/114/2164 1011/116/2164
f 936/557/2165 763/480/2165 762/481/2165
f 935/118/2166 932/192/2166 1011/116/2166
f 939/559/2167 764/482/2167 763/480/2167
f 938/122/2168 935/118/2168 1014/118/2168
f 942/561/2169 765/484/2169 764/482/2169
f 941/560/2170 938/122/2170 1017/122/2170
f 945/562/2171 766/486/2171 765/484/2171
f 944/128/2172 941/560/2172 1020/125/2172
f 948/564/2173 767/488/2173 766/486/2173
f 944/128/2174 1023/128/2174 1026/131/2174
f 820/643/2175 951/583/2175 986/582/2175
f 987/271/2176 950/170/2176 1029/170/2176
f 820/535/2177 821/534/2177 953/567/2177
f 954/136/2178 1031/378/2178 1029/137/2178
f 821/534/2179 822/536/2179 956/568/2179
f 957/142/2180 1034/141/2180 1031/378/2180
f 822/536/2181 823/537/2181 959/569/2181
f 957/142/2182 960/145/2182 1037/267/2182
f 823/537/2183 824/538/2183 962/570/2183
f 960/145/2184 963/147/2184 1040/147/2184
f 824/538/2185 825/539/2185 965/571/2185
f 963/147/2186 966/149/2186 1043/446/2186
f 825/539/2187 826/540/2187 968/573/2187
f 966/149/2188 969/572/2188 1046/626/2188
f 827/541/1016 971/574/1016 968/573/1016
f 972/155/1017 1049/268/1017 1046/626/1017
f 828/542/2189 974/576/2189 971/574/2189
f 975/159/2190 1052/392/2190 1049/268/2190
f 829/543/2191 977/577/2191 974/576/2191
f 978/161/2192 1055/633/2192 1052/392/2192
f 830/544/2193 980/579/2193 977/577/2193
f 981/578/2194 1058/269/2194 1055/633/2194
f 831/545/2195 983/580/2195 980/579/2195
f 981/578/2196 984/270/2196 1061/638/2196
f 832/547/2197 986/582/2197 983/580/2197
f 984/270/2198 987/271/2198 1064/271/2198
f 845/488/2199 833/490/2199 990/610/2199
f 990/584/2200 833/465/2200 834/468/2200
f 992/587/2201 834/468/2201 835/470/2201
f 995/589/2202 835/470/2202 836/472/2202
f 998/591/2203 836/472/2203 837/474/2203
f 1001/593/2204 837/474/2204 838/476/2204
f 1004/595/2205 838/476/2205 839/478/2205
f 839/478/1035 840/481/1035 1010/597/1035
f 840/481/2206 841/480/2206 1013/600/2206
f 841/480/2207 842/482/2207 1016/602/2207
f 842/482/2208 843/484/2208 1019/604/2208
f 843/484/2209 844/486/2209 1022/606/2209
f 844/486/2210 845/488/2210 1025/608/2210
f 1065/639/2211 1028/641/2211 898/643/2211
f 898/535/2212 1028/612/2212 1032/614/2212
f 899/534/2213 1032/614/2213 1035/617/2213
f 900/536/2214 1035/617/2214 1038/619/2214
f 901/537/2215 1038/619/2215 1041/621/2215
f 902/538/2216 1041/621/2216 1044/623/2216
f 903/539/2217 1044/623/2217 1047/625/2217
f 1047/625/1048 1050/628/1048 905/541/1048
f 1050/628/2218 1053/629/2218 906/542/2218
f 1053/629/2219 1056/631/2219 907/543/2219
f 1056/631/2220 1059/634/2220 908/544/2220
f 1059/634/2221 1062/636/2221 909/545/2221
f 1062/636/2222 1065/639/2222 910/547/2222
usemtl iron
f 339/99/339 353/239/339 352/240/339
f 340/98/340 354/241/340 353/239/340
f 342/106/341 354/241/341 341/103/341
f 342/106/342 356/242/342 355/243/342
f 344/112/343 356/242/343 343/109/343
f 344/112/344 358/244/344 357/245/344
f 346/116/345 358/244/345 345/246/345
f 346/116/346 360/247/346 359/248/346
f 347/118/347 361/249/347 360/247/347
f 349/127/348 361/249/348 348/124/348
f 350/128/349 362/250/349 349/127/349
f 351/205/350 363/251/350 350/128/350
f 339/134/351 364/252/351 351/205/351
f 353/239/352 365/253/352 352/240/352
f 354/241/353 366/254/353 353/239/353
f 355/243/354 367/255/354 354/241/354
f 355/243/355 369/256/355 368/257/355
f 357/245/356 369/256/356 356/242/356
f 357/245/357 371/258/357 370/259/357
f 359/248/358 371/258/358 358/244/358
f 360/247/359 372/260/359 359/248/359
f 360/247/360 374/261/360 373/262/360
f 362/250/361 374/261/361 361/249/361
f 362/250/362 376/263/362 375/264/362
f 364/252/363 376/263/363 363/251/363
f 364/252/364 365/265/364 377/266/364
f 366/254/365 378/137/365 365/253/365
f 367/255/366 379/136/366 366/254/366
f 367/255/367 381/267/367 380/142/367
f 369/256/368 381/267/368 368/257/368
f 369/256/369 383/149/369 382/147/369
f 371/258/370 383/149/370 370/259/370
f 372/260/371 384/153/371 371/258/371
f 373/262/372 385/268/372 372/260/372
f 373/262/373 387/161/373 386/159/373
f 375/264/374 387/161/374 374/261/374
f 376/263/375 388/269/375 375/264/375
f 377/266/376 389/270/376 376/263/376
f 365/265/377 390/271/377 377/266/377
f 1068/98/1054 1080/240/1054 1067/99/1054
f 1068/98/1055 1082/241/1055 1081/239/1055
f 1070/106/1056 1082/241/1056 1069/103/1056
f 1071/109/1057 1083/243/1057 1070/106/1057
f 1072/112/1058 1084/242/1058 1071/109/1058
f 1073/246/1059 1085/245/1059 1072/112/1059
f 1074/116/1060 1086/244/1060 1073/246/1060
f 1074/116/1061 1088/247/1061 1087/248/1061
f 1075/118/1062 1089/249/1062 1088/247/1062
f 1077/127/1063 1089/249/1063 1076/124/1063
f 1077/127/1064 1091/251/1064 1090/250/1064
f 1079/205/1065 1091/251/1065 1078/128/1065
f 1067/134/1066 1092/252/1066 1079/205/1066
f 1080/240/1067 1094/254/1067 1093/253/1067
f 1081/239/1068 1095/255/1068 1094/254/1068
f 1083/243/1069 1095/255/1069 1082/241/1069
f 1083/243/1070 1097/256/1070 1096/257/1070
f 1085/245/1071 1097/256/1071 1084/242/1071
f 1086/244/1072 1098/259/1072 1085/245/1072
f 1087/248/1073 1099/258/1073 1086/244/1073
f 1088/247/1074 1100/260/1074 1087/248/1074
f 1089/249/1075 1101/262/1075 1088/247/1075
f 1090/250/1076 1102/261/1076 1089/249/1076
f 1091/251/1077 1103/264/1077 1090/250/1077
f 1092/252/1078 1104/263/1078 1091/251/1078
f 1080/312/1079 1105/266/1079 1092/252/1079
f 1093/253/1080 1107/136/1080 1106/137/1080
f 1095/255/1081 1107/136/1081 1094/254/1081
f 1096/257/1082 1108/142/1082 1095/255/1082
f 1096/257/1083 1110/147/1083 1109/267/1083
f 1098/259/1084 1110/147/1084 1097/256/1084
f 1099/258/1085 1111/149/1085 1098/259/1085
f 1100/260/1086 1112/153/1086 1099/258/1086
f 1101/262/1087 1113/268/1087 1100/260/1087
f 1102/261/1088 1114/159/1088 1101/262/1088
f 1103/264/1089 1115/161/1089 1102/261/1089
f 1104/263/1090 1116/269/1090 1103/264/1090
f 1104/263/1091 1118/271/1091 1117/270/1091
f 1093/265/1092 1118/271/1092 1105/266/1092
f 1254/644/1093 1257/645/1093 1251/646/1093
f 1256/647/1094 1254/648/1094 1252/649/1094
f 1253/650/1095 1255/651/1095 1256/652/1095
f 1261/653/1096 1264/654/1096 1258/655/1096
f 1259/656/1097 1262/657/1097 1261/658/1097
f 1264/654/1098 1263/659/1098 1260/660/1098
f 1268/661/1099 1271/662/1099 1265/663/1099
f 1266/664/1100 1269/665/1100 1268/666/1100
f 1271/662/1101 1270/667/1101 1267/668/1101
f 1275/669/1102 1278/670/1102 1272/671/1102
f 1273/672/1103 1276/673/1103 1275/674/1103
f 1278/670/1104 1277/675/1104 1274/676/1104
f 1282/677/1105 1285/678/1105 1279/679/1105
f 1280/680/1106 1283/681/1106 1282/682/1106
f 1285/678/1107 1284/683/1107 1281/684/1107
f 1289/685/1108 1292/686/1108 1286/687/1108
f 1287/688/1109 1290/689/1109 1289/690/1109
f 1292/686/1110 1291/691/1110 1288/692/1110
f 1296/693/1111 1299/694/1111 1293/695/1111
f 1294/696/1112 1297/697/1112 1296/698/1112
f 1299/694/1113 1298/699/1113 1295/700/1113
f 1303/701/1114 1306/702/1114 1300/703/1114
f 1301/704/1115 1304/705/1115 1303/706/1115
f 1306/702/1116 1305/707/1116 1302/708/1116
f 1310/709/1117 1313/710/1117 1307/711/1117
f 1308/712/1118 1311/713/1118 1310/714/1118
f 1313/710/1119 1312/715/1119 1309/716/1119
f 1317/717/1120 1320/718/1120 1314/719/1120
f 1315/720/1121 1318/721/1121 1317/722/1121
f 1320/718/1122 1319/723/1122 1316/724/1122
f 1324/725/1123 1327/726/1123 1321/727/1123
f 1322/728/1124 1325/729/1124 1324/730/1124
f 1327/726/1125 1326/731/1125 1323/732/1125
f 1120/733/1126 1154/734/1126 1153/735/1126
f 1154/736/1127 1119/737/1127 1152/738/1127
f 1122/739/1128 1157/740/1128 1124/741/1128
f 1157/740/1129 1123/742/1129 1124/741/1129
f 1125/743/1130 1160/744/1130 1127/745/1130
f 1160/744/1131 1126/746/1131 1127/745/1131
f 1128/747/1132 1163/748/1132 1130/749/1132
f 1163/748/1133 1129/750/1133 1130/749/1133
f 1131/751/1134 1166/752/1134 1133/753/1134
f 1166/752/1135 1132/754/1135 1133/753/1135
f 1134/755/1136 1169/756/1136 1136/757/1136
f 1169/756/1137 1135/758/1137 1136/757/1137
f 1137/759/1138 1172/760/1138 1139/761/1138
f 1172/760/1139 1138/762/1139 1139/761/1139
f 1140/763/1140 1175/764/1140 1142/765/1140
f 1175/764/1141 1141/766/1141 1142/765/1141
f 1143/767/1142 1178/768/1142 1145/769/1142
f 1178/768/1143 1144/770/1143 1145/769/1143
f 1146/771/1144 1181/772/1144 1148/773/1144
f 1181/772/1145 1147/774/1145 1148/773/1145
f 1149/775/1146 1184/776/1146 1151/777/1146
f 1184/776/1147 1150/778/1147 1151/777/1147
f 1153/735/1148 1187/779/1148 1186/780/1148
f 1187/781/1149 1152/738/1149 1185/782/1149
f 1155/783/1150 1190/784/1150 1157/740/1150
f 1190/784/1151 1156/785/1151 1157/740/1151
f 1158/786/1152 1193/787/1152 1160/744/1152
f 1193/787/1153 1159/788/1153 1160/744/1153
f 1161/789/1154 1196/790/1154 1163/748/1154
f 1196/790/1155 1162/791/1155 1163/748/1155
f 1164/792/1156 1199/793/1156 1166/752/1156
f 1199/793/1157 1165/794/1157 1166/752/1157
f 1167/795/1158 1202/796/1158 1169/756/1158
f 1202/796/1159 1168/797/1159 1169/756/1159
f 1170/798/1160 1205/799/1160 1172/760/1160
f 1205/799/1161 1171/800/1161 1172/760/1161
f 1173/801/1162 1208/802/1162 1175/764/1162
f 1208/802/1163 1174/803/1163 1175/764/1163
f 1176/804/1164 1211/805/1164 1178/768/1164
f 1211/805/1165 1177/806/1165 1178/768/1165
f 1179/807/1166 1214/808/1166 1181/772/1166
f 1214/808/1167 1180/809/1167 1181/772/1167
f 1182/810/1168 1217/811/1168 1184/776/1168
f 1217/811/1169 1183/812/1169 1184/776/1169
f 1186/780/1170 1220/813/1170 1219/814/1170
f 1220/815/1171 1185/782/1171 1218/816/1171
f 1188/817/1172 1223/818/1172 1190/784/1172
f 1223/818/1173 1189/819/1173 1190/784/1173
f 1191/820/1174 1226/821/1174 1193/787/1174
f 1226/821/1175 1192/822/1175 1193/787/1175
f 1194/823/1176 1229/824/1176 1196/790/1176
f 1229/824/1177 1195/825/1177 1196/790/1177
f 1197/826/1178 1232/827/1178 1199/793/1178
f 1232/827/1179 1198/828/1179 1199/793/1179
f 1200/829/1180 1235/830/1180 1202/796/1180
f 1235/830/1181 1201/831/1181 1202/796/1181
f 1203/832/1182 1238/833/1182 1205/799/1182
f 1238/833/1183 1204/834/1183 1205/799/1183
f 1206/835/1184 1241/836/1184 1208/802/1184
f 1241/836/1185 1207/837/1185 1208/802/1185
f 1209/838/1186 1244/839/1186 1211/805/1186
f 1244/839/1187 1210/840/1187 1211/805/1187
f 1212/841/1188 1247/842/1188 1214/808/1188
f 1247/842/1189 1213/843/1189 1214/808/1189
f 1215/844/1190 1250/845/1190 1217/811/1190
f 1250/845/1191 1216/846/1191 1217/811/1191
f 1219/814/1192 1254/644/1192 1251/646/1192
f 1254/648/1193 1218/816/1193 1252/649/1193
f 1221/847/1194 1264/654/1194 1223/818/1194
f 1264/654/1195 1222/848/1195 1223/818/1195
f 1259/656/1196 1256/652/1196 1263/849/1196
f 1263/659/1197 1252/649/1197 1260/660/1197
f 1224/850/1198 1271/662/1198 1226/821/1198
f 1271/662/1199 1225/851/1199 1226/821/1199
f 1266/664/1200 1261/658/1200 1270/852/1200
f 1270/667/1201 1258/655/1201 1267/668/1201
f 1227/853/1202 1278/670/1202 1229/824/1202
f 1278/670/1203 1228/854/1203 1229/824/1203
f 1273/672/1204 1268/666/1204 1277/855/1204
f 1277/675/1205 1265/663/1205 1274/676/1205
f 1230/856/1206 1285/678/1206 1232/827/1206
f 1285/678/1207 1231/857/1207 1232/827/1207
f 1280/680/1208 1275/674/1208 1284/858/1208
f 1284/683/1209 1272/671/1209 1281/684/1209
f 1233/859/1210 1292/686/1210 1235/830/1210
f 1292/686/1211 1234/860/1211 1235/830/1211
f 1287/688/1212 1282/682/1212 1291/861/1212
f 1291/691/1213 1279/679/1213 1288/692/1213
f 1236/862/1214 1299/694/1214 1238/833/1214
f 1299/694/1215 1237/863/1215 1238/833/1215
f 1287/688/1216 1298/864/1216 1294/696/1216
f 1289/685/1217 1295/700/1217 1298/699/1217
f 1239/865/1218 1306/702/1218 1241/836/1218
f 1306/702/1219 1240/866/1219 1241/836/1219
f 1294/696/1220 1305/867/1220 1301/704/1220
f 1296/693/1221 1302/708/1221 1305/707/1221
f 1242/868/1222 1313/710/1222 1244/839/1222
f 1313/710/1223 1243/869/1223 1244/839/1223
f 1301/704/1224 1312/870/1224 1308/712/1224
f 1303/701/1225 1309/716/1225 1312/715/1225
f 1245/871/1226 1320/718/1226 1247/842/1226
f 1320/718/1227 1246/872/1227 1247/842/1227
f 1308/712/1228 1319/873/1228 1315/720/1228
f 1310/709/1229 1316/724/1229 1319/723/1229
f 1248/874/1230 1327/726/1230 1250/845/1230
f 1327/726/1231 1249/875/1231 1250/845/1231
f 1315/720/1232 1326/876/1232 1322/728/1232
f 1317/717/1233 1323/732/1233 1326/731/1233
f 1322/728/1234 1257/877/1234 1253/650/1234
f 1324/725/1235 1251/646/1235 1257/645/1235
f 1120/733/1236 1182/810/1236 1149/775/1236
f 1119/737/1237 1156/785/1237 1152/738/1237
f 1122/739/1238 1159/788/1238 1155/783/1238
f 1125/743/1239 1162/791/1239 1158/786/1239
f 1128/747/1240 1165/794/1240 1161/789/1240
f 1131/751/1241 1168/797/1241 1164/792/1241
f 1138/762/1242 1167/795/1242 1134/755/1242
f 1141/766/1243 1170/798/1243 1137/759/1243
f 1144/770/1244 1173/801/1244 1140/763/1244
f 1147/774/1245 1176/804/1245 1143/767/1245
f 1150/778/1246 1179/807/1246 1146/771/1246
f 1153/735/1247 1215/844/1247 1182/810/1247
f 1152/738/1248 1189/819/1248 1185/782/1248
f 1155/783/1249 1192/822/1249 1188/817/1249
f 1158/786/1250 1195/825/1250 1191/820/1250
f 1161/789/1251 1198/828/1251 1194/823/1251
f 1164/792/1252 1201/831/1252 1197/826/1252
f 1171/800/1253 1200/829/1253 1167/795/1253
f 1174/803/1254 1203/832/1254 1170/798/1254
f 1177/806/1255 1206/835/1255 1173/801/1255
f 1180/809/1256 1209/838/1256 1176/804/1256
f 1183/812/1257 1212/841/1257 1179/807/1257
f 1186/780/1258 1248/874/1258 1215/844/1258
f 1185/782/1259 1222/848/1259 1218/816/1259
f 1188/817/1260 1225/851/1260 1221/847/1260
f 1191/820/1261 1228/854/1261 1224/850/1261
f 1194/823/1262 1231/857/1262 1227/853/1262
f 1197/826/1263 1234/860/1263 1230/856/1263
f 1204/834/1264 1233/859/1264 1200/829/1264
f 1207/837/1265 1236/862/1265 1203/832/1265
f 1210/840/1266 1239/865/1266 1206/835/1266
f 1213/843/1267 1242/868/1267 1209/838/1267
f 1216/846/1268 1245/871/1268 1212/841/1268
f 1219/814/1269 1321/727/1269 1248/874/1269
f 1222/848/1270 1252/649/1270 1218/816/1270
f 1225/851/1271 1258/655/1271 1221/847/1271
f 1228/854/1272 1265/663/1272 1224/850/1272
f 1231/857/1273 1272/671/1273 1227/853/1273
f 1230/856/1274 1288/692/1274 1279/679/1274
f 1237/863/1275 1286/687/1275 1233/859/1275
f 1240/866/1276 1293/695/1276 1236/862/1276
f 1239/865/1277 1309/716/1277 1300/703/1277
f 1242/868/1278 1316/724/1278 1307/711/1278
f 1245/871/1279 1323/732/1279 1314/719/1279
f 1259/656/1280 1287/688/1280 1315/720/1280
f 339/99/339 340/98/339 353/239/339
f 340/98/340 341/103/340 354/241/340
f 342/106/341 355/243/341 354/241/341
f 342/106/342 343/109/342 356/242/342
f 344/112/343 357/245/343 356/242/343
f 344/112/1594 345/246/1594 358/244/1594
f 346/116/345 359/248/345 358/244/345
f 346/116/1595 347/118/1595 360/247/1595
f 347/118/347 348/124/347 361/249/347
f 349/127/348 362/250/348 361/249/348
f 350/128/349 363/251/349 362/250/349
f 351/205/350 364/252/350 363/251/350
f 339/134/351 352/312/351 364/252/351
f 353/239/352 366/254/352 365/253/352
f 354/241/353 367/255/353 366/254/353
f 355/243/354 368/257/354 367/255/354
f 355/243/355 356/242/355 369/256/355
f 357/245/356 370/259/356 369/256/356
f 357/245/357 358/244/357 371/258/357
f 359/248/358 372/260/358 371/258/358
f 360/247/359 373/262/359 372/260/359
f 360/247/360 361/249/360 374/261/360
f 362/250/361 375/264/361 374/261/361
f 362/250/362 363/251/362 376/263/362
f 364/252/363 377/266/363 376/263/363
f 364/252/364 352/312/364 365/265/364
f 366/254/365 379/136/365 378/137/365
f 367/255/366 380/142/366 379/136/366
f 367/255/367 368/257/367 381/267/367
f 369/256/368 382/147/368 381/267/368
f 369/256/369 370/259/369 383/149/369
f 371/258/370 384/153/370 383/149/370
f 372/260/371 385/268/371 384/153/371
f 373/262/372 386/159/372 385/268/372
f 373/262/373 374/261/373 387/161/373
f 375/264/374 388/269/374 387/161/374
f 376/263/375 389/270/375 388/269/375
f 377/266/376 390/271/376 389/270/376
f 365/265/377 378/170/377 390/271/377
f 1068/98/1054 1081/239/1054 1080/240/1054
f 1068/98/1055 1069/103/1055 1082/241/1055
f 1070/106/1056 1083/243/1056 1082/241/1056
f 1071/109/1057 1084/242/1057 1083/243/1057
f 1072/112/1058 1085/245/1058 1084/242/1058
f 1073/246/1059 1086/244/1059 1085/245/1059
f 1074/116/1060 1087/248/1060 1086/244/1060
f 1074/116/1061 1075/118/1061 1088/247/1061
f 1075/118/1062 1076/124/1062 1089/249/1062
f 1077/127/1063 1090/250/1063 1089/249/1063
f 1077/127/1064 1078/128/1064 1091/251/1064
f 1079/205/1065 1092/252/1065 1091/251/1065
f 1067/134/1066 1080/312/1066 1092/252/1066
f 1080/240/1067 1081/239/1067 1094/254/1067
f 1081/239/1068 1082/241/1068 1095/255/1068
f 1083/243/1069 1096/257/1069 1095/255/1069
f 1083/243/1070 1084/242/1070 1097/256/1070
f 1085/245/2223 1098/259/2223 1097/256/2223
f 1086/244/1072 1099/258/1072 1098/259/1072
f 1087/248/1073 1100/260/1073 1099/258/1073
f 1088/247/1074 1101/262/1074 1100/260/1074
f 1089/249/2224 1102/261/2224 1101/262/2224
f 1090/250/1076 1103/264/1076 1102/261/1076
f 1091/251/1077 1104/263/1077 1103/264/1077
f 1092/252/1078 1105/266/1078 1104/263/1078
f 1080/312/1079 1093/265/1079 1105/266/1079
f 1093/253/1080 1094/254/1080 1107/136/1080
f 1095/255/1081 1108/142/1081 1107/136/1081
f 1096/257/1082 1109/267/1082 1108/142/1082
f 1096/257/1083 1097/256/1083 1110/147/1083
f 1098/259/1084 1111/149/1084 1110/147/1084
f 1099/258/1085 1112/153/1085 1111/149/1085
f 1100/260/1086 1113/268/1086 1112/153/1086
f 1101/262/1087 1114/159/1087 1113/268/1087
f 1102/261/1088 1115/161/1088 1114/159/1088
f 1103/264/1089 1116/269/1089 1115/161/1089
f 1104/263/1090 1117/270/1090 1116/269/1090
f 1104/263/1091 1105/266/1091 1118/271/1091
f 1093/265/1092 1106/170/1092 1118/271/1092
f 1254/644/2225 1255/878/2225 1257/645/2225
f 1256/647/2226 1255/879/2226 1254/648/2226
f 1253/650/2227 1257/877/2227 1255/651/2227
f 1261/653/2228 1262/880/2228 1264/654/2228
f 1259/656/2229 1263/849/2229 1262/657/2229
f 1264/654/2230 1262/880/2230 1263/659/2230
f 1268/661/2231 1269/881/2231 1271/662/2231
f 1266/664/2232 1270/852/2232 1269/665/2232
f 1271/662/2233 1269/881/2233 1270/667/2233
f 1275/669/2234 1276/882/2234 1278/670/2234
f 1273/672/2235 1277/855/2235 1276/673/2235
f 1278/670/2236 1276/882/2236 1277/675/2236
f 1282/677/2237 1283/883/2237 1285/678/2237
f 1280/680/2238 1284/858/2238 1283/681/2238
f 1285/678/2239 1283/883/2239 1284/683/2239
f 1289/685/2240 1290/884/2240 1292/686/2240
f 1287/688/2241 1291/861/2241 1290/689/2241
f 1292/686/2242 1290/884/2242 1291/691/2242
f 1296/693/2243 1297/885/2243 1299/694/2243
f 1294/696/2244 1298/864/2244 1297/697/2244
f 1299/694/2245 1297/885/2245 1298/699/2245
f 1303/701/2246 1304/886/2246 1306/702/2246
f 1301/704/2247 1305/867/2247 1304/705/2247
f 1306/702/2248 1304/886/2248 1305/707/2248
f 1310/709/2249 1311/887/2249 1313/710/2249
f 1308/712/2250 1312/870/2250 1311/713/2250
f 1313/710/2251 1311/887/2251 1312/715/2251
f 1317/717/2252 1318/888/2252 1320/718/2252
f 1315/720/2253 1319/873/2253 1318/721/2253
f 1320/718/2254 1318/888/2254 1319/723/2254
f 1324/725/2255 1325/889/2255 1327/726/2255
f 1322/728/2256 1326/876/2256 1325/729/2256
f 1327/726/2257 1325/889/2257 1326/731/2257
f 1120/733/2258 1121/890/2258 1154/734/2258
f 1154/736/2259 1121/891/2259 1119/737/2259
f 1122/739/2260 1155/783/2260 1157/740/2260
f 1157/740/2261 1156/785/2261 1123/742/2261
f 1125/743/2262 1158/786/2262 1160/744/2262
f 1160/744/2263 1159/788/2263 1126/746/2263
f 1128/747/2264 1161/789/2264 1163/748/2264
f 1163/748/2265 1162/791/2265 1129/750/2265
f 1131/751/2266 1164/792/2266 1166/752/2266
f 1166/752/2267 1165/794/2267 1132/754/2267
f 1134/755/2268 1167/795/2268 1169/756/2268
f 1169/756/2269 1168/797/2269 1135/758/2269
f 1137/759/2270 1170/798/2270 1172/760/2270
f 1172/760/2271 1171/800/2271 1138/762/2271
f 1140/763/2272 1173/801/2272 1175/764/2272
f 1175/764/2273 1174/803/2273 1141/766/2273
f 1143/767/2274 1176/804/2274 1178/768/2274
f 1178/768/2275 1177/806/2275 1144/770/2275
f 1146/771/2276 1179/807/2276 1181/772/2276
f 1181/772/2277 1180/809/2277 1147/774/2277
f 1149/775/2278 1182/810/2278 1184/776/2278
f 1184/776/2279 1183/812/2279 1150/778/2279
f 1153/735/2280 1154/734/2280 1187/779/2280
f 1187/781/2281 1154/736/2281 1152/738/2281
f 1155/783/2282 1188/817/2282 1190/784/2282
f 1190/784/2283 1189/819/2283 1156/785/2283
f 1158/786/2284 1191/820/2284 1193/787/2284
f 1193/787/2285 1192/822/2285 1159/788/2285
f 1161/789/2286 1194/823/2286 1196/790/2286
f 1196/790/2287 1195/825/2287 1162/791/2287
f 1164/792/2288 1197/826/2288 1199/793/2288
f 1199/793/2289 1198/828/2289 1165/794/2289
f 1167/795/2290 1200/829/2290 1202/796/2290
f 1202/796/2291 1201/831/2291 1168/797/2291
f 1170/798/2292 1203/832/2292 1205/799/2292
f 1205/799/2293 1204/834/2293 1171/800/2293
f 1173/801/2294 1206/835/2294 1208/802/2294
f 1208/802/2295 1207/837/2295 1174/803/2295
f 1176/804/2296 1209/838/2296 1211/805/2296
f 1211/805/2297 1210/840/2297 1177/806/2297
f 1179/807/2298 1212/841/2298 1214/808/2298
f 1214/808/2299 1213/843/2299 1180/809/2299
f 1182/810/2300 1215/844/2300 1217/811/2300
f 1217/811/2301 1216/846/2301 1183/812/2301
f 1186/780/2302 1187/779/2302 1220/813/2302
f 1220/815/2303 1187/781/2303 1185/782/2303
f 1188/817/2304 1221/847/2304 1223/818/2304
f 1223/818/2305 1222/848/2305 1189/819/2305
f 1191/820/2306 1224/850/2306 1226/821/2306
f 1226/821/2307 1225/851/2307 1192/822/2307
f 1194/823/2308 1227/853/2308 1229/824/2308
f 1229/824/2309 1228/854/2309 1195/825/2309
f 1197/826/2310 1230/856/2310 1232/827/2310
f 1232/827/2311 1231/857/2311 1198/828/2311
f 1200/829/2312 1233/859/2312 1235/830/2312
f 1235/830/2313 1234/860/2313 1201/831/2313
f 1203/832/2314 1236/862/2314 1238/833/2314
f 1238/833/2315 1237/863/2315 1204/834/2315
f 1206/835/2316 1239/865/2316 1241/836/2316
f 1241/836/2317 1240/866/2317 1207/837/2317
f 1209/838/2318 1242/868/2318 1244/839/2318
f 1244/839/2319 1243/869/2319 1210/840/2319
f 1212/841/2320 1245/871/2320 1247/842/2320
f 1247/842/2321 1246/872/2321 1213/843/2321
f 1215/844/2322 1248/874/2322 1250/845/2322
f 1250/845/2323 1249/875/2323 1216/846/2323
f 1219/814/2324 1220/813/2324 1254/644/2324
f 1254/648/2325 1220/815/2325 1218/816/2325
f 1221/847/2326 1258/655/2326 1264/654/2326
f 1264/654/2327 1260/660/2327 1222/848/2327
f 1259/656/2328 1253/650/2328 1256/652/2328
f 1263/659/2329 1256/647/2329 1252/649/2329
f 1224/850/2330 1265/663/2330 1271/662/2330
f 1271/662/2331 1267/668/2331 1225/851/2331
f 1266/664/2332 1259/656/2332 1261/658/2332
f 1270/667/2333 1261/653/2333 1258/655/2333
f 1227/853/2334 1272/671/2334 1278/670/2334
f 1278/670/2335 1274/676/2335 1228/854/2335
f 1273/672/2336 1266/664/2336 1268/666/2336
f 1277/675/2337 1268/661/2337 1265/663/2337
f 1230/856/2338 1279/679/2338 1285/678/2338
f 1285/678/2339 1281/684/2339 1231/857/2339
f 1280/680/2340 1273/672/2340 1275/674/2340
f 1284/683/2341 1275/669/2341 1272/671/2341
f 1233/859/2342 1286/687/2342 1292/686/2342
f 1292/686/2343 1288/692/2343 1234/860/2343
f 1287/688/2344 1280/680/2344 1282/682/2344
f 1291/691/2345 1282/677/2345 1279/679/2345
f 1236/862/2346 1293/695/2346 1299/694/2346
f 1299/694/2347 1295/700/2347 1237/863/2347
f 1287/688/1216 1289/690/1216 1298/864/1216
f 1289/685/2348 1286/687/2348 1295/700/2348
f 1239/865/2349 1300/703/2349 1306/702/2349
f 1306/702/2350 1302/708/2350 1240/866/2350
f 1294/696/2351 1296/698/2351 1305/867/2351
f 1296/693/2352 1293/695/2352 1302/708/2352
f 1242/868/2353 1307/711/2353 1313/710/2353
f 1313/710/2354 1309/716/2354 1243/869/2354
f 1301/704/2355 1303/706/2355 1312/870/2355
f 1303/701/2356 1300/703/2356 1309/716/2356
f 1245/871/2357 1314/719/2357 1320/718/2357
f 1320/718/2358 1316/724/2358 1246/872/2358
f 1308/712/2359 1310/714/2359 1319/873/2359
f 1310/709/2360 1307/711/2360 1316/724/2360
f 1248/874/2361 1321/727/2361 1327/726/2361
f 1327/726/2362 1323/732/2362 1249/875/2362
f 1315/720/2363 1317/722/2363 1326/876/2363
f 1317/717/2364 1314/719/2364 1323/732/2364
f 1322/728/2365 1324/730/2365 1257/877/2365
f 1324/725/2366 1321/727/2366 1251/646/2366
f 1120/733/2367 1153/735/2367 1182/810/2367
f 1119/737/2368 1123/742/2368 1156/785/2368
f 1122/739/2369 1126/746/2369 1159/788/2369
f 1125/743/2370 1129/750/2370 1162/791/2370
f 1128/747/2371 1132/754/2371 1165/794/2371
f 1131/751/2372 1135/758/2372 1168/797/2372
f 1138/762/1242 1171/800/1242 1167/795/1242
f 1141/766/2373 1174/803/2373 1170/798/2373
f 1144/770/2374 1177/806/2374 1173/801/2374
f 1147/774/2375 1180/809/2375 1176/804/2375
f 1150/778/2376 1183/812/2376 1179/807/2376
f 1153/735/2377 1186/780/2377 1215/844/2377
f 1152/738/2378 1156/785/2378 1189/819/2378
f 1155/783/2379 1159/788/2379 1192/822/2379
f 1158/786/2380 1162/791/2380 1195/825/2380
f 1161/789/2381 1165/794/2381 1198/828/2381
f 1164/792/2382 1168/797/2382 1201/831/2382
f 1171/800/1253 1204/834/1253 1200/829/1253
f 1174/803/2383 1207/837/2383 1203/832/2383
f 1177/806/2384 1210/840/2384 1206/835/2384
f 1180/809/2385 1213/843/2385 1209/838/2385
f 1183/812/2386 1216/846/2386 1212/841/2386
f 1186/780/2387 1219/814/2387 1248/874/2387
f 1185/782/2388 1189/819/2388 1222/848/2388
f 1188/817/2389 1192/822/2389 1225/851/2389
f 1191/820/2390 1195/825/2390 1228/854/2390
f 1194/823/2391 1198/828/2391 1231/857/2391
f 1197/826/2392 1201/831/2392 1234/860/2392
f 1204/834/1264 1237/863/1264 1233/859/1264
f 1207/837/2393 1240/866/2393 1236/862/2393
f 1210/840/2394 1243/869/2394 1239/865/2394
f 1213/843/2395 1246/872/2395 1242/868/2395
f 1216/846/2396 1249/875/2396 1245/871/2396
f 1219/814/2397 1251/646/2397 1321/727/2397
f 1222/848/2398 1260/660/2398 1252/649/2398
f 1225/851/2399 1267/668/2399 1258/655/2399
f 1228/854/2400 1274/676/2400 1265/663/2400
f 1231/857/2401 1281/684/2401 1272/671/2401
f 1230/856/2402 1234/860/2402 1288/692/2402
f 1237/863/2403 1295/700/2403 1286/687/2403
f 1240/866/2404 1302/708/2404 1293/695/2404
f 1239/865/2405 1243/869/2405 1309/716/2405
f 1242/868/2406 1246/872/2406 1316/724/2406
f 1245/871/2407 1249/875/2407 1323/732/2407
f 1322/728/1280 1253/650/1280 1259/656/1280
f 1259/656/1280 1266/664/1280 1273/672/1280
f 1273/672/1280 1280/680/1280 1287/688/1280
f 1287/688/1280 1294/696/1280 1301/704/1280
f 1301/704/1280 1308/712/1280 1315/720/1280
f 1315/720/1280 1322/728/1280 1259/656/1280
f 1259/656/1280 1273/672/1280 1287/688/1280
f 1287/688/1280 1301/704/1280 1315/720/1280
